molecule,atom_i,atom_j,atom_i_type,atom_j_type,bond_exists
4,1,2,8,15,1
4,1,3,8,0,0
4,1,4,8,9,0
4,1,5,8,3,0
4,1,6,8,0,0
4,1,7,8,0,0
4,1,8,8,4,0
4,1,9,8,2,0
4,1,10,8,3,0
4,1,11,8,3,0
4,1,12,8,0,0
4,1,13,8,4,0
4,1,14,8,2,0
4,1,15,8,2,0
4,1,16,8,3,0
4,1,17,8,3,0
4,1,18,8,3,0
4,1,19,8,2,0
4,1,20,8,4,0
4,1,21,8,4,0
4,1,22,8,4,0
4,1,23,8,3,0
4,1,24,8,3,0
4,1,25,8,2,0
4,1,26,8,2,0
4,1,27,8,3,0
4,1,28,8,0,0
4,1,29,8,9,0
4,1,30,8,3,0
4,1,31,8,3,0
4,2,3,15,0,1
4,2,4,15,9,0
4,2,5,15,3,0
4,2,6,15,0,0
4,2,7,15,0,0
4,2,8,15,4,0
4,2,9,15,2,0
4,2,10,15,3,0
4,2,11,15,3,0
4,2,12,15,0,0
4,2,13,15,4,0
4,2,14,15,2,0
4,2,15,15,2,0
4,2,16,15,3,0
4,2,17,15,3,0
4,2,18,15,3,0
4,2,19,15,2,0
4,2,20,15,4,0
4,2,21,15,4,0
4,2,22,15,4,0
4,2,23,15,3,0
4,2,24,15,3,0
4,2,25,15,2,0
4,2,26,15,2,0
4,2,27,15,3,0
4,2,28,15,0,0
4,2,29,15,9,0
4,2,30,15,3,0
4,2,31,15,3,0
4,3,4,0,9,1
4,3,5,0,3,1
4,3,6,0,0,0
4,3,7,0,0,0
4,3,8,0,4,0
4,3,9,0,2,0
4,3,10,0,3,0
4,3,11,0,3,0
4,3,12,0,0,0
4,3,13,0,4,0
4,3,14,0,2,0
4,3,15,0,2,0
4,3,16,0,3,0
4,3,17,0,3,0
4,3,18,0,3,0
4,3,19,0,2,0
4,3,20,0,4,0
4,3,21,0,4,0
4,3,22,0,4,0
4,3,23,0,3,0
4,3,24,0,3,0
4,3,25,0,2,0
4,3,26,0,2,0
4,3,27,0,3,0
4,3,28,0,0,0
4,3,29,0,9,0
4,3,30,0,3,0
4,3,31,0,3,1
4,4,5,9,3,0
4,4,6,9,0,0
4,4,7,9,0,0
4,4,8,9,4,0
4,4,9,9,2,0
4,4,10,9,3,0
4,4,11,9,3,0
4,4,12,9,0,0
4,4,13,9,4,0
4,4,14,9,2,0
4,4,15,9,2,0
4,4,16,9,3,0
4,4,17,9,3,0
4,4,18,9,3,0
4,4,19,9,2,0
4,4,20,9,4,0
4,4,21,9,4,0
4,4,22,9,4,0
4,4,23,9,3,0
4,4,24,9,3,0
4,4,25,9,2,0
4,4,26,9,2,0
4,4,27,9,3,0
4,4,28,9,0,0
4,4,29,9,9,0
4,4,30,9,3,0
4,4,31,9,3,0
4,5,6,3,0,1
4,5,7,3,0,0
4,5,8,3,4,0
4,5,9,3,2,0
4,5,10,3,3,0
4,5,11,3,3,0
4,5,12,3,0,0
4,5,13,3,4,0
4,5,14,3,2,0
4,5,15,3,2,0
4,5,16,3,3,0
4,5,17,3,3,0
4,5,18,3,3,0
4,5,19,3,2,0
4,5,20,3,4,0
4,5,21,3,4,0
4,5,22,3,4,0
4,5,23,3,3,0
4,5,24,3,3,0
4,5,25,3,2,0
4,5,26,3,2,0
4,5,27,3,3,0
4,5,28,3,0,0
4,5,29,3,9,0
4,5,30,3,3,0
4,5,31,3,3,0
4,6,7,0,0,1
4,6,8,0,4,0
4,6,9,0,2,0
4,6,10,0,3,0
4,6,11,0,3,0
4,6,12,0,0,0
4,6,13,0,4,0
4,6,14,0,2,0
4,6,15,0,2,0
4,6,16,0,3,0
4,6,17,0,3,0
4,6,18,0,3,0
4,6,19,0,2,0
4,6,20,0,4,0
4,6,21,0,4,0
4,6,22,0,4,0
4,6,23,0,3,0
4,6,24,0,3,0
4,6,25,0,2,0
4,6,26,0,2,0
4,6,27,0,3,0
4,6,28,0,0,1
4,6,29,0,9,0
4,6,30,0,3,0
4,6,31,0,3,0
4,7,8,0,4,1
4,7,9,0,2,1
4,7,10,0,3,0
4,7,11,0,3,0
4,7,12,0,0,0
4,7,13,0,4,0
4,7,14,0,2,0
4,7,15,0,2,0
4,7,16,0,3,0
4,7,17,0,3,0
4,7,18,0,3,0
4,7,19,0,2,0
4,7,20,0,4,0
4,7,21,0,4,0
4,7,22,0,4,0
4,7,23,0,3,0
4,7,24,0,3,0
4,7,25,0,2,0
4,7,26,0,2,0
4,7,27,0,3,0
4,7,28,0,0,0
4,7,29,0,9,0
4,7,30,0,3,1
4,7,31,0,3,0
4,8,9,4,2,0
4,8,10,4,3,0
4,8,11,4,3,0
4,8,12,4,0,0
4,8,13,4,4,0
4,8,14,4,2,0
4,8,15,4,2,0
4,8,16,4,3,0
4,8,17,4,3,0
4,8,18,4,3,0
4,8,19,4,2,0
4,8,20,4,4,0
4,8,21,4,4,0
4,8,22,4,4,0
4,8,23,4,3,0
4,8,24,4,3,0
4,8,25,4,2,0
4,8,26,4,2,0
4,8,27,4,3,0
4,8,28,4,0,0
4,8,29,4,9,0
4,8,30,4,3,0
4,8,31,4,3,0
4,9,10,2,3,1
4,9,11,2,3,0
4,9,12,2,0,0
4,9,13,2,4,0
4,9,14,2,2,0
4,9,15,2,2,0
4,9,16,2,3,0
4,9,17,2,3,0
4,9,18,2,3,0
4,9,19,2,2,0
4,9,20,2,4,0
4,9,21,2,4,0
4,9,22,2,4,0
4,9,23,2,3,0
4,9,24,2,3,0
4,9,25,2,2,0
4,9,26,2,2,1
4,9,27,2,3,0
4,9,28,2,0,0
4,9,29,2,9,0
4,9,30,2,3,0
4,9,31,2,3,0
4,10,11,3,3,1
4,10,12,3,0,0
4,10,13,3,4,0
4,10,14,3,2,0
4,10,15,3,2,0
4,10,16,3,3,0
4,10,17,3,3,0
4,10,18,3,3,0
4,10,19,3,2,0
4,10,20,3,4,0
4,10,21,3,4,0
4,10,22,3,4,0
4,10,23,3,3,0
4,10,24,3,3,0
4,10,25,3,2,0
4,10,26,3,2,0
4,10,27,3,3,0
4,10,28,3,0,0
4,10,29,3,9,0
4,10,30,3,3,0
4,10,31,3,3,0
4,11,12,3,0,1
4,11,13,3,4,0
4,11,14,3,2,0
4,11,15,3,2,0
4,11,16,3,3,0
4,11,17,3,3,0
4,11,18,3,3,0
4,11,19,3,2,0
4,11,20,3,4,0
4,11,21,3,4,0
4,11,22,3,4,0
4,11,23,3,3,0
4,11,24,3,3,0
4,11,25,3,2,0
4,11,26,3,2,0
4,11,27,3,3,0
4,11,28,3,0,0
4,11,29,3,9,0
4,11,30,3,3,0
4,11,31,3,3,0
4,12,13,0,4,1
4,12,14,0,2,1
4,12,15,0,2,0
4,12,16,0,3,0
4,12,17,0,3,0
4,12,18,0,3,0
4,12,19,0,2,0
4,12,20,0,4,0
4,12,21,0,4,0
4,12,22,0,4,0
4,12,23,0,3,0
4,12,24,0,3,0
4,12,25,0,2,1
4,12,26,0,2,0
4,12,27,0,3,0
4,12,28,0,0,0
4,12,29,0,9,0
4,12,30,0,3,0
4,12,31,0,3,0
4,13,14,4,2,0
4,13,15,4,2,0
4,13,16,4,3,0
4,13,17,4,3,0
4,13,18,4,3,0
4,13,19,4,2,0
4,13,20,4,4,0
4,13,21,4,4,0
4,13,22,4,4,0
4,13,23,4,3,0
4,13,24,4,3,0
4,13,25,4,2,0
4,13,26,4,2,0
4,13,27,4,3,0
4,13,28,4,0,0
4,13,29,4,9,0
4,13,30,4,3,0
4,13,31,4,3,0
4,14,15,2,2,1
4,14,16,2,3,0
4,14,17,2,3,0
4,14,18,2,3,0
4,14,19,2,2,0
4,14,20,2,4,0
4,14,21,2,4,0
4,14,22,2,4,0
4,14,23,2,3,1
4,14,24,2,3,0
4,14,25,2,2,0
4,14,26,2,2,0
4,14,27,2,3,0
4,14,28,2,0,0
4,14,29,2,9,0
4,14,30,2,3,0
4,14,31,2,3,0
4,15,16,2,3,1
4,15,17,2,3,0
4,15,18,2,3,0
4,15,19,2,2,0
4,15,20,2,4,0
4,15,21,2,4,0
4,15,22,2,4,1
4,15,23,2,3,0
4,15,24,2,3,0
4,15,25,2,2,0
4,15,26,2,2,0
4,15,27,2,3,0
4,15,28,2,0,0
4,15,29,2,9,0
4,15,30,2,3,0
4,15,31,2,3,0
4,16,17,3,3,1
4,16,18,3,3,0
4,16,19,3,2,0
4,16,20,3,4,0
4,16,21,3,4,0
4,16,22,3,4,0
4,16,23,3,3,0
4,16,24,3,3,0
4,16,25,3,2,0
4,16,26,3,2,0
4,16,27,3,3,0
4,16,28,3,0,0
4,16,29,3,9,0
4,16,30,3,3,0
4,16,31,3,3,0
4,17,18,3,3,1
4,17,19,3,2,0
4,17,20,3,4,0
4,17,21,3,4,0
4,17,22,3,4,0
4,17,23,3,3,0
4,17,24,3,3,0
4,17,25,3,2,0
4,17,26,3,2,0
4,17,27,3,3,0
4,17,28,3,0,0
4,17,29,3,9,0
4,17,30,3,3,0
4,17,31,3,3,0
4,18,19,3,2,1
4,18,20,3,4,0
4,18,21,3,4,0
4,18,22,3,4,0
4,18,23,3,3,0
4,18,24,3,3,0
4,18,25,3,2,0
4,18,26,3,2,0
4,18,27,3,3,0
4,18,28,3,0,0
4,18,29,3,9,0
4,18,30,3,3,0
4,18,31,3,3,0
4,19,20,2,4,1
4,19,21,2,4,1
4,19,22,2,4,0
4,19,23,2,3,0
4,19,24,2,3,0
4,19,25,2,2,0
4,19,26,2,2,0
4,19,27,2,3,0
4,19,28,2,0,0
4,19,29,2,9,0
4,19,30,2,3,0
4,19,31,2,3,0
4,20,21,4,4,0
4,20,22,4,4,0
4,20,23,4,3,0
4,20,24,4,3,0
4,20,25,4,2,0
4,20,26,4,2,0
4,20,27,4,3,0
4,20,28,4,0,0
4,20,29,4,9,0
4,20,30,4,3,0
4,20,31,4,3,0
4,21,22,4,4,0
4,21,23,4,3,0
4,21,24,4,3,0
4,21,25,4,2,0
4,21,26,4,2,0
4,21,27,4,3,0
4,21,28,4,0,0
4,21,29,4,9,0
4,21,30,4,3,0
4,21,31,4,3,0
4,22,23,4,3,0
4,22,24,4,3,0
4,22,25,4,2,0
4,22,26,4,2,0
4,22,27,4,3,0
4,22,28,4,0,0
4,22,29,4,9,0
4,22,30,4,3,0
4,22,31,4,3,0
4,23,24,3,3,1
4,23,25,3,2,0
4,23,26,3,2,0
4,23,27,3,3,0
4,23,28,3,0,0
4,23,29,3,9,0
4,23,30,3,3,0
4,23,31,3,3,0
4,24,25,3,2,1
4,24,26,3,2,0
4,24,27,3,3,0
4,24,28,3,0,0
4,24,29,3,9,0
4,24,30,3,3,0
4,24,31,3,3,0
4,25,26,2,2,1
4,25,27,2,3,0
4,25,28,2,0,0
4,25,29,2,9,0
4,25,30,2,3,0
4,25,31,2,3,0
4,26,27,2,3,1
4,26,28,2,0,0
4,26,29,2,9,0
4,26,30,2,3,0
4,26,31,2,3,0
4,27,28,3,0,1
4,27,29,3,9,0
4,27,30,3,3,0
4,27,31,3,3,0
4,28,29,0,9,1
4,28,30,0,3,0
4,28,31,0,3,0
4,29,30,9,3,0
4,29,31,9,3,0
4,30,31,3,3,1
3,1,2,18,14,1
3,1,3,18,18,0
3,1,4,18,0,0
3,1,5,18,0,0
3,1,6,18,9,0
3,1,7,18,0,0
3,1,8,18,9,0
3,1,9,18,0,0
3,1,10,18,9,0
3,1,11,18,0,0
3,1,12,18,16,0
3,1,13,18,10,0
3,1,14,18,0,0
3,1,15,18,9,0
3,2,3,14,18,1
3,2,4,14,0,1
3,2,5,14,0,0
3,2,6,14,9,0
3,2,7,14,0,0
3,2,8,14,9,0
3,2,9,14,0,0
3,2,10,14,9,0
3,2,11,14,0,0
3,2,12,14,16,0
3,2,13,14,10,0
3,2,14,14,0,0
3,2,15,14,9,0
3,3,4,18,0,0
3,3,5,18,0,0
3,3,6,18,9,0
3,3,7,18,0,0
3,3,8,18,9,0
3,3,9,18,0,0
3,3,10,18,9,0
3,3,11,18,0,0
3,3,12,18,16,0
3,3,13,18,10,0
3,3,14,18,0,0
3,3,15,18,9,0
3,4,5,0,0,1
3,4,6,0,9,0
3,4,7,0,0,0
3,4,8,0,9,0
3,4,9,0,0,0
3,4,10,0,9,0
3,4,11,0,0,0
3,4,12,0,16,0
3,4,13,0,10,0
3,4,14,0,0,1
3,4,15,0,9,0
3,5,6,0,9,1
3,5,7,0,0,1
3,5,8,0,9,0
3,5,9,0,0,0
3,5,10,0,9,0
3,5,11,0,0,0
3,5,12,0,16,0
3,5,13,0,10,0
3,5,14,0,0,0
3,5,15,0,9,0
3,6,7,9,0,0
3,6,8,9,9,0
3,6,9,9,0,0
3,6,10,9,9,0
3,6,11,9,0,0
3,6,12,9,16,0
3,6,13,9,10,0
3,6,14,9,0,0
3,6,15,9,9,0
3,7,8,0,9,1
3,7,9,0,0,1
3,7,10,0,9,0
3,7,11,0,0,0
3,7,12,0,16,0
3,7,13,0,10,0
3,7,14,0,0,0
3,7,15,0,9,0
3,8,9,9,0,0
3,8,10,9,9,0
3,8,11,9,0,0
3,8,12,9,16,0
3,8,13,9,10,0
3,8,14,9,0,0
3,8,15,9,9,0
3,9,10,0,9,1
3,9,11,0,0,1
3,9,12,0,16,0
3,9,13,0,10,0
3,9,14,0,0,0
3,9,15,0,9,0
3,10,11,9,0,0
3,10,12,9,16,0
3,10,13,9,10,0
3,10,14,9,0,0
3,10,15,9,9,0
3,11,12,0,16,1
3,11,13,0,10,0
3,11,14,0,0,1
3,11,15,0,9,0
3,12,13,16,10,1
3,12,14,16,0,0
3,12,15,16,9,0
3,13,14,10,0,0
3,13,15,10,9,0
3,14,15,0,9,1
5,1,2,10,16,1
5,1,3,10,0,0
5,1,4,10,0,0
5,1,5,10,14,0
5,1,6,10,18,0
5,1,7,10,18,0
5,1,8,10,0,0
5,1,9,10,9,0
5,1,10,10,0,0
5,1,11,10,9,0
5,1,12,10,0,0
5,1,13,10,9,0
5,1,14,10,0,0
5,1,15,10,9,0
5,2,3,16,0,1
5,2,4,16,0,0
5,2,5,16,14,0
5,2,6,16,18,0
5,2,7,16,18,0
5,2,8,16,0,0
5,2,9,16,9,0
5,2,10,16,0,0
5,2,11,16,9,0
5,2,12,16,0,0
5,2,13,16,9,0
5,2,14,16,0,0
5,2,15,16,9,0
5,3,4,0,0,1
5,3,5,0,14,0
5,3,6,0,18,0
5,3,7,0,18,0
5,3,8,0,0,1
5,3,9,0,9,0
5,3,10,0,0,0
5,3,11,0,9,0
5,3,12,0,0,0
5,3,13,0,9,0
5,3,14,0,0,0
5,3,15,0,9,0
5,4,5,0,14,1
5,4,6,0,18,0
5,4,7,0,18,0
5,4,8,0,0,0
5,4,9,0,9,0
5,4,10,0,0,0
5,4,11,0,9,0
5,4,12,0,0,0
5,4,13,0,9,0
5,4,14,0,0,1
5,4,15,0,9,0
5,5,6,14,18,1
5,5,7,14,18,1
5,5,8,14,0,0
5,5,9,14,9,0
5,5,10,14,0,0
5,5,11,14,9,0
5,5,12,14,0,0
5,5,13,14,9,0
5,5,14,14,0,0
5,5,15,14,9,0
5,6,7,18,18,0
5,6,8,18,0,0
5,6,9,18,9,0
5,6,10,18,0,0
5,6,11,18,9,0
5,6,12,18,0,0
5,6,13,18,9,0
5,6,14,18,0,0
5,6,15,18,9,0
5,7,8,18,0,0
5,7,9,18,9,0
5,7,10,18,0,0
5,7,11,18,9,0
5,7,12,18,0,0
5,7,13,18,9,0
5,7,14,18,0,0
5,7,15,18,9,0
5,8,9,0,9,1
5,8,10,0,0,1
5,8,11,0,9,0
5,8,12,0,0,0
5,8,13,0,9,0
5,8,14,0,0,0
5,8,15,0,9,0
5,9,10,9,0,0
5,9,11,9,9,0
5,9,12,9,0,0
5,9,13,9,9,0
5,9,14,9,0,0
5,9,15,9,9,0
5,10,11,0,9,1
5,10,12,0,0,1
5,10,13,0,9,0
5,10,14,0,0,0
5,10,15,0,9,0
5,11,12,9,0,0
5,11,13,9,9,0
5,11,14,9,0,0
5,11,15,9,9,0
5,12,13,0,9,1
5,12,14,0,0,1
5,12,15,0,9,0
5,13,14,9,0,0
5,13,15,9,9,0
5,14,15,0,9,1
0,1,2,8,15,1
0,1,3,8,0,0
0,1,4,8,0,0
0,1,5,8,9,0
0,1,6,8,0,0
0,1,7,8,9,0
0,1,8,8,0,0
0,1,9,8,0,0
0,1,10,8,9,0
0,1,11,8,0,0
0,1,12,8,9,0
0,1,13,8,0,0
0,1,14,8,0,0
0,1,15,8,9,0
0,1,16,8,9,0
0,1,17,8,9,0
0,1,18,8,0,0
0,1,19,8,9,0
0,1,20,8,9,0
0,1,21,8,9,0
0,1,22,8,0,0
0,1,23,8,0,0
0,1,24,8,9,0
0,1,25,8,0,0
0,1,26,8,9,0
0,1,27,8,0,0
0,1,28,8,15,0
0,1,29,8,8,0
0,1,30,8,0,0
0,1,31,8,9,0
0,1,32,8,0,0
0,1,33,8,9,0
0,2,3,15,0,1
0,2,4,15,0,0
0,2,5,15,9,0
0,2,6,15,0,0
0,2,7,15,9,0
0,2,8,15,0,0
0,2,9,15,0,0
0,2,10,15,9,0
0,2,11,15,0,0
0,2,12,15,9,0
0,2,13,15,0,0
0,2,14,15,0,0
0,2,15,15,9,0
0,2,16,15,9,0
0,2,17,15,9,0
0,2,18,15,0,0
0,2,19,15,9,0
0,2,20,15,9,0
0,2,21,15,9,0
0,2,22,15,0,0
0,2,23,15,0,0
0,2,24,15,9,0
0,2,25,15,0,0
0,2,26,15,9,0
0,2,27,15,0,0
0,2,28,15,15,0
0,2,29,15,8,0
0,2,30,15,0,0
0,2,31,15,9,0
0,2,32,15,0,0
0,2,33,15,9,0
0,3,4,0,0,1
0,3,5,0,9,0
0,3,6,0,0,0
0,3,7,0,9,0
0,3,8,0,0,0
0,3,9,0,0,0
0,3,10,0,9,0
0,3,11,0,0,1
0,3,12,0,9,0
0,3,13,0,0,0
0,3,14,0,0,0
0,3,15,0,9,0
0,3,16,0,9,0
0,3,17,0,9,0
0,3,18,0,0,0
0,3,19,0,9,0
0,3,20,0,9,0
0,3,21,0,9,0
0,3,22,0,0,0
0,3,23,0,0,0
0,3,24,0,9,0
0,3,25,0,0,0
0,3,26,0,9,0
0,3,27,0,0,0
0,3,28,0,15,0
0,3,29,0,8,0
0,3,30,0,0,0
0,3,31,0,9,0
0,3,32,0,0,0
0,3,33,0,9,0
0,4,5,0,9,1
0,4,6,0,0,1
0,4,7,0,9,0
0,4,8,0,0,0
0,4,9,0,0,0
0,4,10,0,9,0
0,4,11,0,0,0
0,4,12,0,9,0
0,4,13,0,0,0
0,4,14,0,0,0
0,4,15,0,9,0
0,4,16,0,9,0
0,4,17,0,9,0
0,4,18,0,0,0
0,4,19,0,9,0
0,4,20,0,9,0
0,4,21,0,9,0
0,4,22,0,0,0
0,4,23,0,0,0
0,4,24,0,9,0
0,4,25,0,0,0
0,4,26,0,9,0
0,4,27,0,0,0
0,4,28,0,15,0
0,4,29,0,8,0
0,4,30,0,0,0
0,4,31,0,9,0
0,4,32,0,0,0
0,4,33,0,9,0
0,5,6,9,0,0
0,5,7,9,9,0
0,5,8,9,0,0
0,5,9,9,0,0
0,5,10,9,9,0
0,5,11,9,0,0
0,5,12,9,9,0
0,5,13,9,0,0
0,5,14,9,0,0
0,5,15,9,9,0
0,5,16,9,9,0
0,5,17,9,9,0
0,5,18,9,0,0
0,5,19,9,9,0
0,5,20,9,9,0
0,5,21,9,9,0
0,5,22,9,0,0
0,5,23,9,0,0
0,5,24,9,9,0
0,5,25,9,0,0
0,5,26,9,9,0
0,5,27,9,0,0
0,5,28,9,15,0
0,5,29,9,8,0
0,5,30,9,0,0
0,5,31,9,9,0
0,5,32,9,0,0
0,5,33,9,9,0
0,6,7,0,9,1
0,6,8,0,0,1
0,6,9,0,0,0
0,6,10,0,9,0
0,6,11,0,0,0
0,6,12,0,9,0
0,6,13,0,0,0
0,6,14,0,0,0
0,6,15,0,9,0
0,6,16,0,9,0
0,6,17,0,9,0
0,6,18,0,0,0
0,6,19,0,9,0
0,6,20,0,9,0
0,6,21,0,9,0
0,6,22,0,0,0
0,6,23,0,0,0
0,6,24,0,9,0
0,6,25,0,0,0
0,6,26,0,9,0
0,6,27,0,0,0
0,6,28,0,15,0
0,6,29,0,8,0
0,6,30,0,0,0
0,6,31,0,9,0
0,6,32,0,0,0
0,6,33,0,9,0
0,7,8,9,0,0
0,7,9,9,0,0
0,7,10,9,9,0
0,7,11,9,0,0
0,7,12,9,9,0
0,7,13,9,0,0
0,7,14,9,0,0
0,7,15,9,9,0
0,7,16,9,9,0
0,7,17,9,9,0
0,7,18,9,0,0
0,7,19,9,9,0
0,7,20,9,9,0
0,7,21,9,9,0
0,7,22,9,0,0
0,7,23,9,0,0
0,7,24,9,9,0
0,7,25,9,0,0
0,7,26,9,9,0
0,7,27,9,0,0
0,7,28,9,15,0
0,7,29,9,8,0
0,7,30,9,0,0
0,7,31,9,9,0
0,7,32,9,0,0
0,7,33,9,9,0
0,8,9,0,0,1
0,8,10,0,9,0
0,8,11,0,0,0
0,8,12,0,9,0
0,8,13,0,0,1
0,8,14,0,0,0
0,8,15,0,9,0
0,8,16,0,9,0
0,8,17,0,9,0
0,8,18,0,0,0
0,8,19,0,9,0
0,8,20,0,9,0
0,8,21,0,9,0
0,8,22,0,0,0
0,8,23,0,0,0
0,8,24,0,9,0
0,8,25,0,0,0
0,8,26,0,9,0
0,8,27,0,0,0
0,8,28,0,15,0
0,8,29,0,8,0
0,8,30,0,0,0
0,8,31,0,9,0
0,8,32,0,0,0
0,8,33,0,9,0
0,9,10,0,9,1
0,9,11,0,0,1
0,9,12,0,9,0
0,9,13,0,0,0
0,9,14,0,0,0
0,9,15,0,9,0
0,9,16,0,9,0
0,9,17,0,9,0
0,9,18,0,0,0
0,9,19,0,9,0
0,9,20,0,9,0
0,9,21,0,9,0
0,9,22,0,0,0
0,9,23,0,0,0
0,9,24,0,9,0
0,9,25,0,0,0
0,9,26,0,9,0
0,9,27,0,0,0
0,9,28,0,15,0
0,9,29,0,8,0
0,9,30,0,0,0
0,9,31,0,9,0
0,9,32,0,0,0
0,9,33,0,9,0
0,10,11,9,0,0
0,10,12,9,9,0
0,10,13,9,0,0
0,10,14,9,0,0
0,10,15,9,9,0
0,10,16,9,9,0
0,10,17,9,9,0
0,10,18,9,0,0
0,10,19,9,9,0
0,10,20,9,9,0
0,10,21,9,9,0
0,10,22,9,0,0
0,10,23,9,0,0
0,10,24,9,9,0
0,10,25,9,0,0
0,10,26,9,9,0
0,10,27,9,0,0
0,10,28,9,15,0
0,10,29,9,8,0
0,10,30,9,0,0
0,10,31,9,9,0
0,10,32,9,0,0
0,10,33,9,9,0
0,11,12,0,9,1
0,11,13,0,0,0
0,11,14,0,0,0
0,11,15,0,9,0
0,11,16,0,9,0
0,11,17,0,9,0
0,11,18,0,0,0
0,11,19,0,9,0
0,11,20,0,9,0
0,11,21,0,9,0
0,11,22,0,0,0
0,11,23,0,0,0
0,11,24,0,9,0
0,11,25,0,0,0
0,11,26,0,9,0
0,11,27,0,0,0
0,11,28,0,15,0
0,11,29,0,8,0
0,11,30,0,0,0
0,11,31,0,9,0
0,11,32,0,0,0
0,11,33,0,9,0
0,12,13,9,0,0
0,12,14,9,0,0
0,12,15,9,9,0
0,12,16,9,9,0
0,12,17,9,9,0
0,12,18,9,0,0
0,12,19,9,9,0
0,12,20,9,9,0
0,12,21,9,9,0
0,12,22,9,0,0
0,12,23,9,0,0
0,12,24,9,9,0
0,12,25,9,0,0
0,12,26,9,9,0
0,12,27,9,0,0
0,12,28,9,15,0
0,12,29,9,8,0
0,12,30,9,0,0
0,12,31,9,9,0
0,12,32,9,0,0
0,12,33,9,9,0
0,13,14,0,0,1
0,13,15,0,9,0
0,13,16,0,9,0
0,13,17,0,9,0
0,13,18,0,0,1
0,13,19,0,9,0
0,13,20,0,9,0
0,13,21,0,9,0
0,13,22,0,0,1
0,13,23,0,0,0
0,13,24,0,9,0
0,13,25,0,0,0
0,13,26,0,9,0
0,13,27,0,0,0
0,13,28,0,15,0
0,13,29,0,8,0
0,13,30,0,0,0
0,13,31,0,9,0
0,13,32,0,0,0
0,13,33,0,9,0
0,14,15,0,9,1
0,14,16,0,9,1
0,14,17,0,9,1
0,14,18,0,0,0
0,14,19,0,9,0
0,14,20,0,9,0
0,14,21,0,9,0
0,14,22,0,0,0
0,14,23,0,0,0
0,14,24,0,9,0
0,14,25,0,0,0
0,14,26,0,9,0
0,14,27,0,0,0
0,14,28,0,15,0
0,14,29,0,8,0
0,14,30,0,0,0
0,14,31,0,9,0
0,14,32,0,0,0
0,14,33,0,9,0
0,15,16,9,9,0
0,15,17,9,9,0
0,15,18,9,0,0
0,15,19,9,9,0
0,15,20,9,9,0
0,15,21,9,9,0
0,15,22,9,0,0
0,15,23,9,0,0
0,15,24,9,9,0
0,15,25,9,0,0
0,15,26,9,9,0
0,15,27,9,0,0
0,15,28,9,15,0
0,15,29,9,8,0
0,15,30,9,0,0
0,15,31,9,9,0
0,15,32,9,0,0
0,15,33,9,9,0
0,16,17,9,9,0
0,16,18,9,0,0
0,16,19,9,9,0
0,16,20,9,9,0
0,16,21,9,9,0
0,16,22,9,0,0
0,16,23,9,0,0
0,16,24,9,9,0
0,16,25,9,0,0
0,16,26,9,9,0
0,16,27,9,0,0
0,16,28,9,15,0
0,16,29,9,8,0
0,16,30,9,0,0
0,16,31,9,9,0
0,16,32,9,0,0
0,16,33,9,9,0
0,17,18,9,0,0
0,17,19,9,9,0
0,17,20,9,9,0
0,17,21,9,9,0
0,17,22,9,0,0
0,17,23,9,0,0
0,17,24,9,9,0
0,17,25,9,0,0
0,17,26,9,9,0
0,17,27,9,0,0
0,17,28,9,15,0
0,17,29,9,8,0
0,17,30,9,0,0
0,17,31,9,9,0
0,17,32,9,0,0
0,17,33,9,9,0
0,18,19,0,9,1
0,18,20,0,9,1
0,18,21,0,9,1
0,18,22,0,0,0
0,18,23,0,0,0
0,18,24,0,9,0
0,18,25,0,0,0
0,18,26,0,9,0
0,18,27,0,0,0
0,18,28,0,15,0
0,18,29,0,8,0
0,18,30,0,0,0
0,18,31,0,9,0
0,18,32,0,0,0
0,18,33,0,9,0
0,19,20,9,9,0
0,19,21,9,9,0
0,19,22,9,0,0
0,19,23,9,0,0
0,19,24,9,9,0
0,19,25,9,0,0
0,19,26,9,9,0
0,19,27,9,0,0
0,19,28,9,15,0
0,19,29,9,8,0
0,19,30,9,0,0
0,19,31,9,9,0
0,19,32,9,0,0
0,19,33,9,9,0
0,20,21,9,9,0
0,20,22,9,0,0
0,20,23,9,0,0
0,20,24,9,9,0
0,20,25,9,0,0
0,20,26,9,9,0
0,20,27,9,0,0
0,20,28,9,15,0
0,20,29,9,8,0
0,20,30,9,0,0
0,20,31,9,9,0
0,20,32,9,0,0
0,20,33,9,9,0
0,21,22,9,0,0
0,21,23,9,0,0
0,21,24,9,9,0
0,21,25,9,0,0
0,21,26,9,9,0
0,21,27,9,0,0
0,21,28,9,15,0
0,21,29,9,8,0
0,21,30,9,0,0
0,21,31,9,9,0
0,21,32,9,0,0
0,21,33,9,9,0
0,22,23,0,0,1
0,22,24,0,9,0
0,22,25,0,0,0
0,22,26,0,9,0
0,22,27,0,0,0
0,22,28,0,15,0
0,22,29,0,8,0
0,22,30,0,0,0
0,22,31,0,9,0
0,22,32,0,0,1
0,22,33,0,9,0
0,23,24,0,9,1
0,23,25,0,0,1
0,23,26,0,9,0
0,23,27,0,0,0
0,23,28,0,15,0
0,23,29,0,8,0
0,23,30,0,0,0
0,23,31,0,9,0
0,23,32,0,0,0
0,23,33,0,9,0
0,24,25,9,0,0
0,24,26,9,9,0
0,24,27,9,0,0
0,24,28,9,15,0
0,24,29,9,8,0
0,24,30,9,0,0
0,24,31,9,9,0
0,24,32,9,0,0
0,24,33,9,9,0
0,25,26,0,9,1
0,25,27,0,0,1
0,25,28,0,15,0
0,25,29,0,8,0
0,25,30,0,0,0
0,25,31,0,9,0
0,25,32,0,0,0
0,25,33,0,9,0
0,26,27,9,0,0
0,26,28,9,15,0
0,26,29,9,8,0
0,26,30,9,0,0
0,26,31,9,9,0
0,26,32,9,0,0
0,26,33,9,9,0
0,27,28,0,15,1
0,27,29,0,8,0
0,27,30,0,0,1
0,27,31,0,9,0
0,27,32,0,0,0
0,27,33,0,9,0
0,28,29,15,8,1
0,28,30,15,0,0
0,28,31,15,9,0
0,28,32,15,0,0
0,28,33,15,9,0
0,29,30,8,0,0
0,29,31,8,9,0
0,29,32,8,0,0
0,29,33,8,9,0
0,30,31,0,9,1
0,30,32,0,0,1
0,30,33,0,9,0
0,31,32,9,0,0
0,31,33,9,9,0
0,32,33,0,9,1
2,1,2,9,0,1
2,1,3,9,0,0
2,1,4,9,9,0
2,1,5,9,0,0
2,1,6,9,11,0
2,1,7,9,8,0
2,1,8,9,0,0
2,1,9,9,17,0
2,1,10,9,17,0
2,1,11,9,0,0
2,1,12,9,0,0
2,1,13,9,7,0
2,1,14,9,7,0
2,1,15,9,7,0
2,1,16,9,0,0
2,1,17,9,0,0
2,1,18,9,9,0
2,1,19,9,0,0
2,1,20,9,5,0
2,1,21,9,0,0
2,1,22,9,0,0
2,1,23,9,0,0
2,1,24,9,9,0
2,1,25,9,0,0
2,1,26,9,9,0
2,1,27,9,9,0
2,1,28,9,0,0
2,1,29,9,9,0
2,1,30,9,9,0
2,2,3,0,0,1
2,2,4,0,9,0
2,2,5,0,0,0
2,2,6,0,11,0
2,2,7,0,8,0
2,2,8,0,0,0
2,2,9,0,17,0
2,2,10,0,17,0
2,2,11,0,0,0
2,2,12,0,0,0
2,2,13,0,7,0
2,2,14,0,7,0
2,2,15,0,7,0
2,2,16,0,0,0
2,2,17,0,0,0
2,2,18,0,9,0
2,2,19,0,0,1
2,2,20,0,5,0
2,2,21,0,0,0
2,2,22,0,0,0
2,2,23,0,0,0
2,2,24,0,9,0
2,2,25,0,0,0
2,2,26,0,9,0
2,2,27,0,9,0
2,2,28,0,0,0
2,2,29,0,9,0
2,2,30,0,9,0
2,3,4,0,9,1
2,3,5,0,0,1
2,3,6,0,11,0
2,3,7,0,8,0
2,3,8,0,0,0
2,3,9,0,17,0
2,3,10,0,17,0
2,3,11,0,0,0
2,3,12,0,0,0
2,3,13,0,7,0
2,3,14,0,7,0
2,3,15,0,7,0
2,3,16,0,0,0
2,3,17,0,0,0
2,3,18,0,9,0
2,3,19,0,0,0
2,3,20,0,5,0
2,3,21,0,0,0
2,3,22,0,0,0
2,3,23,0,0,0
2,3,24,0,9,0
2,3,25,0,0,0
2,3,26,0,9,0
2,3,27,0,9,0
2,3,28,0,0,0
2,3,29,0,9,0
2,3,30,0,9,0
2,4,5,9,0,0
2,4,6,9,11,0
2,4,7,9,8,0
2,4,8,9,0,0
2,4,9,9,17,0
2,4,10,9,17,0
2,4,11,9,0,0
2,4,12,9,0,0
2,4,13,9,7,0
2,4,14,9,7,0
2,4,15,9,7,0
2,4,16,9,0,0
2,4,17,9,0,0
2,4,18,9,9,0
2,4,19,9,0,0
2,4,20,9,5,0
2,4,21,9,0,0
2,4,22,9,0,0
2,4,23,9,0,0
2,4,24,9,9,0
2,4,25,9,0,0
2,4,26,9,9,0
2,4,27,9,9,0
2,4,28,9,0,0
2,4,29,9,9,0
2,4,30,9,9,0
2,5,6,0,11,1
2,5,7,0,8,0
2,5,8,0,0,0
2,5,9,0,17,0
2,5,10,0,17,0
2,5,11,0,0,0
2,5,12,0,0,0
2,5,13,0,7,0
2,5,14,0,7,0
2,5,15,0,7,0
2,5,16,0,0,1
2,5,17,0,0,0
2,5,18,0,9,0
2,5,19,0,0,0
2,5,20,0,5,0
2,5,21,0,0,0
2,5,22,0,0,0
2,5,23,0,0,0
2,5,24,0,9,0
2,5,25,0,0,0
2,5,26,0,9,0
2,5,27,0,9,0
2,5,28,0,0,0
2,5,29,0,9,0
2,5,30,0,9,0
2,6,7,11,8,1
2,6,8,11,0,1
2,6,9,11,17,0
2,6,10,11,17,0
2,6,11,11,0,0
2,6,12,11,0,0
2,6,13,11,7,0
2,6,14,11,7,0
2,6,15,11,7,0
2,6,16,11,0,0
2,6,17,11,0,0
2,6,18,11,9,0
2,6,19,11,0,0
2,6,20,11,5,0
2,6,21,11,0,0
2,6,22,11,0,0
2,6,23,11,0,0
2,6,24,11,9,0
2,6,25,11,0,0
2,6,26,11,9,0
2,6,27,11,9,0
2,6,28,11,0,0
2,6,29,11,9,0
2,6,30,11,9,0
2,7,8,8,0,0
2,7,9,8,17,0
2,7,10,8,17,0
2,7,11,8,0,0
2,7,12,8,0,0
2,7,13,8,7,0
2,7,14,8,7,0
2,7,15,8,7,0
2,7,16,8,0,0
2,7,17,8,0,0
2,7,18,8,9,0
2,7,19,8,0,0
2,7,20,8,5,0
2,7,21,8,0,0
2,7,22,8,0,0
2,7,23,8,0,0
2,7,24,8,9,0
2,7,25,8,0,0
2,7,26,8,9,0
2,7,27,8,9,0
2,7,28,8,0,0
2,7,29,8,9,0
2,7,30,8,9,0
2,8,9,0,17,1
2,8,10,0,17,1
2,8,11,0,0,0
2,8,12,0,0,0
2,8,13,0,7,0
2,8,14,0,7,0
2,8,15,0,7,0
2,8,16,0,0,0
2,8,17,0,0,0
2,8,18,0,9,0
2,8,19,0,0,0
2,8,20,0,5,0
2,8,21,0,0,0
2,8,22,0,0,0
2,8,23,0,0,0
2,8,24,0,9,0
2,8,25,0,0,0
2,8,26,0,9,0
2,8,27,0,9,0
2,8,28,0,0,0
2,8,29,0,9,0
2,8,30,0,9,0
2,9,10,17,17,0
2,9,11,17,0,0
2,9,12,17,0,0
2,9,13,17,7,0
2,9,14,17,7,0
2,9,15,17,7,0
2,9,16,17,0,0
2,9,17,17,0,0
2,9,18,17,9,0
2,9,19,17,0,0
2,9,20,17,5,0
2,9,21,17,0,0
2,9,22,17,0,0
2,9,23,17,0,0
2,9,24,17,9,0
2,9,25,17,0,0
2,9,26,17,9,0
2,9,27,17,9,0
2,9,28,17,0,0
2,9,29,17,9,0
2,9,30,17,9,0
2,10,11,17,0,1
2,10,12,17,0,0
2,10,13,17,7,0
2,10,14,17,7,0
2,10,15,17,7,0
2,10,16,17,0,0
2,10,17,17,0,0
2,10,18,17,9,0
2,10,19,17,0,0
2,10,20,17,5,0
2,10,21,17,0,0
2,10,22,17,0,0
2,10,23,17,0,0
2,10,24,17,9,0
2,10,25,17,0,0
2,10,26,17,9,0
2,10,27,17,9,0
2,10,28,17,0,0
2,10,29,17,9,0
2,10,30,17,9,0
2,11,12,0,0,1
2,11,13,0,7,0
2,11,14,0,7,0
2,11,15,0,7,0
2,11,16,0,0,1
2,11,17,0,0,0
2,11,18,0,9,0
2,11,19,0,0,0
2,11,20,0,5,0
2,11,21,0,0,1
2,11,22,0,0,0
2,11,23,0,0,0
2,11,24,0,9,0
2,11,25,0,0,0
2,11,26,0,9,0
2,11,27,0,9,0
2,11,28,0,0,0
2,11,29,0,9,0
2,11,30,0,9,0
2,12,13,0,7,1
2,12,14,0,7,1
2,12,15,0,7,1
2,12,16,0,0,0
2,12,17,0,0,0
2,12,18,0,9,0
2,12,19,0,0,0
2,12,20,0,5,0
2,12,21,0,0,0
2,12,22,0,0,0
2,12,23,0,0,0
2,12,24,0,9,0
2,12,25,0,0,0
2,12,26,0,9,0
2,12,27,0,9,0
2,12,28,0,0,0
2,12,29,0,9,0
2,12,30,0,9,0
2,13,14,7,7,0
2,13,15,7,7,0
2,13,16,7,0,0
2,13,17,7,0,0
2,13,18,7,9,0
2,13,19,7,0,0
2,13,20,7,5,0
2,13,21,7,0,0
2,13,22,7,0,0
2,13,23,7,0,0
2,13,24,7,9,0
2,13,25,7,0,0
2,13,26,7,9,0
2,13,27,7,9,0
2,13,28,7,0,0
2,13,29,7,9,0
2,13,30,7,9,0
2,14,15,7,7,0
2,14,16,7,0,0
2,14,17,7,0,0
2,14,18,7,9,0
2,14,19,7,0,0
2,14,20,7,5,0
2,14,21,7,0,0
2,14,22,7,0,0
2,14,23,7,0,0
2,14,24,7,9,0
2,14,25,7,0,0
2,14,26,7,9,0
2,14,27,7,9,0
2,14,28,7,0,0
2,14,29,7,9,0
2,14,30,7,9,0
2,15,16,7,0,0
2,15,17,7,0,0
2,15,18,7,9,0
2,15,19,7,0,0
2,15,20,7,5,0
2,15,21,7,0,0
2,15,22,7,0,0
2,15,23,7,0,0
2,15,24,7,9,0
2,15,25,7,0,0
2,15,26,7,9,0
2,15,27,7,9,0
2,15,28,7,0,0
2,15,29,7,9,0
2,15,30,7,9,0
2,16,17,0,0,1
2,16,18,0,9,0
2,16,19,0,0,0
2,16,20,0,5,0
2,16,21,0,0,0
2,16,22,0,0,0
2,16,23,0,0,0
2,16,24,0,9,0
2,16,25,0,0,0
2,16,26,0,9,0
2,16,27,0,9,0
2,16,28,0,0,0
2,16,29,0,9,0
2,16,30,0,9,0
2,17,18,0,9,1
2,17,19,0,0,1
2,17,20,0,5,0
2,17,21,0,0,0
2,17,22,0,0,0
2,17,23,0,0,0
2,17,24,0,9,0
2,17,25,0,0,0
2,17,26,0,9,0
2,17,27,0,9,0
2,17,28,0,0,0
2,17,29,0,9,0
2,17,30,0,9,0
2,18,19,9,0,0
2,18,20,9,5,0
2,18,21,9,0,0
2,18,22,9,0,0
2,18,23,9,0,0
2,18,24,9,9,0
2,18,25,9,0,0
2,18,26,9,9,0
2,18,27,9,9,0
2,18,28,9,0,0
2,18,29,9,9,0
2,18,30,9,9,0
2,19,20,0,5,1
2,19,21,0,0,0
2,19,22,0,0,0
2,19,23,0,0,0
2,19,24,0,9,0
2,19,25,0,0,0
2,19,26,0,9,0
2,19,27,0,9,0
2,19,28,0,0,0
2,19,29,0,9,0
2,19,30,0,9,0
2,20,21,5,0,0
2,20,22,5,0,0
2,20,23,5,0,0
2,20,24,5,9,0
2,20,25,5,0,0
2,20,26,5,9,0
2,20,27,5,9,0
2,20,28,5,0,0
2,20,29,5,9,0
2,20,30,5,9,0
2,21,22,0,0,1
2,21,23,0,0,0
2,21,24,0,9,0
2,21,25,0,0,0
2,21,26,0,9,0
2,21,27,0,9,0
2,21,28,0,0,0
2,21,29,0,9,0
2,21,30,0,9,0
2,22,23,0,0,1
2,22,24,0,9,0
2,22,25,0,0,0
2,22,26,0,9,0
2,22,27,0,9,0
2,22,28,0,0,0
2,22,29,0,9,0
2,22,30,0,9,0
2,23,24,0,9,1
2,23,25,0,0,1
2,23,26,0,9,0
2,23,27,0,9,0
2,23,28,0,0,1
2,23,29,0,9,0
2,23,30,0,9,0
2,24,25,9,0,0
2,24,26,9,9,0
2,24,27,9,9,0
2,24,28,9,0,0
2,24,29,9,9,0
2,24,30,9,9,0
2,25,26,0,9,1
2,25,27,0,9,1
2,25,28,0,0,1
2,25,29,0,9,0
2,25,30,0,9,0
2,26,27,9,9,0
2,26,28,9,0,0
2,26,29,9,9,0
2,26,30,9,9,0
2,27,28,9,0,0
2,27,29,9,9,0
2,27,30,9,9,0
2,28,29,0,9,1
2,28,30,0,9,1
2,29,30,9,9,0
6,1,2,18,14,1
6,1,3,18,18,0
6,1,4,18,0,0
6,1,5,18,0,0
6,1,6,18,9,0
6,1,7,18,0,0
6,1,8,18,9,0
6,1,9,18,0,0
6,1,10,18,16,0
6,1,11,18,10,0
6,1,12,18,0,0
6,1,13,18,9,0
6,1,14,18,0,0
6,1,15,18,9,0
6,2,3,14,18,1
6,2,4,14,0,1
6,2,5,14,0,0
6,2,6,14,9,0
6,2,7,14,0,0
6,2,8,14,9,0
6,2,9,14,0,0
6,2,10,14,16,0
6,2,11,14,10,0
6,2,12,14,0,0
6,2,13,14,9,0
6,2,14,14,0,0
6,2,15,14,9,0
6,3,4,18,0,0
6,3,5,18,0,0
6,3,6,18,9,0
6,3,7,18,0,0
6,3,8,18,9,0
6,3,9,18,0,0
6,3,10,18,16,0
6,3,11,18,10,0
6,3,12,18,0,0
6,3,13,18,9,0
6,3,14,18,0,0
6,3,15,18,9,0
6,4,5,0,0,1
6,4,6,0,9,0
6,4,7,0,0,0
6,4,8,0,9,0
6,4,9,0,0,0
6,4,10,0,16,0
6,4,11,0,10,0
6,4,12,0,0,0
6,4,13,0,9,0
6,4,14,0,0,1
6,4,15,0,9,0
6,5,6,0,9,1
6,5,7,0,0,1
6,5,8,0,9,0
6,5,9,0,0,0
6,5,10,0,16,0
6,5,11,0,10,0
6,5,12,0,0,0
6,5,13,0,9,0
6,5,14,0,0,0
6,5,15,0,9,0
6,6,7,9,0,0
6,6,8,9,9,0
6,6,9,9,0,0
6,6,10,9,16,0
6,6,11,9,10,0
6,6,12,9,0,0
6,6,13,9,9,0
6,6,14,9,0,0
6,6,15,9,9,0
6,7,8,0,9,1
6,7,9,0,0,1
6,7,10,0,16,0
6,7,11,0,10,0
6,7,12,0,0,0
6,7,13,0,9,0
6,7,14,0,0,0
6,7,15,0,9,0
6,8,9,9,0,0
6,8,10,9,16,0
6,8,11,9,10,0
6,8,12,9,0,0
6,8,13,9,9,0
6,8,14,9,0,0
6,8,15,9,9,0
6,9,10,0,16,1
6,9,11,0,10,0
6,9,12,0,0,1
6,9,13,0,9,0
6,9,14,0,0,0
6,9,15,0,9,0
6,10,11,16,10,1
6,10,12,16,0,0
6,10,13,16,9,0
6,10,14,16,0,0
6,10,15,16,9,0
6,11,12,10,0,0
6,11,13,10,9,0
6,11,14,10,0,0
6,11,15,10,9,0
6,12,13,0,9,1
6,12,14,0,0,1
6,12,15,0,9,0
6,13,14,9,0,0
6,13,15,9,9,0
6,14,15,0,9,1
7,1,2,10,13,1
7,1,3,10,10,0
7,1,4,10,0,0
7,1,5,10,19,0
7,1,6,10,12,0
7,1,7,10,10,0
7,1,8,10,12,0
7,1,9,10,0,0
7,1,10,10,9,0
7,1,11,10,1,0
7,1,12,10,1,0
7,1,13,10,9,0
7,1,14,10,1,0
7,1,15,10,9,0
7,1,16,10,1,0
7,1,17,10,9,0
7,1,18,10,1,0
7,1,19,10,6,0
7,1,20,10,1,0
7,1,21,10,9,0
7,2,3,13,10,1
7,2,4,13,0,1
7,2,5,13,19,0
7,2,6,13,12,0
7,2,7,13,10,0
7,2,8,13,12,0
7,2,9,13,0,0
7,2,10,13,9,0
7,2,11,13,1,0
7,2,12,13,1,0
7,2,13,13,9,0
7,2,14,13,1,0
7,2,15,13,9,0
7,2,16,13,1,0
7,2,17,13,9,0
7,2,18,13,1,0
7,2,19,13,6,0
7,2,20,13,1,0
7,2,21,13,9,0
7,3,4,10,0,0
7,3,5,10,19,0
7,3,6,10,12,0
7,3,7,10,10,0
7,3,8,10,12,0
7,3,9,10,0,0
7,3,10,10,9,0
7,3,11,10,1,0
7,3,12,10,1,0
7,3,13,10,9,0
7,3,14,10,1,0
7,3,15,10,9,0
7,3,16,10,1,0
7,3,17,10,9,0
7,3,18,10,1,0
7,3,19,10,6,0
7,3,20,10,1,0
7,3,21,10,9,0
7,4,5,0,19,1
7,4,6,0,12,1
7,4,7,0,10,0
7,4,8,0,12,0
7,4,9,0,0,0
7,4,10,0,9,0
7,4,11,0,1,0
7,4,12,0,1,0
7,4,13,0,9,0
7,4,14,0,1,0
7,4,15,0,9,0
7,4,16,0,1,0
7,4,17,0,9,0
7,4,18,0,1,0
7,4,19,0,6,0
7,4,20,0,1,0
7,4,21,0,9,0
7,5,6,19,12,0
7,5,7,19,10,0
7,5,8,19,12,0
7,5,9,19,0,0
7,5,10,19,9,0
7,5,11,19,1,0
7,5,12,19,1,0
7,5,13,19,9,0
7,5,14,19,1,0
7,5,15,19,9,0
7,5,16,19,1,0
7,5,17,19,9,0
7,5,18,19,1,0
7,5,19,19,6,0
7,5,20,19,1,0
7,5,21,19,9,0
7,6,7,12,10,1
7,6,8,12,12,1
7,6,9,12,0,0
7,6,10,12,9,0
7,6,11,12,1,0
7,6,12,12,1,0
7,6,13,12,9,0
7,6,14,12,1,0
7,6,15,12,9,0
7,6,16,12,1,0
7,6,17,12,9,0
7,6,18,12,1,0
7,6,19,12,6,0
7,6,20,12,1,0
7,6,21,12,9,0
7,7,8,10,12,0
7,7,9,10,0,0
7,7,10,10,9,0
7,7,11,10,1,0
7,7,12,10,1,0
7,7,13,10,9,0
7,7,14,10,1,0
7,7,15,10,9,0
7,7,16,10,1,0
7,7,17,10,9,0
7,7,18,10,1,0
7,7,19,10,6,0
7,7,20,10,1,0
7,7,21,10,9,0
7,8,9,12,0,1
7,8,10,12,9,0
7,8,11,12,1,0
7,8,12,12,1,0
7,8,13,12,9,0
7,8,14,12,1,0
7,8,15,12,9,0
7,8,16,12,1,0
7,8,17,12,9,0
7,8,18,12,1,0
7,8,19,12,6,0
7,8,20,12,1,0
7,8,21,12,9,0
7,9,10,0,9,1
7,9,11,0,1,1
7,9,12,0,1,0
7,9,13,0,9,0
7,9,14,0,1,0
7,9,15,0,9,0
7,9,16,0,1,0
7,9,17,0,9,0
7,9,18,0,1,0
7,9,19,0,6,0
7,9,20,0,1,0
7,9,21,0,9,0
7,10,11,9,1,0
7,10,12,9,1,0
7,10,13,9,9,0
7,10,14,9,1,0
7,10,15,9,9,0
7,10,16,9,1,0
7,10,17,9,9,0
7,10,18,9,1,0
7,10,19,9,6,0
7,10,20,9,1,0
7,10,21,9,9,0
7,11,12,1,1,1
7,11,13,1,9,0
7,11,14,1,1,0
7,11,15,1,9,0
7,11,16,1,1,0
7,11,17,1,9,0
7,11,18,1,1,0
7,11,19,1,6,0
7,11,20,1,1,1
7,11,21,1,9,0
7,12,13,1,9,1
7,12,14,1,1,1
7,12,15,1,9,0
7,12,16,1,1,0
7,12,17,1,9,0
7,12,18,1,1,0
7,12,19,1,6,0
7,12,20,1,1,0
7,12,21,1,9,0
7,13,14,9,1,0
7,13,15,9,9,0
7,13,16,9,1,0
7,13,17,9,9,0
7,13,18,9,1,0
7,13,19,9,6,0
7,13,20,9,1,0
7,13,21,9,9,0
7,14,15,1,9,1
7,14,16,1,1,1
7,14,17,1,9,0
7,14,18,1,1,0
7,14,19,1,6,0
7,14,20,1,1,0
7,14,21,1,9,0
7,15,16,9,1,0
7,15,17,9,9,0
7,15,18,9,1,0
7,15,19,9,6,0
7,15,20,9,1,0
7,15,21,9,9,0
7,16,17,1,9,1
7,16,18,1,1,1
7,16,19,1,6,0
7,16,20,1,1,0
7,16,21,1,9,0
7,17,18,9,1,0
7,17,19,9,6,0
7,17,20,9,1,0
7,17,21,9,9,0
7,18,19,1,6,1
7,18,20,1,1,1
7,18,21,1,9,0
7,19,20,6,1,0
7,19,21,6,9,0
7,20,21,1,9,1
1,1,2,9,0,1
1,1,3,9,9,0
1,1,4,9,9,0
1,1,5,9,0,0
1,1,6,9,15,0
1,1,7,9,11,0
1,1,8,9,8,0
1,1,9,9,0,0
1,1,10,9,9,0
1,1,11,9,0,0
1,1,12,9,9,0
1,1,13,9,17,0
1,1,14,9,17,0
1,1,15,9,0,0
1,1,16,9,9,0
1,1,17,9,0,0
1,1,18,9,9,0
1,1,19,9,9,0
1,1,20,9,16,0
1,1,21,9,8,0
1,1,22,9,0,0
1,1,23,9,9,0
1,1,24,9,16,0
1,1,25,9,8,0
1,1,26,9,0,0
1,1,27,9,9,0
1,1,28,9,16,0
1,1,29,9,8,0
1,1,30,9,0,0
1,1,31,9,9,0
1,1,32,9,0,0
1,1,33,9,9,0
1,1,34,9,17,0
1,1,35,9,0,0
1,1,36,9,9,0
1,1,37,9,9,0
1,1,38,9,16,0
1,1,39,9,8,0
1,1,40,9,0,0
1,1,41,9,9,0
1,1,42,9,16,0
1,1,43,9,8,0
1,1,44,9,0,0
1,1,45,9,9,0
1,1,46,9,11,0
1,1,47,9,8,0
1,1,48,9,0,0
1,1,49,9,9,0
1,1,50,9,17,0
1,1,51,9,0,0
1,1,52,9,9,0
1,1,53,9,0,0
1,1,54,9,9,0
1,1,55,9,17,0
1,1,56,9,0,0
1,1,57,9,9,0
1,1,58,9,9,0
1,1,59,9,16,0
1,1,60,9,8,0
1,1,61,9,0,0
1,1,62,9,9,0
1,1,63,9,16,0
1,1,64,9,8,0
1,1,65,9,0,0
1,1,66,9,9,0
1,1,67,9,11,0
1,1,68,9,8,0
1,1,69,9,0,0
1,1,70,9,9,0
1,1,71,9,17,0
1,1,72,9,0,0
1,1,73,9,9,0
1,1,74,9,0,0
1,1,75,9,9,0
1,1,76,9,17,0
1,1,77,9,0,0
1,1,78,9,9,0
1,1,79,9,9,0
1,1,80,9,16,0
1,1,81,9,8,0
1,1,82,9,0,0
1,1,83,9,9,0
1,1,84,9,16,0
1,1,85,9,8,0
1,1,86,9,0,0
1,1,87,9,9,0
1,1,88,9,11,0
1,1,89,9,8,0
1,1,90,9,0,0
1,1,91,9,9,0
1,1,92,9,17,0
1,1,93,9,0,0
1,1,94,9,9,0
1,1,95,9,0,0
1,1,96,9,9,0
1,1,97,9,17,0
1,1,98,9,0,0
1,1,99,9,9,0
1,1,100,9,9,0
1,1,101,9,16,0
1,1,102,9,8,0
1,1,103,9,0,0
1,1,104,9,9,0
1,1,105,9,16,0
1,1,106,9,8,0
1,1,107,9,0,0
1,1,108,9,9,0
1,1,109,9,11,0
1,1,110,9,8,0
1,1,111,9,0,0
1,1,112,9,9,0
1,1,113,9,17,0
1,1,114,9,0,0
1,1,115,9,9,0
1,1,116,9,0,0
1,1,117,9,9,0
1,1,118,9,17,0
1,1,119,9,0,0
1,1,120,9,9,0
1,1,121,9,9,0
1,1,122,9,16,0
1,1,123,9,8,0
1,1,124,9,0,0
1,1,125,9,9,0
1,1,126,9,16,0
1,1,127,9,8,0
1,1,128,9,0,0
1,1,129,9,9,0
1,1,130,9,11,0
1,1,131,9,8,0
1,1,132,9,0,0
1,1,133,9,9,0
1,1,134,9,17,0
1,1,135,9,0,0
1,1,136,9,9,0
1,1,137,9,0,0
1,1,138,9,9,0
1,1,139,9,17,0
1,1,140,9,0,0
1,1,141,9,9,0
1,1,142,9,9,0
1,1,143,9,16,0
1,1,144,9,8,0
1,1,145,9,0,0
1,1,146,9,9,0
1,1,147,9,16,0
1,1,148,9,8,0
1,1,149,9,0,0
1,1,150,9,9,0
1,1,151,9,11,0
1,1,152,9,8,0
1,1,153,9,0,0
1,1,154,9,9,0
1,1,155,9,17,0
1,1,156,9,0,0
1,1,157,9,9,0
1,1,158,9,0,0
1,1,159,9,9,0
1,1,160,9,17,0
1,1,161,9,0,0
1,1,162,9,9,0
1,1,163,9,9,0
1,1,164,9,16,0
1,1,165,9,8,0
1,1,166,9,0,0
1,1,167,9,9,0
1,1,168,9,16,0
1,1,169,9,8,0
1,1,170,9,0,0
1,1,171,9,9,0
1,1,172,9,11,0
1,1,173,9,8,0
1,1,174,9,0,0
1,1,175,9,9,0
1,1,176,9,17,0
1,1,177,9,0,0
1,1,178,9,9,0
1,1,179,9,0,0
1,1,180,9,9,0
1,1,181,9,17,0
1,1,182,9,0,0
1,1,183,9,9,0
1,1,184,9,9,0
1,1,185,9,16,0
1,1,186,9,8,0
1,1,187,9,0,0
1,1,188,9,9,0
1,1,189,9,16,0
1,1,190,9,8,0
1,1,191,9,0,0
1,1,192,9,9,0
1,1,193,9,11,0
1,1,194,9,8,0
1,1,195,9,0,0
1,1,196,9,9,0
1,1,197,9,17,0
1,1,198,9,0,0
1,1,199,9,9,0
1,1,200,9,0,0
1,1,201,9,9,0
1,1,202,9,17,0
1,1,203,9,0,0
1,1,204,9,9,0
1,1,205,9,9,0
1,1,206,9,16,0
1,1,207,9,8,0
1,1,208,9,0,0
1,1,209,9,9,0
1,1,210,9,16,0
1,1,211,9,8,0
1,1,212,9,0,0
1,1,213,9,9,0
1,1,214,9,11,0
1,1,215,9,8,0
1,1,216,9,0,0
1,1,217,9,9,0
1,1,218,9,17,0
1,1,219,9,0,0
1,1,220,9,9,0
1,1,221,9,0,0
1,1,222,9,9,0
1,1,223,9,17,0
1,1,224,9,0,0
1,1,225,9,9,0
1,1,226,9,9,0
1,1,227,9,16,0
1,1,228,9,8,0
1,1,229,9,0,0
1,1,230,9,9,0
1,1,231,9,16,0
1,1,232,9,8,0
1,1,233,9,0,0
1,1,234,9,9,0
1,1,235,9,11,0
1,1,236,9,8,0
1,1,237,9,0,0
1,1,238,9,9,0
1,1,239,9,17,0
1,1,240,9,0,0
1,1,241,9,9,0
1,1,242,9,0,0
1,1,243,9,9,0
1,1,244,9,17,0
1,1,245,9,0,0
1,1,246,9,9,0
1,1,247,9,9,0
1,1,248,9,16,0
1,1,249,9,8,0
1,1,250,9,0,0
1,1,251,9,9,0
1,1,252,9,16,0
1,1,253,9,8,0
1,1,254,9,0,0
1,1,255,9,9,0
1,1,256,9,11,0
1,1,257,9,8,0
1,1,258,9,0,0
1,1,259,9,9,0
1,1,260,9,16,0
1,1,261,9,8,0
1,1,262,9,0,0
1,1,263,9,15,0
1,1,264,9,0,0
1,1,265,9,9,0
1,1,266,9,9,0
1,1,267,9,9,0
1,1,268,9,0,0
1,1,269,9,15,0
1,1,270,9,0,0
1,1,271,9,9,0
1,1,272,9,9,0
1,1,273,9,9,0
1,1,274,9,0,0
1,1,275,9,15,0
1,1,276,9,0,0
1,1,277,9,9,0
1,1,278,9,9,0
1,1,279,9,9,0
1,1,280,9,0,0
1,1,281,9,15,0
1,1,282,9,0,0
1,1,283,9,9,0
1,1,284,9,9,0
1,1,285,9,9,0
1,1,286,9,0,0
1,1,287,9,15,0
1,1,288,9,0,0
1,1,289,9,9,0
1,1,290,9,9,0
1,1,291,9,9,0
1,1,292,9,0,0
1,1,293,9,15,0
1,1,294,9,0,0
1,1,295,9,9,0
1,1,296,9,9,0
1,1,297,9,9,0
1,1,298,9,0,0
1,1,299,9,15,0
1,1,300,9,0,0
1,1,301,9,9,0
1,1,302,9,9,0
1,1,303,9,9,0
1,1,304,9,0,0
1,1,305,9,15,0
1,1,306,9,0,0
1,1,307,9,9,0
1,1,308,9,9,0
1,1,309,9,9,0
1,1,310,9,0,0
1,1,311,9,15,0
1,1,312,9,0,0
1,1,313,9,9,0
1,1,314,9,9,0
1,1,315,9,9,0
1,1,316,9,0,0
1,1,317,9,15,0
1,1,318,9,0,0
1,1,319,9,9,0
1,1,320,9,9,0
1,1,321,9,9,0
1,1,322,9,0,0
1,1,323,9,15,0
1,1,324,9,0,0
1,1,325,9,9,0
1,1,326,9,9,0
1,1,327,9,9,0
1,2,3,0,9,1
1,2,4,0,9,1
1,2,5,0,0,1
1,2,6,0,15,0
1,2,7,0,11,0
1,2,8,0,8,0
1,2,9,0,0,0
1,2,10,0,9,0
1,2,11,0,0,0
1,2,12,0,9,0
1,2,13,0,17,0
1,2,14,0,17,0
1,2,15,0,0,0
1,2,16,0,9,0
1,2,17,0,0,0
1,2,18,0,9,0
1,2,19,0,9,0
1,2,20,0,16,0
1,2,21,0,8,0
1,2,22,0,0,0
1,2,23,0,9,0
1,2,24,0,16,0
1,2,25,0,8,0
1,2,26,0,0,0
1,2,27,0,9,0
1,2,28,0,16,0
1,2,29,0,8,0
1,2,30,0,0,0
1,2,31,0,9,0
1,2,32,0,0,0
1,2,33,0,9,0
1,2,34,0,17,0
1,2,35,0,0,0
1,2,36,0,9,0
1,2,37,0,9,0
1,2,38,0,16,0
1,2,39,0,8,0
1,2,40,0,0,0
1,2,41,0,9,0
1,2,42,0,16,0
1,2,43,0,8,0
1,2,44,0,0,0
1,2,45,0,9,0
1,2,46,0,11,0
1,2,47,0,8,0
1,2,48,0,0,0
1,2,49,0,9,0
1,2,50,0,17,0
1,2,51,0,0,0
1,2,52,0,9,0
1,2,53,0,0,0
1,2,54,0,9,0
1,2,55,0,17,0
1,2,56,0,0,0
1,2,57,0,9,0
1,2,58,0,9,0
1,2,59,0,16,0
1,2,60,0,8,0
1,2,61,0,0,0
1,2,62,0,9,0
1,2,63,0,16,0
1,2,64,0,8,0
1,2,65,0,0,0
1,2,66,0,9,0
1,2,67,0,11,0
1,2,68,0,8,0
1,2,69,0,0,0
1,2,70,0,9,0
1,2,71,0,17,0
1,2,72,0,0,0
1,2,73,0,9,0
1,2,74,0,0,0
1,2,75,0,9,0
1,2,76,0,17,0
1,2,77,0,0,0
1,2,78,0,9,0
1,2,79,0,9,0
1,2,80,0,16,0
1,2,81,0,8,0
1,2,82,0,0,0
1,2,83,0,9,0
1,2,84,0,16,0
1,2,85,0,8,0
1,2,86,0,0,0
1,2,87,0,9,0
1,2,88,0,11,0
1,2,89,0,8,0
1,2,90,0,0,0
1,2,91,0,9,0
1,2,92,0,17,0
1,2,93,0,0,0
1,2,94,0,9,0
1,2,95,0,0,0
1,2,96,0,9,0
1,2,97,0,17,0
1,2,98,0,0,0
1,2,99,0,9,0
1,2,100,0,9,0
1,2,101,0,16,0
1,2,102,0,8,0
1,2,103,0,0,0
1,2,104,0,9,0
1,2,105,0,16,0
1,2,106,0,8,0
1,2,107,0,0,0
1,2,108,0,9,0
1,2,109,0,11,0
1,2,110,0,8,0
1,2,111,0,0,0
1,2,112,0,9,0
1,2,113,0,17,0
1,2,114,0,0,0
1,2,115,0,9,0
1,2,116,0,0,0
1,2,117,0,9,0
1,2,118,0,17,0
1,2,119,0,0,0
1,2,120,0,9,0
1,2,121,0,9,0
1,2,122,0,16,0
1,2,123,0,8,0
1,2,124,0,0,0
1,2,125,0,9,0
1,2,126,0,16,0
1,2,127,0,8,0
1,2,128,0,0,0
1,2,129,0,9,0
1,2,130,0,11,0
1,2,131,0,8,0
1,2,132,0,0,0
1,2,133,0,9,0
1,2,134,0,17,0
1,2,135,0,0,0
1,2,136,0,9,0
1,2,137,0,0,0
1,2,138,0,9,0
1,2,139,0,17,0
1,2,140,0,0,0
1,2,141,0,9,0
1,2,142,0,9,0
1,2,143,0,16,0
1,2,144,0,8,0
1,2,145,0,0,0
1,2,146,0,9,0
1,2,147,0,16,0
1,2,148,0,8,0
1,2,149,0,0,0
1,2,150,0,9,0
1,2,151,0,11,0
1,2,152,0,8,0
1,2,153,0,0,0
1,2,154,0,9,0
1,2,155,0,17,0
1,2,156,0,0,0
1,2,157,0,9,0
1,2,158,0,0,0
1,2,159,0,9,0
1,2,160,0,17,0
1,2,161,0,0,0
1,2,162,0,9,0
1,2,163,0,9,0
1,2,164,0,16,0
1,2,165,0,8,0
1,2,166,0,0,0
1,2,167,0,9,0
1,2,168,0,16,0
1,2,169,0,8,0
1,2,170,0,0,0
1,2,171,0,9,0
1,2,172,0,11,0
1,2,173,0,8,0
1,2,174,0,0,0
1,2,175,0,9,0
1,2,176,0,17,0
1,2,177,0,0,0
1,2,178,0,9,0
1,2,179,0,0,0
1,2,180,0,9,0
1,2,181,0,17,0
1,2,182,0,0,0
1,2,183,0,9,0
1,2,184,0,9,0
1,2,185,0,16,0
1,2,186,0,8,0
1,2,187,0,0,0
1,2,188,0,9,0
1,2,189,0,16,0
1,2,190,0,8,0
1,2,191,0,0,0
1,2,192,0,9,0
1,2,193,0,11,0
1,2,194,0,8,0
1,2,195,0,0,0
1,2,196,0,9,0
1,2,197,0,17,0
1,2,198,0,0,0
1,2,199,0,9,0
1,2,200,0,0,0
1,2,201,0,9,0
1,2,202,0,17,0
1,2,203,0,0,0
1,2,204,0,9,0
1,2,205,0,9,0
1,2,206,0,16,0
1,2,207,0,8,0
1,2,208,0,0,0
1,2,209,0,9,0
1,2,210,0,16,0
1,2,211,0,8,0
1,2,212,0,0,0
1,2,213,0,9,0
1,2,214,0,11,0
1,2,215,0,8,0
1,2,216,0,0,0
1,2,217,0,9,0
1,2,218,0,17,0
1,2,219,0,0,0
1,2,220,0,9,0
1,2,221,0,0,0
1,2,222,0,9,0
1,2,223,0,17,0
1,2,224,0,0,0
1,2,225,0,9,0
1,2,226,0,9,0
1,2,227,0,16,0
1,2,228,0,8,0
1,2,229,0,0,0
1,2,230,0,9,0
1,2,231,0,16,0
1,2,232,0,8,0
1,2,233,0,0,0
1,2,234,0,9,0
1,2,235,0,11,0
1,2,236,0,8,0
1,2,237,0,0,0
1,2,238,0,9,0
1,2,239,0,17,0
1,2,240,0,0,0
1,2,241,0,9,0
1,2,242,0,0,0
1,2,243,0,9,0
1,2,244,0,17,0
1,2,245,0,0,0
1,2,246,0,9,0
1,2,247,0,9,0
1,2,248,0,16,0
1,2,249,0,8,0
1,2,250,0,0,0
1,2,251,0,9,0
1,2,252,0,16,0
1,2,253,0,8,0
1,2,254,0,0,0
1,2,255,0,9,0
1,2,256,0,11,0
1,2,257,0,8,0
1,2,258,0,0,0
1,2,259,0,9,0
1,2,260,0,16,0
1,2,261,0,8,0
1,2,262,0,0,0
1,2,263,0,15,0
1,2,264,0,0,0
1,2,265,0,9,0
1,2,266,0,9,0
1,2,267,0,9,0
1,2,268,0,0,0
1,2,269,0,15,0
1,2,270,0,0,0
1,2,271,0,9,0
1,2,272,0,9,0
1,2,273,0,9,0
1,2,274,0,0,0
1,2,275,0,15,0
1,2,276,0,0,0
1,2,277,0,9,0
1,2,278,0,9,0
1,2,279,0,9,0
1,2,280,0,0,0
1,2,281,0,15,0
1,2,282,0,0,0
1,2,283,0,9,0
1,2,284,0,9,0
1,2,285,0,9,0
1,2,286,0,0,0
1,2,287,0,15,0
1,2,288,0,0,0
1,2,289,0,9,0
1,2,290,0,9,0
1,2,291,0,9,0
1,2,292,0,0,0
1,2,293,0,15,0
1,2,294,0,0,0
1,2,295,0,9,0
1,2,296,0,9,0
1,2,297,0,9,0
1,2,298,0,0,0
1,2,299,0,15,0
1,2,300,0,0,0
1,2,301,0,9,0
1,2,302,0,9,0
1,2,303,0,9,0
1,2,304,0,0,0
1,2,305,0,15,0
1,2,306,0,0,0
1,2,307,0,9,0
1,2,308,0,9,0
1,2,309,0,9,0
1,2,310,0,0,0
1,2,311,0,15,0
1,2,312,0,0,0
1,2,313,0,9,0
1,2,314,0,9,0
1,2,315,0,9,0
1,2,316,0,0,0
1,2,317,0,15,0
1,2,318,0,0,0
1,2,319,0,9,0
1,2,320,0,9,0
1,2,321,0,9,0
1,2,322,0,0,0
1,2,323,0,15,0
1,2,324,0,0,0
1,2,325,0,9,0
1,2,326,0,9,0
1,2,327,0,9,0
1,3,4,9,9,0
1,3,5,9,0,0
1,3,6,9,15,0
1,3,7,9,11,0
1,3,8,9,8,0
1,3,9,9,0,0
1,3,10,9,9,0
1,3,11,9,0,0
1,3,12,9,9,0
1,3,13,9,17,0
1,3,14,9,17,0
1,3,15,9,0,0
1,3,16,9,9,0
1,3,17,9,0,0
1,3,18,9,9,0
1,3,19,9,9,0
1,3,20,9,16,0
1,3,21,9,8,0
1,3,22,9,0,0
1,3,23,9,9,0
1,3,24,9,16,0
1,3,25,9,8,0
1,3,26,9,0,0
1,3,27,9,9,0
1,3,28,9,16,0
1,3,29,9,8,0
1,3,30,9,0,0
1,3,31,9,9,0
1,3,32,9,0,0
1,3,33,9,9,0
1,3,34,9,17,0
1,3,35,9,0,0
1,3,36,9,9,0
1,3,37,9,9,0
1,3,38,9,16,0
1,3,39,9,8,0
1,3,40,9,0,0
1,3,41,9,9,0
1,3,42,9,16,0
1,3,43,9,8,0
1,3,44,9,0,0
1,3,45,9,9,0
1,3,46,9,11,0
1,3,47,9,8,0
1,3,48,9,0,0
1,3,49,9,9,0
1,3,50,9,17,0
1,3,51,9,0,0
1,3,52,9,9,0
1,3,53,9,0,0
1,3,54,9,9,0
1,3,55,9,17,0
1,3,56,9,0,0
1,3,57,9,9,0
1,3,58,9,9,0
1,3,59,9,16,0
1,3,60,9,8,0
1,3,61,9,0,0
1,3,62,9,9,0
1,3,63,9,16,0
1,3,64,9,8,0
1,3,65,9,0,0
1,3,66,9,9,0
1,3,67,9,11,0
1,3,68,9,8,0
1,3,69,9,0,0
1,3,70,9,9,0
1,3,71,9,17,0
1,3,72,9,0,0
1,3,73,9,9,0
1,3,74,9,0,0
1,3,75,9,9,0
1,3,76,9,17,0
1,3,77,9,0,0
1,3,78,9,9,0
1,3,79,9,9,0
1,3,80,9,16,0
1,3,81,9,8,0
1,3,82,9,0,0
1,3,83,9,9,0
1,3,84,9,16,0
1,3,85,9,8,0
1,3,86,9,0,0
1,3,87,9,9,0
1,3,88,9,11,0
1,3,89,9,8,0
1,3,90,9,0,0
1,3,91,9,9,0
1,3,92,9,17,0
1,3,93,9,0,0
1,3,94,9,9,0
1,3,95,9,0,0
1,3,96,9,9,0
1,3,97,9,17,0
1,3,98,9,0,0
1,3,99,9,9,0
1,3,100,9,9,0
1,3,101,9,16,0
1,3,102,9,8,0
1,3,103,9,0,0
1,3,104,9,9,0
1,3,105,9,16,0
1,3,106,9,8,0
1,3,107,9,0,0
1,3,108,9,9,0
1,3,109,9,11,0
1,3,110,9,8,0
1,3,111,9,0,0
1,3,112,9,9,0
1,3,113,9,17,0
1,3,114,9,0,0
1,3,115,9,9,0
1,3,116,9,0,0
1,3,117,9,9,0
1,3,118,9,17,0
1,3,119,9,0,0
1,3,120,9,9,0
1,3,121,9,9,0
1,3,122,9,16,0
1,3,123,9,8,0
1,3,124,9,0,0
1,3,125,9,9,0
1,3,126,9,16,0
1,3,127,9,8,0
1,3,128,9,0,0
1,3,129,9,9,0
1,3,130,9,11,0
1,3,131,9,8,0
1,3,132,9,0,0
1,3,133,9,9,0
1,3,134,9,17,0
1,3,135,9,0,0
1,3,136,9,9,0
1,3,137,9,0,0
1,3,138,9,9,0
1,3,139,9,17,0
1,3,140,9,0,0
1,3,141,9,9,0
1,3,142,9,9,0
1,3,143,9,16,0
1,3,144,9,8,0
1,3,145,9,0,0
1,3,146,9,9,0
1,3,147,9,16,0
1,3,148,9,8,0
1,3,149,9,0,0
1,3,150,9,9,0
1,3,151,9,11,0
1,3,152,9,8,0
1,3,153,9,0,0
1,3,154,9,9,0
1,3,155,9,17,0
1,3,156,9,0,0
1,3,157,9,9,0
1,3,158,9,0,0
1,3,159,9,9,0
1,3,160,9,17,0
1,3,161,9,0,0
1,3,162,9,9,0
1,3,163,9,9,0
1,3,164,9,16,0
1,3,165,9,8,0
1,3,166,9,0,0
1,3,167,9,9,0
1,3,168,9,16,0
1,3,169,9,8,0
1,3,170,9,0,0
1,3,171,9,9,0
1,3,172,9,11,0
1,3,173,9,8,0
1,3,174,9,0,0
1,3,175,9,9,0
1,3,176,9,17,0
1,3,177,9,0,0
1,3,178,9,9,0
1,3,179,9,0,0
1,3,180,9,9,0
1,3,181,9,17,0
1,3,182,9,0,0
1,3,183,9,9,0
1,3,184,9,9,0
1,3,185,9,16,0
1,3,186,9,8,0
1,3,187,9,0,0
1,3,188,9,9,0
1,3,189,9,16,0
1,3,190,9,8,0
1,3,191,9,0,0
1,3,192,9,9,0
1,3,193,9,11,0
1,3,194,9,8,0
1,3,195,9,0,0
1,3,196,9,9,0
1,3,197,9,17,0
1,3,198,9,0,0
1,3,199,9,9,0
1,3,200,9,0,0
1,3,201,9,9,0
1,3,202,9,17,0
1,3,203,9,0,0
1,3,204,9,9,0
1,3,205,9,9,0
1,3,206,9,16,0
1,3,207,9,8,0
1,3,208,9,0,0
1,3,209,9,9,0
1,3,210,9,16,0
1,3,211,9,8,0
1,3,212,9,0,0
1,3,213,9,9,0
1,3,214,9,11,0
1,3,215,9,8,0
1,3,216,9,0,0
1,3,217,9,9,0
1,3,218,9,17,0
1,3,219,9,0,0
1,3,220,9,9,0
1,3,221,9,0,0
1,3,222,9,9,0
1,3,223,9,17,0
1,3,224,9,0,0
1,3,225,9,9,0
1,3,226,9,9,0
1,3,227,9,16,0
1,3,228,9,8,0
1,3,229,9,0,0
1,3,230,9,9,0
1,3,231,9,16,0
1,3,232,9,8,0
1,3,233,9,0,0
1,3,234,9,9,0
1,3,235,9,11,0
1,3,236,9,8,0
1,3,237,9,0,0
1,3,238,9,9,0
1,3,239,9,17,0
1,3,240,9,0,0
1,3,241,9,9,0
1,3,242,9,0,0
1,3,243,9,9,0
1,3,244,9,17,0
1,3,245,9,0,0
1,3,246,9,9,0
1,3,247,9,9,0
1,3,248,9,16,0
1,3,249,9,8,0
1,3,250,9,0,0
1,3,251,9,9,0
1,3,252,9,16,0
1,3,253,9,8,0
1,3,254,9,0,0
1,3,255,9,9,0
1,3,256,9,11,0
1,3,257,9,8,0
1,3,258,9,0,0
1,3,259,9,9,0
1,3,260,9,16,0
1,3,261,9,8,0
1,3,262,9,0,0
1,3,263,9,15,0
1,3,264,9,0,0
1,3,265,9,9,0
1,3,266,9,9,0
1,3,267,9,9,0
1,3,268,9,0,0
1,3,269,9,15,0
1,3,270,9,0,0
1,3,271,9,9,0
1,3,272,9,9,0
1,3,273,9,9,0
1,3,274,9,0,0
1,3,275,9,15,0
1,3,276,9,0,0
1,3,277,9,9,0
1,3,278,9,9,0
1,3,279,9,9,0
1,3,280,9,0,0
1,3,281,9,15,0
1,3,282,9,0,0
1,3,283,9,9,0
1,3,284,9,9,0
1,3,285,9,9,0
1,3,286,9,0,0
1,3,287,9,15,0
1,3,288,9,0,0
1,3,289,9,9,0
1,3,290,9,9,0
1,3,291,9,9,0
1,3,292,9,0,0
1,3,293,9,15,0
1,3,294,9,0,0
1,3,295,9,9,0
1,3,296,9,9,0
1,3,297,9,9,0
1,3,298,9,0,0
1,3,299,9,15,0
1,3,300,9,0,0
1,3,301,9,9,0
1,3,302,9,9,0
1,3,303,9,9,0
1,3,304,9,0,0
1,3,305,9,15,0
1,3,306,9,0,0
1,3,307,9,9,0
1,3,308,9,9,0
1,3,309,9,9,0
1,3,310,9,0,0
1,3,311,9,15,0
1,3,312,9,0,0
1,3,313,9,9,0
1,3,314,9,9,0
1,3,315,9,9,0
1,3,316,9,0,0
1,3,317,9,15,0
1,3,318,9,0,0
1,3,319,9,9,0
1,3,320,9,9,0
1,3,321,9,9,0
1,3,322,9,0,0
1,3,323,9,15,0
1,3,324,9,0,0
1,3,325,9,9,0
1,3,326,9,9,0
1,3,327,9,9,0
1,4,5,9,0,0
1,4,6,9,15,0
1,4,7,9,11,0
1,4,8,9,8,0
1,4,9,9,0,0
1,4,10,9,9,0
1,4,11,9,0,0
1,4,12,9,9,0
1,4,13,9,17,0
1,4,14,9,17,0
1,4,15,9,0,0
1,4,16,9,9,0
1,4,17,9,0,0
1,4,18,9,9,0
1,4,19,9,9,0
1,4,20,9,16,0
1,4,21,9,8,0
1,4,22,9,0,0
1,4,23,9,9,0
1,4,24,9,16,0
1,4,25,9,8,0
1,4,26,9,0,0
1,4,27,9,9,0
1,4,28,9,16,0
1,4,29,9,8,0
1,4,30,9,0,0
1,4,31,9,9,0
1,4,32,9,0,0
1,4,33,9,9,0
1,4,34,9,17,0
1,4,35,9,0,0
1,4,36,9,9,0
1,4,37,9,9,0
1,4,38,9,16,0
1,4,39,9,8,0
1,4,40,9,0,0
1,4,41,9,9,0
1,4,42,9,16,0
1,4,43,9,8,0
1,4,44,9,0,0
1,4,45,9,9,0
1,4,46,9,11,0
1,4,47,9,8,0
1,4,48,9,0,0
1,4,49,9,9,0
1,4,50,9,17,0
1,4,51,9,0,0
1,4,52,9,9,0
1,4,53,9,0,0
1,4,54,9,9,0
1,4,55,9,17,0
1,4,56,9,0,0
1,4,57,9,9,0
1,4,58,9,9,0
1,4,59,9,16,0
1,4,60,9,8,0
1,4,61,9,0,0
1,4,62,9,9,0
1,4,63,9,16,0
1,4,64,9,8,0
1,4,65,9,0,0
1,4,66,9,9,0
1,4,67,9,11,0
1,4,68,9,8,0
1,4,69,9,0,0
1,4,70,9,9,0
1,4,71,9,17,0
1,4,72,9,0,0
1,4,73,9,9,0
1,4,74,9,0,0
1,4,75,9,9,0
1,4,76,9,17,0
1,4,77,9,0,0
1,4,78,9,9,0
1,4,79,9,9,0
1,4,80,9,16,0
1,4,81,9,8,0
1,4,82,9,0,0
1,4,83,9,9,0
1,4,84,9,16,0
1,4,85,9,8,0
1,4,86,9,0,0
1,4,87,9,9,0
1,4,88,9,11,0
1,4,89,9,8,0
1,4,90,9,0,0
1,4,91,9,9,0
1,4,92,9,17,0
1,4,93,9,0,0
1,4,94,9,9,0
1,4,95,9,0,0
1,4,96,9,9,0
1,4,97,9,17,0
1,4,98,9,0,0
1,4,99,9,9,0
1,4,100,9,9,0
1,4,101,9,16,0
1,4,102,9,8,0
1,4,103,9,0,0
1,4,104,9,9,0
1,4,105,9,16,0
1,4,106,9,8,0
1,4,107,9,0,0
1,4,108,9,9,0
1,4,109,9,11,0
1,4,110,9,8,0
1,4,111,9,0,0
1,4,112,9,9,0
1,4,113,9,17,0
1,4,114,9,0,0
1,4,115,9,9,0
1,4,116,9,0,0
1,4,117,9,9,0
1,4,118,9,17,0
1,4,119,9,0,0
1,4,120,9,9,0
1,4,121,9,9,0
1,4,122,9,16,0
1,4,123,9,8,0
1,4,124,9,0,0
1,4,125,9,9,0
1,4,126,9,16,0
1,4,127,9,8,0
1,4,128,9,0,0
1,4,129,9,9,0
1,4,130,9,11,0
1,4,131,9,8,0
1,4,132,9,0,0
1,4,133,9,9,0
1,4,134,9,17,0
1,4,135,9,0,0
1,4,136,9,9,0
1,4,137,9,0,0
1,4,138,9,9,0
1,4,139,9,17,0
1,4,140,9,0,0
1,4,141,9,9,0
1,4,142,9,9,0
1,4,143,9,16,0
1,4,144,9,8,0
1,4,145,9,0,0
1,4,146,9,9,0
1,4,147,9,16,0
1,4,148,9,8,0
1,4,149,9,0,0
1,4,150,9,9,0
1,4,151,9,11,0
1,4,152,9,8,0
1,4,153,9,0,0
1,4,154,9,9,0
1,4,155,9,17,0
1,4,156,9,0,0
1,4,157,9,9,0
1,4,158,9,0,0
1,4,159,9,9,0
1,4,160,9,17,0
1,4,161,9,0,0
1,4,162,9,9,0
1,4,163,9,9,0
1,4,164,9,16,0
1,4,165,9,8,0
1,4,166,9,0,0
1,4,167,9,9,0
1,4,168,9,16,0
1,4,169,9,8,0
1,4,170,9,0,0
1,4,171,9,9,0
1,4,172,9,11,0
1,4,173,9,8,0
1,4,174,9,0,0
1,4,175,9,9,0
1,4,176,9,17,0
1,4,177,9,0,0
1,4,178,9,9,0
1,4,179,9,0,0
1,4,180,9,9,0
1,4,181,9,17,0
1,4,182,9,0,0
1,4,183,9,9,0
1,4,184,9,9,0
1,4,185,9,16,0
1,4,186,9,8,0
1,4,187,9,0,0
1,4,188,9,9,0
1,4,189,9,16,0
1,4,190,9,8,0
1,4,191,9,0,0
1,4,192,9,9,0
1,4,193,9,11,0
1,4,194,9,8,0
1,4,195,9,0,0
1,4,196,9,9,0
1,4,197,9,17,0
1,4,198,9,0,0
1,4,199,9,9,0
1,4,200,9,0,0
1,4,201,9,9,0
1,4,202,9,17,0
1,4,203,9,0,0
1,4,204,9,9,0
1,4,205,9,9,0
1,4,206,9,16,0
1,4,207,9,8,0
1,4,208,9,0,0
1,4,209,9,9,0
1,4,210,9,16,0
1,4,211,9,8,0
1,4,212,9,0,0
1,4,213,9,9,0
1,4,214,9,11,0
1,4,215,9,8,0
1,4,216,9,0,0
1,4,217,9,9,0
1,4,218,9,17,0
1,4,219,9,0,0
1,4,220,9,9,0
1,4,221,9,0,0
1,4,222,9,9,0
1,4,223,9,17,0
1,4,224,9,0,0
1,4,225,9,9,0
1,4,226,9,9,0
1,4,227,9,16,0
1,4,228,9,8,0
1,4,229,9,0,0
1,4,230,9,9,0
1,4,231,9,16,0
1,4,232,9,8,0
1,4,233,9,0,0
1,4,234,9,9,0
1,4,235,9,11,0
1,4,236,9,8,0
1,4,237,9,0,0
1,4,238,9,9,0
1,4,239,9,17,0
1,4,240,9,0,0
1,4,241,9,9,0
1,4,242,9,0,0
1,4,243,9,9,0
1,4,244,9,17,0
1,4,245,9,0,0
1,4,246,9,9,0
1,4,247,9,9,0
1,4,248,9,16,0
1,4,249,9,8,0
1,4,250,9,0,0
1,4,251,9,9,0
1,4,252,9,16,0
1,4,253,9,8,0
1,4,254,9,0,0
1,4,255,9,9,0
1,4,256,9,11,0
1,4,257,9,8,0
1,4,258,9,0,0
1,4,259,9,9,0
1,4,260,9,16,0
1,4,261,9,8,0
1,4,262,9,0,0
1,4,263,9,15,0
1,4,264,9,0,0
1,4,265,9,9,0
1,4,266,9,9,0
1,4,267,9,9,0
1,4,268,9,0,0
1,4,269,9,15,0
1,4,270,9,0,0
1,4,271,9,9,0
1,4,272,9,9,0
1,4,273,9,9,0
1,4,274,9,0,0
1,4,275,9,15,0
1,4,276,9,0,0
1,4,277,9,9,0
1,4,278,9,9,0
1,4,279,9,9,0
1,4,280,9,0,0
1,4,281,9,15,0
1,4,282,9,0,0
1,4,283,9,9,0
1,4,284,9,9,0
1,4,285,9,9,0
1,4,286,9,0,0
1,4,287,9,15,0
1,4,288,9,0,0
1,4,289,9,9,0
1,4,290,9,9,0
1,4,291,9,9,0
1,4,292,9,0,0
1,4,293,9,15,0
1,4,294,9,0,0
1,4,295,9,9,0
1,4,296,9,9,0
1,4,297,9,9,0
1,4,298,9,0,0
1,4,299,9,15,0
1,4,300,9,0,0
1,4,301,9,9,0
1,4,302,9,9,0
1,4,303,9,9,0
1,4,304,9,0,0
1,4,305,9,15,0
1,4,306,9,0,0
1,4,307,9,9,0
1,4,308,9,9,0
1,4,309,9,9,0
1,4,310,9,0,0
1,4,311,9,15,0
1,4,312,9,0,0
1,4,313,9,9,0
1,4,314,9,9,0
1,4,315,9,9,0
1,4,316,9,0,0
1,4,317,9,15,0
1,4,318,9,0,0
1,4,319,9,9,0
1,4,320,9,9,0
1,4,321,9,9,0
1,4,322,9,0,0
1,4,323,9,15,0
1,4,324,9,0,0
1,4,325,9,9,0
1,4,326,9,9,0
1,4,327,9,9,0
1,5,6,0,15,1
1,5,7,0,11,1
1,5,8,0,8,0
1,5,9,0,0,0
1,5,10,0,9,0
1,5,11,0,0,0
1,5,12,0,9,0
1,5,13,0,17,0
1,5,14,0,17,0
1,5,15,0,0,0
1,5,16,0,9,0
1,5,17,0,0,0
1,5,18,0,9,0
1,5,19,0,9,0
1,5,20,0,16,0
1,5,21,0,8,0
1,5,22,0,0,0
1,5,23,0,9,0
1,5,24,0,16,0
1,5,25,0,8,0
1,5,26,0,0,0
1,5,27,0,9,0
1,5,28,0,16,0
1,5,29,0,8,0
1,5,30,0,0,0
1,5,31,0,9,0
1,5,32,0,0,0
1,5,33,0,9,0
1,5,34,0,17,0
1,5,35,0,0,0
1,5,36,0,9,0
1,5,37,0,9,0
1,5,38,0,16,0
1,5,39,0,8,0
1,5,40,0,0,0
1,5,41,0,9,0
1,5,42,0,16,0
1,5,43,0,8,0
1,5,44,0,0,0
1,5,45,0,9,0
1,5,46,0,11,0
1,5,47,0,8,0
1,5,48,0,0,0
1,5,49,0,9,0
1,5,50,0,17,0
1,5,51,0,0,0
1,5,52,0,9,0
1,5,53,0,0,0
1,5,54,0,9,0
1,5,55,0,17,0
1,5,56,0,0,0
1,5,57,0,9,0
1,5,58,0,9,0
1,5,59,0,16,0
1,5,60,0,8,0
1,5,61,0,0,0
1,5,62,0,9,0
1,5,63,0,16,0
1,5,64,0,8,0
1,5,65,0,0,0
1,5,66,0,9,0
1,5,67,0,11,0
1,5,68,0,8,0
1,5,69,0,0,0
1,5,70,0,9,0
1,5,71,0,17,0
1,5,72,0,0,0
1,5,73,0,9,0
1,5,74,0,0,0
1,5,75,0,9,0
1,5,76,0,17,0
1,5,77,0,0,0
1,5,78,0,9,0
1,5,79,0,9,0
1,5,80,0,16,0
1,5,81,0,8,0
1,5,82,0,0,0
1,5,83,0,9,0
1,5,84,0,16,0
1,5,85,0,8,0
1,5,86,0,0,0
1,5,87,0,9,0
1,5,88,0,11,0
1,5,89,0,8,0
1,5,90,0,0,0
1,5,91,0,9,0
1,5,92,0,17,0
1,5,93,0,0,0
1,5,94,0,9,0
1,5,95,0,0,0
1,5,96,0,9,0
1,5,97,0,17,0
1,5,98,0,0,0
1,5,99,0,9,0
1,5,100,0,9,0
1,5,101,0,16,0
1,5,102,0,8,0
1,5,103,0,0,0
1,5,104,0,9,0
1,5,105,0,16,0
1,5,106,0,8,0
1,5,107,0,0,0
1,5,108,0,9,0
1,5,109,0,11,0
1,5,110,0,8,0
1,5,111,0,0,0
1,5,112,0,9,0
1,5,113,0,17,0
1,5,114,0,0,0
1,5,115,0,9,0
1,5,116,0,0,0
1,5,117,0,9,0
1,5,118,0,17,0
1,5,119,0,0,0
1,5,120,0,9,0
1,5,121,0,9,0
1,5,122,0,16,0
1,5,123,0,8,0
1,5,124,0,0,0
1,5,125,0,9,0
1,5,126,0,16,0
1,5,127,0,8,0
1,5,128,0,0,0
1,5,129,0,9,0
1,5,130,0,11,0
1,5,131,0,8,0
1,5,132,0,0,0
1,5,133,0,9,0
1,5,134,0,17,0
1,5,135,0,0,0
1,5,136,0,9,0
1,5,137,0,0,0
1,5,138,0,9,0
1,5,139,0,17,0
1,5,140,0,0,0
1,5,141,0,9,0
1,5,142,0,9,0
1,5,143,0,16,0
1,5,144,0,8,0
1,5,145,0,0,0
1,5,146,0,9,0
1,5,147,0,16,0
1,5,148,0,8,0
1,5,149,0,0,0
1,5,150,0,9,0
1,5,151,0,11,0
1,5,152,0,8,0
1,5,153,0,0,0
1,5,154,0,9,0
1,5,155,0,17,0
1,5,156,0,0,0
1,5,157,0,9,0
1,5,158,0,0,0
1,5,159,0,9,0
1,5,160,0,17,0
1,5,161,0,0,0
1,5,162,0,9,0
1,5,163,0,9,0
1,5,164,0,16,0
1,5,165,0,8,0
1,5,166,0,0,0
1,5,167,0,9,0
1,5,168,0,16,0
1,5,169,0,8,0
1,5,170,0,0,0
1,5,171,0,9,0
1,5,172,0,11,0
1,5,173,0,8,0
1,5,174,0,0,0
1,5,175,0,9,0
1,5,176,0,17,0
1,5,177,0,0,0
1,5,178,0,9,0
1,5,179,0,0,0
1,5,180,0,9,0
1,5,181,0,17,0
1,5,182,0,0,0
1,5,183,0,9,0
1,5,184,0,9,0
1,5,185,0,16,0
1,5,186,0,8,0
1,5,187,0,0,0
1,5,188,0,9,0
1,5,189,0,16,0
1,5,190,0,8,0
1,5,191,0,0,0
1,5,192,0,9,0
1,5,193,0,11,0
1,5,194,0,8,0
1,5,195,0,0,0
1,5,196,0,9,0
1,5,197,0,17,0
1,5,198,0,0,0
1,5,199,0,9,0
1,5,200,0,0,0
1,5,201,0,9,0
1,5,202,0,17,0
1,5,203,0,0,0
1,5,204,0,9,0
1,5,205,0,9,0
1,5,206,0,16,0
1,5,207,0,8,0
1,5,208,0,0,0
1,5,209,0,9,0
1,5,210,0,16,0
1,5,211,0,8,0
1,5,212,0,0,0
1,5,213,0,9,0
1,5,214,0,11,0
1,5,215,0,8,0
1,5,216,0,0,0
1,5,217,0,9,0
1,5,218,0,17,0
1,5,219,0,0,0
1,5,220,0,9,0
1,5,221,0,0,0
1,5,222,0,9,0
1,5,223,0,17,0
1,5,224,0,0,0
1,5,225,0,9,0
1,5,226,0,9,0
1,5,227,0,16,0
1,5,228,0,8,0
1,5,229,0,0,0
1,5,230,0,9,0
1,5,231,0,16,0
1,5,232,0,8,0
1,5,233,0,0,0
1,5,234,0,9,0
1,5,235,0,11,0
1,5,236,0,8,0
1,5,237,0,0,0
1,5,238,0,9,0
1,5,239,0,17,0
1,5,240,0,0,0
1,5,241,0,9,0
1,5,242,0,0,0
1,5,243,0,9,0
1,5,244,0,17,0
1,5,245,0,0,0
1,5,246,0,9,0
1,5,247,0,9,0
1,5,248,0,16,0
1,5,249,0,8,0
1,5,250,0,0,0
1,5,251,0,9,0
1,5,252,0,16,0
1,5,253,0,8,0
1,5,254,0,0,0
1,5,255,0,9,0
1,5,256,0,11,0
1,5,257,0,8,0
1,5,258,0,0,0
1,5,259,0,9,0
1,5,260,0,16,0
1,5,261,0,8,0
1,5,262,0,0,0
1,5,263,0,15,0
1,5,264,0,0,0
1,5,265,0,9,0
1,5,266,0,9,0
1,5,267,0,9,0
1,5,268,0,0,0
1,5,269,0,15,0
1,5,270,0,0,0
1,5,271,0,9,0
1,5,272,0,9,0
1,5,273,0,9,0
1,5,274,0,0,0
1,5,275,0,15,0
1,5,276,0,0,0
1,5,277,0,9,0
1,5,278,0,9,0
1,5,279,0,9,0
1,5,280,0,0,0
1,5,281,0,15,0
1,5,282,0,0,0
1,5,283,0,9,0
1,5,284,0,9,0
1,5,285,0,9,0
1,5,286,0,0,0
1,5,287,0,15,0
1,5,288,0,0,0
1,5,289,0,9,0
1,5,290,0,9,0
1,5,291,0,9,0
1,5,292,0,0,0
1,5,293,0,15,0
1,5,294,0,0,0
1,5,295,0,9,0
1,5,296,0,9,0
1,5,297,0,9,0
1,5,298,0,0,0
1,5,299,0,15,0
1,5,300,0,0,0
1,5,301,0,9,0
1,5,302,0,9,0
1,5,303,0,9,0
1,5,304,0,0,0
1,5,305,0,15,0
1,5,306,0,0,0
1,5,307,0,9,0
1,5,308,0,9,0
1,5,309,0,9,0
1,5,310,0,0,0
1,5,311,0,15,0
1,5,312,0,0,0
1,5,313,0,9,0
1,5,314,0,9,0
1,5,315,0,9,0
1,5,316,0,0,0
1,5,317,0,15,0
1,5,318,0,0,0
1,5,319,0,9,0
1,5,320,0,9,0
1,5,321,0,9,0
1,5,322,0,0,0
1,5,323,0,15,0
1,5,324,0,0,0
1,5,325,0,9,0
1,5,326,0,9,0
1,5,327,0,9,0
1,6,7,15,11,0
1,6,8,15,8,0
1,6,9,15,0,0
1,6,10,15,9,0
1,6,11,15,0,0
1,6,12,15,9,0
1,6,13,15,17,0
1,6,14,15,17,0
1,6,15,15,0,0
1,6,16,15,9,0
1,6,17,15,0,0
1,6,18,15,9,0
1,6,19,15,9,0
1,6,20,15,16,0
1,6,21,15,8,0
1,6,22,15,0,0
1,6,23,15,9,0
1,6,24,15,16,0
1,6,25,15,8,0
1,6,26,15,0,0
1,6,27,15,9,0
1,6,28,15,16,0
1,6,29,15,8,0
1,6,30,15,0,0
1,6,31,15,9,0
1,6,32,15,0,0
1,6,33,15,9,0
1,6,34,15,17,0
1,6,35,15,0,0
1,6,36,15,9,0
1,6,37,15,9,0
1,6,38,15,16,0
1,6,39,15,8,0
1,6,40,15,0,0
1,6,41,15,9,0
1,6,42,15,16,0
1,6,43,15,8,0
1,6,44,15,0,0
1,6,45,15,9,0
1,6,46,15,11,0
1,6,47,15,8,0
1,6,48,15,0,0
1,6,49,15,9,0
1,6,50,15,17,0
1,6,51,15,0,0
1,6,52,15,9,0
1,6,53,15,0,0
1,6,54,15,9,0
1,6,55,15,17,0
1,6,56,15,0,0
1,6,57,15,9,0
1,6,58,15,9,0
1,6,59,15,16,0
1,6,60,15,8,0
1,6,61,15,0,0
1,6,62,15,9,0
1,6,63,15,16,0
1,6,64,15,8,0
1,6,65,15,0,0
1,6,66,15,9,0
1,6,67,15,11,0
1,6,68,15,8,0
1,6,69,15,0,0
1,6,70,15,9,0
1,6,71,15,17,0
1,6,72,15,0,0
1,6,73,15,9,0
1,6,74,15,0,0
1,6,75,15,9,0
1,6,76,15,17,0
1,6,77,15,0,0
1,6,78,15,9,0
1,6,79,15,9,0
1,6,80,15,16,0
1,6,81,15,8,0
1,6,82,15,0,0
1,6,83,15,9,0
1,6,84,15,16,0
1,6,85,15,8,0
1,6,86,15,0,0
1,6,87,15,9,0
1,6,88,15,11,0
1,6,89,15,8,0
1,6,90,15,0,0
1,6,91,15,9,0
1,6,92,15,17,0
1,6,93,15,0,0
1,6,94,15,9,0
1,6,95,15,0,0
1,6,96,15,9,0
1,6,97,15,17,0
1,6,98,15,0,0
1,6,99,15,9,0
1,6,100,15,9,0
1,6,101,15,16,0
1,6,102,15,8,0
1,6,103,15,0,0
1,6,104,15,9,0
1,6,105,15,16,0
1,6,106,15,8,0
1,6,107,15,0,0
1,6,108,15,9,0
1,6,109,15,11,0
1,6,110,15,8,0
1,6,111,15,0,0
1,6,112,15,9,0
1,6,113,15,17,0
1,6,114,15,0,0
1,6,115,15,9,0
1,6,116,15,0,0
1,6,117,15,9,0
1,6,118,15,17,0
1,6,119,15,0,0
1,6,120,15,9,0
1,6,121,15,9,0
1,6,122,15,16,0
1,6,123,15,8,0
1,6,124,15,0,0
1,6,125,15,9,0
1,6,126,15,16,0
1,6,127,15,8,0
1,6,128,15,0,0
1,6,129,15,9,0
1,6,130,15,11,0
1,6,131,15,8,0
1,6,132,15,0,0
1,6,133,15,9,0
1,6,134,15,17,0
1,6,135,15,0,0
1,6,136,15,9,0
1,6,137,15,0,0
1,6,138,15,9,0
1,6,139,15,17,0
1,6,140,15,0,0
1,6,141,15,9,0
1,6,142,15,9,0
1,6,143,15,16,0
1,6,144,15,8,0
1,6,145,15,0,0
1,6,146,15,9,0
1,6,147,15,16,0
1,6,148,15,8,0
1,6,149,15,0,0
1,6,150,15,9,0
1,6,151,15,11,0
1,6,152,15,8,0
1,6,153,15,0,0
1,6,154,15,9,0
1,6,155,15,17,0
1,6,156,15,0,0
1,6,157,15,9,0
1,6,158,15,0,0
1,6,159,15,9,0
1,6,160,15,17,0
1,6,161,15,0,0
1,6,162,15,9,0
1,6,163,15,9,0
1,6,164,15,16,0
1,6,165,15,8,0
1,6,166,15,0,0
1,6,167,15,9,0
1,6,168,15,16,0
1,6,169,15,8,0
1,6,170,15,0,0
1,6,171,15,9,0
1,6,172,15,11,0
1,6,173,15,8,0
1,6,174,15,0,0
1,6,175,15,9,0
1,6,176,15,17,0
1,6,177,15,0,0
1,6,178,15,9,0
1,6,179,15,0,0
1,6,180,15,9,0
1,6,181,15,17,0
1,6,182,15,0,0
1,6,183,15,9,0
1,6,184,15,9,0
1,6,185,15,16,0
1,6,186,15,8,0
1,6,187,15,0,0
1,6,188,15,9,0
1,6,189,15,16,0
1,6,190,15,8,0
1,6,191,15,0,0
1,6,192,15,9,0
1,6,193,15,11,0
1,6,194,15,8,0
1,6,195,15,0,0
1,6,196,15,9,0
1,6,197,15,17,0
1,6,198,15,0,0
1,6,199,15,9,0
1,6,200,15,0,0
1,6,201,15,9,0
1,6,202,15,17,0
1,6,203,15,0,0
1,6,204,15,9,0
1,6,205,15,9,0
1,6,206,15,16,0
1,6,207,15,8,0
1,6,208,15,0,0
1,6,209,15,9,0
1,6,210,15,16,0
1,6,211,15,8,0
1,6,212,15,0,0
1,6,213,15,9,0
1,6,214,15,11,0
1,6,215,15,8,0
1,6,216,15,0,0
1,6,217,15,9,0
1,6,218,15,17,0
1,6,219,15,0,0
1,6,220,15,9,0
1,6,221,15,0,0
1,6,222,15,9,0
1,6,223,15,17,0
1,6,224,15,0,0
1,6,225,15,9,0
1,6,226,15,9,0
1,6,227,15,16,0
1,6,228,15,8,0
1,6,229,15,0,0
1,6,230,15,9,0
1,6,231,15,16,0
1,6,232,15,8,0
1,6,233,15,0,0
1,6,234,15,9,0
1,6,235,15,11,0
1,6,236,15,8,0
1,6,237,15,0,0
1,6,238,15,9,0
1,6,239,15,17,0
1,6,240,15,0,0
1,6,241,15,9,0
1,6,242,15,0,0
1,6,243,15,9,0
1,6,244,15,17,0
1,6,245,15,0,0
1,6,246,15,9,0
1,6,247,15,9,0
1,6,248,15,16,0
1,6,249,15,8,0
1,6,250,15,0,0
1,6,251,15,9,0
1,6,252,15,16,0
1,6,253,15,8,0
1,6,254,15,0,0
1,6,255,15,9,0
1,6,256,15,11,0
1,6,257,15,8,0
1,6,258,15,0,0
1,6,259,15,9,0
1,6,260,15,16,0
1,6,261,15,8,0
1,6,262,15,0,0
1,6,263,15,15,0
1,6,264,15,0,0
1,6,265,15,9,0
1,6,266,15,9,0
1,6,267,15,9,0
1,6,268,15,0,0
1,6,269,15,15,0
1,6,270,15,0,0
1,6,271,15,9,0
1,6,272,15,9,0
1,6,273,15,9,0
1,6,274,15,0,0
1,6,275,15,15,0
1,6,276,15,0,0
1,6,277,15,9,0
1,6,278,15,9,0
1,6,279,15,9,0
1,6,280,15,0,0
1,6,281,15,15,0
1,6,282,15,0,0
1,6,283,15,9,0
1,6,284,15,9,0
1,6,285,15,9,0
1,6,286,15,0,0
1,6,287,15,15,0
1,6,288,15,0,0
1,6,289,15,9,0
1,6,290,15,9,0
1,6,291,15,9,0
1,6,292,15,0,0
1,6,293,15,15,0
1,6,294,15,0,0
1,6,295,15,9,0
1,6,296,15,9,0
1,6,297,15,9,0
1,6,298,15,0,0
1,6,299,15,15,0
1,6,300,15,0,0
1,6,301,15,9,0
1,6,302,15,9,0
1,6,303,15,9,0
1,6,304,15,0,0
1,6,305,15,15,0
1,6,306,15,0,0
1,6,307,15,9,0
1,6,308,15,9,0
1,6,309,15,9,0
1,6,310,15,0,0
1,6,311,15,15,0
1,6,312,15,0,0
1,6,313,15,9,0
1,6,314,15,9,0
1,6,315,15,9,0
1,6,316,15,0,0
1,6,317,15,15,0
1,6,318,15,0,0
1,6,319,15,9,0
1,6,320,15,9,0
1,6,321,15,9,0
1,6,322,15,0,0
1,6,323,15,15,0
1,6,324,15,0,0
1,6,325,15,9,0
1,6,326,15,9,0
1,6,327,15,9,0
1,7,8,11,8,1
1,7,9,11,0,1
1,7,10,11,9,0
1,7,11,11,0,0
1,7,12,11,9,0
1,7,13,11,17,0
1,7,14,11,17,0
1,7,15,11,0,0
1,7,16,11,9,0
1,7,17,11,0,0
1,7,18,11,9,0
1,7,19,11,9,0
1,7,20,11,16,0
1,7,21,11,8,0
1,7,22,11,0,0
1,7,23,11,9,0
1,7,24,11,16,0
1,7,25,11,8,0
1,7,26,11,0,0
1,7,27,11,9,0
1,7,28,11,16,0
1,7,29,11,8,0
1,7,30,11,0,0
1,7,31,11,9,0
1,7,32,11,0,0
1,7,33,11,9,0
1,7,34,11,17,0
1,7,35,11,0,0
1,7,36,11,9,0
1,7,37,11,9,0
1,7,38,11,16,0
1,7,39,11,8,0
1,7,40,11,0,0
1,7,41,11,9,0
1,7,42,11,16,0
1,7,43,11,8,0
1,7,44,11,0,0
1,7,45,11,9,0
1,7,46,11,11,0
1,7,47,11,8,0
1,7,48,11,0,0
1,7,49,11,9,0
1,7,50,11,17,0
1,7,51,11,0,0
1,7,52,11,9,0
1,7,53,11,0,0
1,7,54,11,9,0
1,7,55,11,17,0
1,7,56,11,0,0
1,7,57,11,9,0
1,7,58,11,9,0
1,7,59,11,16,0
1,7,60,11,8,0
1,7,61,11,0,0
1,7,62,11,9,0
1,7,63,11,16,0
1,7,64,11,8,0
1,7,65,11,0,0
1,7,66,11,9,0
1,7,67,11,11,0
1,7,68,11,8,0
1,7,69,11,0,0
1,7,70,11,9,0
1,7,71,11,17,0
1,7,72,11,0,0
1,7,73,11,9,0
1,7,74,11,0,0
1,7,75,11,9,0
1,7,76,11,17,0
1,7,77,11,0,0
1,7,78,11,9,0
1,7,79,11,9,0
1,7,80,11,16,0
1,7,81,11,8,0
1,7,82,11,0,0
1,7,83,11,9,0
1,7,84,11,16,0
1,7,85,11,8,0
1,7,86,11,0,0
1,7,87,11,9,0
1,7,88,11,11,0
1,7,89,11,8,0
1,7,90,11,0,0
1,7,91,11,9,0
1,7,92,11,17,0
1,7,93,11,0,0
1,7,94,11,9,0
1,7,95,11,0,0
1,7,96,11,9,0
1,7,97,11,17,0
1,7,98,11,0,0
1,7,99,11,9,0
1,7,100,11,9,0
1,7,101,11,16,0
1,7,102,11,8,0
1,7,103,11,0,0
1,7,104,11,9,0
1,7,105,11,16,0
1,7,106,11,8,0
1,7,107,11,0,0
1,7,108,11,9,0
1,7,109,11,11,0
1,7,110,11,8,0
1,7,111,11,0,0
1,7,112,11,9,0
1,7,113,11,17,0
1,7,114,11,0,0
1,7,115,11,9,0
1,7,116,11,0,0
1,7,117,11,9,0
1,7,118,11,17,0
1,7,119,11,0,0
1,7,120,11,9,0
1,7,121,11,9,0
1,7,122,11,16,0
1,7,123,11,8,0
1,7,124,11,0,0
1,7,125,11,9,0
1,7,126,11,16,0
1,7,127,11,8,0
1,7,128,11,0,0
1,7,129,11,9,0
1,7,130,11,11,0
1,7,131,11,8,0
1,7,132,11,0,0
1,7,133,11,9,0
1,7,134,11,17,0
1,7,135,11,0,0
1,7,136,11,9,0
1,7,137,11,0,0
1,7,138,11,9,0
1,7,139,11,17,0
1,7,140,11,0,0
1,7,141,11,9,0
1,7,142,11,9,0
1,7,143,11,16,0
1,7,144,11,8,0
1,7,145,11,0,0
1,7,146,11,9,0
1,7,147,11,16,0
1,7,148,11,8,0
1,7,149,11,0,0
1,7,150,11,9,0
1,7,151,11,11,0
1,7,152,11,8,0
1,7,153,11,0,0
1,7,154,11,9,0
1,7,155,11,17,0
1,7,156,11,0,0
1,7,157,11,9,0
1,7,158,11,0,0
1,7,159,11,9,0
1,7,160,11,17,0
1,7,161,11,0,0
1,7,162,11,9,0
1,7,163,11,9,0
1,7,164,11,16,0
1,7,165,11,8,0
1,7,166,11,0,0
1,7,167,11,9,0
1,7,168,11,16,0
1,7,169,11,8,0
1,7,170,11,0,0
1,7,171,11,9,0
1,7,172,11,11,0
1,7,173,11,8,0
1,7,174,11,0,0
1,7,175,11,9,0
1,7,176,11,17,0
1,7,177,11,0,0
1,7,178,11,9,0
1,7,179,11,0,0
1,7,180,11,9,0
1,7,181,11,17,0
1,7,182,11,0,0
1,7,183,11,9,0
1,7,184,11,9,0
1,7,185,11,16,0
1,7,186,11,8,0
1,7,187,11,0,0
1,7,188,11,9,0
1,7,189,11,16,0
1,7,190,11,8,0
1,7,191,11,0,0
1,7,192,11,9,0
1,7,193,11,11,0
1,7,194,11,8,0
1,7,195,11,0,0
1,7,196,11,9,0
1,7,197,11,17,0
1,7,198,11,0,0
1,7,199,11,9,0
1,7,200,11,0,0
1,7,201,11,9,0
1,7,202,11,17,0
1,7,203,11,0,0
1,7,204,11,9,0
1,7,205,11,9,0
1,7,206,11,16,0
1,7,207,11,8,0
1,7,208,11,0,0
1,7,209,11,9,0
1,7,210,11,16,0
1,7,211,11,8,0
1,7,212,11,0,0
1,7,213,11,9,0
1,7,214,11,11,0
1,7,215,11,8,0
1,7,216,11,0,0
1,7,217,11,9,0
1,7,218,11,17,0
1,7,219,11,0,0
1,7,220,11,9,0
1,7,221,11,0,0
1,7,222,11,9,0
1,7,223,11,17,0
1,7,224,11,0,0
1,7,225,11,9,0
1,7,226,11,9,0
1,7,227,11,16,0
1,7,228,11,8,0
1,7,229,11,0,0
1,7,230,11,9,0
1,7,231,11,16,0
1,7,232,11,8,0
1,7,233,11,0,0
1,7,234,11,9,0
1,7,235,11,11,0
1,7,236,11,8,0
1,7,237,11,0,0
1,7,238,11,9,0
1,7,239,11,17,0
1,7,240,11,0,0
1,7,241,11,9,0
1,7,242,11,0,0
1,7,243,11,9,0
1,7,244,11,17,0
1,7,245,11,0,0
1,7,246,11,9,0
1,7,247,11,9,0
1,7,248,11,16,0
1,7,249,11,8,0
1,7,250,11,0,0
1,7,251,11,9,0
1,7,252,11,16,0
1,7,253,11,8,0
1,7,254,11,0,0
1,7,255,11,9,0
1,7,256,11,11,0
1,7,257,11,8,0
1,7,258,11,0,0
1,7,259,11,9,0
1,7,260,11,16,0
1,7,261,11,8,0
1,7,262,11,0,0
1,7,263,11,15,0
1,7,264,11,0,0
1,7,265,11,9,0
1,7,266,11,9,0
1,7,267,11,9,0
1,7,268,11,0,0
1,7,269,11,15,0
1,7,270,11,0,0
1,7,271,11,9,0
1,7,272,11,9,0
1,7,273,11,9,0
1,7,274,11,0,0
1,7,275,11,15,0
1,7,276,11,0,0
1,7,277,11,9,0
1,7,278,11,9,0
1,7,279,11,9,0
1,7,280,11,0,0
1,7,281,11,15,0
1,7,282,11,0,0
1,7,283,11,9,0
1,7,284,11,9,0
1,7,285,11,9,0
1,7,286,11,0,0
1,7,287,11,15,0
1,7,288,11,0,0
1,7,289,11,9,0
1,7,290,11,9,0
1,7,291,11,9,0
1,7,292,11,0,0
1,7,293,11,15,0
1,7,294,11,0,0
1,7,295,11,9,0
1,7,296,11,9,0
1,7,297,11,9,0
1,7,298,11,0,0
1,7,299,11,15,0
1,7,300,11,0,0
1,7,301,11,9,0
1,7,302,11,9,0
1,7,303,11,9,0
1,7,304,11,0,0
1,7,305,11,15,0
1,7,306,11,0,0
1,7,307,11,9,0
1,7,308,11,9,0
1,7,309,11,9,0
1,7,310,11,0,0
1,7,311,11,15,0
1,7,312,11,0,0
1,7,313,11,9,0
1,7,314,11,9,0
1,7,315,11,9,0
1,7,316,11,0,0
1,7,317,11,15,0
1,7,318,11,0,0
1,7,319,11,9,0
1,7,320,11,9,0
1,7,321,11,9,0
1,7,322,11,0,0
1,7,323,11,15,0
1,7,324,11,0,0
1,7,325,11,9,0
1,7,326,11,9,0
1,7,327,11,9,0
1,8,9,8,0,0
1,8,10,8,9,0
1,8,11,8,0,0
1,8,12,8,9,0
1,8,13,8,17,0
1,8,14,8,17,0
1,8,15,8,0,0
1,8,16,8,9,0
1,8,17,8,0,0
1,8,18,8,9,0
1,8,19,8,9,0
1,8,20,8,16,0
1,8,21,8,8,0
1,8,22,8,0,0
1,8,23,8,9,0
1,8,24,8,16,0
1,8,25,8,8,0
1,8,26,8,0,0
1,8,27,8,9,0
1,8,28,8,16,0
1,8,29,8,8,0
1,8,30,8,0,0
1,8,31,8,9,0
1,8,32,8,0,0
1,8,33,8,9,0
1,8,34,8,17,0
1,8,35,8,0,0
1,8,36,8,9,0
1,8,37,8,9,0
1,8,38,8,16,0
1,8,39,8,8,0
1,8,40,8,0,0
1,8,41,8,9,0
1,8,42,8,16,0
1,8,43,8,8,0
1,8,44,8,0,0
1,8,45,8,9,0
1,8,46,8,11,0
1,8,47,8,8,0
1,8,48,8,0,0
1,8,49,8,9,0
1,8,50,8,17,0
1,8,51,8,0,0
1,8,52,8,9,0
1,8,53,8,0,0
1,8,54,8,9,0
1,8,55,8,17,0
1,8,56,8,0,0
1,8,57,8,9,0
1,8,58,8,9,0
1,8,59,8,16,0
1,8,60,8,8,0
1,8,61,8,0,0
1,8,62,8,9,0
1,8,63,8,16,0
1,8,64,8,8,0
1,8,65,8,0,0
1,8,66,8,9,0
1,8,67,8,11,0
1,8,68,8,8,0
1,8,69,8,0,0
1,8,70,8,9,0
1,8,71,8,17,0
1,8,72,8,0,0
1,8,73,8,9,0
1,8,74,8,0,0
1,8,75,8,9,0
1,8,76,8,17,0
1,8,77,8,0,0
1,8,78,8,9,0
1,8,79,8,9,0
1,8,80,8,16,0
1,8,81,8,8,0
1,8,82,8,0,0
1,8,83,8,9,0
1,8,84,8,16,0
1,8,85,8,8,0
1,8,86,8,0,0
1,8,87,8,9,0
1,8,88,8,11,0
1,8,89,8,8,0
1,8,90,8,0,0
1,8,91,8,9,0
1,8,92,8,17,0
1,8,93,8,0,0
1,8,94,8,9,0
1,8,95,8,0,0
1,8,96,8,9,0
1,8,97,8,17,0
1,8,98,8,0,0
1,8,99,8,9,0
1,8,100,8,9,0
1,8,101,8,16,0
1,8,102,8,8,0
1,8,103,8,0,0
1,8,104,8,9,0
1,8,105,8,16,0
1,8,106,8,8,0
1,8,107,8,0,0
1,8,108,8,9,0
1,8,109,8,11,0
1,8,110,8,8,0
1,8,111,8,0,0
1,8,112,8,9,0
1,8,113,8,17,0
1,8,114,8,0,0
1,8,115,8,9,0
1,8,116,8,0,0
1,8,117,8,9,0
1,8,118,8,17,0
1,8,119,8,0,0
1,8,120,8,9,0
1,8,121,8,9,0
1,8,122,8,16,0
1,8,123,8,8,0
1,8,124,8,0,0
1,8,125,8,9,0
1,8,126,8,16,0
1,8,127,8,8,0
1,8,128,8,0,0
1,8,129,8,9,0
1,8,130,8,11,0
1,8,131,8,8,0
1,8,132,8,0,0
1,8,133,8,9,0
1,8,134,8,17,0
1,8,135,8,0,0
1,8,136,8,9,0
1,8,137,8,0,0
1,8,138,8,9,0
1,8,139,8,17,0
1,8,140,8,0,0
1,8,141,8,9,0
1,8,142,8,9,0
1,8,143,8,16,0
1,8,144,8,8,0
1,8,145,8,0,0
1,8,146,8,9,0
1,8,147,8,16,0
1,8,148,8,8,0
1,8,149,8,0,0
1,8,150,8,9,0
1,8,151,8,11,0
1,8,152,8,8,0
1,8,153,8,0,0
1,8,154,8,9,0
1,8,155,8,17,0
1,8,156,8,0,0
1,8,157,8,9,0
1,8,158,8,0,0
1,8,159,8,9,0
1,8,160,8,17,0
1,8,161,8,0,0
1,8,162,8,9,0
1,8,163,8,9,0
1,8,164,8,16,0
1,8,165,8,8,0
1,8,166,8,0,0
1,8,167,8,9,0
1,8,168,8,16,0
1,8,169,8,8,0
1,8,170,8,0,0
1,8,171,8,9,0
1,8,172,8,11,0
1,8,173,8,8,0
1,8,174,8,0,0
1,8,175,8,9,0
1,8,176,8,17,0
1,8,177,8,0,0
1,8,178,8,9,0
1,8,179,8,0,0
1,8,180,8,9,0
1,8,181,8,17,0
1,8,182,8,0,0
1,8,183,8,9,0
1,8,184,8,9,0
1,8,185,8,16,0
1,8,186,8,8,0
1,8,187,8,0,0
1,8,188,8,9,0
1,8,189,8,16,0
1,8,190,8,8,0
1,8,191,8,0,0
1,8,192,8,9,0
1,8,193,8,11,0
1,8,194,8,8,0
1,8,195,8,0,0
1,8,196,8,9,0
1,8,197,8,17,0
1,8,198,8,0,0
1,8,199,8,9,0
1,8,200,8,0,0
1,8,201,8,9,0
1,8,202,8,17,0
1,8,203,8,0,0
1,8,204,8,9,0
1,8,205,8,9,0
1,8,206,8,16,0
1,8,207,8,8,0
1,8,208,8,0,0
1,8,209,8,9,0
1,8,210,8,16,0
1,8,211,8,8,0
1,8,212,8,0,0
1,8,213,8,9,0
1,8,214,8,11,0
1,8,215,8,8,0
1,8,216,8,0,0
1,8,217,8,9,0
1,8,218,8,17,0
1,8,219,8,0,0
1,8,220,8,9,0
1,8,221,8,0,0
1,8,222,8,9,0
1,8,223,8,17,0
1,8,224,8,0,0
1,8,225,8,9,0
1,8,226,8,9,0
1,8,227,8,16,0
1,8,228,8,8,0
1,8,229,8,0,0
1,8,230,8,9,0
1,8,231,8,16,0
1,8,232,8,8,0
1,8,233,8,0,0
1,8,234,8,9,0
1,8,235,8,11,0
1,8,236,8,8,0
1,8,237,8,0,0
1,8,238,8,9,0
1,8,239,8,17,0
1,8,240,8,0,0
1,8,241,8,9,0
1,8,242,8,0,0
1,8,243,8,9,0
1,8,244,8,17,0
1,8,245,8,0,0
1,8,246,8,9,0
1,8,247,8,9,0
1,8,248,8,16,0
1,8,249,8,8,0
1,8,250,8,0,0
1,8,251,8,9,0
1,8,252,8,16,0
1,8,253,8,8,0
1,8,254,8,0,0
1,8,255,8,9,0
1,8,256,8,11,0
1,8,257,8,8,0
1,8,258,8,0,0
1,8,259,8,9,0
1,8,260,8,16,0
1,8,261,8,8,0
1,8,262,8,0,0
1,8,263,8,15,0
1,8,264,8,0,0
1,8,265,8,9,0
1,8,266,8,9,0
1,8,267,8,9,0
1,8,268,8,0,0
1,8,269,8,15,0
1,8,270,8,0,0
1,8,271,8,9,0
1,8,272,8,9,0
1,8,273,8,9,0
1,8,274,8,0,0
1,8,275,8,15,0
1,8,276,8,0,0
1,8,277,8,9,0
1,8,278,8,9,0
1,8,279,8,9,0
1,8,280,8,0,0
1,8,281,8,15,0
1,8,282,8,0,0
1,8,283,8,9,0
1,8,284,8,9,0
1,8,285,8,9,0
1,8,286,8,0,0
1,8,287,8,15,0
1,8,288,8,0,0
1,8,289,8,9,0
1,8,290,8,9,0
1,8,291,8,9,0
1,8,292,8,0,0
1,8,293,8,15,0
1,8,294,8,0,0
1,8,295,8,9,0
1,8,296,8,9,0
1,8,297,8,9,0
1,8,298,8,0,0
1,8,299,8,15,0
1,8,300,8,0,0
1,8,301,8,9,0
1,8,302,8,9,0
1,8,303,8,9,0
1,8,304,8,0,0
1,8,305,8,15,0
1,8,306,8,0,0
1,8,307,8,9,0
1,8,308,8,9,0
1,8,309,8,9,0
1,8,310,8,0,0
1,8,311,8,15,0
1,8,312,8,0,0
1,8,313,8,9,0
1,8,314,8,9,0
1,8,315,8,9,0
1,8,316,8,0,0
1,8,317,8,15,0
1,8,318,8,0,0
1,8,319,8,9,0
1,8,320,8,9,0
1,8,321,8,9,0
1,8,322,8,0,0
1,8,323,8,15,0
1,8,324,8,0,0
1,8,325,8,9,0
1,8,326,8,9,0
1,8,327,8,9,0
1,9,10,0,9,1
1,9,11,0,0,1
1,9,12,0,9,0
1,9,13,0,17,0
1,9,14,0,17,0
1,9,15,0,0,0
1,9,16,0,9,0
1,9,17,0,0,0
1,9,18,0,9,0
1,9,19,0,9,0
1,9,20,0,16,0
1,9,21,0,8,0
1,9,22,0,0,0
1,9,23,0,9,0
1,9,24,0,16,0
1,9,25,0,8,0
1,9,26,0,0,1
1,9,27,0,9,0
1,9,28,0,16,0
1,9,29,0,8,0
1,9,30,0,0,0
1,9,31,0,9,0
1,9,32,0,0,0
1,9,33,0,9,0
1,9,34,0,17,0
1,9,35,0,0,0
1,9,36,0,9,0
1,9,37,0,9,0
1,9,38,0,16,0
1,9,39,0,8,0
1,9,40,0,0,0
1,9,41,0,9,0
1,9,42,0,16,0
1,9,43,0,8,0
1,9,44,0,0,0
1,9,45,0,9,0
1,9,46,0,11,0
1,9,47,0,8,0
1,9,48,0,0,0
1,9,49,0,9,0
1,9,50,0,17,0
1,9,51,0,0,0
1,9,52,0,9,0
1,9,53,0,0,0
1,9,54,0,9,0
1,9,55,0,17,0
1,9,56,0,0,0
1,9,57,0,9,0
1,9,58,0,9,0
1,9,59,0,16,0
1,9,60,0,8,0
1,9,61,0,0,0
1,9,62,0,9,0
1,9,63,0,16,0
1,9,64,0,8,0
1,9,65,0,0,0
1,9,66,0,9,0
1,9,67,0,11,0
1,9,68,0,8,0
1,9,69,0,0,0
1,9,70,0,9,0
1,9,71,0,17,0
1,9,72,0,0,0
1,9,73,0,9,0
1,9,74,0,0,0
1,9,75,0,9,0
1,9,76,0,17,0
1,9,77,0,0,0
1,9,78,0,9,0
1,9,79,0,9,0
1,9,80,0,16,0
1,9,81,0,8,0
1,9,82,0,0,0
1,9,83,0,9,0
1,9,84,0,16,0
1,9,85,0,8,0
1,9,86,0,0,0
1,9,87,0,9,0
1,9,88,0,11,0
1,9,89,0,8,0
1,9,90,0,0,0
1,9,91,0,9,0
1,9,92,0,17,0
1,9,93,0,0,0
1,9,94,0,9,0
1,9,95,0,0,0
1,9,96,0,9,0
1,9,97,0,17,0
1,9,98,0,0,0
1,9,99,0,9,0
1,9,100,0,9,0
1,9,101,0,16,0
1,9,102,0,8,0
1,9,103,0,0,0
1,9,104,0,9,0
1,9,105,0,16,0
1,9,106,0,8,0
1,9,107,0,0,0
1,9,108,0,9,0
1,9,109,0,11,0
1,9,110,0,8,0
1,9,111,0,0,0
1,9,112,0,9,0
1,9,113,0,17,0
1,9,114,0,0,0
1,9,115,0,9,0
1,9,116,0,0,0
1,9,117,0,9,0
1,9,118,0,17,0
1,9,119,0,0,0
1,9,120,0,9,0
1,9,121,0,9,0
1,9,122,0,16,0
1,9,123,0,8,0
1,9,124,0,0,0
1,9,125,0,9,0
1,9,126,0,16,0
1,9,127,0,8,0
1,9,128,0,0,0
1,9,129,0,9,0
1,9,130,0,11,0
1,9,131,0,8,0
1,9,132,0,0,0
1,9,133,0,9,0
1,9,134,0,17,0
1,9,135,0,0,0
1,9,136,0,9,0
1,9,137,0,0,0
1,9,138,0,9,0
1,9,139,0,17,0
1,9,140,0,0,0
1,9,141,0,9,0
1,9,142,0,9,0
1,9,143,0,16,0
1,9,144,0,8,0
1,9,145,0,0,0
1,9,146,0,9,0
1,9,147,0,16,0
1,9,148,0,8,0
1,9,149,0,0,0
1,9,150,0,9,0
1,9,151,0,11,0
1,9,152,0,8,0
1,9,153,0,0,0
1,9,154,0,9,0
1,9,155,0,17,0
1,9,156,0,0,0
1,9,157,0,9,0
1,9,158,0,0,0
1,9,159,0,9,0
1,9,160,0,17,0
1,9,161,0,0,0
1,9,162,0,9,0
1,9,163,0,9,0
1,9,164,0,16,0
1,9,165,0,8,0
1,9,166,0,0,0
1,9,167,0,9,0
1,9,168,0,16,0
1,9,169,0,8,0
1,9,170,0,0,0
1,9,171,0,9,0
1,9,172,0,11,0
1,9,173,0,8,0
1,9,174,0,0,0
1,9,175,0,9,0
1,9,176,0,17,0
1,9,177,0,0,0
1,9,178,0,9,0
1,9,179,0,0,0
1,9,180,0,9,0
1,9,181,0,17,0
1,9,182,0,0,0
1,9,183,0,9,0
1,9,184,0,9,0
1,9,185,0,16,0
1,9,186,0,8,0
1,9,187,0,0,0
1,9,188,0,9,0
1,9,189,0,16,0
1,9,190,0,8,0
1,9,191,0,0,0
1,9,192,0,9,0
1,9,193,0,11,0
1,9,194,0,8,0
1,9,195,0,0,0
1,9,196,0,9,0
1,9,197,0,17,0
1,9,198,0,0,0
1,9,199,0,9,0
1,9,200,0,0,0
1,9,201,0,9,0
1,9,202,0,17,0
1,9,203,0,0,0
1,9,204,0,9,0
1,9,205,0,9,0
1,9,206,0,16,0
1,9,207,0,8,0
1,9,208,0,0,0
1,9,209,0,9,0
1,9,210,0,16,0
1,9,211,0,8,0
1,9,212,0,0,0
1,9,213,0,9,0
1,9,214,0,11,0
1,9,215,0,8,0
1,9,216,0,0,0
1,9,217,0,9,0
1,9,218,0,17,0
1,9,219,0,0,0
1,9,220,0,9,0
1,9,221,0,0,0
1,9,222,0,9,0
1,9,223,0,17,0
1,9,224,0,0,0
1,9,225,0,9,0
1,9,226,0,9,0
1,9,227,0,16,0
1,9,228,0,8,0
1,9,229,0,0,0
1,9,230,0,9,0
1,9,231,0,16,0
1,9,232,0,8,0
1,9,233,0,0,0
1,9,234,0,9,0
1,9,235,0,11,0
1,9,236,0,8,0
1,9,237,0,0,0
1,9,238,0,9,0
1,9,239,0,17,0
1,9,240,0,0,0
1,9,241,0,9,0
1,9,242,0,0,0
1,9,243,0,9,0
1,9,244,0,17,0
1,9,245,0,0,0
1,9,246,0,9,0
1,9,247,0,9,0
1,9,248,0,16,0
1,9,249,0,8,0
1,9,250,0,0,0
1,9,251,0,9,0
1,9,252,0,16,0
1,9,253,0,8,0
1,9,254,0,0,0
1,9,255,0,9,0
1,9,256,0,11,0
1,9,257,0,8,0
1,9,258,0,0,0
1,9,259,0,9,0
1,9,260,0,16,0
1,9,261,0,8,0
1,9,262,0,0,0
1,9,263,0,15,0
1,9,264,0,0,0
1,9,265,0,9,0
1,9,266,0,9,0
1,9,267,0,9,0
1,9,268,0,0,0
1,9,269,0,15,0
1,9,270,0,0,0
1,9,271,0,9,0
1,9,272,0,9,0
1,9,273,0,9,0
1,9,274,0,0,0
1,9,275,0,15,0
1,9,276,0,0,0
1,9,277,0,9,0
1,9,278,0,9,0
1,9,279,0,9,0
1,9,280,0,0,0
1,9,281,0,15,0
1,9,282,0,0,0
1,9,283,0,9,0
1,9,284,0,9,0
1,9,285,0,9,0
1,9,286,0,0,0
1,9,287,0,15,0
1,9,288,0,0,0
1,9,289,0,9,0
1,9,290,0,9,0
1,9,291,0,9,0
1,9,292,0,0,0
1,9,293,0,15,0
1,9,294,0,0,0
1,9,295,0,9,0
1,9,296,0,9,0
1,9,297,0,9,0
1,9,298,0,0,0
1,9,299,0,15,0
1,9,300,0,0,0
1,9,301,0,9,0
1,9,302,0,9,0
1,9,303,0,9,0
1,9,304,0,0,0
1,9,305,0,15,0
1,9,306,0,0,0
1,9,307,0,9,0
1,9,308,0,9,0
1,9,309,0,9,0
1,9,310,0,0,0
1,9,311,0,15,0
1,9,312,0,0,0
1,9,313,0,9,0
1,9,314,0,9,0
1,9,315,0,9,0
1,9,316,0,0,0
1,9,317,0,15,0
1,9,318,0,0,0
1,9,319,0,9,0
1,9,320,0,9,0
1,9,321,0,9,0
1,9,322,0,0,0
1,9,323,0,15,0
1,9,324,0,0,0
1,9,325,0,9,0
1,9,326,0,9,0
1,9,327,0,9,0
1,10,11,9,0,0
1,10,12,9,9,0
1,10,13,9,17,0
1,10,14,9,17,0
1,10,15,9,0,0
1,10,16,9,9,0
1,10,17,9,0,0
1,10,18,9,9,0
1,10,19,9,9,0
1,10,20,9,16,0
1,10,21,9,8,0
1,10,22,9,0,0
1,10,23,9,9,0
1,10,24,9,16,0
1,10,25,9,8,0
1,10,26,9,0,0
1,10,27,9,9,0
1,10,28,9,16,0
1,10,29,9,8,0
1,10,30,9,0,0
1,10,31,9,9,0
1,10,32,9,0,0
1,10,33,9,9,0
1,10,34,9,17,0
1,10,35,9,0,0
1,10,36,9,9,0
1,10,37,9,9,0
1,10,38,9,16,0
1,10,39,9,8,0
1,10,40,9,0,0
1,10,41,9,9,0
1,10,42,9,16,0
1,10,43,9,8,0
1,10,44,9,0,0
1,10,45,9,9,0
1,10,46,9,11,0
1,10,47,9,8,0
1,10,48,9,0,0
1,10,49,9,9,0
1,10,50,9,17,0
1,10,51,9,0,0
1,10,52,9,9,0
1,10,53,9,0,0
1,10,54,9,9,0
1,10,55,9,17,0
1,10,56,9,0,0
1,10,57,9,9,0
1,10,58,9,9,0
1,10,59,9,16,0
1,10,60,9,8,0
1,10,61,9,0,0
1,10,62,9,9,0
1,10,63,9,16,0
1,10,64,9,8,0
1,10,65,9,0,0
1,10,66,9,9,0
1,10,67,9,11,0
1,10,68,9,8,0
1,10,69,9,0,0
1,10,70,9,9,0
1,10,71,9,17,0
1,10,72,9,0,0
1,10,73,9,9,0
1,10,74,9,0,0
1,10,75,9,9,0
1,10,76,9,17,0
1,10,77,9,0,0
1,10,78,9,9,0
1,10,79,9,9,0
1,10,80,9,16,0
1,10,81,9,8,0
1,10,82,9,0,0
1,10,83,9,9,0
1,10,84,9,16,0
1,10,85,9,8,0
1,10,86,9,0,0
1,10,87,9,9,0
1,10,88,9,11,0
1,10,89,9,8,0
1,10,90,9,0,0
1,10,91,9,9,0
1,10,92,9,17,0
1,10,93,9,0,0
1,10,94,9,9,0
1,10,95,9,0,0
1,10,96,9,9,0
1,10,97,9,17,0
1,10,98,9,0,0
1,10,99,9,9,0
1,10,100,9,9,0
1,10,101,9,16,0
1,10,102,9,8,0
1,10,103,9,0,0
1,10,104,9,9,0
1,10,105,9,16,0
1,10,106,9,8,0
1,10,107,9,0,0
1,10,108,9,9,0
1,10,109,9,11,0
1,10,110,9,8,0
1,10,111,9,0,0
1,10,112,9,9,0
1,10,113,9,17,0
1,10,114,9,0,0
1,10,115,9,9,0
1,10,116,9,0,0
1,10,117,9,9,0
1,10,118,9,17,0
1,10,119,9,0,0
1,10,120,9,9,0
1,10,121,9,9,0
1,10,122,9,16,0
1,10,123,9,8,0
1,10,124,9,0,0
1,10,125,9,9,0
1,10,126,9,16,0
1,10,127,9,8,0
1,10,128,9,0,0
1,10,129,9,9,0
1,10,130,9,11,0
1,10,131,9,8,0
1,10,132,9,0,0
1,10,133,9,9,0
1,10,134,9,17,0
1,10,135,9,0,0
1,10,136,9,9,0
1,10,137,9,0,0
1,10,138,9,9,0
1,10,139,9,17,0
1,10,140,9,0,0
1,10,141,9,9,0
1,10,142,9,9,0
1,10,143,9,16,0
1,10,144,9,8,0
1,10,145,9,0,0
1,10,146,9,9,0
1,10,147,9,16,0
1,10,148,9,8,0
1,10,149,9,0,0
1,10,150,9,9,0
1,10,151,9,11,0
1,10,152,9,8,0
1,10,153,9,0,0
1,10,154,9,9,0
1,10,155,9,17,0
1,10,156,9,0,0
1,10,157,9,9,0
1,10,158,9,0,0
1,10,159,9,9,0
1,10,160,9,17,0
1,10,161,9,0,0
1,10,162,9,9,0
1,10,163,9,9,0
1,10,164,9,16,0
1,10,165,9,8,0
1,10,166,9,0,0
1,10,167,9,9,0
1,10,168,9,16,0
1,10,169,9,8,0
1,10,170,9,0,0
1,10,171,9,9,0
1,10,172,9,11,0
1,10,173,9,8,0
1,10,174,9,0,0
1,10,175,9,9,0
1,10,176,9,17,0
1,10,177,9,0,0
1,10,178,9,9,0
1,10,179,9,0,0
1,10,180,9,9,0
1,10,181,9,17,0
1,10,182,9,0,0
1,10,183,9,9,0
1,10,184,9,9,0
1,10,185,9,16,0
1,10,186,9,8,0
1,10,187,9,0,0
1,10,188,9,9,0
1,10,189,9,16,0
1,10,190,9,8,0
1,10,191,9,0,0
1,10,192,9,9,0
1,10,193,9,11,0
1,10,194,9,8,0
1,10,195,9,0,0
1,10,196,9,9,0
1,10,197,9,17,0
1,10,198,9,0,0
1,10,199,9,9,0
1,10,200,9,0,0
1,10,201,9,9,0
1,10,202,9,17,0
1,10,203,9,0,0
1,10,204,9,9,0
1,10,205,9,9,0
1,10,206,9,16,0
1,10,207,9,8,0
1,10,208,9,0,0
1,10,209,9,9,0
1,10,210,9,16,0
1,10,211,9,8,0
1,10,212,9,0,0
1,10,213,9,9,0
1,10,214,9,11,0
1,10,215,9,8,0
1,10,216,9,0,0
1,10,217,9,9,0
1,10,218,9,17,0
1,10,219,9,0,0
1,10,220,9,9,0
1,10,221,9,0,0
1,10,222,9,9,0
1,10,223,9,17,0
1,10,224,9,0,0
1,10,225,9,9,0
1,10,226,9,9,0
1,10,227,9,16,0
1,10,228,9,8,0
1,10,229,9,0,0
1,10,230,9,9,0
1,10,231,9,16,0
1,10,232,9,8,0
1,10,233,9,0,0
1,10,234,9,9,0
1,10,235,9,11,0
1,10,236,9,8,0
1,10,237,9,0,0
1,10,238,9,9,0
1,10,239,9,17,0
1,10,240,9,0,0
1,10,241,9,9,0
1,10,242,9,0,0
1,10,243,9,9,0
1,10,244,9,17,0
1,10,245,9,0,0
1,10,246,9,9,0
1,10,247,9,9,0
1,10,248,9,16,0
1,10,249,9,8,0
1,10,250,9,0,0
1,10,251,9,9,0
1,10,252,9,16,0
1,10,253,9,8,0
1,10,254,9,0,0
1,10,255,9,9,0
1,10,256,9,11,0
1,10,257,9,8,0
1,10,258,9,0,0
1,10,259,9,9,0
1,10,260,9,16,0
1,10,261,9,8,0
1,10,262,9,0,0
1,10,263,9,15,0
1,10,264,9,0,0
1,10,265,9,9,0
1,10,266,9,9,0
1,10,267,9,9,0
1,10,268,9,0,0
1,10,269,9,15,0
1,10,270,9,0,0
1,10,271,9,9,0
1,10,272,9,9,0
1,10,273,9,9,0
1,10,274,9,0,0
1,10,275,9,15,0
1,10,276,9,0,0
1,10,277,9,9,0
1,10,278,9,9,0
1,10,279,9,9,0
1,10,280,9,0,0
1,10,281,9,15,0
1,10,282,9,0,0
1,10,283,9,9,0
1,10,284,9,9,0
1,10,285,9,9,0
1,10,286,9,0,0
1,10,287,9,15,0
1,10,288,9,0,0
1,10,289,9,9,0
1,10,290,9,9,0
1,10,291,9,9,0
1,10,292,9,0,0
1,10,293,9,15,0
1,10,294,9,0,0
1,10,295,9,9,0
1,10,296,9,9,0
1,10,297,9,9,0
1,10,298,9,0,0
1,10,299,9,15,0
1,10,300,9,0,0
1,10,301,9,9,0
1,10,302,9,9,0
1,10,303,9,9,0
1,10,304,9,0,0
1,10,305,9,15,0
1,10,306,9,0,0
1,10,307,9,9,0
1,10,308,9,9,0
1,10,309,9,9,0
1,10,310,9,0,0
1,10,311,9,15,0
1,10,312,9,0,0
1,10,313,9,9,0
1,10,314,9,9,0
1,10,315,9,9,0
1,10,316,9,0,0
1,10,317,9,15,0
1,10,318,9,0,0
1,10,319,9,9,0
1,10,320,9,9,0
1,10,321,9,9,0
1,10,322,9,0,0
1,10,323,9,15,0
1,10,324,9,0,0
1,10,325,9,9,0
1,10,326,9,9,0
1,10,327,9,9,0
1,11,12,0,9,1
1,11,13,0,17,1
1,11,14,0,17,1
1,11,15,0,0,0
1,11,16,0,9,0
1,11,17,0,0,0
1,11,18,0,9,0
1,11,19,0,9,0
1,11,20,0,16,0
1,11,21,0,8,0
1,11,22,0,0,0
1,11,23,0,9,0
1,11,24,0,16,0
1,11,25,0,8,0
1,11,26,0,0,0
1,11,27,0,9,0
1,11,28,0,16,0
1,11,29,0,8,0
1,11,30,0,0,0
1,11,31,0,9,0
1,11,32,0,0,0
1,11,33,0,9,0
1,11,34,0,17,0
1,11,35,0,0,0
1,11,36,0,9,0
1,11,37,0,9,0
1,11,38,0,16,0
1,11,39,0,8,0
1,11,40,0,0,0
1,11,41,0,9,0
1,11,42,0,16,0
1,11,43,0,8,0
1,11,44,0,0,0
1,11,45,0,9,0
1,11,46,0,11,0
1,11,47,0,8,0
1,11,48,0,0,0
1,11,49,0,9,0
1,11,50,0,17,0
1,11,51,0,0,0
1,11,52,0,9,0
1,11,53,0,0,0
1,11,54,0,9,0
1,11,55,0,17,0
1,11,56,0,0,0
1,11,57,0,9,0
1,11,58,0,9,0
1,11,59,0,16,0
1,11,60,0,8,0
1,11,61,0,0,0
1,11,62,0,9,0
1,11,63,0,16,0
1,11,64,0,8,0
1,11,65,0,0,0
1,11,66,0,9,0
1,11,67,0,11,0
1,11,68,0,8,0
1,11,69,0,0,0
1,11,70,0,9,0
1,11,71,0,17,0
1,11,72,0,0,0
1,11,73,0,9,0
1,11,74,0,0,0
1,11,75,0,9,0
1,11,76,0,17,0
1,11,77,0,0,0
1,11,78,0,9,0
1,11,79,0,9,0
1,11,80,0,16,0
1,11,81,0,8,0
1,11,82,0,0,0
1,11,83,0,9,0
1,11,84,0,16,0
1,11,85,0,8,0
1,11,86,0,0,0
1,11,87,0,9,0
1,11,88,0,11,0
1,11,89,0,8,0
1,11,90,0,0,0
1,11,91,0,9,0
1,11,92,0,17,0
1,11,93,0,0,0
1,11,94,0,9,0
1,11,95,0,0,0
1,11,96,0,9,0
1,11,97,0,17,0
1,11,98,0,0,0
1,11,99,0,9,0
1,11,100,0,9,0
1,11,101,0,16,0
1,11,102,0,8,0
1,11,103,0,0,0
1,11,104,0,9,0
1,11,105,0,16,0
1,11,106,0,8,0
1,11,107,0,0,0
1,11,108,0,9,0
1,11,109,0,11,0
1,11,110,0,8,0
1,11,111,0,0,0
1,11,112,0,9,0
1,11,113,0,17,0
1,11,114,0,0,0
1,11,115,0,9,0
1,11,116,0,0,0
1,11,117,0,9,0
1,11,118,0,17,0
1,11,119,0,0,0
1,11,120,0,9,0
1,11,121,0,9,0
1,11,122,0,16,0
1,11,123,0,8,0
1,11,124,0,0,0
1,11,125,0,9,0
1,11,126,0,16,0
1,11,127,0,8,0
1,11,128,0,0,0
1,11,129,0,9,0
1,11,130,0,11,0
1,11,131,0,8,0
1,11,132,0,0,0
1,11,133,0,9,0
1,11,134,0,17,0
1,11,135,0,0,0
1,11,136,0,9,0
1,11,137,0,0,0
1,11,138,0,9,0
1,11,139,0,17,0
1,11,140,0,0,0
1,11,141,0,9,0
1,11,142,0,9,0
1,11,143,0,16,0
1,11,144,0,8,0
1,11,145,0,0,0
1,11,146,0,9,0
1,11,147,0,16,0
1,11,148,0,8,0
1,11,149,0,0,0
1,11,150,0,9,0
1,11,151,0,11,0
1,11,152,0,8,0
1,11,153,0,0,0
1,11,154,0,9,0
1,11,155,0,17,0
1,11,156,0,0,0
1,11,157,0,9,0
1,11,158,0,0,0
1,11,159,0,9,0
1,11,160,0,17,0
1,11,161,0,0,0
1,11,162,0,9,0
1,11,163,0,9,0
1,11,164,0,16,0
1,11,165,0,8,0
1,11,166,0,0,0
1,11,167,0,9,0
1,11,168,0,16,0
1,11,169,0,8,0
1,11,170,0,0,0
1,11,171,0,9,0
1,11,172,0,11,0
1,11,173,0,8,0
1,11,174,0,0,0
1,11,175,0,9,0
1,11,176,0,17,0
1,11,177,0,0,0
1,11,178,0,9,0
1,11,179,0,0,0
1,11,180,0,9,0
1,11,181,0,17,0
1,11,182,0,0,0
1,11,183,0,9,0
1,11,184,0,9,0
1,11,185,0,16,0
1,11,186,0,8,0
1,11,187,0,0,0
1,11,188,0,9,0
1,11,189,0,16,0
1,11,190,0,8,0
1,11,191,0,0,0
1,11,192,0,9,0
1,11,193,0,11,0
1,11,194,0,8,0
1,11,195,0,0,0
1,11,196,0,9,0
1,11,197,0,17,0
1,11,198,0,0,0
1,11,199,0,9,0
1,11,200,0,0,0
1,11,201,0,9,0
1,11,202,0,17,0
1,11,203,0,0,0
1,11,204,0,9,0
1,11,205,0,9,0
1,11,206,0,16,0
1,11,207,0,8,0
1,11,208,0,0,0
1,11,209,0,9,0
1,11,210,0,16,0
1,11,211,0,8,0
1,11,212,0,0,0
1,11,213,0,9,0
1,11,214,0,11,0
1,11,215,0,8,0
1,11,216,0,0,0
1,11,217,0,9,0
1,11,218,0,17,0
1,11,219,0,0,0
1,11,220,0,9,0
1,11,221,0,0,0
1,11,222,0,9,0
1,11,223,0,17,0
1,11,224,0,0,0
1,11,225,0,9,0
1,11,226,0,9,0
1,11,227,0,16,0
1,11,228,0,8,0
1,11,229,0,0,0
1,11,230,0,9,0
1,11,231,0,16,0
1,11,232,0,8,0
1,11,233,0,0,0
1,11,234,0,9,0
1,11,235,0,11,0
1,11,236,0,8,0
1,11,237,0,0,0
1,11,238,0,9,0
1,11,239,0,17,0
1,11,240,0,0,0
1,11,241,0,9,0
1,11,242,0,0,0
1,11,243,0,9,0
1,11,244,0,17,0
1,11,245,0,0,0
1,11,246,0,9,0
1,11,247,0,9,0
1,11,248,0,16,0
1,11,249,0,8,0
1,11,250,0,0,0
1,11,251,0,9,0
1,11,252,0,16,0
1,11,253,0,8,0
1,11,254,0,0,0
1,11,255,0,9,0
1,11,256,0,11,0
1,11,257,0,8,0
1,11,258,0,0,0
1,11,259,0,9,0
1,11,260,0,16,0
1,11,261,0,8,0
1,11,262,0,0,0
1,11,263,0,15,0
1,11,264,0,0,0
1,11,265,0,9,0
1,11,266,0,9,0
1,11,267,0,9,0
1,11,268,0,0,0
1,11,269,0,15,0
1,11,270,0,0,0
1,11,271,0,9,0
1,11,272,0,9,0
1,11,273,0,9,0
1,11,274,0,0,0
1,11,275,0,15,0
1,11,276,0,0,0
1,11,277,0,9,0
1,11,278,0,9,0
1,11,279,0,9,0
1,11,280,0,0,0
1,11,281,0,15,0
1,11,282,0,0,0
1,11,283,0,9,0
1,11,284,0,9,0
1,11,285,0,9,0
1,11,286,0,0,0
1,11,287,0,15,0
1,11,288,0,0,0
1,11,289,0,9,0
1,11,290,0,9,0
1,11,291,0,9,0
1,11,292,0,0,0
1,11,293,0,15,0
1,11,294,0,0,0
1,11,295,0,9,0
1,11,296,0,9,0
1,11,297,0,9,0
1,11,298,0,0,0
1,11,299,0,15,0
1,11,300,0,0,0
1,11,301,0,9,0
1,11,302,0,9,0
1,11,303,0,9,0
1,11,304,0,0,0
1,11,305,0,15,0
1,11,306,0,0,0
1,11,307,0,9,0
1,11,308,0,9,0
1,11,309,0,9,0
1,11,310,0,0,0
1,11,311,0,15,0
1,11,312,0,0,0
1,11,313,0,9,0
1,11,314,0,9,0
1,11,315,0,9,0
1,11,316,0,0,0
1,11,317,0,15,0
1,11,318,0,0,0
1,11,319,0,9,0
1,11,320,0,9,0
1,11,321,0,9,0
1,11,322,0,0,0
1,11,323,0,15,0
1,11,324,0,0,0
1,11,325,0,9,0
1,11,326,0,9,0
1,11,327,0,9,0
1,12,13,9,17,0
1,12,14,9,17,0
1,12,15,9,0,0
1,12,16,9,9,0
1,12,17,9,0,0
1,12,18,9,9,0
1,12,19,9,9,0
1,12,20,9,16,0
1,12,21,9,8,0
1,12,22,9,0,0
1,12,23,9,9,0
1,12,24,9,16,0
1,12,25,9,8,0
1,12,26,9,0,0
1,12,27,9,9,0
1,12,28,9,16,0
1,12,29,9,8,0
1,12,30,9,0,0
1,12,31,9,9,0
1,12,32,9,0,0
1,12,33,9,9,0
1,12,34,9,17,0
1,12,35,9,0,0
1,12,36,9,9,0
1,12,37,9,9,0
1,12,38,9,16,0
1,12,39,9,8,0
1,12,40,9,0,0
1,12,41,9,9,0
1,12,42,9,16,0
1,12,43,9,8,0
1,12,44,9,0,0
1,12,45,9,9,0
1,12,46,9,11,0
1,12,47,9,8,0
1,12,48,9,0,0
1,12,49,9,9,0
1,12,50,9,17,0
1,12,51,9,0,0
1,12,52,9,9,0
1,12,53,9,0,0
1,12,54,9,9,0
1,12,55,9,17,0
1,12,56,9,0,0
1,12,57,9,9,0
1,12,58,9,9,0
1,12,59,9,16,0
1,12,60,9,8,0
1,12,61,9,0,0
1,12,62,9,9,0
1,12,63,9,16,0
1,12,64,9,8,0
1,12,65,9,0,0
1,12,66,9,9,0
1,12,67,9,11,0
1,12,68,9,8,0
1,12,69,9,0,0
1,12,70,9,9,0
1,12,71,9,17,0
1,12,72,9,0,0
1,12,73,9,9,0
1,12,74,9,0,0
1,12,75,9,9,0
1,12,76,9,17,0
1,12,77,9,0,0
1,12,78,9,9,0
1,12,79,9,9,0
1,12,80,9,16,0
1,12,81,9,8,0
1,12,82,9,0,0
1,12,83,9,9,0
1,12,84,9,16,0
1,12,85,9,8,0
1,12,86,9,0,0
1,12,87,9,9,0
1,12,88,9,11,0
1,12,89,9,8,0
1,12,90,9,0,0
1,12,91,9,9,0
1,12,92,9,17,0
1,12,93,9,0,0
1,12,94,9,9,0
1,12,95,9,0,0
1,12,96,9,9,0
1,12,97,9,17,0
1,12,98,9,0,0
1,12,99,9,9,0
1,12,100,9,9,0
1,12,101,9,16,0
1,12,102,9,8,0
1,12,103,9,0,0
1,12,104,9,9,0
1,12,105,9,16,0
1,12,106,9,8,0
1,12,107,9,0,0
1,12,108,9,9,0
1,12,109,9,11,0
1,12,110,9,8,0
1,12,111,9,0,0
1,12,112,9,9,0
1,12,113,9,17,0
1,12,114,9,0,0
1,12,115,9,9,0
1,12,116,9,0,0
1,12,117,9,9,0
1,12,118,9,17,0
1,12,119,9,0,0
1,12,120,9,9,0
1,12,121,9,9,0
1,12,122,9,16,0
1,12,123,9,8,0
1,12,124,9,0,0
1,12,125,9,9,0
1,12,126,9,16,0
1,12,127,9,8,0
1,12,128,9,0,0
1,12,129,9,9,0
1,12,130,9,11,0
1,12,131,9,8,0
1,12,132,9,0,0
1,12,133,9,9,0
1,12,134,9,17,0
1,12,135,9,0,0
1,12,136,9,9,0
1,12,137,9,0,0
1,12,138,9,9,0
1,12,139,9,17,0
1,12,140,9,0,0
1,12,141,9,9,0
1,12,142,9,9,0
1,12,143,9,16,0
1,12,144,9,8,0
1,12,145,9,0,0
1,12,146,9,9,0
1,12,147,9,16,0
1,12,148,9,8,0
1,12,149,9,0,0
1,12,150,9,9,0
1,12,151,9,11,0
1,12,152,9,8,0
1,12,153,9,0,0
1,12,154,9,9,0
1,12,155,9,17,0
1,12,156,9,0,0
1,12,157,9,9,0
1,12,158,9,0,0
1,12,159,9,9,0
1,12,160,9,17,0
1,12,161,9,0,0
1,12,162,9,9,0
1,12,163,9,9,0
1,12,164,9,16,0
1,12,165,9,8,0
1,12,166,9,0,0
1,12,167,9,9,0
1,12,168,9,16,0
1,12,169,9,8,0
1,12,170,9,0,0
1,12,171,9,9,0
1,12,172,9,11,0
1,12,173,9,8,0
1,12,174,9,0,0
1,12,175,9,9,0
1,12,176,9,17,0
1,12,177,9,0,0
1,12,178,9,9,0
1,12,179,9,0,0
1,12,180,9,9,0
1,12,181,9,17,0
1,12,182,9,0,0
1,12,183,9,9,0
1,12,184,9,9,0
1,12,185,9,16,0
1,12,186,9,8,0
1,12,187,9,0,0
1,12,188,9,9,0
1,12,189,9,16,0
1,12,190,9,8,0
1,12,191,9,0,0
1,12,192,9,9,0
1,12,193,9,11,0
1,12,194,9,8,0
1,12,195,9,0,0
1,12,196,9,9,0
1,12,197,9,17,0
1,12,198,9,0,0
1,12,199,9,9,0
1,12,200,9,0,0
1,12,201,9,9,0
1,12,202,9,17,0
1,12,203,9,0,0
1,12,204,9,9,0
1,12,205,9,9,0
1,12,206,9,16,0
1,12,207,9,8,0
1,12,208,9,0,0
1,12,209,9,9,0
1,12,210,9,16,0
1,12,211,9,8,0
1,12,212,9,0,0
1,12,213,9,9,0
1,12,214,9,11,0
1,12,215,9,8,0
1,12,216,9,0,0
1,12,217,9,9,0
1,12,218,9,17,0
1,12,219,9,0,0
1,12,220,9,9,0
1,12,221,9,0,0
1,12,222,9,9,0
1,12,223,9,17,0
1,12,224,9,0,0
1,12,225,9,9,0
1,12,226,9,9,0
1,12,227,9,16,0
1,12,228,9,8,0
1,12,229,9,0,0
1,12,230,9,9,0
1,12,231,9,16,0
1,12,232,9,8,0
1,12,233,9,0,0
1,12,234,9,9,0
1,12,235,9,11,0
1,12,236,9,8,0
1,12,237,9,0,0
1,12,238,9,9,0
1,12,239,9,17,0
1,12,240,9,0,0
1,12,241,9,9,0
1,12,242,9,0,0
1,12,243,9,9,0
1,12,244,9,17,0
1,12,245,9,0,0
1,12,246,9,9,0
1,12,247,9,9,0
1,12,248,9,16,0
1,12,249,9,8,0
1,12,250,9,0,0
1,12,251,9,9,0
1,12,252,9,16,0
1,12,253,9,8,0
1,12,254,9,0,0
1,12,255,9,9,0
1,12,256,9,11,0
1,12,257,9,8,0
1,12,258,9,0,0
1,12,259,9,9,0
1,12,260,9,16,0
1,12,261,9,8,0
1,12,262,9,0,0
1,12,263,9,15,0
1,12,264,9,0,0
1,12,265,9,9,0
1,12,266,9,9,0
1,12,267,9,9,0
1,12,268,9,0,0
1,12,269,9,15,0
1,12,270,9,0,0
1,12,271,9,9,0
1,12,272,9,9,0
1,12,273,9,9,0
1,12,274,9,0,0
1,12,275,9,15,0
1,12,276,9,0,0
1,12,277,9,9,0
1,12,278,9,9,0
1,12,279,9,9,0
1,12,280,9,0,0
1,12,281,9,15,0
1,12,282,9,0,0
1,12,283,9,9,0
1,12,284,9,9,0
1,12,285,9,9,0
1,12,286,9,0,0
1,12,287,9,15,0
1,12,288,9,0,0
1,12,289,9,9,0
1,12,290,9,9,0
1,12,291,9,9,0
1,12,292,9,0,0
1,12,293,9,15,0
1,12,294,9,0,0
1,12,295,9,9,0
1,12,296,9,9,0
1,12,297,9,9,0
1,12,298,9,0,0
1,12,299,9,15,0
1,12,300,9,0,0
1,12,301,9,9,0
1,12,302,9,9,0
1,12,303,9,9,0
1,12,304,9,0,0
1,12,305,9,15,0
1,12,306,9,0,0
1,12,307,9,9,0
1,12,308,9,9,0
1,12,309,9,9,0
1,12,310,9,0,0
1,12,311,9,15,0
1,12,312,9,0,0
1,12,313,9,9,0
1,12,314,9,9,0
1,12,315,9,9,0
1,12,316,9,0,0
1,12,317,9,15,0
1,12,318,9,0,0
1,12,319,9,9,0
1,12,320,9,9,0
1,12,321,9,9,0
1,12,322,9,0,0
1,12,323,9,15,0
1,12,324,9,0,0
1,12,325,9,9,0
1,12,326,9,9,0
1,12,327,9,9,0
1,13,14,17,17,0
1,13,15,17,0,0
1,13,16,17,9,0
1,13,17,17,0,0
1,13,18,17,9,0
1,13,19,17,9,0
1,13,20,17,16,0
1,13,21,17,8,0
1,13,22,17,0,0
1,13,23,17,9,0
1,13,24,17,16,0
1,13,25,17,8,0
1,13,26,17,0,0
1,13,27,17,9,0
1,13,28,17,16,0
1,13,29,17,8,0
1,13,30,17,0,1
1,13,31,17,9,0
1,13,32,17,0,0
1,13,33,17,9,0
1,13,34,17,17,0
1,13,35,17,0,0
1,13,36,17,9,0
1,13,37,17,9,0
1,13,38,17,16,0
1,13,39,17,8,0
1,13,40,17,0,0
1,13,41,17,9,0
1,13,42,17,16,0
1,13,43,17,8,0
1,13,44,17,0,0
1,13,45,17,9,0
1,13,46,17,11,0
1,13,47,17,8,0
1,13,48,17,0,0
1,13,49,17,9,0
1,13,50,17,17,0
1,13,51,17,0,0
1,13,52,17,9,0
1,13,53,17,0,0
1,13,54,17,9,0
1,13,55,17,17,0
1,13,56,17,0,0
1,13,57,17,9,0
1,13,58,17,9,0
1,13,59,17,16,0
1,13,60,17,8,0
1,13,61,17,0,0
1,13,62,17,9,0
1,13,63,17,16,0
1,13,64,17,8,0
1,13,65,17,0,0
1,13,66,17,9,0
1,13,67,17,11,0
1,13,68,17,8,0
1,13,69,17,0,0
1,13,70,17,9,0
1,13,71,17,17,0
1,13,72,17,0,0
1,13,73,17,9,0
1,13,74,17,0,0
1,13,75,17,9,0
1,13,76,17,17,0
1,13,77,17,0,0
1,13,78,17,9,0
1,13,79,17,9,0
1,13,80,17,16,0
1,13,81,17,8,0
1,13,82,17,0,0
1,13,83,17,9,0
1,13,84,17,16,0
1,13,85,17,8,0
1,13,86,17,0,0
1,13,87,17,9,0
1,13,88,17,11,0
1,13,89,17,8,0
1,13,90,17,0,0
1,13,91,17,9,0
1,13,92,17,17,0
1,13,93,17,0,0
1,13,94,17,9,0
1,13,95,17,0,0
1,13,96,17,9,0
1,13,97,17,17,0
1,13,98,17,0,0
1,13,99,17,9,0
1,13,100,17,9,0
1,13,101,17,16,0
1,13,102,17,8,0
1,13,103,17,0,0
1,13,104,17,9,0
1,13,105,17,16,0
1,13,106,17,8,0
1,13,107,17,0,0
1,13,108,17,9,0
1,13,109,17,11,0
1,13,110,17,8,0
1,13,111,17,0,0
1,13,112,17,9,0
1,13,113,17,17,0
1,13,114,17,0,0
1,13,115,17,9,0
1,13,116,17,0,0
1,13,117,17,9,0
1,13,118,17,17,0
1,13,119,17,0,0
1,13,120,17,9,0
1,13,121,17,9,0
1,13,122,17,16,0
1,13,123,17,8,0
1,13,124,17,0,0
1,13,125,17,9,0
1,13,126,17,16,0
1,13,127,17,8,0
1,13,128,17,0,0
1,13,129,17,9,0
1,13,130,17,11,0
1,13,131,17,8,0
1,13,132,17,0,0
1,13,133,17,9,0
1,13,134,17,17,0
1,13,135,17,0,0
1,13,136,17,9,0
1,13,137,17,0,0
1,13,138,17,9,0
1,13,139,17,17,0
1,13,140,17,0,0
1,13,141,17,9,0
1,13,142,17,9,0
1,13,143,17,16,0
1,13,144,17,8,0
1,13,145,17,0,0
1,13,146,17,9,0
1,13,147,17,16,0
1,13,148,17,8,0
1,13,149,17,0,0
1,13,150,17,9,0
1,13,151,17,11,0
1,13,152,17,8,0
1,13,153,17,0,0
1,13,154,17,9,0
1,13,155,17,17,0
1,13,156,17,0,0
1,13,157,17,9,0
1,13,158,17,0,0
1,13,159,17,9,0
1,13,160,17,17,0
1,13,161,17,0,0
1,13,162,17,9,0
1,13,163,17,9,0
1,13,164,17,16,0
1,13,165,17,8,0
1,13,166,17,0,0
1,13,167,17,9,0
1,13,168,17,16,0
1,13,169,17,8,0
1,13,170,17,0,0
1,13,171,17,9,0
1,13,172,17,11,0
1,13,173,17,8,0
1,13,174,17,0,0
1,13,175,17,9,0
1,13,176,17,17,0
1,13,177,17,0,0
1,13,178,17,9,0
1,13,179,17,0,0
1,13,180,17,9,0
1,13,181,17,17,0
1,13,182,17,0,0
1,13,183,17,9,0
1,13,184,17,9,0
1,13,185,17,16,0
1,13,186,17,8,0
1,13,187,17,0,0
1,13,188,17,9,0
1,13,189,17,16,0
1,13,190,17,8,0
1,13,191,17,0,0
1,13,192,17,9,0
1,13,193,17,11,0
1,13,194,17,8,0
1,13,195,17,0,0
1,13,196,17,9,0
1,13,197,17,17,0
1,13,198,17,0,0
1,13,199,17,9,0
1,13,200,17,0,0
1,13,201,17,9,0
1,13,202,17,17,0
1,13,203,17,0,0
1,13,204,17,9,0
1,13,205,17,9,0
1,13,206,17,16,0
1,13,207,17,8,0
1,13,208,17,0,0
1,13,209,17,9,0
1,13,210,17,16,0
1,13,211,17,8,0
1,13,212,17,0,0
1,13,213,17,9,0
1,13,214,17,11,0
1,13,215,17,8,0
1,13,216,17,0,0
1,13,217,17,9,0
1,13,218,17,17,0
1,13,219,17,0,0
1,13,220,17,9,0
1,13,221,17,0,0
1,13,222,17,9,0
1,13,223,17,17,0
1,13,224,17,0,0
1,13,225,17,9,0
1,13,226,17,9,0
1,13,227,17,16,0
1,13,228,17,8,0
1,13,229,17,0,0
1,13,230,17,9,0
1,13,231,17,16,0
1,13,232,17,8,0
1,13,233,17,0,0
1,13,234,17,9,0
1,13,235,17,11,0
1,13,236,17,8,0
1,13,237,17,0,0
1,13,238,17,9,0
1,13,239,17,17,0
1,13,240,17,0,0
1,13,241,17,9,0
1,13,242,17,0,0
1,13,243,17,9,0
1,13,244,17,17,0
1,13,245,17,0,0
1,13,246,17,9,0
1,13,247,17,9,0
1,13,248,17,16,0
1,13,249,17,8,0
1,13,250,17,0,0
1,13,251,17,9,0
1,13,252,17,16,0
1,13,253,17,8,0
1,13,254,17,0,0
1,13,255,17,9,0
1,13,256,17,11,0
1,13,257,17,8,0
1,13,258,17,0,0
1,13,259,17,9,0
1,13,260,17,16,0
1,13,261,17,8,0
1,13,262,17,0,0
1,13,263,17,15,0
1,13,264,17,0,0
1,13,265,17,9,0
1,13,266,17,9,0
1,13,267,17,9,0
1,13,268,17,0,0
1,13,269,17,15,0
1,13,270,17,0,0
1,13,271,17,9,0
1,13,272,17,9,0
1,13,273,17,9,0
1,13,274,17,0,0
1,13,275,17,15,0
1,13,276,17,0,0
1,13,277,17,9,0
1,13,278,17,9,0
1,13,279,17,9,0
1,13,280,17,0,0
1,13,281,17,15,0
1,13,282,17,0,0
1,13,283,17,9,0
1,13,284,17,9,0
1,13,285,17,9,0
1,13,286,17,0,0
1,13,287,17,15,0
1,13,288,17,0,0
1,13,289,17,9,0
1,13,290,17,9,0
1,13,291,17,9,0
1,13,292,17,0,0
1,13,293,17,15,0
1,13,294,17,0,0
1,13,295,17,9,0
1,13,296,17,9,0
1,13,297,17,9,0
1,13,298,17,0,0
1,13,299,17,15,0
1,13,300,17,0,0
1,13,301,17,9,0
1,13,302,17,9,0
1,13,303,17,9,0
1,13,304,17,0,0
1,13,305,17,15,0
1,13,306,17,0,0
1,13,307,17,9,0
1,13,308,17,9,0
1,13,309,17,9,0
1,13,310,17,0,0
1,13,311,17,15,0
1,13,312,17,0,0
1,13,313,17,9,0
1,13,314,17,9,0
1,13,315,17,9,0
1,13,316,17,0,0
1,13,317,17,15,0
1,13,318,17,0,0
1,13,319,17,9,0
1,13,320,17,9,0
1,13,321,17,9,0
1,13,322,17,0,0
1,13,323,17,15,0
1,13,324,17,0,0
1,13,325,17,9,0
1,13,326,17,9,0
1,13,327,17,9,0
1,14,15,17,0,1
1,14,16,17,9,0
1,14,17,17,0,0
1,14,18,17,9,0
1,14,19,17,9,0
1,14,20,17,16,0
1,14,21,17,8,0
1,14,22,17,0,0
1,14,23,17,9,0
1,14,24,17,16,0
1,14,25,17,8,0
1,14,26,17,0,0
1,14,27,17,9,0
1,14,28,17,16,0
1,14,29,17,8,0
1,14,30,17,0,0
1,14,31,17,9,0
1,14,32,17,0,0
1,14,33,17,9,0
1,14,34,17,17,0
1,14,35,17,0,0
1,14,36,17,9,0
1,14,37,17,9,0
1,14,38,17,16,0
1,14,39,17,8,0
1,14,40,17,0,0
1,14,41,17,9,0
1,14,42,17,16,0
1,14,43,17,8,0
1,14,44,17,0,0
1,14,45,17,9,0
1,14,46,17,11,0
1,14,47,17,8,0
1,14,48,17,0,0
1,14,49,17,9,0
1,14,50,17,17,0
1,14,51,17,0,0
1,14,52,17,9,0
1,14,53,17,0,0
1,14,54,17,9,0
1,14,55,17,17,0
1,14,56,17,0,0
1,14,57,17,9,0
1,14,58,17,9,0
1,14,59,17,16,0
1,14,60,17,8,0
1,14,61,17,0,0
1,14,62,17,9,0
1,14,63,17,16,0
1,14,64,17,8,0
1,14,65,17,0,0
1,14,66,17,9,0
1,14,67,17,11,0
1,14,68,17,8,0
1,14,69,17,0,0
1,14,70,17,9,0
1,14,71,17,17,0
1,14,72,17,0,0
1,14,73,17,9,0
1,14,74,17,0,0
1,14,75,17,9,0
1,14,76,17,17,0
1,14,77,17,0,0
1,14,78,17,9,0
1,14,79,17,9,0
1,14,80,17,16,0
1,14,81,17,8,0
1,14,82,17,0,0
1,14,83,17,9,0
1,14,84,17,16,0
1,14,85,17,8,0
1,14,86,17,0,0
1,14,87,17,9,0
1,14,88,17,11,0
1,14,89,17,8,0
1,14,90,17,0,0
1,14,91,17,9,0
1,14,92,17,17,0
1,14,93,17,0,0
1,14,94,17,9,0
1,14,95,17,0,0
1,14,96,17,9,0
1,14,97,17,17,0
1,14,98,17,0,0
1,14,99,17,9,0
1,14,100,17,9,0
1,14,101,17,16,0
1,14,102,17,8,0
1,14,103,17,0,0
1,14,104,17,9,0
1,14,105,17,16,0
1,14,106,17,8,0
1,14,107,17,0,0
1,14,108,17,9,0
1,14,109,17,11,0
1,14,110,17,8,0
1,14,111,17,0,0
1,14,112,17,9,0
1,14,113,17,17,0
1,14,114,17,0,0
1,14,115,17,9,0
1,14,116,17,0,0
1,14,117,17,9,0
1,14,118,17,17,0
1,14,119,17,0,0
1,14,120,17,9,0
1,14,121,17,9,0
1,14,122,17,16,0
1,14,123,17,8,0
1,14,124,17,0,0
1,14,125,17,9,0
1,14,126,17,16,0
1,14,127,17,8,0
1,14,128,17,0,0
1,14,129,17,9,0
1,14,130,17,11,0
1,14,131,17,8,0
1,14,132,17,0,0
1,14,133,17,9,0
1,14,134,17,17,0
1,14,135,17,0,0
1,14,136,17,9,0
1,14,137,17,0,0
1,14,138,17,9,0
1,14,139,17,17,0
1,14,140,17,0,0
1,14,141,17,9,0
1,14,142,17,9,0
1,14,143,17,16,0
1,14,144,17,8,0
1,14,145,17,0,0
1,14,146,17,9,0
1,14,147,17,16,0
1,14,148,17,8,0
1,14,149,17,0,0
1,14,150,17,9,0
1,14,151,17,11,0
1,14,152,17,8,0
1,14,153,17,0,0
1,14,154,17,9,0
1,14,155,17,17,0
1,14,156,17,0,0
1,14,157,17,9,0
1,14,158,17,0,0
1,14,159,17,9,0
1,14,160,17,17,0
1,14,161,17,0,0
1,14,162,17,9,0
1,14,163,17,9,0
1,14,164,17,16,0
1,14,165,17,8,0
1,14,166,17,0,0
1,14,167,17,9,0
1,14,168,17,16,0
1,14,169,17,8,0
1,14,170,17,0,0
1,14,171,17,9,0
1,14,172,17,11,0
1,14,173,17,8,0
1,14,174,17,0,0
1,14,175,17,9,0
1,14,176,17,17,0
1,14,177,17,0,0
1,14,178,17,9,0
1,14,179,17,0,0
1,14,180,17,9,0
1,14,181,17,17,0
1,14,182,17,0,0
1,14,183,17,9,0
1,14,184,17,9,0
1,14,185,17,16,0
1,14,186,17,8,0
1,14,187,17,0,0
1,14,188,17,9,0
1,14,189,17,16,0
1,14,190,17,8,0
1,14,191,17,0,0
1,14,192,17,9,0
1,14,193,17,11,0
1,14,194,17,8,0
1,14,195,17,0,0
1,14,196,17,9,0
1,14,197,17,17,0
1,14,198,17,0,0
1,14,199,17,9,0
1,14,200,17,0,0
1,14,201,17,9,0
1,14,202,17,17,0
1,14,203,17,0,0
1,14,204,17,9,0
1,14,205,17,9,0
1,14,206,17,16,0
1,14,207,17,8,0
1,14,208,17,0,0
1,14,209,17,9,0
1,14,210,17,16,0
1,14,211,17,8,0
1,14,212,17,0,0
1,14,213,17,9,0
1,14,214,17,11,0
1,14,215,17,8,0
1,14,216,17,0,0
1,14,217,17,9,0
1,14,218,17,17,0
1,14,219,17,0,0
1,14,220,17,9,0
1,14,221,17,0,0
1,14,222,17,9,0
1,14,223,17,17,0
1,14,224,17,0,0
1,14,225,17,9,0
1,14,226,17,9,0
1,14,227,17,16,0
1,14,228,17,8,0
1,14,229,17,0,0
1,14,230,17,9,0
1,14,231,17,16,0
1,14,232,17,8,0
1,14,233,17,0,0
1,14,234,17,9,0
1,14,235,17,11,0
1,14,236,17,8,0
1,14,237,17,0,0
1,14,238,17,9,0
1,14,239,17,17,0
1,14,240,17,0,0
1,14,241,17,9,0
1,14,242,17,0,0
1,14,243,17,9,0
1,14,244,17,17,0
1,14,245,17,0,0
1,14,246,17,9,0
1,14,247,17,9,0
1,14,248,17,16,0
1,14,249,17,8,0
1,14,250,17,0,0
1,14,251,17,9,0
1,14,252,17,16,0
1,14,253,17,8,0
1,14,254,17,0,0
1,14,255,17,9,0
1,14,256,17,11,0
1,14,257,17,8,0
1,14,258,17,0,0
1,14,259,17,9,0
1,14,260,17,16,0
1,14,261,17,8,0
1,14,262,17,0,0
1,14,263,17,15,0
1,14,264,17,0,0
1,14,265,17,9,0
1,14,266,17,9,0
1,14,267,17,9,0
1,14,268,17,0,0
1,14,269,17,15,0
1,14,270,17,0,0
1,14,271,17,9,0
1,14,272,17,9,0
1,14,273,17,9,0
1,14,274,17,0,0
1,14,275,17,15,0
1,14,276,17,0,0
1,14,277,17,9,0
1,14,278,17,9,0
1,14,279,17,9,0
1,14,280,17,0,0
1,14,281,17,15,0
1,14,282,17,0,0
1,14,283,17,9,0
1,14,284,17,9,0
1,14,285,17,9,0
1,14,286,17,0,0
1,14,287,17,15,0
1,14,288,17,0,0
1,14,289,17,9,0
1,14,290,17,9,0
1,14,291,17,9,0
1,14,292,17,0,0
1,14,293,17,15,0
1,14,294,17,0,0
1,14,295,17,9,0
1,14,296,17,9,0
1,14,297,17,9,0
1,14,298,17,0,0
1,14,299,17,15,0
1,14,300,17,0,0
1,14,301,17,9,0
1,14,302,17,9,0
1,14,303,17,9,0
1,14,304,17,0,0
1,14,305,17,15,0
1,14,306,17,0,0
1,14,307,17,9,0
1,14,308,17,9,0
1,14,309,17,9,0
1,14,310,17,0,0
1,14,311,17,15,0
1,14,312,17,0,0
1,14,313,17,9,0
1,14,314,17,9,0
1,14,315,17,9,0
1,14,316,17,0,0
1,14,317,17,15,0
1,14,318,17,0,0
1,14,319,17,9,0
1,14,320,17,9,0
1,14,321,17,9,0
1,14,322,17,0,0
1,14,323,17,15,0
1,14,324,17,0,0
1,14,325,17,9,0
1,14,326,17,9,0
1,14,327,17,9,0
1,15,16,0,9,1
1,15,17,0,0,1
1,15,18,0,9,0
1,15,19,0,9,0
1,15,20,0,16,0
1,15,21,0,8,0
1,15,22,0,0,1
1,15,23,0,9,0
1,15,24,0,16,0
1,15,25,0,8,0
1,15,26,0,0,0
1,15,27,0,9,0
1,15,28,0,16,0
1,15,29,0,8,0
1,15,30,0,0,0
1,15,31,0,9,0
1,15,32,0,0,0
1,15,33,0,9,0
1,15,34,0,17,0
1,15,35,0,0,0
1,15,36,0,9,0
1,15,37,0,9,0
1,15,38,0,16,0
1,15,39,0,8,0
1,15,40,0,0,0
1,15,41,0,9,0
1,15,42,0,16,0
1,15,43,0,8,0
1,15,44,0,0,0
1,15,45,0,9,0
1,15,46,0,11,0
1,15,47,0,8,0
1,15,48,0,0,0
1,15,49,0,9,0
1,15,50,0,17,0
1,15,51,0,0,0
1,15,52,0,9,0
1,15,53,0,0,0
1,15,54,0,9,0
1,15,55,0,17,0
1,15,56,0,0,0
1,15,57,0,9,0
1,15,58,0,9,0
1,15,59,0,16,0
1,15,60,0,8,0
1,15,61,0,0,0
1,15,62,0,9,0
1,15,63,0,16,0
1,15,64,0,8,0
1,15,65,0,0,0
1,15,66,0,9,0
1,15,67,0,11,0
1,15,68,0,8,0
1,15,69,0,0,0
1,15,70,0,9,0
1,15,71,0,17,0
1,15,72,0,0,0
1,15,73,0,9,0
1,15,74,0,0,0
1,15,75,0,9,0
1,15,76,0,17,0
1,15,77,0,0,0
1,15,78,0,9,0
1,15,79,0,9,0
1,15,80,0,16,0
1,15,81,0,8,0
1,15,82,0,0,0
1,15,83,0,9,0
1,15,84,0,16,0
1,15,85,0,8,0
1,15,86,0,0,0
1,15,87,0,9,0
1,15,88,0,11,0
1,15,89,0,8,0
1,15,90,0,0,0
1,15,91,0,9,0
1,15,92,0,17,0
1,15,93,0,0,0
1,15,94,0,9,0
1,15,95,0,0,0
1,15,96,0,9,0
1,15,97,0,17,0
1,15,98,0,0,0
1,15,99,0,9,0
1,15,100,0,9,0
1,15,101,0,16,0
1,15,102,0,8,0
1,15,103,0,0,0
1,15,104,0,9,0
1,15,105,0,16,0
1,15,106,0,8,0
1,15,107,0,0,0
1,15,108,0,9,0
1,15,109,0,11,0
1,15,110,0,8,0
1,15,111,0,0,0
1,15,112,0,9,0
1,15,113,0,17,0
1,15,114,0,0,0
1,15,115,0,9,0
1,15,116,0,0,0
1,15,117,0,9,0
1,15,118,0,17,0
1,15,119,0,0,0
1,15,120,0,9,0
1,15,121,0,9,0
1,15,122,0,16,0
1,15,123,0,8,0
1,15,124,0,0,0
1,15,125,0,9,0
1,15,126,0,16,0
1,15,127,0,8,0
1,15,128,0,0,0
1,15,129,0,9,0
1,15,130,0,11,0
1,15,131,0,8,0
1,15,132,0,0,0
1,15,133,0,9,0
1,15,134,0,17,0
1,15,135,0,0,0
1,15,136,0,9,0
1,15,137,0,0,0
1,15,138,0,9,0
1,15,139,0,17,0
1,15,140,0,0,0
1,15,141,0,9,0
1,15,142,0,9,0
1,15,143,0,16,0
1,15,144,0,8,0
1,15,145,0,0,0
1,15,146,0,9,0
1,15,147,0,16,0
1,15,148,0,8,0
1,15,149,0,0,0
1,15,150,0,9,0
1,15,151,0,11,0
1,15,152,0,8,0
1,15,153,0,0,0
1,15,154,0,9,0
1,15,155,0,17,0
1,15,156,0,0,0
1,15,157,0,9,0
1,15,158,0,0,0
1,15,159,0,9,0
1,15,160,0,17,0
1,15,161,0,0,0
1,15,162,0,9,0
1,15,163,0,9,0
1,15,164,0,16,0
1,15,165,0,8,0
1,15,166,0,0,0
1,15,167,0,9,0
1,15,168,0,16,0
1,15,169,0,8,0
1,15,170,0,0,0
1,15,171,0,9,0
1,15,172,0,11,0
1,15,173,0,8,0
1,15,174,0,0,0
1,15,175,0,9,0
1,15,176,0,17,0
1,15,177,0,0,0
1,15,178,0,9,0
1,15,179,0,0,0
1,15,180,0,9,0
1,15,181,0,17,0
1,15,182,0,0,0
1,15,183,0,9,0
1,15,184,0,9,0
1,15,185,0,16,0
1,15,186,0,8,0
1,15,187,0,0,0
1,15,188,0,9,0
1,15,189,0,16,0
1,15,190,0,8,0
1,15,191,0,0,0
1,15,192,0,9,0
1,15,193,0,11,0
1,15,194,0,8,0
1,15,195,0,0,0
1,15,196,0,9,0
1,15,197,0,17,0
1,15,198,0,0,0
1,15,199,0,9,0
1,15,200,0,0,0
1,15,201,0,9,0
1,15,202,0,17,0
1,15,203,0,0,0
1,15,204,0,9,0
1,15,205,0,9,0
1,15,206,0,16,0
1,15,207,0,8,0
1,15,208,0,0,0
1,15,209,0,9,0
1,15,210,0,16,0
1,15,211,0,8,0
1,15,212,0,0,0
1,15,213,0,9,0
1,15,214,0,11,0
1,15,215,0,8,0
1,15,216,0,0,0
1,15,217,0,9,0
1,15,218,0,17,0
1,15,219,0,0,0
1,15,220,0,9,0
1,15,221,0,0,0
1,15,222,0,9,0
1,15,223,0,17,0
1,15,224,0,0,0
1,15,225,0,9,0
1,15,226,0,9,0
1,15,227,0,16,0
1,15,228,0,8,0
1,15,229,0,0,0
1,15,230,0,9,0
1,15,231,0,16,0
1,15,232,0,8,0
1,15,233,0,0,0
1,15,234,0,9,0
1,15,235,0,11,0
1,15,236,0,8,0
1,15,237,0,0,0
1,15,238,0,9,0
1,15,239,0,17,0
1,15,240,0,0,0
1,15,241,0,9,0
1,15,242,0,0,0
1,15,243,0,9,0
1,15,244,0,17,0
1,15,245,0,0,0
1,15,246,0,9,0
1,15,247,0,9,0
1,15,248,0,16,0
1,15,249,0,8,0
1,15,250,0,0,0
1,15,251,0,9,0
1,15,252,0,16,0
1,15,253,0,8,0
1,15,254,0,0,0
1,15,255,0,9,0
1,15,256,0,11,0
1,15,257,0,8,0
1,15,258,0,0,0
1,15,259,0,9,0
1,15,260,0,16,0
1,15,261,0,8,0
1,15,262,0,0,0
1,15,263,0,15,0
1,15,264,0,0,0
1,15,265,0,9,0
1,15,266,0,9,0
1,15,267,0,9,0
1,15,268,0,0,0
1,15,269,0,15,0
1,15,270,0,0,0
1,15,271,0,9,0
1,15,272,0,9,0
1,15,273,0,9,0
1,15,274,0,0,0
1,15,275,0,15,0
1,15,276,0,0,0
1,15,277,0,9,0
1,15,278,0,9,0
1,15,279,0,9,0
1,15,280,0,0,0
1,15,281,0,15,0
1,15,282,0,0,0
1,15,283,0,9,0
1,15,284,0,9,0
1,15,285,0,9,0
1,15,286,0,0,0
1,15,287,0,15,0
1,15,288,0,0,0
1,15,289,0,9,0
1,15,290,0,9,0
1,15,291,0,9,0
1,15,292,0,0,0
1,15,293,0,15,0
1,15,294,0,0,0
1,15,295,0,9,0
1,15,296,0,9,0
1,15,297,0,9,0
1,15,298,0,0,0
1,15,299,0,15,0
1,15,300,0,0,0
1,15,301,0,9,0
1,15,302,0,9,0
1,15,303,0,9,0
1,15,304,0,0,0
1,15,305,0,15,0
1,15,306,0,0,0
1,15,307,0,9,0
1,15,308,0,9,0
1,15,309,0,9,0
1,15,310,0,0,0
1,15,311,0,15,0
1,15,312,0,0,0
1,15,313,0,9,0
1,15,314,0,9,0
1,15,315,0,9,0
1,15,316,0,0,0
1,15,317,0,15,0
1,15,318,0,0,0
1,15,319,0,9,0
1,15,320,0,9,0
1,15,321,0,9,0
1,15,322,0,0,0
1,15,323,0,15,0
1,15,324,0,0,0
1,15,325,0,9,0
1,15,326,0,9,0
1,15,327,0,9,0
1,16,17,9,0,0
1,16,18,9,9,0
1,16,19,9,9,0
1,16,20,9,16,0
1,16,21,9,8,0
1,16,22,9,0,0
1,16,23,9,9,0
1,16,24,9,16,0
1,16,25,9,8,0
1,16,26,9,0,0
1,16,27,9,9,0
1,16,28,9,16,0
1,16,29,9,8,0
1,16,30,9,0,0
1,16,31,9,9,0
1,16,32,9,0,0
1,16,33,9,9,0
1,16,34,9,17,0
1,16,35,9,0,0
1,16,36,9,9,0
1,16,37,9,9,0
1,16,38,9,16,0
1,16,39,9,8,0
1,16,40,9,0,0
1,16,41,9,9,0
1,16,42,9,16,0
1,16,43,9,8,0
1,16,44,9,0,0
1,16,45,9,9,0
1,16,46,9,11,0
1,16,47,9,8,0
1,16,48,9,0,0
1,16,49,9,9,0
1,16,50,9,17,0
1,16,51,9,0,0
1,16,52,9,9,0
1,16,53,9,0,0
1,16,54,9,9,0
1,16,55,9,17,0
1,16,56,9,0,0
1,16,57,9,9,0
1,16,58,9,9,0
1,16,59,9,16,0
1,16,60,9,8,0
1,16,61,9,0,0
1,16,62,9,9,0
1,16,63,9,16,0
1,16,64,9,8,0
1,16,65,9,0,0
1,16,66,9,9,0
1,16,67,9,11,0
1,16,68,9,8,0
1,16,69,9,0,0
1,16,70,9,9,0
1,16,71,9,17,0
1,16,72,9,0,0
1,16,73,9,9,0
1,16,74,9,0,0
1,16,75,9,9,0
1,16,76,9,17,0
1,16,77,9,0,0
1,16,78,9,9,0
1,16,79,9,9,0
1,16,80,9,16,0
1,16,81,9,8,0
1,16,82,9,0,0
1,16,83,9,9,0
1,16,84,9,16,0
1,16,85,9,8,0
1,16,86,9,0,0
1,16,87,9,9,0
1,16,88,9,11,0
1,16,89,9,8,0
1,16,90,9,0,0
1,16,91,9,9,0
1,16,92,9,17,0
1,16,93,9,0,0
1,16,94,9,9,0
1,16,95,9,0,0
1,16,96,9,9,0
1,16,97,9,17,0
1,16,98,9,0,0
1,16,99,9,9,0
1,16,100,9,9,0
1,16,101,9,16,0
1,16,102,9,8,0
1,16,103,9,0,0
1,16,104,9,9,0
1,16,105,9,16,0
1,16,106,9,8,0
1,16,107,9,0,0
1,16,108,9,9,0
1,16,109,9,11,0
1,16,110,9,8,0
1,16,111,9,0,0
1,16,112,9,9,0
1,16,113,9,17,0
1,16,114,9,0,0
1,16,115,9,9,0
1,16,116,9,0,0
1,16,117,9,9,0
1,16,118,9,17,0
1,16,119,9,0,0
1,16,120,9,9,0
1,16,121,9,9,0
1,16,122,9,16,0
1,16,123,9,8,0
1,16,124,9,0,0
1,16,125,9,9,0
1,16,126,9,16,0
1,16,127,9,8,0
1,16,128,9,0,0
1,16,129,9,9,0
1,16,130,9,11,0
1,16,131,9,8,0
1,16,132,9,0,0
1,16,133,9,9,0
1,16,134,9,17,0
1,16,135,9,0,0
1,16,136,9,9,0
1,16,137,9,0,0
1,16,138,9,9,0
1,16,139,9,17,0
1,16,140,9,0,0
1,16,141,9,9,0
1,16,142,9,9,0
1,16,143,9,16,0
1,16,144,9,8,0
1,16,145,9,0,0
1,16,146,9,9,0
1,16,147,9,16,0
1,16,148,9,8,0
1,16,149,9,0,0
1,16,150,9,9,0
1,16,151,9,11,0
1,16,152,9,8,0
1,16,153,9,0,0
1,16,154,9,9,0
1,16,155,9,17,0
1,16,156,9,0,0
1,16,157,9,9,0
1,16,158,9,0,0
1,16,159,9,9,0
1,16,160,9,17,0
1,16,161,9,0,0
1,16,162,9,9,0
1,16,163,9,9,0
1,16,164,9,16,0
1,16,165,9,8,0
1,16,166,9,0,0
1,16,167,9,9,0
1,16,168,9,16,0
1,16,169,9,8,0
1,16,170,9,0,0
1,16,171,9,9,0
1,16,172,9,11,0
1,16,173,9,8,0
1,16,174,9,0,0
1,16,175,9,9,0
1,16,176,9,17,0
1,16,177,9,0,0
1,16,178,9,9,0
1,16,179,9,0,0
1,16,180,9,9,0
1,16,181,9,17,0
1,16,182,9,0,0
1,16,183,9,9,0
1,16,184,9,9,0
1,16,185,9,16,0
1,16,186,9,8,0
1,16,187,9,0,0
1,16,188,9,9,0
1,16,189,9,16,0
1,16,190,9,8,0
1,16,191,9,0,0
1,16,192,9,9,0
1,16,193,9,11,0
1,16,194,9,8,0
1,16,195,9,0,0
1,16,196,9,9,0
1,16,197,9,17,0
1,16,198,9,0,0
1,16,199,9,9,0
1,16,200,9,0,0
1,16,201,9,9,0
1,16,202,9,17,0
1,16,203,9,0,0
1,16,204,9,9,0
1,16,205,9,9,0
1,16,206,9,16,0
1,16,207,9,8,0
1,16,208,9,0,0
1,16,209,9,9,0
1,16,210,9,16,0
1,16,211,9,8,0
1,16,212,9,0,0
1,16,213,9,9,0
1,16,214,9,11,0
1,16,215,9,8,0
1,16,216,9,0,0
1,16,217,9,9,0
1,16,218,9,17,0
1,16,219,9,0,0
1,16,220,9,9,0
1,16,221,9,0,0
1,16,222,9,9,0
1,16,223,9,17,0
1,16,224,9,0,0
1,16,225,9,9,0
1,16,226,9,9,0
1,16,227,9,16,0
1,16,228,9,8,0
1,16,229,9,0,0
1,16,230,9,9,0
1,16,231,9,16,0
1,16,232,9,8,0
1,16,233,9,0,0
1,16,234,9,9,0
1,16,235,9,11,0
1,16,236,9,8,0
1,16,237,9,0,0
1,16,238,9,9,0
1,16,239,9,17,0
1,16,240,9,0,0
1,16,241,9,9,0
1,16,242,9,0,0
1,16,243,9,9,0
1,16,244,9,17,0
1,16,245,9,0,0
1,16,246,9,9,0
1,16,247,9,9,0
1,16,248,9,16,0
1,16,249,9,8,0
1,16,250,9,0,0
1,16,251,9,9,0
1,16,252,9,16,0
1,16,253,9,8,0
1,16,254,9,0,0
1,16,255,9,9,0
1,16,256,9,11,0
1,16,257,9,8,0
1,16,258,9,0,0
1,16,259,9,9,0
1,16,260,9,16,0
1,16,261,9,8,0
1,16,262,9,0,0
1,16,263,9,15,0
1,16,264,9,0,0
1,16,265,9,9,0
1,16,266,9,9,0
1,16,267,9,9,0
1,16,268,9,0,0
1,16,269,9,15,0
1,16,270,9,0,0
1,16,271,9,9,0
1,16,272,9,9,0
1,16,273,9,9,0
1,16,274,9,0,0
1,16,275,9,15,0
1,16,276,9,0,0
1,16,277,9,9,0
1,16,278,9,9,0
1,16,279,9,9,0
1,16,280,9,0,0
1,16,281,9,15,0
1,16,282,9,0,0
1,16,283,9,9,0
1,16,284,9,9,0
1,16,285,9,9,0
1,16,286,9,0,0
1,16,287,9,15,0
1,16,288,9,0,0
1,16,289,9,9,0
1,16,290,9,9,0
1,16,291,9,9,0
1,16,292,9,0,0
1,16,293,9,15,0
1,16,294,9,0,0
1,16,295,9,9,0
1,16,296,9,9,0
1,16,297,9,9,0
1,16,298,9,0,0
1,16,299,9,15,0
1,16,300,9,0,0
1,16,301,9,9,0
1,16,302,9,9,0
1,16,303,9,9,0
1,16,304,9,0,0
1,16,305,9,15,0
1,16,306,9,0,0
1,16,307,9,9,0
1,16,308,9,9,0
1,16,309,9,9,0
1,16,310,9,0,0
1,16,311,9,15,0
1,16,312,9,0,0
1,16,313,9,9,0
1,16,314,9,9,0
1,16,315,9,9,0
1,16,316,9,0,0
1,16,317,9,15,0
1,16,318,9,0,0
1,16,319,9,9,0
1,16,320,9,9,0
1,16,321,9,9,0
1,16,322,9,0,0
1,16,323,9,15,0
1,16,324,9,0,0
1,16,325,9,9,0
1,16,326,9,9,0
1,16,327,9,9,0
1,17,18,0,9,1
1,17,19,0,9,1
1,17,20,0,16,1
1,17,21,0,8,0
1,17,22,0,0,0
1,17,23,0,9,0
1,17,24,0,16,0
1,17,25,0,8,0
1,17,26,0,0,0
1,17,27,0,9,0
1,17,28,0,16,0
1,17,29,0,8,0
1,17,30,0,0,0
1,17,31,0,9,0
1,17,32,0,0,0
1,17,33,0,9,0
1,17,34,0,17,0
1,17,35,0,0,0
1,17,36,0,9,0
1,17,37,0,9,0
1,17,38,0,16,0
1,17,39,0,8,0
1,17,40,0,0,0
1,17,41,0,9,0
1,17,42,0,16,0
1,17,43,0,8,0
1,17,44,0,0,0
1,17,45,0,9,0
1,17,46,0,11,0
1,17,47,0,8,0
1,17,48,0,0,0
1,17,49,0,9,0
1,17,50,0,17,0
1,17,51,0,0,0
1,17,52,0,9,0
1,17,53,0,0,0
1,17,54,0,9,0
1,17,55,0,17,0
1,17,56,0,0,0
1,17,57,0,9,0
1,17,58,0,9,0
1,17,59,0,16,0
1,17,60,0,8,0
1,17,61,0,0,0
1,17,62,0,9,0
1,17,63,0,16,0
1,17,64,0,8,0
1,17,65,0,0,0
1,17,66,0,9,0
1,17,67,0,11,0
1,17,68,0,8,0
1,17,69,0,0,0
1,17,70,0,9,0
1,17,71,0,17,0
1,17,72,0,0,0
1,17,73,0,9,0
1,17,74,0,0,0
1,17,75,0,9,0
1,17,76,0,17,0
1,17,77,0,0,0
1,17,78,0,9,0
1,17,79,0,9,0
1,17,80,0,16,0
1,17,81,0,8,0
1,17,82,0,0,0
1,17,83,0,9,0
1,17,84,0,16,0
1,17,85,0,8,0
1,17,86,0,0,0
1,17,87,0,9,0
1,17,88,0,11,0
1,17,89,0,8,0
1,17,90,0,0,0
1,17,91,0,9,0
1,17,92,0,17,0
1,17,93,0,0,0
1,17,94,0,9,0
1,17,95,0,0,0
1,17,96,0,9,0
1,17,97,0,17,0
1,17,98,0,0,0
1,17,99,0,9,0
1,17,100,0,9,0
1,17,101,0,16,0
1,17,102,0,8,0
1,17,103,0,0,0
1,17,104,0,9,0
1,17,105,0,16,0
1,17,106,0,8,0
1,17,107,0,0,0
1,17,108,0,9,0
1,17,109,0,11,0
1,17,110,0,8,0
1,17,111,0,0,0
1,17,112,0,9,0
1,17,113,0,17,0
1,17,114,0,0,0
1,17,115,0,9,0
1,17,116,0,0,0
1,17,117,0,9,0
1,17,118,0,17,0
1,17,119,0,0,0
1,17,120,0,9,0
1,17,121,0,9,0
1,17,122,0,16,0
1,17,123,0,8,0
1,17,124,0,0,0
1,17,125,0,9,0
1,17,126,0,16,0
1,17,127,0,8,0
1,17,128,0,0,0
1,17,129,0,9,0
1,17,130,0,11,0
1,17,131,0,8,0
1,17,132,0,0,0
1,17,133,0,9,0
1,17,134,0,17,0
1,17,135,0,0,0
1,17,136,0,9,0
1,17,137,0,0,0
1,17,138,0,9,0
1,17,139,0,17,0
1,17,140,0,0,0
1,17,141,0,9,0
1,17,142,0,9,0
1,17,143,0,16,0
1,17,144,0,8,0
1,17,145,0,0,0
1,17,146,0,9,0
1,17,147,0,16,0
1,17,148,0,8,0
1,17,149,0,0,0
1,17,150,0,9,0
1,17,151,0,11,0
1,17,152,0,8,0
1,17,153,0,0,0
1,17,154,0,9,0
1,17,155,0,17,0
1,17,156,0,0,0
1,17,157,0,9,0
1,17,158,0,0,0
1,17,159,0,9,0
1,17,160,0,17,0
1,17,161,0,0,0
1,17,162,0,9,0
1,17,163,0,9,0
1,17,164,0,16,0
1,17,165,0,8,0
1,17,166,0,0,0
1,17,167,0,9,0
1,17,168,0,16,0
1,17,169,0,8,0
1,17,170,0,0,0
1,17,171,0,9,0
1,17,172,0,11,0
1,17,173,0,8,0
1,17,174,0,0,0
1,17,175,0,9,0
1,17,176,0,17,0
1,17,177,0,0,0
1,17,178,0,9,0
1,17,179,0,0,0
1,17,180,0,9,0
1,17,181,0,17,0
1,17,182,0,0,0
1,17,183,0,9,0
1,17,184,0,9,0
1,17,185,0,16,0
1,17,186,0,8,0
1,17,187,0,0,0
1,17,188,0,9,0
1,17,189,0,16,0
1,17,190,0,8,0
1,17,191,0,0,0
1,17,192,0,9,0
1,17,193,0,11,0
1,17,194,0,8,0
1,17,195,0,0,0
1,17,196,0,9,0
1,17,197,0,17,0
1,17,198,0,0,0
1,17,199,0,9,0
1,17,200,0,0,0
1,17,201,0,9,0
1,17,202,0,17,0
1,17,203,0,0,0
1,17,204,0,9,0
1,17,205,0,9,0
1,17,206,0,16,0
1,17,207,0,8,0
1,17,208,0,0,0
1,17,209,0,9,0
1,17,210,0,16,0
1,17,211,0,8,0
1,17,212,0,0,0
1,17,213,0,9,0
1,17,214,0,11,0
1,17,215,0,8,0
1,17,216,0,0,0
1,17,217,0,9,0
1,17,218,0,17,0
1,17,219,0,0,0
1,17,220,0,9,0
1,17,221,0,0,0
1,17,222,0,9,0
1,17,223,0,17,0
1,17,224,0,0,0
1,17,225,0,9,0
1,17,226,0,9,0
1,17,227,0,16,0
1,17,228,0,8,0
1,17,229,0,0,0
1,17,230,0,9,0
1,17,231,0,16,0
1,17,232,0,8,0
1,17,233,0,0,0
1,17,234,0,9,0
1,17,235,0,11,0
1,17,236,0,8,0
1,17,237,0,0,0
1,17,238,0,9,0
1,17,239,0,17,0
1,17,240,0,0,0
1,17,241,0,9,0
1,17,242,0,0,0
1,17,243,0,9,0
1,17,244,0,17,0
1,17,245,0,0,0
1,17,246,0,9,0
1,17,247,0,9,0
1,17,248,0,16,0
1,17,249,0,8,0
1,17,250,0,0,0
1,17,251,0,9,0
1,17,252,0,16,0
1,17,253,0,8,0
1,17,254,0,0,0
1,17,255,0,9,0
1,17,256,0,11,0
1,17,257,0,8,0
1,17,258,0,0,0
1,17,259,0,9,0
1,17,260,0,16,0
1,17,261,0,8,0
1,17,262,0,0,0
1,17,263,0,15,0
1,17,264,0,0,0
1,17,265,0,9,0
1,17,266,0,9,0
1,17,267,0,9,0
1,17,268,0,0,0
1,17,269,0,15,0
1,17,270,0,0,0
1,17,271,0,9,0
1,17,272,0,9,0
1,17,273,0,9,0
1,17,274,0,0,0
1,17,275,0,15,0
1,17,276,0,0,0
1,17,277,0,9,0
1,17,278,0,9,0
1,17,279,0,9,0
1,17,280,0,0,0
1,17,281,0,15,0
1,17,282,0,0,0
1,17,283,0,9,0
1,17,284,0,9,0
1,17,285,0,9,0
1,17,286,0,0,0
1,17,287,0,15,0
1,17,288,0,0,0
1,17,289,0,9,0
1,17,290,0,9,0
1,17,291,0,9,0
1,17,292,0,0,0
1,17,293,0,15,0
1,17,294,0,0,0
1,17,295,0,9,0
1,17,296,0,9,0
1,17,297,0,9,0
1,17,298,0,0,0
1,17,299,0,15,0
1,17,300,0,0,0
1,17,301,0,9,0
1,17,302,0,9,0
1,17,303,0,9,0
1,17,304,0,0,0
1,17,305,0,15,0
1,17,306,0,0,0
1,17,307,0,9,0
1,17,308,0,9,0
1,17,309,0,9,0
1,17,310,0,0,0
1,17,311,0,15,0
1,17,312,0,0,0
1,17,313,0,9,0
1,17,314,0,9,0
1,17,315,0,9,0
1,17,316,0,0,0
1,17,317,0,15,0
1,17,318,0,0,0
1,17,319,0,9,0
1,17,320,0,9,0
1,17,321,0,9,0
1,17,322,0,0,0
1,17,323,0,15,0
1,17,324,0,0,0
1,17,325,0,9,0
1,17,326,0,9,0
1,17,327,0,9,0
1,18,19,9,9,0
1,18,20,9,16,0
1,18,21,9,8,0
1,18,22,9,0,0
1,18,23,9,9,0
1,18,24,9,16,0
1,18,25,9,8,0
1,18,26,9,0,0
1,18,27,9,9,0
1,18,28,9,16,0
1,18,29,9,8,0
1,18,30,9,0,0
1,18,31,9,9,0
1,18,32,9,0,0
1,18,33,9,9,0
1,18,34,9,17,0
1,18,35,9,0,0
1,18,36,9,9,0
1,18,37,9,9,0
1,18,38,9,16,0
1,18,39,9,8,0
1,18,40,9,0,0
1,18,41,9,9,0
1,18,42,9,16,0
1,18,43,9,8,0
1,18,44,9,0,0
1,18,45,9,9,0
1,18,46,9,11,0
1,18,47,9,8,0
1,18,48,9,0,0
1,18,49,9,9,0
1,18,50,9,17,0
1,18,51,9,0,0
1,18,52,9,9,0
1,18,53,9,0,0
1,18,54,9,9,0
1,18,55,9,17,0
1,18,56,9,0,0
1,18,57,9,9,0
1,18,58,9,9,0
1,18,59,9,16,0
1,18,60,9,8,0
1,18,61,9,0,0
1,18,62,9,9,0
1,18,63,9,16,0
1,18,64,9,8,0
1,18,65,9,0,0
1,18,66,9,9,0
1,18,67,9,11,0
1,18,68,9,8,0
1,18,69,9,0,0
1,18,70,9,9,0
1,18,71,9,17,0
1,18,72,9,0,0
1,18,73,9,9,0
1,18,74,9,0,0
1,18,75,9,9,0
1,18,76,9,17,0
1,18,77,9,0,0
1,18,78,9,9,0
1,18,79,9,9,0
1,18,80,9,16,0
1,18,81,9,8,0
1,18,82,9,0,0
1,18,83,9,9,0
1,18,84,9,16,0
1,18,85,9,8,0
1,18,86,9,0,0
1,18,87,9,9,0
1,18,88,9,11,0
1,18,89,9,8,0
1,18,90,9,0,0
1,18,91,9,9,0
1,18,92,9,17,0
1,18,93,9,0,0
1,18,94,9,9,0
1,18,95,9,0,0
1,18,96,9,9,0
1,18,97,9,17,0
1,18,98,9,0,0
1,18,99,9,9,0
1,18,100,9,9,0
1,18,101,9,16,0
1,18,102,9,8,0
1,18,103,9,0,0
1,18,104,9,9,0
1,18,105,9,16,0
1,18,106,9,8,0
1,18,107,9,0,0
1,18,108,9,9,0
1,18,109,9,11,0
1,18,110,9,8,0
1,18,111,9,0,0
1,18,112,9,9,0
1,18,113,9,17,0
1,18,114,9,0,0
1,18,115,9,9,0
1,18,116,9,0,0
1,18,117,9,9,0
1,18,118,9,17,0
1,18,119,9,0,0
1,18,120,9,9,0
1,18,121,9,9,0
1,18,122,9,16,0
1,18,123,9,8,0
1,18,124,9,0,0
1,18,125,9,9,0
1,18,126,9,16,0
1,18,127,9,8,0
1,18,128,9,0,0
1,18,129,9,9,0
1,18,130,9,11,0
1,18,131,9,8,0
1,18,132,9,0,0
1,18,133,9,9,0
1,18,134,9,17,0
1,18,135,9,0,0
1,18,136,9,9,0
1,18,137,9,0,0
1,18,138,9,9,0
1,18,139,9,17,0
1,18,140,9,0,0
1,18,141,9,9,0
1,18,142,9,9,0
1,18,143,9,16,0
1,18,144,9,8,0
1,18,145,9,0,0
1,18,146,9,9,0
1,18,147,9,16,0
1,18,148,9,8,0
1,18,149,9,0,0
1,18,150,9,9,0
1,18,151,9,11,0
1,18,152,9,8,0
1,18,153,9,0,0
1,18,154,9,9,0
1,18,155,9,17,0
1,18,156,9,0,0
1,18,157,9,9,0
1,18,158,9,0,0
1,18,159,9,9,0
1,18,160,9,17,0
1,18,161,9,0,0
1,18,162,9,9,0
1,18,163,9,9,0
1,18,164,9,16,0
1,18,165,9,8,0
1,18,166,9,0,0
1,18,167,9,9,0
1,18,168,9,16,0
1,18,169,9,8,0
1,18,170,9,0,0
1,18,171,9,9,0
1,18,172,9,11,0
1,18,173,9,8,0
1,18,174,9,0,0
1,18,175,9,9,0
1,18,176,9,17,0
1,18,177,9,0,0
1,18,178,9,9,0
1,18,179,9,0,0
1,18,180,9,9,0
1,18,181,9,17,0
1,18,182,9,0,0
1,18,183,9,9,0
1,18,184,9,9,0
1,18,185,9,16,0
1,18,186,9,8,0
1,18,187,9,0,0
1,18,188,9,9,0
1,18,189,9,16,0
1,18,190,9,8,0
1,18,191,9,0,0
1,18,192,9,9,0
1,18,193,9,11,0
1,18,194,9,8,0
1,18,195,9,0,0
1,18,196,9,9,0
1,18,197,9,17,0
1,18,198,9,0,0
1,18,199,9,9,0
1,18,200,9,0,0
1,18,201,9,9,0
1,18,202,9,17,0
1,18,203,9,0,0
1,18,204,9,9,0
1,18,205,9,9,0
1,18,206,9,16,0
1,18,207,9,8,0
1,18,208,9,0,0
1,18,209,9,9,0
1,18,210,9,16,0
1,18,211,9,8,0
1,18,212,9,0,0
1,18,213,9,9,0
1,18,214,9,11,0
1,18,215,9,8,0
1,18,216,9,0,0
1,18,217,9,9,0
1,18,218,9,17,0
1,18,219,9,0,0
1,18,220,9,9,0
1,18,221,9,0,0
1,18,222,9,9,0
1,18,223,9,17,0
1,18,224,9,0,0
1,18,225,9,9,0
1,18,226,9,9,0
1,18,227,9,16,0
1,18,228,9,8,0
1,18,229,9,0,0
1,18,230,9,9,0
1,18,231,9,16,0
1,18,232,9,8,0
1,18,233,9,0,0
1,18,234,9,9,0
1,18,235,9,11,0
1,18,236,9,8,0
1,18,237,9,0,0
1,18,238,9,9,0
1,18,239,9,17,0
1,18,240,9,0,0
1,18,241,9,9,0
1,18,242,9,0,0
1,18,243,9,9,0
1,18,244,9,17,0
1,18,245,9,0,0
1,18,246,9,9,0
1,18,247,9,9,0
1,18,248,9,16,0
1,18,249,9,8,0
1,18,250,9,0,0
1,18,251,9,9,0
1,18,252,9,16,0
1,18,253,9,8,0
1,18,254,9,0,0
1,18,255,9,9,0
1,18,256,9,11,0
1,18,257,9,8,0
1,18,258,9,0,0
1,18,259,9,9,0
1,18,260,9,16,0
1,18,261,9,8,0
1,18,262,9,0,0
1,18,263,9,15,0
1,18,264,9,0,0
1,18,265,9,9,0
1,18,266,9,9,0
1,18,267,9,9,0
1,18,268,9,0,0
1,18,269,9,15,0
1,18,270,9,0,0
1,18,271,9,9,0
1,18,272,9,9,0
1,18,273,9,9,0
1,18,274,9,0,0
1,18,275,9,15,0
1,18,276,9,0,0
1,18,277,9,9,0
1,18,278,9,9,0
1,18,279,9,9,0
1,18,280,9,0,0
1,18,281,9,15,0
1,18,282,9,0,0
1,18,283,9,9,0
1,18,284,9,9,0
1,18,285,9,9,0
1,18,286,9,0,0
1,18,287,9,15,0
1,18,288,9,0,0
1,18,289,9,9,0
1,18,290,9,9,0
1,18,291,9,9,0
1,18,292,9,0,0
1,18,293,9,15,0
1,18,294,9,0,0
1,18,295,9,9,0
1,18,296,9,9,0
1,18,297,9,9,0
1,18,298,9,0,0
1,18,299,9,15,0
1,18,300,9,0,0
1,18,301,9,9,0
1,18,302,9,9,0
1,18,303,9,9,0
1,18,304,9,0,0
1,18,305,9,15,0
1,18,306,9,0,0
1,18,307,9,9,0
1,18,308,9,9,0
1,18,309,9,9,0
1,18,310,9,0,0
1,18,311,9,15,0
1,18,312,9,0,0
1,18,313,9,9,0
1,18,314,9,9,0
1,18,315,9,9,0
1,18,316,9,0,0
1,18,317,9,15,0
1,18,318,9,0,0
1,18,319,9,9,0
1,18,320,9,9,0
1,18,321,9,9,0
1,18,322,9,0,0
1,18,323,9,15,0
1,18,324,9,0,0
1,18,325,9,9,0
1,18,326,9,9,0
1,18,327,9,9,0
1,19,20,9,16,0
1,19,21,9,8,0
1,19,22,9,0,0
1,19,23,9,9,0
1,19,24,9,16,0
1,19,25,9,8,0
1,19,26,9,0,0
1,19,27,9,9,0
1,19,28,9,16,0
1,19,29,9,8,0
1,19,30,9,0,0
1,19,31,9,9,0
1,19,32,9,0,0
1,19,33,9,9,0
1,19,34,9,17,0
1,19,35,9,0,0
1,19,36,9,9,0
1,19,37,9,9,0
1,19,38,9,16,0
1,19,39,9,8,0
1,19,40,9,0,0
1,19,41,9,9,0
1,19,42,9,16,0
1,19,43,9,8,0
1,19,44,9,0,0
1,19,45,9,9,0
1,19,46,9,11,0
1,19,47,9,8,0
1,19,48,9,0,0
1,19,49,9,9,0
1,19,50,9,17,0
1,19,51,9,0,0
1,19,52,9,9,0
1,19,53,9,0,0
1,19,54,9,9,0
1,19,55,9,17,0
1,19,56,9,0,0
1,19,57,9,9,0
1,19,58,9,9,0
1,19,59,9,16,0
1,19,60,9,8,0
1,19,61,9,0,0
1,19,62,9,9,0
1,19,63,9,16,0
1,19,64,9,8,0
1,19,65,9,0,0
1,19,66,9,9,0
1,19,67,9,11,0
1,19,68,9,8,0
1,19,69,9,0,0
1,19,70,9,9,0
1,19,71,9,17,0
1,19,72,9,0,0
1,19,73,9,9,0
1,19,74,9,0,0
1,19,75,9,9,0
1,19,76,9,17,0
1,19,77,9,0,0
1,19,78,9,9,0
1,19,79,9,9,0
1,19,80,9,16,0
1,19,81,9,8,0
1,19,82,9,0,0
1,19,83,9,9,0
1,19,84,9,16,0
1,19,85,9,8,0
1,19,86,9,0,0
1,19,87,9,9,0
1,19,88,9,11,0
1,19,89,9,8,0
1,19,90,9,0,0
1,19,91,9,9,0
1,19,92,9,17,0
1,19,93,9,0,0
1,19,94,9,9,0
1,19,95,9,0,0
1,19,96,9,9,0
1,19,97,9,17,0
1,19,98,9,0,0
1,19,99,9,9,0
1,19,100,9,9,0
1,19,101,9,16,0
1,19,102,9,8,0
1,19,103,9,0,0
1,19,104,9,9,0
1,19,105,9,16,0
1,19,106,9,8,0
1,19,107,9,0,0
1,19,108,9,9,0
1,19,109,9,11,0
1,19,110,9,8,0
1,19,111,9,0,0
1,19,112,9,9,0
1,19,113,9,17,0
1,19,114,9,0,0
1,19,115,9,9,0
1,19,116,9,0,0
1,19,117,9,9,0
1,19,118,9,17,0
1,19,119,9,0,0
1,19,120,9,9,0
1,19,121,9,9,0
1,19,122,9,16,0
1,19,123,9,8,0
1,19,124,9,0,0
1,19,125,9,9,0
1,19,126,9,16,0
1,19,127,9,8,0
1,19,128,9,0,0
1,19,129,9,9,0
1,19,130,9,11,0
1,19,131,9,8,0
1,19,132,9,0,0
1,19,133,9,9,0
1,19,134,9,17,0
1,19,135,9,0,0
1,19,136,9,9,0
1,19,137,9,0,0
1,19,138,9,9,0
1,19,139,9,17,0
1,19,140,9,0,0
1,19,141,9,9,0
1,19,142,9,9,0
1,19,143,9,16,0
1,19,144,9,8,0
1,19,145,9,0,0
1,19,146,9,9,0
1,19,147,9,16,0
1,19,148,9,8,0
1,19,149,9,0,0
1,19,150,9,9,0
1,19,151,9,11,0
1,19,152,9,8,0
1,19,153,9,0,0
1,19,154,9,9,0
1,19,155,9,17,0
1,19,156,9,0,0
1,19,157,9,9,0
1,19,158,9,0,0
1,19,159,9,9,0
1,19,160,9,17,0
1,19,161,9,0,0
1,19,162,9,9,0
1,19,163,9,9,0
1,19,164,9,16,0
1,19,165,9,8,0
1,19,166,9,0,0
1,19,167,9,9,0
1,19,168,9,16,0
1,19,169,9,8,0
1,19,170,9,0,0
1,19,171,9,9,0
1,19,172,9,11,0
1,19,173,9,8,0
1,19,174,9,0,0
1,19,175,9,9,0
1,19,176,9,17,0
1,19,177,9,0,0
1,19,178,9,9,0
1,19,179,9,0,0
1,19,180,9,9,0
1,19,181,9,17,0
1,19,182,9,0,0
1,19,183,9,9,0
1,19,184,9,9,0
1,19,185,9,16,0
1,19,186,9,8,0
1,19,187,9,0,0
1,19,188,9,9,0
1,19,189,9,16,0
1,19,190,9,8,0
1,19,191,9,0,0
1,19,192,9,9,0
1,19,193,9,11,0
1,19,194,9,8,0
1,19,195,9,0,0
1,19,196,9,9,0
1,19,197,9,17,0
1,19,198,9,0,0
1,19,199,9,9,0
1,19,200,9,0,0
1,19,201,9,9,0
1,19,202,9,17,0
1,19,203,9,0,0
1,19,204,9,9,0
1,19,205,9,9,0
1,19,206,9,16,0
1,19,207,9,8,0
1,19,208,9,0,0
1,19,209,9,9,0
1,19,210,9,16,0
1,19,211,9,8,0
1,19,212,9,0,0
1,19,213,9,9,0
1,19,214,9,11,0
1,19,215,9,8,0
1,19,216,9,0,0
1,19,217,9,9,0
1,19,218,9,17,0
1,19,219,9,0,0
1,19,220,9,9,0
1,19,221,9,0,0
1,19,222,9,9,0
1,19,223,9,17,0
1,19,224,9,0,0
1,19,225,9,9,0
1,19,226,9,9,0
1,19,227,9,16,0
1,19,228,9,8,0
1,19,229,9,0,0
1,19,230,9,9,0
1,19,231,9,16,0
1,19,232,9,8,0
1,19,233,9,0,0
1,19,234,9,9,0
1,19,235,9,11,0
1,19,236,9,8,0
1,19,237,9,0,0
1,19,238,9,9,0
1,19,239,9,17,0
1,19,240,9,0,0
1,19,241,9,9,0
1,19,242,9,0,0
1,19,243,9,9,0
1,19,244,9,17,0
1,19,245,9,0,0
1,19,246,9,9,0
1,19,247,9,9,0
1,19,248,9,16,0
1,19,249,9,8,0
1,19,250,9,0,0
1,19,251,9,9,0
1,19,252,9,16,0
1,19,253,9,8,0
1,19,254,9,0,0
1,19,255,9,9,0
1,19,256,9,11,0
1,19,257,9,8,0
1,19,258,9,0,0
1,19,259,9,9,0
1,19,260,9,16,0
1,19,261,9,8,0
1,19,262,9,0,0
1,19,263,9,15,0
1,19,264,9,0,0
1,19,265,9,9,0
1,19,266,9,9,0
1,19,267,9,9,0
1,19,268,9,0,0
1,19,269,9,15,0
1,19,270,9,0,0
1,19,271,9,9,0
1,19,272,9,9,0
1,19,273,9,9,0
1,19,274,9,0,0
1,19,275,9,15,0
1,19,276,9,0,0
1,19,277,9,9,0
1,19,278,9,9,0
1,19,279,9,9,0
1,19,280,9,0,0
1,19,281,9,15,0
1,19,282,9,0,0
1,19,283,9,9,0
1,19,284,9,9,0
1,19,285,9,9,0
1,19,286,9,0,0
1,19,287,9,15,0
1,19,288,9,0,0
1,19,289,9,9,0
1,19,290,9,9,0
1,19,291,9,9,0
1,19,292,9,0,0
1,19,293,9,15,0
1,19,294,9,0,0
1,19,295,9,9,0
1,19,296,9,9,0
1,19,297,9,9,0
1,19,298,9,0,0
1,19,299,9,15,0
1,19,300,9,0,0
1,19,301,9,9,0
1,19,302,9,9,0
1,19,303,9,9,0
1,19,304,9,0,0
1,19,305,9,15,0
1,19,306,9,0,0
1,19,307,9,9,0
1,19,308,9,9,0
1,19,309,9,9,0
1,19,310,9,0,0
1,19,311,9,15,0
1,19,312,9,0,0
1,19,313,9,9,0
1,19,314,9,9,0
1,19,315,9,9,0
1,19,316,9,0,0
1,19,317,9,15,0
1,19,318,9,0,0
1,19,319,9,9,0
1,19,320,9,9,0
1,19,321,9,9,0
1,19,322,9,0,0
1,19,323,9,15,0
1,19,324,9,0,0
1,19,325,9,9,0
1,19,326,9,9,0
1,19,327,9,9,0
1,20,21,16,8,1
1,20,22,16,0,0
1,20,23,16,9,0
1,20,24,16,16,0
1,20,25,16,8,0
1,20,26,16,0,0
1,20,27,16,9,0
1,20,28,16,16,0
1,20,29,16,8,0
1,20,30,16,0,0
1,20,31,16,9,0
1,20,32,16,0,0
1,20,33,16,9,0
1,20,34,16,17,0
1,20,35,16,0,0
1,20,36,16,9,0
1,20,37,16,9,0
1,20,38,16,16,0
1,20,39,16,8,0
1,20,40,16,0,0
1,20,41,16,9,0
1,20,42,16,16,0
1,20,43,16,8,0
1,20,44,16,0,0
1,20,45,16,9,0
1,20,46,16,11,0
1,20,47,16,8,0
1,20,48,16,0,0
1,20,49,16,9,0
1,20,50,16,17,0
1,20,51,16,0,0
1,20,52,16,9,0
1,20,53,16,0,0
1,20,54,16,9,0
1,20,55,16,17,0
1,20,56,16,0,0
1,20,57,16,9,0
1,20,58,16,9,0
1,20,59,16,16,0
1,20,60,16,8,0
1,20,61,16,0,0
1,20,62,16,9,0
1,20,63,16,16,0
1,20,64,16,8,0
1,20,65,16,0,0
1,20,66,16,9,0
1,20,67,16,11,0
1,20,68,16,8,0
1,20,69,16,0,0
1,20,70,16,9,0
1,20,71,16,17,0
1,20,72,16,0,0
1,20,73,16,9,0
1,20,74,16,0,0
1,20,75,16,9,0
1,20,76,16,17,0
1,20,77,16,0,0
1,20,78,16,9,0
1,20,79,16,9,0
1,20,80,16,16,0
1,20,81,16,8,0
1,20,82,16,0,0
1,20,83,16,9,0
1,20,84,16,16,0
1,20,85,16,8,0
1,20,86,16,0,0
1,20,87,16,9,0
1,20,88,16,11,0
1,20,89,16,8,0
1,20,90,16,0,0
1,20,91,16,9,0
1,20,92,16,17,0
1,20,93,16,0,0
1,20,94,16,9,0
1,20,95,16,0,0
1,20,96,16,9,0
1,20,97,16,17,0
1,20,98,16,0,0
1,20,99,16,9,0
1,20,100,16,9,0
1,20,101,16,16,0
1,20,102,16,8,0
1,20,103,16,0,0
1,20,104,16,9,0
1,20,105,16,16,0
1,20,106,16,8,0
1,20,107,16,0,0
1,20,108,16,9,0
1,20,109,16,11,0
1,20,110,16,8,0
1,20,111,16,0,0
1,20,112,16,9,0
1,20,113,16,17,0
1,20,114,16,0,0
1,20,115,16,9,0
1,20,116,16,0,0
1,20,117,16,9,0
1,20,118,16,17,0
1,20,119,16,0,0
1,20,120,16,9,0
1,20,121,16,9,0
1,20,122,16,16,0
1,20,123,16,8,0
1,20,124,16,0,0
1,20,125,16,9,0
1,20,126,16,16,0
1,20,127,16,8,0
1,20,128,16,0,0
1,20,129,16,9,0
1,20,130,16,11,0
1,20,131,16,8,0
1,20,132,16,0,0
1,20,133,16,9,0
1,20,134,16,17,0
1,20,135,16,0,0
1,20,136,16,9,0
1,20,137,16,0,0
1,20,138,16,9,0
1,20,139,16,17,0
1,20,140,16,0,0
1,20,141,16,9,0
1,20,142,16,9,0
1,20,143,16,16,0
1,20,144,16,8,0
1,20,145,16,0,0
1,20,146,16,9,0
1,20,147,16,16,0
1,20,148,16,8,0
1,20,149,16,0,0
1,20,150,16,9,0
1,20,151,16,11,0
1,20,152,16,8,0
1,20,153,16,0,0
1,20,154,16,9,0
1,20,155,16,17,0
1,20,156,16,0,0
1,20,157,16,9,0
1,20,158,16,0,0
1,20,159,16,9,0
1,20,160,16,17,0
1,20,161,16,0,0
1,20,162,16,9,0
1,20,163,16,9,0
1,20,164,16,16,0
1,20,165,16,8,0
1,20,166,16,0,0
1,20,167,16,9,0
1,20,168,16,16,0
1,20,169,16,8,0
1,20,170,16,0,0
1,20,171,16,9,0
1,20,172,16,11,0
1,20,173,16,8,0
1,20,174,16,0,0
1,20,175,16,9,0
1,20,176,16,17,0
1,20,177,16,0,0
1,20,178,16,9,0
1,20,179,16,0,0
1,20,180,16,9,0
1,20,181,16,17,0
1,20,182,16,0,0
1,20,183,16,9,0
1,20,184,16,9,0
1,20,185,16,16,0
1,20,186,16,8,0
1,20,187,16,0,0
1,20,188,16,9,0
1,20,189,16,16,0
1,20,190,16,8,0
1,20,191,16,0,0
1,20,192,16,9,0
1,20,193,16,11,0
1,20,194,16,8,0
1,20,195,16,0,0
1,20,196,16,9,0
1,20,197,16,17,0
1,20,198,16,0,0
1,20,199,16,9,0
1,20,200,16,0,0
1,20,201,16,9,0
1,20,202,16,17,0
1,20,203,16,0,0
1,20,204,16,9,0
1,20,205,16,9,0
1,20,206,16,16,0
1,20,207,16,8,0
1,20,208,16,0,0
1,20,209,16,9,0
1,20,210,16,16,0
1,20,211,16,8,0
1,20,212,16,0,0
1,20,213,16,9,0
1,20,214,16,11,0
1,20,215,16,8,0
1,20,216,16,0,0
1,20,217,16,9,0
1,20,218,16,17,0
1,20,219,16,0,0
1,20,220,16,9,0
1,20,221,16,0,0
1,20,222,16,9,0
1,20,223,16,17,0
1,20,224,16,0,0
1,20,225,16,9,0
1,20,226,16,9,0
1,20,227,16,16,0
1,20,228,16,8,0
1,20,229,16,0,0
1,20,230,16,9,0
1,20,231,16,16,0
1,20,232,16,8,0
1,20,233,16,0,0
1,20,234,16,9,0
1,20,235,16,11,0
1,20,236,16,8,0
1,20,237,16,0,0
1,20,238,16,9,0
1,20,239,16,17,0
1,20,240,16,0,0
1,20,241,16,9,0
1,20,242,16,0,0
1,20,243,16,9,0
1,20,244,16,17,0
1,20,245,16,0,0
1,20,246,16,9,0
1,20,247,16,9,0
1,20,248,16,16,0
1,20,249,16,8,0
1,20,250,16,0,0
1,20,251,16,9,0
1,20,252,16,16,0
1,20,253,16,8,0
1,20,254,16,0,0
1,20,255,16,9,0
1,20,256,16,11,0
1,20,257,16,8,0
1,20,258,16,0,0
1,20,259,16,9,0
1,20,260,16,16,0
1,20,261,16,8,0
1,20,262,16,0,0
1,20,263,16,15,0
1,20,264,16,0,0
1,20,265,16,9,0
1,20,266,16,9,0
1,20,267,16,9,0
1,20,268,16,0,0
1,20,269,16,15,0
1,20,270,16,0,0
1,20,271,16,9,0
1,20,272,16,9,0
1,20,273,16,9,0
1,20,274,16,0,0
1,20,275,16,15,0
1,20,276,16,0,0
1,20,277,16,9,0
1,20,278,16,9,0
1,20,279,16,9,0
1,20,280,16,0,0
1,20,281,16,15,0
1,20,282,16,0,0
1,20,283,16,9,0
1,20,284,16,9,0
1,20,285,16,9,0
1,20,286,16,0,0
1,20,287,16,15,0
1,20,288,16,0,0
1,20,289,16,9,0
1,20,290,16,9,0
1,20,291,16,9,0
1,20,292,16,0,0
1,20,293,16,15,0
1,20,294,16,0,0
1,20,295,16,9,0
1,20,296,16,9,0
1,20,297,16,9,0
1,20,298,16,0,0
1,20,299,16,15,0
1,20,300,16,0,0
1,20,301,16,9,0
1,20,302,16,9,0
1,20,303,16,9,0
1,20,304,16,0,0
1,20,305,16,15,0
1,20,306,16,0,0
1,20,307,16,9,0
1,20,308,16,9,0
1,20,309,16,9,0
1,20,310,16,0,0
1,20,311,16,15,0
1,20,312,16,0,0
1,20,313,16,9,0
1,20,314,16,9,0
1,20,315,16,9,0
1,20,316,16,0,0
1,20,317,16,15,0
1,20,318,16,0,0
1,20,319,16,9,0
1,20,320,16,9,0
1,20,321,16,9,0
1,20,322,16,0,0
1,20,323,16,15,0
1,20,324,16,0,0
1,20,325,16,9,0
1,20,326,16,9,0
1,20,327,16,9,0
1,21,22,8,0,0
1,21,23,8,9,0
1,21,24,8,16,0
1,21,25,8,8,0
1,21,26,8,0,0
1,21,27,8,9,0
1,21,28,8,16,0
1,21,29,8,8,0
1,21,30,8,0,0
1,21,31,8,9,0
1,21,32,8,0,0
1,21,33,8,9,0
1,21,34,8,17,0
1,21,35,8,0,0
1,21,36,8,9,0
1,21,37,8,9,0
1,21,38,8,16,0
1,21,39,8,8,0
1,21,40,8,0,0
1,21,41,8,9,0
1,21,42,8,16,0
1,21,43,8,8,0
1,21,44,8,0,0
1,21,45,8,9,0
1,21,46,8,11,0
1,21,47,8,8,0
1,21,48,8,0,0
1,21,49,8,9,0
1,21,50,8,17,0
1,21,51,8,0,0
1,21,52,8,9,0
1,21,53,8,0,0
1,21,54,8,9,0
1,21,55,8,17,0
1,21,56,8,0,0
1,21,57,8,9,0
1,21,58,8,9,0
1,21,59,8,16,0
1,21,60,8,8,0
1,21,61,8,0,0
1,21,62,8,9,0
1,21,63,8,16,0
1,21,64,8,8,0
1,21,65,8,0,0
1,21,66,8,9,0
1,21,67,8,11,0
1,21,68,8,8,0
1,21,69,8,0,0
1,21,70,8,9,0
1,21,71,8,17,0
1,21,72,8,0,0
1,21,73,8,9,0
1,21,74,8,0,0
1,21,75,8,9,0
1,21,76,8,17,0
1,21,77,8,0,0
1,21,78,8,9,0
1,21,79,8,9,0
1,21,80,8,16,0
1,21,81,8,8,0
1,21,82,8,0,0
1,21,83,8,9,0
1,21,84,8,16,0
1,21,85,8,8,0
1,21,86,8,0,0
1,21,87,8,9,0
1,21,88,8,11,0
1,21,89,8,8,0
1,21,90,8,0,0
1,21,91,8,9,0
1,21,92,8,17,0
1,21,93,8,0,0
1,21,94,8,9,0
1,21,95,8,0,0
1,21,96,8,9,0
1,21,97,8,17,0
1,21,98,8,0,0
1,21,99,8,9,0
1,21,100,8,9,0
1,21,101,8,16,0
1,21,102,8,8,0
1,21,103,8,0,0
1,21,104,8,9,0
1,21,105,8,16,0
1,21,106,8,8,0
1,21,107,8,0,0
1,21,108,8,9,0
1,21,109,8,11,0
1,21,110,8,8,0
1,21,111,8,0,0
1,21,112,8,9,0
1,21,113,8,17,0
1,21,114,8,0,0
1,21,115,8,9,0
1,21,116,8,0,0
1,21,117,8,9,0
1,21,118,8,17,0
1,21,119,8,0,0
1,21,120,8,9,0
1,21,121,8,9,0
1,21,122,8,16,0
1,21,123,8,8,0
1,21,124,8,0,0
1,21,125,8,9,0
1,21,126,8,16,0
1,21,127,8,8,0
1,21,128,8,0,0
1,21,129,8,9,0
1,21,130,8,11,0
1,21,131,8,8,0
1,21,132,8,0,0
1,21,133,8,9,0
1,21,134,8,17,0
1,21,135,8,0,0
1,21,136,8,9,0
1,21,137,8,0,0
1,21,138,8,9,0
1,21,139,8,17,0
1,21,140,8,0,0
1,21,141,8,9,0
1,21,142,8,9,0
1,21,143,8,16,0
1,21,144,8,8,0
1,21,145,8,0,0
1,21,146,8,9,0
1,21,147,8,16,0
1,21,148,8,8,0
1,21,149,8,0,0
1,21,150,8,9,0
1,21,151,8,11,0
1,21,152,8,8,0
1,21,153,8,0,0
1,21,154,8,9,0
1,21,155,8,17,0
1,21,156,8,0,0
1,21,157,8,9,0
1,21,158,8,0,0
1,21,159,8,9,0
1,21,160,8,17,0
1,21,161,8,0,0
1,21,162,8,9,0
1,21,163,8,9,0
1,21,164,8,16,0
1,21,165,8,8,0
1,21,166,8,0,0
1,21,167,8,9,0
1,21,168,8,16,0
1,21,169,8,8,0
1,21,170,8,0,0
1,21,171,8,9,0
1,21,172,8,11,0
1,21,173,8,8,0
1,21,174,8,0,0
1,21,175,8,9,0
1,21,176,8,17,0
1,21,177,8,0,0
1,21,178,8,9,0
1,21,179,8,0,0
1,21,180,8,9,0
1,21,181,8,17,0
1,21,182,8,0,0
1,21,183,8,9,0
1,21,184,8,9,0
1,21,185,8,16,0
1,21,186,8,8,0
1,21,187,8,0,0
1,21,188,8,9,0
1,21,189,8,16,0
1,21,190,8,8,0
1,21,191,8,0,0
1,21,192,8,9,0
1,21,193,8,11,0
1,21,194,8,8,0
1,21,195,8,0,0
1,21,196,8,9,0
1,21,197,8,17,0
1,21,198,8,0,0
1,21,199,8,9,0
1,21,200,8,0,0
1,21,201,8,9,0
1,21,202,8,17,0
1,21,203,8,0,0
1,21,204,8,9,0
1,21,205,8,9,0
1,21,206,8,16,0
1,21,207,8,8,0
1,21,208,8,0,0
1,21,209,8,9,0
1,21,210,8,16,0
1,21,211,8,8,0
1,21,212,8,0,0
1,21,213,8,9,0
1,21,214,8,11,0
1,21,215,8,8,0
1,21,216,8,0,0
1,21,217,8,9,0
1,21,218,8,17,0
1,21,219,8,0,0
1,21,220,8,9,0
1,21,221,8,0,0
1,21,222,8,9,0
1,21,223,8,17,0
1,21,224,8,0,0
1,21,225,8,9,0
1,21,226,8,9,0
1,21,227,8,16,0
1,21,228,8,8,0
1,21,229,8,0,0
1,21,230,8,9,0
1,21,231,8,16,0
1,21,232,8,8,0
1,21,233,8,0,0
1,21,234,8,9,0
1,21,235,8,11,0
1,21,236,8,8,0
1,21,237,8,0,0
1,21,238,8,9,0
1,21,239,8,17,0
1,21,240,8,0,0
1,21,241,8,9,0
1,21,242,8,0,0
1,21,243,8,9,0
1,21,244,8,17,0
1,21,245,8,0,0
1,21,246,8,9,0
1,21,247,8,9,0
1,21,248,8,16,0
1,21,249,8,8,0
1,21,250,8,0,0
1,21,251,8,9,0
1,21,252,8,16,0
1,21,253,8,8,0
1,21,254,8,0,0
1,21,255,8,9,0
1,21,256,8,11,0
1,21,257,8,8,0
1,21,258,8,0,0
1,21,259,8,9,0
1,21,260,8,16,0
1,21,261,8,8,0
1,21,262,8,0,0
1,21,263,8,15,0
1,21,264,8,0,0
1,21,265,8,9,0
1,21,266,8,9,0
1,21,267,8,9,0
1,21,268,8,0,0
1,21,269,8,15,0
1,21,270,8,0,0
1,21,271,8,9,0
1,21,272,8,9,0
1,21,273,8,9,0
1,21,274,8,0,0
1,21,275,8,15,0
1,21,276,8,0,0
1,21,277,8,9,0
1,21,278,8,9,0
1,21,279,8,9,0
1,21,280,8,0,0
1,21,281,8,15,0
1,21,282,8,0,0
1,21,283,8,9,0
1,21,284,8,9,0
1,21,285,8,9,0
1,21,286,8,0,0
1,21,287,8,15,0
1,21,288,8,0,0
1,21,289,8,9,0
1,21,290,8,9,0
1,21,291,8,9,0
1,21,292,8,0,0
1,21,293,8,15,0
1,21,294,8,0,0
1,21,295,8,9,0
1,21,296,8,9,0
1,21,297,8,9,0
1,21,298,8,0,0
1,21,299,8,15,0
1,21,300,8,0,0
1,21,301,8,9,0
1,21,302,8,9,0
1,21,303,8,9,0
1,21,304,8,0,0
1,21,305,8,15,0
1,21,306,8,0,0
1,21,307,8,9,0
1,21,308,8,9,0
1,21,309,8,9,0
1,21,310,8,0,0
1,21,311,8,15,0
1,21,312,8,0,0
1,21,313,8,9,0
1,21,314,8,9,0
1,21,315,8,9,0
1,21,316,8,0,0
1,21,317,8,15,0
1,21,318,8,0,0
1,21,319,8,9,0
1,21,320,8,9,0
1,21,321,8,9,0
1,21,322,8,0,0
1,21,323,8,15,0
1,21,324,8,0,0
1,21,325,8,9,0
1,21,326,8,9,0
1,21,327,8,9,0
1,22,23,0,9,1
1,22,24,0,16,1
1,22,25,0,8,0
1,22,26,0,0,1
1,22,27,0,9,0
1,22,28,0,16,0
1,22,29,0,8,0
1,22,30,0,0,0
1,22,31,0,9,0
1,22,32,0,0,0
1,22,33,0,9,0
1,22,34,0,17,0
1,22,35,0,0,0
1,22,36,0,9,0
1,22,37,0,9,0
1,22,38,0,16,0
1,22,39,0,8,0
1,22,40,0,0,0
1,22,41,0,9,0
1,22,42,0,16,0
1,22,43,0,8,0
1,22,44,0,0,0
1,22,45,0,9,0
1,22,46,0,11,0
1,22,47,0,8,0
1,22,48,0,0,0
1,22,49,0,9,0
1,22,50,0,17,0
1,22,51,0,0,0
1,22,52,0,9,0
1,22,53,0,0,0
1,22,54,0,9,0
1,22,55,0,17,0
1,22,56,0,0,0
1,22,57,0,9,0
1,22,58,0,9,0
1,22,59,0,16,0
1,22,60,0,8,0
1,22,61,0,0,0
1,22,62,0,9,0
1,22,63,0,16,0
1,22,64,0,8,0
1,22,65,0,0,0
1,22,66,0,9,0
1,22,67,0,11,0
1,22,68,0,8,0
1,22,69,0,0,0
1,22,70,0,9,0
1,22,71,0,17,0
1,22,72,0,0,0
1,22,73,0,9,0
1,22,74,0,0,0
1,22,75,0,9,0
1,22,76,0,17,0
1,22,77,0,0,0
1,22,78,0,9,0
1,22,79,0,9,0
1,22,80,0,16,0
1,22,81,0,8,0
1,22,82,0,0,0
1,22,83,0,9,0
1,22,84,0,16,0
1,22,85,0,8,0
1,22,86,0,0,0
1,22,87,0,9,0
1,22,88,0,11,0
1,22,89,0,8,0
1,22,90,0,0,0
1,22,91,0,9,0
1,22,92,0,17,0
1,22,93,0,0,0
1,22,94,0,9,0
1,22,95,0,0,0
1,22,96,0,9,0
1,22,97,0,17,0
1,22,98,0,0,0
1,22,99,0,9,0
1,22,100,0,9,0
1,22,101,0,16,0
1,22,102,0,8,0
1,22,103,0,0,0
1,22,104,0,9,0
1,22,105,0,16,0
1,22,106,0,8,0
1,22,107,0,0,0
1,22,108,0,9,0
1,22,109,0,11,0
1,22,110,0,8,0
1,22,111,0,0,0
1,22,112,0,9,0
1,22,113,0,17,0
1,22,114,0,0,0
1,22,115,0,9,0
1,22,116,0,0,0
1,22,117,0,9,0
1,22,118,0,17,0
1,22,119,0,0,0
1,22,120,0,9,0
1,22,121,0,9,0
1,22,122,0,16,0
1,22,123,0,8,0
1,22,124,0,0,0
1,22,125,0,9,0
1,22,126,0,16,0
1,22,127,0,8,0
1,22,128,0,0,0
1,22,129,0,9,0
1,22,130,0,11,0
1,22,131,0,8,0
1,22,132,0,0,0
1,22,133,0,9,0
1,22,134,0,17,0
1,22,135,0,0,0
1,22,136,0,9,0
1,22,137,0,0,0
1,22,138,0,9,0
1,22,139,0,17,0
1,22,140,0,0,0
1,22,141,0,9,0
1,22,142,0,9,0
1,22,143,0,16,0
1,22,144,0,8,0
1,22,145,0,0,0
1,22,146,0,9,0
1,22,147,0,16,0
1,22,148,0,8,0
1,22,149,0,0,0
1,22,150,0,9,0
1,22,151,0,11,0
1,22,152,0,8,0
1,22,153,0,0,0
1,22,154,0,9,0
1,22,155,0,17,0
1,22,156,0,0,0
1,22,157,0,9,0
1,22,158,0,0,0
1,22,159,0,9,0
1,22,160,0,17,0
1,22,161,0,0,0
1,22,162,0,9,0
1,22,163,0,9,0
1,22,164,0,16,0
1,22,165,0,8,0
1,22,166,0,0,0
1,22,167,0,9,0
1,22,168,0,16,0
1,22,169,0,8,0
1,22,170,0,0,0
1,22,171,0,9,0
1,22,172,0,11,0
1,22,173,0,8,0
1,22,174,0,0,0
1,22,175,0,9,0
1,22,176,0,17,0
1,22,177,0,0,0
1,22,178,0,9,0
1,22,179,0,0,0
1,22,180,0,9,0
1,22,181,0,17,0
1,22,182,0,0,0
1,22,183,0,9,0
1,22,184,0,9,0
1,22,185,0,16,0
1,22,186,0,8,0
1,22,187,0,0,0
1,22,188,0,9,0
1,22,189,0,16,0
1,22,190,0,8,0
1,22,191,0,0,0
1,22,192,0,9,0
1,22,193,0,11,0
1,22,194,0,8,0
1,22,195,0,0,0
1,22,196,0,9,0
1,22,197,0,17,0
1,22,198,0,0,0
1,22,199,0,9,0
1,22,200,0,0,0
1,22,201,0,9,0
1,22,202,0,17,0
1,22,203,0,0,0
1,22,204,0,9,0
1,22,205,0,9,0
1,22,206,0,16,0
1,22,207,0,8,0
1,22,208,0,0,0
1,22,209,0,9,0
1,22,210,0,16,0
1,22,211,0,8,0
1,22,212,0,0,0
1,22,213,0,9,0
1,22,214,0,11,0
1,22,215,0,8,0
1,22,216,0,0,0
1,22,217,0,9,0
1,22,218,0,17,0
1,22,219,0,0,0
1,22,220,0,9,0
1,22,221,0,0,0
1,22,222,0,9,0
1,22,223,0,17,0
1,22,224,0,0,0
1,22,225,0,9,0
1,22,226,0,9,0
1,22,227,0,16,0
1,22,228,0,8,0
1,22,229,0,0,0
1,22,230,0,9,0
1,22,231,0,16,0
1,22,232,0,8,0
1,22,233,0,0,0
1,22,234,0,9,0
1,22,235,0,11,0
1,22,236,0,8,0
1,22,237,0,0,0
1,22,238,0,9,0
1,22,239,0,17,0
1,22,240,0,0,0
1,22,241,0,9,0
1,22,242,0,0,0
1,22,243,0,9,0
1,22,244,0,17,0
1,22,245,0,0,0
1,22,246,0,9,0
1,22,247,0,9,0
1,22,248,0,16,0
1,22,249,0,8,0
1,22,250,0,0,0
1,22,251,0,9,0
1,22,252,0,16,0
1,22,253,0,8,0
1,22,254,0,0,0
1,22,255,0,9,0
1,22,256,0,11,0
1,22,257,0,8,0
1,22,258,0,0,0
1,22,259,0,9,0
1,22,260,0,16,0
1,22,261,0,8,0
1,22,262,0,0,0
1,22,263,0,15,0
1,22,264,0,0,0
1,22,265,0,9,0
1,22,266,0,9,0
1,22,267,0,9,0
1,22,268,0,0,0
1,22,269,0,15,0
1,22,270,0,0,0
1,22,271,0,9,0
1,22,272,0,9,0
1,22,273,0,9,0
1,22,274,0,0,0
1,22,275,0,15,0
1,22,276,0,0,0
1,22,277,0,9,0
1,22,278,0,9,0
1,22,279,0,9,0
1,22,280,0,0,0
1,22,281,0,15,0
1,22,282,0,0,0
1,22,283,0,9,0
1,22,284,0,9,0
1,22,285,0,9,0
1,22,286,0,0,0
1,22,287,0,15,0
1,22,288,0,0,0
1,22,289,0,9,0
1,22,290,0,9,0
1,22,291,0,9,0
1,22,292,0,0,0
1,22,293,0,15,0
1,22,294,0,0,0
1,22,295,0,9,0
1,22,296,0,9,0
1,22,297,0,9,0
1,22,298,0,0,0
1,22,299,0,15,0
1,22,300,0,0,0
1,22,301,0,9,0
1,22,302,0,9,0
1,22,303,0,9,0
1,22,304,0,0,0
1,22,305,0,15,0
1,22,306,0,0,0
1,22,307,0,9,0
1,22,308,0,9,0
1,22,309,0,9,0
1,22,310,0,0,0
1,22,311,0,15,0
1,22,312,0,0,0
1,22,313,0,9,0
1,22,314,0,9,0
1,22,315,0,9,0
1,22,316,0,0,0
1,22,317,0,15,0
1,22,318,0,0,0
1,22,319,0,9,0
1,22,320,0,9,0
1,22,321,0,9,0
1,22,322,0,0,0
1,22,323,0,15,0
1,22,324,0,0,0
1,22,325,0,9,0
1,22,326,0,9,0
1,22,327,0,9,0
1,23,24,9,16,0
1,23,25,9,8,0
1,23,26,9,0,0
1,23,27,9,9,0
1,23,28,9,16,0
1,23,29,9,8,0
1,23,30,9,0,0
1,23,31,9,9,0
1,23,32,9,0,0
1,23,33,9,9,0
1,23,34,9,17,0
1,23,35,9,0,0
1,23,36,9,9,0
1,23,37,9,9,0
1,23,38,9,16,0
1,23,39,9,8,0
1,23,40,9,0,0
1,23,41,9,9,0
1,23,42,9,16,0
1,23,43,9,8,0
1,23,44,9,0,0
1,23,45,9,9,0
1,23,46,9,11,0
1,23,47,9,8,0
1,23,48,9,0,0
1,23,49,9,9,0
1,23,50,9,17,0
1,23,51,9,0,0
1,23,52,9,9,0
1,23,53,9,0,0
1,23,54,9,9,0
1,23,55,9,17,0
1,23,56,9,0,0
1,23,57,9,9,0
1,23,58,9,9,0
1,23,59,9,16,0
1,23,60,9,8,0
1,23,61,9,0,0
1,23,62,9,9,0
1,23,63,9,16,0
1,23,64,9,8,0
1,23,65,9,0,0
1,23,66,9,9,0
1,23,67,9,11,0
1,23,68,9,8,0
1,23,69,9,0,0
1,23,70,9,9,0
1,23,71,9,17,0
1,23,72,9,0,0
1,23,73,9,9,0
1,23,74,9,0,0
1,23,75,9,9,0
1,23,76,9,17,0
1,23,77,9,0,0
1,23,78,9,9,0
1,23,79,9,9,0
1,23,80,9,16,0
1,23,81,9,8,0
1,23,82,9,0,0
1,23,83,9,9,0
1,23,84,9,16,0
1,23,85,9,8,0
1,23,86,9,0,0
1,23,87,9,9,0
1,23,88,9,11,0
1,23,89,9,8,0
1,23,90,9,0,0
1,23,91,9,9,0
1,23,92,9,17,0
1,23,93,9,0,0
1,23,94,9,9,0
1,23,95,9,0,0
1,23,96,9,9,0
1,23,97,9,17,0
1,23,98,9,0,0
1,23,99,9,9,0
1,23,100,9,9,0
1,23,101,9,16,0
1,23,102,9,8,0
1,23,103,9,0,0
1,23,104,9,9,0
1,23,105,9,16,0
1,23,106,9,8,0
1,23,107,9,0,0
1,23,108,9,9,0
1,23,109,9,11,0
1,23,110,9,8,0
1,23,111,9,0,0
1,23,112,9,9,0
1,23,113,9,17,0
1,23,114,9,0,0
1,23,115,9,9,0
1,23,116,9,0,0
1,23,117,9,9,0
1,23,118,9,17,0
1,23,119,9,0,0
1,23,120,9,9,0
1,23,121,9,9,0
1,23,122,9,16,0
1,23,123,9,8,0
1,23,124,9,0,0
1,23,125,9,9,0
1,23,126,9,16,0
1,23,127,9,8,0
1,23,128,9,0,0
1,23,129,9,9,0
1,23,130,9,11,0
1,23,131,9,8,0
1,23,132,9,0,0
1,23,133,9,9,0
1,23,134,9,17,0
1,23,135,9,0,0
1,23,136,9,9,0
1,23,137,9,0,0
1,23,138,9,9,0
1,23,139,9,17,0
1,23,140,9,0,0
1,23,141,9,9,0
1,23,142,9,9,0
1,23,143,9,16,0
1,23,144,9,8,0
1,23,145,9,0,0
1,23,146,9,9,0
1,23,147,9,16,0
1,23,148,9,8,0
1,23,149,9,0,0
1,23,150,9,9,0
1,23,151,9,11,0
1,23,152,9,8,0
1,23,153,9,0,0
1,23,154,9,9,0
1,23,155,9,17,0
1,23,156,9,0,0
1,23,157,9,9,0
1,23,158,9,0,0
1,23,159,9,9,0
1,23,160,9,17,0
1,23,161,9,0,0
1,23,162,9,9,0
1,23,163,9,9,0
1,23,164,9,16,0
1,23,165,9,8,0
1,23,166,9,0,0
1,23,167,9,9,0
1,23,168,9,16,0
1,23,169,9,8,0
1,23,170,9,0,0
1,23,171,9,9,0
1,23,172,9,11,0
1,23,173,9,8,0
1,23,174,9,0,0
1,23,175,9,9,0
1,23,176,9,17,0
1,23,177,9,0,0
1,23,178,9,9,0
1,23,179,9,0,0
1,23,180,9,9,0
1,23,181,9,17,0
1,23,182,9,0,0
1,23,183,9,9,0
1,23,184,9,9,0
1,23,185,9,16,0
1,23,186,9,8,0
1,23,187,9,0,0
1,23,188,9,9,0
1,23,189,9,16,0
1,23,190,9,8,0
1,23,191,9,0,0
1,23,192,9,9,0
1,23,193,9,11,0
1,23,194,9,8,0
1,23,195,9,0,0
1,23,196,9,9,0
1,23,197,9,17,0
1,23,198,9,0,0
1,23,199,9,9,0
1,23,200,9,0,0
1,23,201,9,9,0
1,23,202,9,17,0
1,23,203,9,0,0
1,23,204,9,9,0
1,23,205,9,9,0
1,23,206,9,16,0
1,23,207,9,8,0
1,23,208,9,0,0
1,23,209,9,9,0
1,23,210,9,16,0
1,23,211,9,8,0
1,23,212,9,0,0
1,23,213,9,9,0
1,23,214,9,11,0
1,23,215,9,8,0
1,23,216,9,0,0
1,23,217,9,9,0
1,23,218,9,17,0
1,23,219,9,0,0
1,23,220,9,9,0
1,23,221,9,0,0
1,23,222,9,9,0
1,23,223,9,17,0
1,23,224,9,0,0
1,23,225,9,9,0
1,23,226,9,9,0
1,23,227,9,16,0
1,23,228,9,8,0
1,23,229,9,0,0
1,23,230,9,9,0
1,23,231,9,16,0
1,23,232,9,8,0
1,23,233,9,0,0
1,23,234,9,9,0
1,23,235,9,11,0
1,23,236,9,8,0
1,23,237,9,0,0
1,23,238,9,9,0
1,23,239,9,17,0
1,23,240,9,0,0
1,23,241,9,9,0
1,23,242,9,0,0
1,23,243,9,9,0
1,23,244,9,17,0
1,23,245,9,0,0
1,23,246,9,9,0
1,23,247,9,9,0
1,23,248,9,16,0
1,23,249,9,8,0
1,23,250,9,0,0
1,23,251,9,9,0
1,23,252,9,16,0
1,23,253,9,8,0
1,23,254,9,0,0
1,23,255,9,9,0
1,23,256,9,11,0
1,23,257,9,8,0
1,23,258,9,0,0
1,23,259,9,9,0
1,23,260,9,16,0
1,23,261,9,8,0
1,23,262,9,0,0
1,23,263,9,15,0
1,23,264,9,0,0
1,23,265,9,9,0
1,23,266,9,9,0
1,23,267,9,9,0
1,23,268,9,0,0
1,23,269,9,15,0
1,23,270,9,0,0
1,23,271,9,9,0
1,23,272,9,9,0
1,23,273,9,9,0
1,23,274,9,0,0
1,23,275,9,15,0
1,23,276,9,0,0
1,23,277,9,9,0
1,23,278,9,9,0
1,23,279,9,9,0
1,23,280,9,0,0
1,23,281,9,15,0
1,23,282,9,0,0
1,23,283,9,9,0
1,23,284,9,9,0
1,23,285,9,9,0
1,23,286,9,0,0
1,23,287,9,15,0
1,23,288,9,0,0
1,23,289,9,9,0
1,23,290,9,9,0
1,23,291,9,9,0
1,23,292,9,0,0
1,23,293,9,15,0
1,23,294,9,0,0
1,23,295,9,9,0
1,23,296,9,9,0
1,23,297,9,9,0
1,23,298,9,0,0
1,23,299,9,15,0
1,23,300,9,0,0
1,23,301,9,9,0
1,23,302,9,9,0
1,23,303,9,9,0
1,23,304,9,0,0
1,23,305,9,15,0
1,23,306,9,0,0
1,23,307,9,9,0
1,23,308,9,9,0
1,23,309,9,9,0
1,23,310,9,0,0
1,23,311,9,15,0
1,23,312,9,0,0
1,23,313,9,9,0
1,23,314,9,9,0
1,23,315,9,9,0
1,23,316,9,0,0
1,23,317,9,15,0
1,23,318,9,0,0
1,23,319,9,9,0
1,23,320,9,9,0
1,23,321,9,9,0
1,23,322,9,0,0
1,23,323,9,15,0
1,23,324,9,0,0
1,23,325,9,9,0
1,23,326,9,9,0
1,23,327,9,9,0
1,24,25,16,8,1
1,24,26,16,0,0
1,24,27,16,9,0
1,24,28,16,16,0
1,24,29,16,8,0
1,24,30,16,0,0
1,24,31,16,9,0
1,24,32,16,0,0
1,24,33,16,9,0
1,24,34,16,17,0
1,24,35,16,0,0
1,24,36,16,9,0
1,24,37,16,9,0
1,24,38,16,16,0
1,24,39,16,8,0
1,24,40,16,0,0
1,24,41,16,9,0
1,24,42,16,16,0
1,24,43,16,8,0
1,24,44,16,0,0
1,24,45,16,9,0
1,24,46,16,11,0
1,24,47,16,8,0
1,24,48,16,0,0
1,24,49,16,9,0
1,24,50,16,17,0
1,24,51,16,0,0
1,24,52,16,9,0
1,24,53,16,0,0
1,24,54,16,9,0
1,24,55,16,17,0
1,24,56,16,0,0
1,24,57,16,9,0
1,24,58,16,9,0
1,24,59,16,16,0
1,24,60,16,8,0
1,24,61,16,0,0
1,24,62,16,9,0
1,24,63,16,16,0
1,24,64,16,8,0
1,24,65,16,0,0
1,24,66,16,9,0
1,24,67,16,11,0
1,24,68,16,8,0
1,24,69,16,0,0
1,24,70,16,9,0
1,24,71,16,17,0
1,24,72,16,0,0
1,24,73,16,9,0
1,24,74,16,0,0
1,24,75,16,9,0
1,24,76,16,17,0
1,24,77,16,0,0
1,24,78,16,9,0
1,24,79,16,9,0
1,24,80,16,16,0
1,24,81,16,8,0
1,24,82,16,0,0
1,24,83,16,9,0
1,24,84,16,16,0
1,24,85,16,8,0
1,24,86,16,0,0
1,24,87,16,9,0
1,24,88,16,11,0
1,24,89,16,8,0
1,24,90,16,0,0
1,24,91,16,9,0
1,24,92,16,17,0
1,24,93,16,0,0
1,24,94,16,9,0
1,24,95,16,0,0
1,24,96,16,9,0
1,24,97,16,17,0
1,24,98,16,0,0
1,24,99,16,9,0
1,24,100,16,9,0
1,24,101,16,16,0
1,24,102,16,8,0
1,24,103,16,0,0
1,24,104,16,9,0
1,24,105,16,16,0
1,24,106,16,8,0
1,24,107,16,0,0
1,24,108,16,9,0
1,24,109,16,11,0
1,24,110,16,8,0
1,24,111,16,0,0
1,24,112,16,9,0
1,24,113,16,17,0
1,24,114,16,0,0
1,24,115,16,9,0
1,24,116,16,0,0
1,24,117,16,9,0
1,24,118,16,17,0
1,24,119,16,0,0
1,24,120,16,9,0
1,24,121,16,9,0
1,24,122,16,16,0
1,24,123,16,8,0
1,24,124,16,0,0
1,24,125,16,9,0
1,24,126,16,16,0
1,24,127,16,8,0
1,24,128,16,0,0
1,24,129,16,9,0
1,24,130,16,11,0
1,24,131,16,8,0
1,24,132,16,0,0
1,24,133,16,9,0
1,24,134,16,17,0
1,24,135,16,0,0
1,24,136,16,9,0
1,24,137,16,0,0
1,24,138,16,9,0
1,24,139,16,17,0
1,24,140,16,0,0
1,24,141,16,9,0
1,24,142,16,9,0
1,24,143,16,16,0
1,24,144,16,8,0
1,24,145,16,0,0
1,24,146,16,9,0
1,24,147,16,16,0
1,24,148,16,8,0
1,24,149,16,0,0
1,24,150,16,9,0
1,24,151,16,11,0
1,24,152,16,8,0
1,24,153,16,0,0
1,24,154,16,9,0
1,24,155,16,17,0
1,24,156,16,0,0
1,24,157,16,9,0
1,24,158,16,0,0
1,24,159,16,9,0
1,24,160,16,17,0
1,24,161,16,0,0
1,24,162,16,9,0
1,24,163,16,9,0
1,24,164,16,16,0
1,24,165,16,8,0
1,24,166,16,0,0
1,24,167,16,9,0
1,24,168,16,16,0
1,24,169,16,8,0
1,24,170,16,0,0
1,24,171,16,9,0
1,24,172,16,11,0
1,24,173,16,8,0
1,24,174,16,0,0
1,24,175,16,9,0
1,24,176,16,17,0
1,24,177,16,0,0
1,24,178,16,9,0
1,24,179,16,0,0
1,24,180,16,9,0
1,24,181,16,17,0
1,24,182,16,0,0
1,24,183,16,9,0
1,24,184,16,9,0
1,24,185,16,16,0
1,24,186,16,8,0
1,24,187,16,0,0
1,24,188,16,9,0
1,24,189,16,16,0
1,24,190,16,8,0
1,24,191,16,0,0
1,24,192,16,9,0
1,24,193,16,11,0
1,24,194,16,8,0
1,24,195,16,0,0
1,24,196,16,9,0
1,24,197,16,17,0
1,24,198,16,0,0
1,24,199,16,9,0
1,24,200,16,0,0
1,24,201,16,9,0
1,24,202,16,17,0
1,24,203,16,0,0
1,24,204,16,9,0
1,24,205,16,9,0
1,24,206,16,16,0
1,24,207,16,8,0
1,24,208,16,0,0
1,24,209,16,9,0
1,24,210,16,16,0
1,24,211,16,8,0
1,24,212,16,0,0
1,24,213,16,9,0
1,24,214,16,11,0
1,24,215,16,8,0
1,24,216,16,0,0
1,24,217,16,9,0
1,24,218,16,17,0
1,24,219,16,0,0
1,24,220,16,9,0
1,24,221,16,0,0
1,24,222,16,9,0
1,24,223,16,17,0
1,24,224,16,0,0
1,24,225,16,9,0
1,24,226,16,9,0
1,24,227,16,16,0
1,24,228,16,8,0
1,24,229,16,0,0
1,24,230,16,9,0
1,24,231,16,16,0
1,24,232,16,8,0
1,24,233,16,0,0
1,24,234,16,9,0
1,24,235,16,11,0
1,24,236,16,8,0
1,24,237,16,0,0
1,24,238,16,9,0
1,24,239,16,17,0
1,24,240,16,0,0
1,24,241,16,9,0
1,24,242,16,0,0
1,24,243,16,9,0
1,24,244,16,17,0
1,24,245,16,0,0
1,24,246,16,9,0
1,24,247,16,9,0
1,24,248,16,16,0
1,24,249,16,8,0
1,24,250,16,0,0
1,24,251,16,9,0
1,24,252,16,16,0
1,24,253,16,8,0
1,24,254,16,0,0
1,24,255,16,9,0
1,24,256,16,11,0
1,24,257,16,8,0
1,24,258,16,0,0
1,24,259,16,9,0
1,24,260,16,16,0
1,24,261,16,8,0
1,24,262,16,0,0
1,24,263,16,15,0
1,24,264,16,0,0
1,24,265,16,9,0
1,24,266,16,9,0
1,24,267,16,9,0
1,24,268,16,0,0
1,24,269,16,15,0
1,24,270,16,0,0
1,24,271,16,9,0
1,24,272,16,9,0
1,24,273,16,9,0
1,24,274,16,0,0
1,24,275,16,15,0
1,24,276,16,0,0
1,24,277,16,9,0
1,24,278,16,9,0
1,24,279,16,9,0
1,24,280,16,0,0
1,24,281,16,15,0
1,24,282,16,0,0
1,24,283,16,9,0
1,24,284,16,9,0
1,24,285,16,9,0
1,24,286,16,0,0
1,24,287,16,15,0
1,24,288,16,0,0
1,24,289,16,9,0
1,24,290,16,9,0
1,24,291,16,9,0
1,24,292,16,0,0
1,24,293,16,15,0
1,24,294,16,0,0
1,24,295,16,9,0
1,24,296,16,9,0
1,24,297,16,9,0
1,24,298,16,0,0
1,24,299,16,15,0
1,24,300,16,0,0
1,24,301,16,9,0
1,24,302,16,9,0
1,24,303,16,9,0
1,24,304,16,0,0
1,24,305,16,15,0
1,24,306,16,0,0
1,24,307,16,9,0
1,24,308,16,9,0
1,24,309,16,9,0
1,24,310,16,0,0
1,24,311,16,15,0
1,24,312,16,0,0
1,24,313,16,9,0
1,24,314,16,9,0
1,24,315,16,9,0
1,24,316,16,0,0
1,24,317,16,15,0
1,24,318,16,0,0
1,24,319,16,9,0
1,24,320,16,9,0
1,24,321,16,9,0
1,24,322,16,0,0
1,24,323,16,15,0
1,24,324,16,0,0
1,24,325,16,9,0
1,24,326,16,9,0
1,24,327,16,9,0
1,25,26,8,0,0
1,25,27,8,9,0
1,25,28,8,16,0
1,25,29,8,8,0
1,25,30,8,0,0
1,25,31,8,9,0
1,25,32,8,0,0
1,25,33,8,9,0
1,25,34,8,17,0
1,25,35,8,0,0
1,25,36,8,9,0
1,25,37,8,9,0
1,25,38,8,16,0
1,25,39,8,8,0
1,25,40,8,0,0
1,25,41,8,9,0
1,25,42,8,16,0
1,25,43,8,8,0
1,25,44,8,0,0
1,25,45,8,9,0
1,25,46,8,11,0
1,25,47,8,8,0
1,25,48,8,0,0
1,25,49,8,9,0
1,25,50,8,17,0
1,25,51,8,0,0
1,25,52,8,9,0
1,25,53,8,0,0
1,25,54,8,9,0
1,25,55,8,17,0
1,25,56,8,0,0
1,25,57,8,9,0
1,25,58,8,9,0
1,25,59,8,16,0
1,25,60,8,8,0
1,25,61,8,0,0
1,25,62,8,9,0
1,25,63,8,16,0
1,25,64,8,8,0
1,25,65,8,0,0
1,25,66,8,9,0
1,25,67,8,11,0
1,25,68,8,8,0
1,25,69,8,0,0
1,25,70,8,9,0
1,25,71,8,17,0
1,25,72,8,0,0
1,25,73,8,9,0
1,25,74,8,0,0
1,25,75,8,9,0
1,25,76,8,17,0
1,25,77,8,0,0
1,25,78,8,9,0
1,25,79,8,9,0
1,25,80,8,16,0
1,25,81,8,8,0
1,25,82,8,0,0
1,25,83,8,9,0
1,25,84,8,16,0
1,25,85,8,8,0
1,25,86,8,0,0
1,25,87,8,9,0
1,25,88,8,11,0
1,25,89,8,8,0
1,25,90,8,0,0
1,25,91,8,9,0
1,25,92,8,17,0
1,25,93,8,0,0
1,25,94,8,9,0
1,25,95,8,0,0
1,25,96,8,9,0
1,25,97,8,17,0
1,25,98,8,0,0
1,25,99,8,9,0
1,25,100,8,9,0
1,25,101,8,16,0
1,25,102,8,8,0
1,25,103,8,0,0
1,25,104,8,9,0
1,25,105,8,16,0
1,25,106,8,8,0
1,25,107,8,0,0
1,25,108,8,9,0
1,25,109,8,11,0
1,25,110,8,8,0
1,25,111,8,0,0
1,25,112,8,9,0
1,25,113,8,17,0
1,25,114,8,0,0
1,25,115,8,9,0
1,25,116,8,0,0
1,25,117,8,9,0
1,25,118,8,17,0
1,25,119,8,0,0
1,25,120,8,9,0
1,25,121,8,9,0
1,25,122,8,16,0
1,25,123,8,8,0
1,25,124,8,0,0
1,25,125,8,9,0
1,25,126,8,16,0
1,25,127,8,8,0
1,25,128,8,0,0
1,25,129,8,9,0
1,25,130,8,11,0
1,25,131,8,8,0
1,25,132,8,0,0
1,25,133,8,9,0
1,25,134,8,17,0
1,25,135,8,0,0
1,25,136,8,9,0
1,25,137,8,0,0
1,25,138,8,9,0
1,25,139,8,17,0
1,25,140,8,0,0
1,25,141,8,9,0
1,25,142,8,9,0
1,25,143,8,16,0
1,25,144,8,8,0
1,25,145,8,0,0
1,25,146,8,9,0
1,25,147,8,16,0
1,25,148,8,8,0
1,25,149,8,0,0
1,25,150,8,9,0
1,25,151,8,11,0
1,25,152,8,8,0
1,25,153,8,0,0
1,25,154,8,9,0
1,25,155,8,17,0
1,25,156,8,0,0
1,25,157,8,9,0
1,25,158,8,0,0
1,25,159,8,9,0
1,25,160,8,17,0
1,25,161,8,0,0
1,25,162,8,9,0
1,25,163,8,9,0
1,25,164,8,16,0
1,25,165,8,8,0
1,25,166,8,0,0
1,25,167,8,9,0
1,25,168,8,16,0
1,25,169,8,8,0
1,25,170,8,0,0
1,25,171,8,9,0
1,25,172,8,11,0
1,25,173,8,8,0
1,25,174,8,0,0
1,25,175,8,9,0
1,25,176,8,17,0
1,25,177,8,0,0
1,25,178,8,9,0
1,25,179,8,0,0
1,25,180,8,9,0
1,25,181,8,17,0
1,25,182,8,0,0
1,25,183,8,9,0
1,25,184,8,9,0
1,25,185,8,16,0
1,25,186,8,8,0
1,25,187,8,0,0
1,25,188,8,9,0
1,25,189,8,16,0
1,25,190,8,8,0
1,25,191,8,0,0
1,25,192,8,9,0
1,25,193,8,11,0
1,25,194,8,8,0
1,25,195,8,0,0
1,25,196,8,9,0
1,25,197,8,17,0
1,25,198,8,0,0
1,25,199,8,9,0
1,25,200,8,0,0
1,25,201,8,9,0
1,25,202,8,17,0
1,25,203,8,0,0
1,25,204,8,9,0
1,25,205,8,9,0
1,25,206,8,16,0
1,25,207,8,8,0
1,25,208,8,0,0
1,25,209,8,9,0
1,25,210,8,16,0
1,25,211,8,8,0
1,25,212,8,0,0
1,25,213,8,9,0
1,25,214,8,11,0
1,25,215,8,8,0
1,25,216,8,0,0
1,25,217,8,9,0
1,25,218,8,17,0
1,25,219,8,0,0
1,25,220,8,9,0
1,25,221,8,0,0
1,25,222,8,9,0
1,25,223,8,17,0
1,25,224,8,0,0
1,25,225,8,9,0
1,25,226,8,9,0
1,25,227,8,16,0
1,25,228,8,8,0
1,25,229,8,0,0
1,25,230,8,9,0
1,25,231,8,16,0
1,25,232,8,8,0
1,25,233,8,0,0
1,25,234,8,9,0
1,25,235,8,11,0
1,25,236,8,8,0
1,25,237,8,0,0
1,25,238,8,9,0
1,25,239,8,17,0
1,25,240,8,0,0
1,25,241,8,9,0
1,25,242,8,0,0
1,25,243,8,9,0
1,25,244,8,17,0
1,25,245,8,0,0
1,25,246,8,9,0
1,25,247,8,9,0
1,25,248,8,16,0
1,25,249,8,8,0
1,25,250,8,0,0
1,25,251,8,9,0
1,25,252,8,16,0
1,25,253,8,8,0
1,25,254,8,0,0
1,25,255,8,9,0
1,25,256,8,11,0
1,25,257,8,8,0
1,25,258,8,0,0
1,25,259,8,9,0
1,25,260,8,16,0
1,25,261,8,8,0
1,25,262,8,0,0
1,25,263,8,15,0
1,25,264,8,0,0
1,25,265,8,9,0
1,25,266,8,9,0
1,25,267,8,9,0
1,25,268,8,0,0
1,25,269,8,15,0
1,25,270,8,0,0
1,25,271,8,9,0
1,25,272,8,9,0
1,25,273,8,9,0
1,25,274,8,0,0
1,25,275,8,15,0
1,25,276,8,0,0
1,25,277,8,9,0
1,25,278,8,9,0
1,25,279,8,9,0
1,25,280,8,0,0
1,25,281,8,15,0
1,25,282,8,0,0
1,25,283,8,9,0
1,25,284,8,9,0
1,25,285,8,9,0
1,25,286,8,0,0
1,25,287,8,15,0
1,25,288,8,0,0
1,25,289,8,9,0
1,25,290,8,9,0
1,25,291,8,9,0
1,25,292,8,0,0
1,25,293,8,15,0
1,25,294,8,0,0
1,25,295,8,9,0
1,25,296,8,9,0
1,25,297,8,9,0
1,25,298,8,0,0
1,25,299,8,15,0
1,25,300,8,0,0
1,25,301,8,9,0
1,25,302,8,9,0
1,25,303,8,9,0
1,25,304,8,0,0
1,25,305,8,15,0
1,25,306,8,0,0
1,25,307,8,9,0
1,25,308,8,9,0
1,25,309,8,9,0
1,25,310,8,0,0
1,25,311,8,15,0
1,25,312,8,0,0
1,25,313,8,9,0
1,25,314,8,9,0
1,25,315,8,9,0
1,25,316,8,0,0
1,25,317,8,15,0
1,25,318,8,0,0
1,25,319,8,9,0
1,25,320,8,9,0
1,25,321,8,9,0
1,25,322,8,0,0
1,25,323,8,15,0
1,25,324,8,0,0
1,25,325,8,9,0
1,25,326,8,9,0
1,25,327,8,9,0
1,26,27,0,9,1
1,26,28,0,16,1
1,26,29,0,8,0
1,26,30,0,0,0
1,26,31,0,9,0
1,26,32,0,0,0
1,26,33,0,9,0
1,26,34,0,17,0
1,26,35,0,0,0
1,26,36,0,9,0
1,26,37,0,9,0
1,26,38,0,16,0
1,26,39,0,8,0
1,26,40,0,0,0
1,26,41,0,9,0
1,26,42,0,16,0
1,26,43,0,8,0
1,26,44,0,0,0
1,26,45,0,9,0
1,26,46,0,11,0
1,26,47,0,8,0
1,26,48,0,0,0
1,26,49,0,9,0
1,26,50,0,17,0
1,26,51,0,0,0
1,26,52,0,9,0
1,26,53,0,0,0
1,26,54,0,9,0
1,26,55,0,17,0
1,26,56,0,0,0
1,26,57,0,9,0
1,26,58,0,9,0
1,26,59,0,16,0
1,26,60,0,8,0
1,26,61,0,0,0
1,26,62,0,9,0
1,26,63,0,16,0
1,26,64,0,8,0
1,26,65,0,0,0
1,26,66,0,9,0
1,26,67,0,11,0
1,26,68,0,8,0
1,26,69,0,0,0
1,26,70,0,9,0
1,26,71,0,17,0
1,26,72,0,0,0
1,26,73,0,9,0
1,26,74,0,0,0
1,26,75,0,9,0
1,26,76,0,17,0
1,26,77,0,0,0
1,26,78,0,9,0
1,26,79,0,9,0
1,26,80,0,16,0
1,26,81,0,8,0
1,26,82,0,0,0
1,26,83,0,9,0
1,26,84,0,16,0
1,26,85,0,8,0
1,26,86,0,0,0
1,26,87,0,9,0
1,26,88,0,11,0
1,26,89,0,8,0
1,26,90,0,0,0
1,26,91,0,9,0
1,26,92,0,17,0
1,26,93,0,0,0
1,26,94,0,9,0
1,26,95,0,0,0
1,26,96,0,9,0
1,26,97,0,17,0
1,26,98,0,0,0
1,26,99,0,9,0
1,26,100,0,9,0
1,26,101,0,16,0
1,26,102,0,8,0
1,26,103,0,0,0
1,26,104,0,9,0
1,26,105,0,16,0
1,26,106,0,8,0
1,26,107,0,0,0
1,26,108,0,9,0
1,26,109,0,11,0
1,26,110,0,8,0
1,26,111,0,0,0
1,26,112,0,9,0
1,26,113,0,17,0
1,26,114,0,0,0
1,26,115,0,9,0
1,26,116,0,0,0
1,26,117,0,9,0
1,26,118,0,17,0
1,26,119,0,0,0
1,26,120,0,9,0
1,26,121,0,9,0
1,26,122,0,16,0
1,26,123,0,8,0
1,26,124,0,0,0
1,26,125,0,9,0
1,26,126,0,16,0
1,26,127,0,8,0
1,26,128,0,0,0
1,26,129,0,9,0
1,26,130,0,11,0
1,26,131,0,8,0
1,26,132,0,0,0
1,26,133,0,9,0
1,26,134,0,17,0
1,26,135,0,0,0
1,26,136,0,9,0
1,26,137,0,0,0
1,26,138,0,9,0
1,26,139,0,17,0
1,26,140,0,0,0
1,26,141,0,9,0
1,26,142,0,9,0
1,26,143,0,16,0
1,26,144,0,8,0
1,26,145,0,0,0
1,26,146,0,9,0
1,26,147,0,16,0
1,26,148,0,8,0
1,26,149,0,0,0
1,26,150,0,9,0
1,26,151,0,11,0
1,26,152,0,8,0
1,26,153,0,0,0
1,26,154,0,9,0
1,26,155,0,17,0
1,26,156,0,0,0
1,26,157,0,9,0
1,26,158,0,0,0
1,26,159,0,9,0
1,26,160,0,17,0
1,26,161,0,0,0
1,26,162,0,9,0
1,26,163,0,9,0
1,26,164,0,16,0
1,26,165,0,8,0
1,26,166,0,0,0
1,26,167,0,9,0
1,26,168,0,16,0
1,26,169,0,8,0
1,26,170,0,0,0
1,26,171,0,9,0
1,26,172,0,11,0
1,26,173,0,8,0
1,26,174,0,0,0
1,26,175,0,9,0
1,26,176,0,17,0
1,26,177,0,0,0
1,26,178,0,9,0
1,26,179,0,0,0
1,26,180,0,9,0
1,26,181,0,17,0
1,26,182,0,0,0
1,26,183,0,9,0
1,26,184,0,9,0
1,26,185,0,16,0
1,26,186,0,8,0
1,26,187,0,0,0
1,26,188,0,9,0
1,26,189,0,16,0
1,26,190,0,8,0
1,26,191,0,0,0
1,26,192,0,9,0
1,26,193,0,11,0
1,26,194,0,8,0
1,26,195,0,0,0
1,26,196,0,9,0
1,26,197,0,17,0
1,26,198,0,0,0
1,26,199,0,9,0
1,26,200,0,0,0
1,26,201,0,9,0
1,26,202,0,17,0
1,26,203,0,0,0
1,26,204,0,9,0
1,26,205,0,9,0
1,26,206,0,16,0
1,26,207,0,8,0
1,26,208,0,0,0
1,26,209,0,9,0
1,26,210,0,16,0
1,26,211,0,8,0
1,26,212,0,0,0
1,26,213,0,9,0
1,26,214,0,11,0
1,26,215,0,8,0
1,26,216,0,0,0
1,26,217,0,9,0
1,26,218,0,17,0
1,26,219,0,0,0
1,26,220,0,9,0
1,26,221,0,0,0
1,26,222,0,9,0
1,26,223,0,17,0
1,26,224,0,0,0
1,26,225,0,9,0
1,26,226,0,9,0
1,26,227,0,16,0
1,26,228,0,8,0
1,26,229,0,0,0
1,26,230,0,9,0
1,26,231,0,16,0
1,26,232,0,8,0
1,26,233,0,0,0
1,26,234,0,9,0
1,26,235,0,11,0
1,26,236,0,8,0
1,26,237,0,0,0
1,26,238,0,9,0
1,26,239,0,17,0
1,26,240,0,0,0
1,26,241,0,9,0
1,26,242,0,0,0
1,26,243,0,9,0
1,26,244,0,17,0
1,26,245,0,0,0
1,26,246,0,9,0
1,26,247,0,9,0
1,26,248,0,16,0
1,26,249,0,8,0
1,26,250,0,0,0
1,26,251,0,9,0
1,26,252,0,16,0
1,26,253,0,8,0
1,26,254,0,0,0
1,26,255,0,9,0
1,26,256,0,11,0
1,26,257,0,8,0
1,26,258,0,0,0
1,26,259,0,9,0
1,26,260,0,16,0
1,26,261,0,8,0
1,26,262,0,0,0
1,26,263,0,15,0
1,26,264,0,0,0
1,26,265,0,9,0
1,26,266,0,9,0
1,26,267,0,9,0
1,26,268,0,0,0
1,26,269,0,15,0
1,26,270,0,0,0
1,26,271,0,9,0
1,26,272,0,9,0
1,26,273,0,9,0
1,26,274,0,0,0
1,26,275,0,15,0
1,26,276,0,0,0
1,26,277,0,9,0
1,26,278,0,9,0
1,26,279,0,9,0
1,26,280,0,0,0
1,26,281,0,15,0
1,26,282,0,0,0
1,26,283,0,9,0
1,26,284,0,9,0
1,26,285,0,9,0
1,26,286,0,0,0
1,26,287,0,15,0
1,26,288,0,0,0
1,26,289,0,9,0
1,26,290,0,9,0
1,26,291,0,9,0
1,26,292,0,0,0
1,26,293,0,15,0
1,26,294,0,0,0
1,26,295,0,9,0
1,26,296,0,9,0
1,26,297,0,9,0
1,26,298,0,0,0
1,26,299,0,15,0
1,26,300,0,0,0
1,26,301,0,9,0
1,26,302,0,9,0
1,26,303,0,9,0
1,26,304,0,0,0
1,26,305,0,15,0
1,26,306,0,0,0
1,26,307,0,9,0
1,26,308,0,9,0
1,26,309,0,9,0
1,26,310,0,0,0
1,26,311,0,15,0
1,26,312,0,0,0
1,26,313,0,9,0
1,26,314,0,9,0
1,26,315,0,9,0
1,26,316,0,0,0
1,26,317,0,15,0
1,26,318,0,0,0
1,26,319,0,9,0
1,26,320,0,9,0
1,26,321,0,9,0
1,26,322,0,0,0
1,26,323,0,15,0
1,26,324,0,0,0
1,26,325,0,9,0
1,26,326,0,9,0
1,26,327,0,9,0
1,27,28,9,16,0
1,27,29,9,8,0
1,27,30,9,0,0
1,27,31,9,9,0
1,27,32,9,0,0
1,27,33,9,9,0
1,27,34,9,17,0
1,27,35,9,0,0
1,27,36,9,9,0
1,27,37,9,9,0
1,27,38,9,16,0
1,27,39,9,8,0
1,27,40,9,0,0
1,27,41,9,9,0
1,27,42,9,16,0
1,27,43,9,8,0
1,27,44,9,0,0
1,27,45,9,9,0
1,27,46,9,11,0
1,27,47,9,8,0
1,27,48,9,0,0
1,27,49,9,9,0
1,27,50,9,17,0
1,27,51,9,0,0
1,27,52,9,9,0
1,27,53,9,0,0
1,27,54,9,9,0
1,27,55,9,17,0
1,27,56,9,0,0
1,27,57,9,9,0
1,27,58,9,9,0
1,27,59,9,16,0
1,27,60,9,8,0
1,27,61,9,0,0
1,27,62,9,9,0
1,27,63,9,16,0
1,27,64,9,8,0
1,27,65,9,0,0
1,27,66,9,9,0
1,27,67,9,11,0
1,27,68,9,8,0
1,27,69,9,0,0
1,27,70,9,9,0
1,27,71,9,17,0
1,27,72,9,0,0
1,27,73,9,9,0
1,27,74,9,0,0
1,27,75,9,9,0
1,27,76,9,17,0
1,27,77,9,0,0
1,27,78,9,9,0
1,27,79,9,9,0
1,27,80,9,16,0
1,27,81,9,8,0
1,27,82,9,0,0
1,27,83,9,9,0
1,27,84,9,16,0
1,27,85,9,8,0
1,27,86,9,0,0
1,27,87,9,9,0
1,27,88,9,11,0
1,27,89,9,8,0
1,27,90,9,0,0
1,27,91,9,9,0
1,27,92,9,17,0
1,27,93,9,0,0
1,27,94,9,9,0
1,27,95,9,0,0
1,27,96,9,9,0
1,27,97,9,17,0
1,27,98,9,0,0
1,27,99,9,9,0
1,27,100,9,9,0
1,27,101,9,16,0
1,27,102,9,8,0
1,27,103,9,0,0
1,27,104,9,9,0
1,27,105,9,16,0
1,27,106,9,8,0
1,27,107,9,0,0
1,27,108,9,9,0
1,27,109,9,11,0
1,27,110,9,8,0
1,27,111,9,0,0
1,27,112,9,9,0
1,27,113,9,17,0
1,27,114,9,0,0
1,27,115,9,9,0
1,27,116,9,0,0
1,27,117,9,9,0
1,27,118,9,17,0
1,27,119,9,0,0
1,27,120,9,9,0
1,27,121,9,9,0
1,27,122,9,16,0
1,27,123,9,8,0
1,27,124,9,0,0
1,27,125,9,9,0
1,27,126,9,16,0
1,27,127,9,8,0
1,27,128,9,0,0
1,27,129,9,9,0
1,27,130,9,11,0
1,27,131,9,8,0
1,27,132,9,0,0
1,27,133,9,9,0
1,27,134,9,17,0
1,27,135,9,0,0
1,27,136,9,9,0
1,27,137,9,0,0
1,27,138,9,9,0
1,27,139,9,17,0
1,27,140,9,0,0
1,27,141,9,9,0
1,27,142,9,9,0
1,27,143,9,16,0
1,27,144,9,8,0
1,27,145,9,0,0
1,27,146,9,9,0
1,27,147,9,16,0
1,27,148,9,8,0
1,27,149,9,0,0
1,27,150,9,9,0
1,27,151,9,11,0
1,27,152,9,8,0
1,27,153,9,0,0
1,27,154,9,9,0
1,27,155,9,17,0
1,27,156,9,0,0
1,27,157,9,9,0
1,27,158,9,0,0
1,27,159,9,9,0
1,27,160,9,17,0
1,27,161,9,0,0
1,27,162,9,9,0
1,27,163,9,9,0
1,27,164,9,16,0
1,27,165,9,8,0
1,27,166,9,0,0
1,27,167,9,9,0
1,27,168,9,16,0
1,27,169,9,8,0
1,27,170,9,0,0
1,27,171,9,9,0
1,27,172,9,11,0
1,27,173,9,8,0
1,27,174,9,0,0
1,27,175,9,9,0
1,27,176,9,17,0
1,27,177,9,0,0
1,27,178,9,9,0
1,27,179,9,0,0
1,27,180,9,9,0
1,27,181,9,17,0
1,27,182,9,0,0
1,27,183,9,9,0
1,27,184,9,9,0
1,27,185,9,16,0
1,27,186,9,8,0
1,27,187,9,0,0
1,27,188,9,9,0
1,27,189,9,16,0
1,27,190,9,8,0
1,27,191,9,0,0
1,27,192,9,9,0
1,27,193,9,11,0
1,27,194,9,8,0
1,27,195,9,0,0
1,27,196,9,9,0
1,27,197,9,17,0
1,27,198,9,0,0
1,27,199,9,9,0
1,27,200,9,0,0
1,27,201,9,9,0
1,27,202,9,17,0
1,27,203,9,0,0
1,27,204,9,9,0
1,27,205,9,9,0
1,27,206,9,16,0
1,27,207,9,8,0
1,27,208,9,0,0
1,27,209,9,9,0
1,27,210,9,16,0
1,27,211,9,8,0
1,27,212,9,0,0
1,27,213,9,9,0
1,27,214,9,11,0
1,27,215,9,8,0
1,27,216,9,0,0
1,27,217,9,9,0
1,27,218,9,17,0
1,27,219,9,0,0
1,27,220,9,9,0
1,27,221,9,0,0
1,27,222,9,9,0
1,27,223,9,17,0
1,27,224,9,0,0
1,27,225,9,9,0
1,27,226,9,9,0
1,27,227,9,16,0
1,27,228,9,8,0
1,27,229,9,0,0
1,27,230,9,9,0
1,27,231,9,16,0
1,27,232,9,8,0
1,27,233,9,0,0
1,27,234,9,9,0
1,27,235,9,11,0
1,27,236,9,8,0
1,27,237,9,0,0
1,27,238,9,9,0
1,27,239,9,17,0
1,27,240,9,0,0
1,27,241,9,9,0
1,27,242,9,0,0
1,27,243,9,9,0
1,27,244,9,17,0
1,27,245,9,0,0
1,27,246,9,9,0
1,27,247,9,9,0
1,27,248,9,16,0
1,27,249,9,8,0
1,27,250,9,0,0
1,27,251,9,9,0
1,27,252,9,16,0
1,27,253,9,8,0
1,27,254,9,0,0
1,27,255,9,9,0
1,27,256,9,11,0
1,27,257,9,8,0
1,27,258,9,0,0
1,27,259,9,9,0
1,27,260,9,16,0
1,27,261,9,8,0
1,27,262,9,0,0
1,27,263,9,15,0
1,27,264,9,0,0
1,27,265,9,9,0
1,27,266,9,9,0
1,27,267,9,9,0
1,27,268,9,0,0
1,27,269,9,15,0
1,27,270,9,0,0
1,27,271,9,9,0
1,27,272,9,9,0
1,27,273,9,9,0
1,27,274,9,0,0
1,27,275,9,15,0
1,27,276,9,0,0
1,27,277,9,9,0
1,27,278,9,9,0
1,27,279,9,9,0
1,27,280,9,0,0
1,27,281,9,15,0
1,27,282,9,0,0
1,27,283,9,9,0
1,27,284,9,9,0
1,27,285,9,9,0
1,27,286,9,0,0
1,27,287,9,15,0
1,27,288,9,0,0
1,27,289,9,9,0
1,27,290,9,9,0
1,27,291,9,9,0
1,27,292,9,0,0
1,27,293,9,15,0
1,27,294,9,0,0
1,27,295,9,9,0
1,27,296,9,9,0
1,27,297,9,9,0
1,27,298,9,0,0
1,27,299,9,15,0
1,27,300,9,0,0
1,27,301,9,9,0
1,27,302,9,9,0
1,27,303,9,9,0
1,27,304,9,0,0
1,27,305,9,15,0
1,27,306,9,0,0
1,27,307,9,9,0
1,27,308,9,9,0
1,27,309,9,9,0
1,27,310,9,0,0
1,27,311,9,15,0
1,27,312,9,0,0
1,27,313,9,9,0
1,27,314,9,9,0
1,27,315,9,9,0
1,27,316,9,0,0
1,27,317,9,15,0
1,27,318,9,0,0
1,27,319,9,9,0
1,27,320,9,9,0
1,27,321,9,9,0
1,27,322,9,0,0
1,27,323,9,15,0
1,27,324,9,0,0
1,27,325,9,9,0
1,27,326,9,9,0
1,27,327,9,9,0
1,28,29,16,8,1
1,28,30,16,0,0
1,28,31,16,9,0
1,28,32,16,0,0
1,28,33,16,9,0
1,28,34,16,17,0
1,28,35,16,0,0
1,28,36,16,9,0
1,28,37,16,9,0
1,28,38,16,16,0
1,28,39,16,8,0
1,28,40,16,0,0
1,28,41,16,9,0
1,28,42,16,16,0
1,28,43,16,8,0
1,28,44,16,0,0
1,28,45,16,9,0
1,28,46,16,11,0
1,28,47,16,8,0
1,28,48,16,0,0
1,28,49,16,9,0
1,28,50,16,17,0
1,28,51,16,0,0
1,28,52,16,9,0
1,28,53,16,0,0
1,28,54,16,9,0
1,28,55,16,17,0
1,28,56,16,0,0
1,28,57,16,9,0
1,28,58,16,9,0
1,28,59,16,16,0
1,28,60,16,8,0
1,28,61,16,0,0
1,28,62,16,9,0
1,28,63,16,16,0
1,28,64,16,8,0
1,28,65,16,0,0
1,28,66,16,9,0
1,28,67,16,11,0
1,28,68,16,8,0
1,28,69,16,0,0
1,28,70,16,9,0
1,28,71,16,17,0
1,28,72,16,0,0
1,28,73,16,9,0
1,28,74,16,0,0
1,28,75,16,9,0
1,28,76,16,17,0
1,28,77,16,0,0
1,28,78,16,9,0
1,28,79,16,9,0
1,28,80,16,16,0
1,28,81,16,8,0
1,28,82,16,0,0
1,28,83,16,9,0
1,28,84,16,16,0
1,28,85,16,8,0
1,28,86,16,0,0
1,28,87,16,9,0
1,28,88,16,11,0
1,28,89,16,8,0
1,28,90,16,0,0
1,28,91,16,9,0
1,28,92,16,17,0
1,28,93,16,0,0
1,28,94,16,9,0
1,28,95,16,0,0
1,28,96,16,9,0
1,28,97,16,17,0
1,28,98,16,0,0
1,28,99,16,9,0
1,28,100,16,9,0
1,28,101,16,16,0
1,28,102,16,8,0
1,28,103,16,0,0
1,28,104,16,9,0
1,28,105,16,16,0
1,28,106,16,8,0
1,28,107,16,0,0
1,28,108,16,9,0
1,28,109,16,11,0
1,28,110,16,8,0
1,28,111,16,0,0
1,28,112,16,9,0
1,28,113,16,17,0
1,28,114,16,0,0
1,28,115,16,9,0
1,28,116,16,0,0
1,28,117,16,9,0
1,28,118,16,17,0
1,28,119,16,0,0
1,28,120,16,9,0
1,28,121,16,9,0
1,28,122,16,16,0
1,28,123,16,8,0
1,28,124,16,0,0
1,28,125,16,9,0
1,28,126,16,16,0
1,28,127,16,8,0
1,28,128,16,0,0
1,28,129,16,9,0
1,28,130,16,11,0
1,28,131,16,8,0
1,28,132,16,0,0
1,28,133,16,9,0
1,28,134,16,17,0
1,28,135,16,0,0
1,28,136,16,9,0
1,28,137,16,0,0
1,28,138,16,9,0
1,28,139,16,17,0
1,28,140,16,0,0
1,28,141,16,9,0
1,28,142,16,9,0
1,28,143,16,16,0
1,28,144,16,8,0
1,28,145,16,0,0
1,28,146,16,9,0
1,28,147,16,16,0
1,28,148,16,8,0
1,28,149,16,0,0
1,28,150,16,9,0
1,28,151,16,11,0
1,28,152,16,8,0
1,28,153,16,0,0
1,28,154,16,9,0
1,28,155,16,17,0
1,28,156,16,0,0
1,28,157,16,9,0
1,28,158,16,0,0
1,28,159,16,9,0
1,28,160,16,17,0
1,28,161,16,0,0
1,28,162,16,9,0
1,28,163,16,9,0
1,28,164,16,16,0
1,28,165,16,8,0
1,28,166,16,0,0
1,28,167,16,9,0
1,28,168,16,16,0
1,28,169,16,8,0
1,28,170,16,0,0
1,28,171,16,9,0
1,28,172,16,11,0
1,28,173,16,8,0
1,28,174,16,0,0
1,28,175,16,9,0
1,28,176,16,17,0
1,28,177,16,0,0
1,28,178,16,9,0
1,28,179,16,0,0
1,28,180,16,9,0
1,28,181,16,17,0
1,28,182,16,0,0
1,28,183,16,9,0
1,28,184,16,9,0
1,28,185,16,16,0
1,28,186,16,8,0
1,28,187,16,0,0
1,28,188,16,9,0
1,28,189,16,16,0
1,28,190,16,8,0
1,28,191,16,0,0
1,28,192,16,9,0
1,28,193,16,11,0
1,28,194,16,8,0
1,28,195,16,0,0
1,28,196,16,9,0
1,28,197,16,17,0
1,28,198,16,0,0
1,28,199,16,9,0
1,28,200,16,0,0
1,28,201,16,9,0
1,28,202,16,17,0
1,28,203,16,0,0
1,28,204,16,9,0
1,28,205,16,9,0
1,28,206,16,16,0
1,28,207,16,8,0
1,28,208,16,0,0
1,28,209,16,9,0
1,28,210,16,16,0
1,28,211,16,8,0
1,28,212,16,0,0
1,28,213,16,9,0
1,28,214,16,11,0
1,28,215,16,8,0
1,28,216,16,0,0
1,28,217,16,9,0
1,28,218,16,17,0
1,28,219,16,0,0
1,28,220,16,9,0
1,28,221,16,0,0
1,28,222,16,9,0
1,28,223,16,17,0
1,28,224,16,0,0
1,28,225,16,9,0
1,28,226,16,9,0
1,28,227,16,16,0
1,28,228,16,8,0
1,28,229,16,0,0
1,28,230,16,9,0
1,28,231,16,16,0
1,28,232,16,8,0
1,28,233,16,0,0
1,28,234,16,9,0
1,28,235,16,11,0
1,28,236,16,8,0
1,28,237,16,0,0
1,28,238,16,9,0
1,28,239,16,17,0
1,28,240,16,0,0
1,28,241,16,9,0
1,28,242,16,0,0
1,28,243,16,9,0
1,28,244,16,17,0
1,28,245,16,0,0
1,28,246,16,9,0
1,28,247,16,9,0
1,28,248,16,16,0
1,28,249,16,8,0
1,28,250,16,0,0
1,28,251,16,9,0
1,28,252,16,16,0
1,28,253,16,8,0
1,28,254,16,0,0
1,28,255,16,9,0
1,28,256,16,11,0
1,28,257,16,8,0
1,28,258,16,0,0
1,28,259,16,9,0
1,28,260,16,16,0
1,28,261,16,8,0
1,28,262,16,0,0
1,28,263,16,15,0
1,28,264,16,0,0
1,28,265,16,9,0
1,28,266,16,9,0
1,28,267,16,9,0
1,28,268,16,0,0
1,28,269,16,15,0
1,28,270,16,0,0
1,28,271,16,9,0
1,28,272,16,9,0
1,28,273,16,9,0
1,28,274,16,0,0
1,28,275,16,15,0
1,28,276,16,0,0
1,28,277,16,9,0
1,28,278,16,9,0
1,28,279,16,9,0
1,28,280,16,0,0
1,28,281,16,15,0
1,28,282,16,0,0
1,28,283,16,9,0
1,28,284,16,9,0
1,28,285,16,9,0
1,28,286,16,0,0
1,28,287,16,15,0
1,28,288,16,0,0
1,28,289,16,9,0
1,28,290,16,9,0
1,28,291,16,9,0
1,28,292,16,0,0
1,28,293,16,15,0
1,28,294,16,0,0
1,28,295,16,9,0
1,28,296,16,9,0
1,28,297,16,9,0
1,28,298,16,0,0
1,28,299,16,15,0
1,28,300,16,0,0
1,28,301,16,9,0
1,28,302,16,9,0
1,28,303,16,9,0
1,28,304,16,0,0
1,28,305,16,15,0
1,28,306,16,0,0
1,28,307,16,9,0
1,28,308,16,9,0
1,28,309,16,9,0
1,28,310,16,0,0
1,28,311,16,15,0
1,28,312,16,0,0
1,28,313,16,9,0
1,28,314,16,9,0
1,28,315,16,9,0
1,28,316,16,0,0
1,28,317,16,15,0
1,28,318,16,0,0
1,28,319,16,9,0
1,28,320,16,9,0
1,28,321,16,9,0
1,28,322,16,0,0
1,28,323,16,15,0
1,28,324,16,0,0
1,28,325,16,9,0
1,28,326,16,9,0
1,28,327,16,9,0
1,29,30,8,0,0
1,29,31,8,9,0
1,29,32,8,0,0
1,29,33,8,9,0
1,29,34,8,17,0
1,29,35,8,0,0
1,29,36,8,9,0
1,29,37,8,9,0
1,29,38,8,16,0
1,29,39,8,8,0
1,29,40,8,0,0
1,29,41,8,9,0
1,29,42,8,16,0
1,29,43,8,8,0
1,29,44,8,0,0
1,29,45,8,9,0
1,29,46,8,11,0
1,29,47,8,8,0
1,29,48,8,0,0
1,29,49,8,9,0
1,29,50,8,17,0
1,29,51,8,0,0
1,29,52,8,9,0
1,29,53,8,0,0
1,29,54,8,9,0
1,29,55,8,17,0
1,29,56,8,0,0
1,29,57,8,9,0
1,29,58,8,9,0
1,29,59,8,16,0
1,29,60,8,8,0
1,29,61,8,0,0
1,29,62,8,9,0
1,29,63,8,16,0
1,29,64,8,8,0
1,29,65,8,0,0
1,29,66,8,9,0
1,29,67,8,11,0
1,29,68,8,8,0
1,29,69,8,0,0
1,29,70,8,9,0
1,29,71,8,17,0
1,29,72,8,0,0
1,29,73,8,9,0
1,29,74,8,0,0
1,29,75,8,9,0
1,29,76,8,17,0
1,29,77,8,0,0
1,29,78,8,9,0
1,29,79,8,9,0
1,29,80,8,16,0
1,29,81,8,8,0
1,29,82,8,0,0
1,29,83,8,9,0
1,29,84,8,16,0
1,29,85,8,8,0
1,29,86,8,0,0
1,29,87,8,9,0
1,29,88,8,11,0
1,29,89,8,8,0
1,29,90,8,0,0
1,29,91,8,9,0
1,29,92,8,17,0
1,29,93,8,0,0
1,29,94,8,9,0
1,29,95,8,0,0
1,29,96,8,9,0
1,29,97,8,17,0
1,29,98,8,0,0
1,29,99,8,9,0
1,29,100,8,9,0
1,29,101,8,16,0
1,29,102,8,8,0
1,29,103,8,0,0
1,29,104,8,9,0
1,29,105,8,16,0
1,29,106,8,8,0
1,29,107,8,0,0
1,29,108,8,9,0
1,29,109,8,11,0
1,29,110,8,8,0
1,29,111,8,0,0
1,29,112,8,9,0
1,29,113,8,17,0
1,29,114,8,0,0
1,29,115,8,9,0
1,29,116,8,0,0
1,29,117,8,9,0
1,29,118,8,17,0
1,29,119,8,0,0
1,29,120,8,9,0
1,29,121,8,9,0
1,29,122,8,16,0
1,29,123,8,8,0
1,29,124,8,0,0
1,29,125,8,9,0
1,29,126,8,16,0
1,29,127,8,8,0
1,29,128,8,0,0
1,29,129,8,9,0
1,29,130,8,11,0
1,29,131,8,8,0
1,29,132,8,0,0
1,29,133,8,9,0
1,29,134,8,17,0
1,29,135,8,0,0
1,29,136,8,9,0
1,29,137,8,0,0
1,29,138,8,9,0
1,29,139,8,17,0
1,29,140,8,0,0
1,29,141,8,9,0
1,29,142,8,9,0
1,29,143,8,16,0
1,29,144,8,8,0
1,29,145,8,0,0
1,29,146,8,9,0
1,29,147,8,16,0
1,29,148,8,8,0
1,29,149,8,0,0
1,29,150,8,9,0
1,29,151,8,11,0
1,29,152,8,8,0
1,29,153,8,0,0
1,29,154,8,9,0
1,29,155,8,17,0
1,29,156,8,0,0
1,29,157,8,9,0
1,29,158,8,0,0
1,29,159,8,9,0
1,29,160,8,17,0
1,29,161,8,0,0
1,29,162,8,9,0
1,29,163,8,9,0
1,29,164,8,16,0
1,29,165,8,8,0
1,29,166,8,0,0
1,29,167,8,9,0
1,29,168,8,16,0
1,29,169,8,8,0
1,29,170,8,0,0
1,29,171,8,9,0
1,29,172,8,11,0
1,29,173,8,8,0
1,29,174,8,0,0
1,29,175,8,9,0
1,29,176,8,17,0
1,29,177,8,0,0
1,29,178,8,9,0
1,29,179,8,0,0
1,29,180,8,9,0
1,29,181,8,17,0
1,29,182,8,0,0
1,29,183,8,9,0
1,29,184,8,9,0
1,29,185,8,16,0
1,29,186,8,8,0
1,29,187,8,0,0
1,29,188,8,9,0
1,29,189,8,16,0
1,29,190,8,8,0
1,29,191,8,0,0
1,29,192,8,9,0
1,29,193,8,11,0
1,29,194,8,8,0
1,29,195,8,0,0
1,29,196,8,9,0
1,29,197,8,17,0
1,29,198,8,0,0
1,29,199,8,9,0
1,29,200,8,0,0
1,29,201,8,9,0
1,29,202,8,17,0
1,29,203,8,0,0
1,29,204,8,9,0
1,29,205,8,9,0
1,29,206,8,16,0
1,29,207,8,8,0
1,29,208,8,0,0
1,29,209,8,9,0
1,29,210,8,16,0
1,29,211,8,8,0
1,29,212,8,0,0
1,29,213,8,9,0
1,29,214,8,11,0
1,29,215,8,8,0
1,29,216,8,0,0
1,29,217,8,9,0
1,29,218,8,17,0
1,29,219,8,0,0
1,29,220,8,9,0
1,29,221,8,0,0
1,29,222,8,9,0
1,29,223,8,17,0
1,29,224,8,0,0
1,29,225,8,9,0
1,29,226,8,9,0
1,29,227,8,16,0
1,29,228,8,8,0
1,29,229,8,0,0
1,29,230,8,9,0
1,29,231,8,16,0
1,29,232,8,8,0
1,29,233,8,0,0
1,29,234,8,9,0
1,29,235,8,11,0
1,29,236,8,8,0
1,29,237,8,0,0
1,29,238,8,9,0
1,29,239,8,17,0
1,29,240,8,0,0
1,29,241,8,9,0
1,29,242,8,0,0
1,29,243,8,9,0
1,29,244,8,17,0
1,29,245,8,0,0
1,29,246,8,9,0
1,29,247,8,9,0
1,29,248,8,16,0
1,29,249,8,8,0
1,29,250,8,0,0
1,29,251,8,9,0
1,29,252,8,16,0
1,29,253,8,8,0
1,29,254,8,0,0
1,29,255,8,9,0
1,29,256,8,11,0
1,29,257,8,8,0
1,29,258,8,0,0
1,29,259,8,9,0
1,29,260,8,16,0
1,29,261,8,8,0
1,29,262,8,0,0
1,29,263,8,15,0
1,29,264,8,0,0
1,29,265,8,9,0
1,29,266,8,9,0
1,29,267,8,9,0
1,29,268,8,0,0
1,29,269,8,15,0
1,29,270,8,0,0
1,29,271,8,9,0
1,29,272,8,9,0
1,29,273,8,9,0
1,29,274,8,0,0
1,29,275,8,15,0
1,29,276,8,0,0
1,29,277,8,9,0
1,29,278,8,9,0
1,29,279,8,9,0
1,29,280,8,0,0
1,29,281,8,15,0
1,29,282,8,0,0
1,29,283,8,9,0
1,29,284,8,9,0
1,29,285,8,9,0
1,29,286,8,0,0
1,29,287,8,15,0
1,29,288,8,0,0
1,29,289,8,9,0
1,29,290,8,9,0
1,29,291,8,9,0
1,29,292,8,0,0
1,29,293,8,15,0
1,29,294,8,0,0
1,29,295,8,9,0
1,29,296,8,9,0
1,29,297,8,9,0
1,29,298,8,0,0
1,29,299,8,15,0
1,29,300,8,0,0
1,29,301,8,9,0
1,29,302,8,9,0
1,29,303,8,9,0
1,29,304,8,0,0
1,29,305,8,15,0
1,29,306,8,0,0
1,29,307,8,9,0
1,29,308,8,9,0
1,29,309,8,9,0
1,29,310,8,0,0
1,29,311,8,15,0
1,29,312,8,0,0
1,29,313,8,9,0
1,29,314,8,9,0
1,29,315,8,9,0
1,29,316,8,0,0
1,29,317,8,15,0
1,29,318,8,0,0
1,29,319,8,9,0
1,29,320,8,9,0
1,29,321,8,9,0
1,29,322,8,0,0
1,29,323,8,15,0
1,29,324,8,0,0
1,29,325,8,9,0
1,29,326,8,9,0
1,29,327,8,9,0
1,30,31,0,9,1
1,30,32,0,0,1
1,30,33,0,9,0
1,30,34,0,17,0
1,30,35,0,0,0
1,30,36,0,9,0
1,30,37,0,9,0
1,30,38,0,16,0
1,30,39,0,8,0
1,30,40,0,0,1
1,30,41,0,9,0
1,30,42,0,16,0
1,30,43,0,8,0
1,30,44,0,0,0
1,30,45,0,9,0
1,30,46,0,11,0
1,30,47,0,8,0
1,30,48,0,0,0
1,30,49,0,9,0
1,30,50,0,17,0
1,30,51,0,0,0
1,30,52,0,9,0
1,30,53,0,0,0
1,30,54,0,9,0
1,30,55,0,17,0
1,30,56,0,0,0
1,30,57,0,9,0
1,30,58,0,9,0
1,30,59,0,16,0
1,30,60,0,8,0
1,30,61,0,0,0
1,30,62,0,9,0
1,30,63,0,16,0
1,30,64,0,8,0
1,30,65,0,0,0
1,30,66,0,9,0
1,30,67,0,11,0
1,30,68,0,8,0
1,30,69,0,0,0
1,30,70,0,9,0
1,30,71,0,17,0
1,30,72,0,0,0
1,30,73,0,9,0
1,30,74,0,0,0
1,30,75,0,9,0
1,30,76,0,17,0
1,30,77,0,0,0
1,30,78,0,9,0
1,30,79,0,9,0
1,30,80,0,16,0
1,30,81,0,8,0
1,30,82,0,0,0
1,30,83,0,9,0
1,30,84,0,16,0
1,30,85,0,8,0
1,30,86,0,0,0
1,30,87,0,9,0
1,30,88,0,11,0
1,30,89,0,8,0
1,30,90,0,0,0
1,30,91,0,9,0
1,30,92,0,17,0
1,30,93,0,0,0
1,30,94,0,9,0
1,30,95,0,0,0
1,30,96,0,9,0
1,30,97,0,17,0
1,30,98,0,0,0
1,30,99,0,9,0
1,30,100,0,9,0
1,30,101,0,16,0
1,30,102,0,8,0
1,30,103,0,0,0
1,30,104,0,9,0
1,30,105,0,16,0
1,30,106,0,8,0
1,30,107,0,0,0
1,30,108,0,9,0
1,30,109,0,11,0
1,30,110,0,8,0
1,30,111,0,0,0
1,30,112,0,9,0
1,30,113,0,17,0
1,30,114,0,0,0
1,30,115,0,9,0
1,30,116,0,0,0
1,30,117,0,9,0
1,30,118,0,17,0
1,30,119,0,0,0
1,30,120,0,9,0
1,30,121,0,9,0
1,30,122,0,16,0
1,30,123,0,8,0
1,30,124,0,0,0
1,30,125,0,9,0
1,30,126,0,16,0
1,30,127,0,8,0
1,30,128,0,0,0
1,30,129,0,9,0
1,30,130,0,11,0
1,30,131,0,8,0
1,30,132,0,0,0
1,30,133,0,9,0
1,30,134,0,17,0
1,30,135,0,0,0
1,30,136,0,9,0
1,30,137,0,0,0
1,30,138,0,9,0
1,30,139,0,17,0
1,30,140,0,0,0
1,30,141,0,9,0
1,30,142,0,9,0
1,30,143,0,16,0
1,30,144,0,8,0
1,30,145,0,0,0
1,30,146,0,9,0
1,30,147,0,16,0
1,30,148,0,8,0
1,30,149,0,0,0
1,30,150,0,9,0
1,30,151,0,11,0
1,30,152,0,8,0
1,30,153,0,0,0
1,30,154,0,9,0
1,30,155,0,17,0
1,30,156,0,0,0
1,30,157,0,9,0
1,30,158,0,0,0
1,30,159,0,9,0
1,30,160,0,17,0
1,30,161,0,0,0
1,30,162,0,9,0
1,30,163,0,9,0
1,30,164,0,16,0
1,30,165,0,8,0
1,30,166,0,0,0
1,30,167,0,9,0
1,30,168,0,16,0
1,30,169,0,8,0
1,30,170,0,0,0
1,30,171,0,9,0
1,30,172,0,11,0
1,30,173,0,8,0
1,30,174,0,0,0
1,30,175,0,9,0
1,30,176,0,17,0
1,30,177,0,0,0
1,30,178,0,9,0
1,30,179,0,0,0
1,30,180,0,9,0
1,30,181,0,17,0
1,30,182,0,0,0
1,30,183,0,9,0
1,30,184,0,9,0
1,30,185,0,16,0
1,30,186,0,8,0
1,30,187,0,0,0
1,30,188,0,9,0
1,30,189,0,16,0
1,30,190,0,8,0
1,30,191,0,0,0
1,30,192,0,9,0
1,30,193,0,11,0
1,30,194,0,8,0
1,30,195,0,0,0
1,30,196,0,9,0
1,30,197,0,17,0
1,30,198,0,0,0
1,30,199,0,9,0
1,30,200,0,0,0
1,30,201,0,9,0
1,30,202,0,17,0
1,30,203,0,0,0
1,30,204,0,9,0
1,30,205,0,9,0
1,30,206,0,16,0
1,30,207,0,8,0
1,30,208,0,0,0
1,30,209,0,9,0
1,30,210,0,16,0
1,30,211,0,8,0
1,30,212,0,0,0
1,30,213,0,9,0
1,30,214,0,11,0
1,30,215,0,8,0
1,30,216,0,0,0
1,30,217,0,9,0
1,30,218,0,17,0
1,30,219,0,0,0
1,30,220,0,9,0
1,30,221,0,0,0
1,30,222,0,9,0
1,30,223,0,17,0
1,30,224,0,0,0
1,30,225,0,9,0
1,30,226,0,9,0
1,30,227,0,16,0
1,30,228,0,8,0
1,30,229,0,0,0
1,30,230,0,9,0
1,30,231,0,16,0
1,30,232,0,8,0
1,30,233,0,0,0
1,30,234,0,9,0
1,30,235,0,11,0
1,30,236,0,8,0
1,30,237,0,0,0
1,30,238,0,9,0
1,30,239,0,17,0
1,30,240,0,0,0
1,30,241,0,9,0
1,30,242,0,0,0
1,30,243,0,9,0
1,30,244,0,17,0
1,30,245,0,0,0
1,30,246,0,9,0
1,30,247,0,9,0
1,30,248,0,16,0
1,30,249,0,8,0
1,30,250,0,0,0
1,30,251,0,9,0
1,30,252,0,16,0
1,30,253,0,8,0
1,30,254,0,0,0
1,30,255,0,9,0
1,30,256,0,11,0
1,30,257,0,8,0
1,30,258,0,0,0
1,30,259,0,9,0
1,30,260,0,16,0
1,30,261,0,8,0
1,30,262,0,0,0
1,30,263,0,15,0
1,30,264,0,0,0
1,30,265,0,9,0
1,30,266,0,9,0
1,30,267,0,9,0
1,30,268,0,0,0
1,30,269,0,15,0
1,30,270,0,0,0
1,30,271,0,9,0
1,30,272,0,9,0
1,30,273,0,9,0
1,30,274,0,0,0
1,30,275,0,15,0
1,30,276,0,0,0
1,30,277,0,9,0
1,30,278,0,9,0
1,30,279,0,9,0
1,30,280,0,0,0
1,30,281,0,15,0
1,30,282,0,0,0
1,30,283,0,9,0
1,30,284,0,9,0
1,30,285,0,9,0
1,30,286,0,0,0
1,30,287,0,15,0
1,30,288,0,0,0
1,30,289,0,9,0
1,30,290,0,9,0
1,30,291,0,9,0
1,30,292,0,0,0
1,30,293,0,15,0
1,30,294,0,0,0
1,30,295,0,9,0
1,30,296,0,9,0
1,30,297,0,9,0
1,30,298,0,0,0
1,30,299,0,15,0
1,30,300,0,0,0
1,30,301,0,9,0
1,30,302,0,9,0
1,30,303,0,9,0
1,30,304,0,0,0
1,30,305,0,15,0
1,30,306,0,0,0
1,30,307,0,9,0
1,30,308,0,9,0
1,30,309,0,9,0
1,30,310,0,0,0
1,30,311,0,15,0
1,30,312,0,0,0
1,30,313,0,9,0
1,30,314,0,9,0
1,30,315,0,9,0
1,30,316,0,0,0
1,30,317,0,15,0
1,30,318,0,0,0
1,30,319,0,9,0
1,30,320,0,9,0
1,30,321,0,9,0
1,30,322,0,0,0
1,30,323,0,15,0
1,30,324,0,0,0
1,30,325,0,9,0
1,30,326,0,9,0
1,30,327,0,9,0
1,31,32,9,0,0
1,31,33,9,9,0
1,31,34,9,17,0
1,31,35,9,0,0
1,31,36,9,9,0
1,31,37,9,9,0
1,31,38,9,16,0
1,31,39,9,8,0
1,31,40,9,0,0
1,31,41,9,9,0
1,31,42,9,16,0
1,31,43,9,8,0
1,31,44,9,0,0
1,31,45,9,9,0
1,31,46,9,11,0
1,31,47,9,8,0
1,31,48,9,0,0
1,31,49,9,9,0
1,31,50,9,17,0
1,31,51,9,0,0
1,31,52,9,9,0
1,31,53,9,0,0
1,31,54,9,9,0
1,31,55,9,17,0
1,31,56,9,0,0
1,31,57,9,9,0
1,31,58,9,9,0
1,31,59,9,16,0
1,31,60,9,8,0
1,31,61,9,0,0
1,31,62,9,9,0
1,31,63,9,16,0
1,31,64,9,8,0
1,31,65,9,0,0
1,31,66,9,9,0
1,31,67,9,11,0
1,31,68,9,8,0
1,31,69,9,0,0
1,31,70,9,9,0
1,31,71,9,17,0
1,31,72,9,0,0
1,31,73,9,9,0
1,31,74,9,0,0
1,31,75,9,9,0
1,31,76,9,17,0
1,31,77,9,0,0
1,31,78,9,9,0
1,31,79,9,9,0
1,31,80,9,16,0
1,31,81,9,8,0
1,31,82,9,0,0
1,31,83,9,9,0
1,31,84,9,16,0
1,31,85,9,8,0
1,31,86,9,0,0
1,31,87,9,9,0
1,31,88,9,11,0
1,31,89,9,8,0
1,31,90,9,0,0
1,31,91,9,9,0
1,31,92,9,17,0
1,31,93,9,0,0
1,31,94,9,9,0
1,31,95,9,0,0
1,31,96,9,9,0
1,31,97,9,17,0
1,31,98,9,0,0
1,31,99,9,9,0
1,31,100,9,9,0
1,31,101,9,16,0
1,31,102,9,8,0
1,31,103,9,0,0
1,31,104,9,9,0
1,31,105,9,16,0
1,31,106,9,8,0
1,31,107,9,0,0
1,31,108,9,9,0
1,31,109,9,11,0
1,31,110,9,8,0
1,31,111,9,0,0
1,31,112,9,9,0
1,31,113,9,17,0
1,31,114,9,0,0
1,31,115,9,9,0
1,31,116,9,0,0
1,31,117,9,9,0
1,31,118,9,17,0
1,31,119,9,0,0
1,31,120,9,9,0
1,31,121,9,9,0
1,31,122,9,16,0
1,31,123,9,8,0
1,31,124,9,0,0
1,31,125,9,9,0
1,31,126,9,16,0
1,31,127,9,8,0
1,31,128,9,0,0
1,31,129,9,9,0
1,31,130,9,11,0
1,31,131,9,8,0
1,31,132,9,0,0
1,31,133,9,9,0
1,31,134,9,17,0
1,31,135,9,0,0
1,31,136,9,9,0
1,31,137,9,0,0
1,31,138,9,9,0
1,31,139,9,17,0
1,31,140,9,0,0
1,31,141,9,9,0
1,31,142,9,9,0
1,31,143,9,16,0
1,31,144,9,8,0
1,31,145,9,0,0
1,31,146,9,9,0
1,31,147,9,16,0
1,31,148,9,8,0
1,31,149,9,0,0
1,31,150,9,9,0
1,31,151,9,11,0
1,31,152,9,8,0
1,31,153,9,0,0
1,31,154,9,9,0
1,31,155,9,17,0
1,31,156,9,0,0
1,31,157,9,9,0
1,31,158,9,0,0
1,31,159,9,9,0
1,31,160,9,17,0
1,31,161,9,0,0
1,31,162,9,9,0
1,31,163,9,9,0
1,31,164,9,16,0
1,31,165,9,8,0
1,31,166,9,0,0
1,31,167,9,9,0
1,31,168,9,16,0
1,31,169,9,8,0
1,31,170,9,0,0
1,31,171,9,9,0
1,31,172,9,11,0
1,31,173,9,8,0
1,31,174,9,0,0
1,31,175,9,9,0
1,31,176,9,17,0
1,31,177,9,0,0
1,31,178,9,9,0
1,31,179,9,0,0
1,31,180,9,9,0
1,31,181,9,17,0
1,31,182,9,0,0
1,31,183,9,9,0
1,31,184,9,9,0
1,31,185,9,16,0
1,31,186,9,8,0
1,31,187,9,0,0
1,31,188,9,9,0
1,31,189,9,16,0
1,31,190,9,8,0
1,31,191,9,0,0
1,31,192,9,9,0
1,31,193,9,11,0
1,31,194,9,8,0
1,31,195,9,0,0
1,31,196,9,9,0
1,31,197,9,17,0
1,31,198,9,0,0
1,31,199,9,9,0
1,31,200,9,0,0
1,31,201,9,9,0
1,31,202,9,17,0
1,31,203,9,0,0
1,31,204,9,9,0
1,31,205,9,9,0
1,31,206,9,16,0
1,31,207,9,8,0
1,31,208,9,0,0
1,31,209,9,9,0
1,31,210,9,16,0
1,31,211,9,8,0
1,31,212,9,0,0
1,31,213,9,9,0
1,31,214,9,11,0
1,31,215,9,8,0
1,31,216,9,0,0
1,31,217,9,9,0
1,31,218,9,17,0
1,31,219,9,0,0
1,31,220,9,9,0
1,31,221,9,0,0
1,31,222,9,9,0
1,31,223,9,17,0
1,31,224,9,0,0
1,31,225,9,9,0
1,31,226,9,9,0
1,31,227,9,16,0
1,31,228,9,8,0
1,31,229,9,0,0
1,31,230,9,9,0
1,31,231,9,16,0
1,31,232,9,8,0
1,31,233,9,0,0
1,31,234,9,9,0
1,31,235,9,11,0
1,31,236,9,8,0
1,31,237,9,0,0
1,31,238,9,9,0
1,31,239,9,17,0
1,31,240,9,0,0
1,31,241,9,9,0
1,31,242,9,0,0
1,31,243,9,9,0
1,31,244,9,17,0
1,31,245,9,0,0
1,31,246,9,9,0
1,31,247,9,9,0
1,31,248,9,16,0
1,31,249,9,8,0
1,31,250,9,0,0
1,31,251,9,9,0
1,31,252,9,16,0
1,31,253,9,8,0
1,31,254,9,0,0
1,31,255,9,9,0
1,31,256,9,11,0
1,31,257,9,8,0
1,31,258,9,0,0
1,31,259,9,9,0
1,31,260,9,16,0
1,31,261,9,8,0
1,31,262,9,0,0
1,31,263,9,15,0
1,31,264,9,0,0
1,31,265,9,9,0
1,31,266,9,9,0
1,31,267,9,9,0
1,31,268,9,0,0
1,31,269,9,15,0
1,31,270,9,0,0
1,31,271,9,9,0
1,31,272,9,9,0
1,31,273,9,9,0
1,31,274,9,0,0
1,31,275,9,15,0
1,31,276,9,0,0
1,31,277,9,9,0
1,31,278,9,9,0
1,31,279,9,9,0
1,31,280,9,0,0
1,31,281,9,15,0
1,31,282,9,0,0
1,31,283,9,9,0
1,31,284,9,9,0
1,31,285,9,9,0
1,31,286,9,0,0
1,31,287,9,15,0
1,31,288,9,0,0
1,31,289,9,9,0
1,31,290,9,9,0
1,31,291,9,9,0
1,31,292,9,0,0
1,31,293,9,15,0
1,31,294,9,0,0
1,31,295,9,9,0
1,31,296,9,9,0
1,31,297,9,9,0
1,31,298,9,0,0
1,31,299,9,15,0
1,31,300,9,0,0
1,31,301,9,9,0
1,31,302,9,9,0
1,31,303,9,9,0
1,31,304,9,0,0
1,31,305,9,15,0
1,31,306,9,0,0
1,31,307,9,9,0
1,31,308,9,9,0
1,31,309,9,9,0
1,31,310,9,0,0
1,31,311,9,15,0
1,31,312,9,0,0
1,31,313,9,9,0
1,31,314,9,9,0
1,31,315,9,9,0
1,31,316,9,0,0
1,31,317,9,15,0
1,31,318,9,0,0
1,31,319,9,9,0
1,31,320,9,9,0
1,31,321,9,9,0
1,31,322,9,0,0
1,31,323,9,15,0
1,31,324,9,0,0
1,31,325,9,9,0
1,31,326,9,9,0
1,31,327,9,9,0
1,32,33,0,9,1
1,32,34,0,17,1
1,32,35,0,0,1
1,32,36,0,9,0
1,32,37,0,9,0
1,32,38,0,16,0
1,32,39,0,8,0
1,32,40,0,0,0
1,32,41,0,9,0
1,32,42,0,16,0
1,32,43,0,8,0
1,32,44,0,0,0
1,32,45,0,9,0
1,32,46,0,11,0
1,32,47,0,8,0
1,32,48,0,0,0
1,32,49,0,9,0
1,32,50,0,17,0
1,32,51,0,0,0
1,32,52,0,9,0
1,32,53,0,0,0
1,32,54,0,9,0
1,32,55,0,17,0
1,32,56,0,0,0
1,32,57,0,9,0
1,32,58,0,9,0
1,32,59,0,16,0
1,32,60,0,8,0
1,32,61,0,0,0
1,32,62,0,9,0
1,32,63,0,16,0
1,32,64,0,8,0
1,32,65,0,0,0
1,32,66,0,9,0
1,32,67,0,11,0
1,32,68,0,8,0
1,32,69,0,0,0
1,32,70,0,9,0
1,32,71,0,17,0
1,32,72,0,0,0
1,32,73,0,9,0
1,32,74,0,0,0
1,32,75,0,9,0
1,32,76,0,17,0
1,32,77,0,0,0
1,32,78,0,9,0
1,32,79,0,9,0
1,32,80,0,16,0
1,32,81,0,8,0
1,32,82,0,0,0
1,32,83,0,9,0
1,32,84,0,16,0
1,32,85,0,8,0
1,32,86,0,0,0
1,32,87,0,9,0
1,32,88,0,11,0
1,32,89,0,8,0
1,32,90,0,0,0
1,32,91,0,9,0
1,32,92,0,17,0
1,32,93,0,0,0
1,32,94,0,9,0
1,32,95,0,0,0
1,32,96,0,9,0
1,32,97,0,17,0
1,32,98,0,0,0
1,32,99,0,9,0
1,32,100,0,9,0
1,32,101,0,16,0
1,32,102,0,8,0
1,32,103,0,0,0
1,32,104,0,9,0
1,32,105,0,16,0
1,32,106,0,8,0
1,32,107,0,0,0
1,32,108,0,9,0
1,32,109,0,11,0
1,32,110,0,8,0
1,32,111,0,0,0
1,32,112,0,9,0
1,32,113,0,17,0
1,32,114,0,0,0
1,32,115,0,9,0
1,32,116,0,0,0
1,32,117,0,9,0
1,32,118,0,17,0
1,32,119,0,0,0
1,32,120,0,9,0
1,32,121,0,9,0
1,32,122,0,16,0
1,32,123,0,8,0
1,32,124,0,0,0
1,32,125,0,9,0
1,32,126,0,16,0
1,32,127,0,8,0
1,32,128,0,0,0
1,32,129,0,9,0
1,32,130,0,11,0
1,32,131,0,8,0
1,32,132,0,0,0
1,32,133,0,9,0
1,32,134,0,17,0
1,32,135,0,0,0
1,32,136,0,9,0
1,32,137,0,0,0
1,32,138,0,9,0
1,32,139,0,17,0
1,32,140,0,0,0
1,32,141,0,9,0
1,32,142,0,9,0
1,32,143,0,16,0
1,32,144,0,8,0
1,32,145,0,0,0
1,32,146,0,9,0
1,32,147,0,16,0
1,32,148,0,8,0
1,32,149,0,0,0
1,32,150,0,9,0
1,32,151,0,11,0
1,32,152,0,8,0
1,32,153,0,0,0
1,32,154,0,9,0
1,32,155,0,17,0
1,32,156,0,0,0
1,32,157,0,9,0
1,32,158,0,0,0
1,32,159,0,9,0
1,32,160,0,17,0
1,32,161,0,0,0
1,32,162,0,9,0
1,32,163,0,9,0
1,32,164,0,16,0
1,32,165,0,8,0
1,32,166,0,0,0
1,32,167,0,9,0
1,32,168,0,16,0
1,32,169,0,8,0
1,32,170,0,0,0
1,32,171,0,9,0
1,32,172,0,11,0
1,32,173,0,8,0
1,32,174,0,0,0
1,32,175,0,9,0
1,32,176,0,17,0
1,32,177,0,0,0
1,32,178,0,9,0
1,32,179,0,0,0
1,32,180,0,9,0
1,32,181,0,17,0
1,32,182,0,0,0
1,32,183,0,9,0
1,32,184,0,9,0
1,32,185,0,16,0
1,32,186,0,8,0
1,32,187,0,0,0
1,32,188,0,9,0
1,32,189,0,16,0
1,32,190,0,8,0
1,32,191,0,0,0
1,32,192,0,9,0
1,32,193,0,11,0
1,32,194,0,8,0
1,32,195,0,0,0
1,32,196,0,9,0
1,32,197,0,17,0
1,32,198,0,0,0
1,32,199,0,9,0
1,32,200,0,0,0
1,32,201,0,9,0
1,32,202,0,17,0
1,32,203,0,0,0
1,32,204,0,9,0
1,32,205,0,9,0
1,32,206,0,16,0
1,32,207,0,8,0
1,32,208,0,0,0
1,32,209,0,9,0
1,32,210,0,16,0
1,32,211,0,8,0
1,32,212,0,0,0
1,32,213,0,9,0
1,32,214,0,11,0
1,32,215,0,8,0
1,32,216,0,0,0
1,32,217,0,9,0
1,32,218,0,17,0
1,32,219,0,0,0
1,32,220,0,9,0
1,32,221,0,0,0
1,32,222,0,9,0
1,32,223,0,17,0
1,32,224,0,0,0
1,32,225,0,9,0
1,32,226,0,9,0
1,32,227,0,16,0
1,32,228,0,8,0
1,32,229,0,0,0
1,32,230,0,9,0
1,32,231,0,16,0
1,32,232,0,8,0
1,32,233,0,0,0
1,32,234,0,9,0
1,32,235,0,11,0
1,32,236,0,8,0
1,32,237,0,0,0
1,32,238,0,9,0
1,32,239,0,17,0
1,32,240,0,0,0
1,32,241,0,9,0
1,32,242,0,0,0
1,32,243,0,9,0
1,32,244,0,17,0
1,32,245,0,0,0
1,32,246,0,9,0
1,32,247,0,9,0
1,32,248,0,16,0
1,32,249,0,8,0
1,32,250,0,0,0
1,32,251,0,9,0
1,32,252,0,16,0
1,32,253,0,8,0
1,32,254,0,0,0
1,32,255,0,9,0
1,32,256,0,11,0
1,32,257,0,8,0
1,32,258,0,0,0
1,32,259,0,9,0
1,32,260,0,16,0
1,32,261,0,8,0
1,32,262,0,0,0
1,32,263,0,15,0
1,32,264,0,0,0
1,32,265,0,9,0
1,32,266,0,9,0
1,32,267,0,9,0
1,32,268,0,0,0
1,32,269,0,15,0
1,32,270,0,0,0
1,32,271,0,9,0
1,32,272,0,9,0
1,32,273,0,9,0
1,32,274,0,0,0
1,32,275,0,15,0
1,32,276,0,0,0
1,32,277,0,9,0
1,32,278,0,9,0
1,32,279,0,9,0
1,32,280,0,0,0
1,32,281,0,15,0
1,32,282,0,0,0
1,32,283,0,9,0
1,32,284,0,9,0
1,32,285,0,9,0
1,32,286,0,0,0
1,32,287,0,15,0
1,32,288,0,0,0
1,32,289,0,9,0
1,32,290,0,9,0
1,32,291,0,9,0
1,32,292,0,0,0
1,32,293,0,15,0
1,32,294,0,0,0
1,32,295,0,9,0
1,32,296,0,9,0
1,32,297,0,9,0
1,32,298,0,0,0
1,32,299,0,15,0
1,32,300,0,0,0
1,32,301,0,9,0
1,32,302,0,9,0
1,32,303,0,9,0
1,32,304,0,0,0
1,32,305,0,15,0
1,32,306,0,0,0
1,32,307,0,9,0
1,32,308,0,9,0
1,32,309,0,9,0
1,32,310,0,0,0
1,32,311,0,15,0
1,32,312,0,0,0
1,32,313,0,9,0
1,32,314,0,9,0
1,32,315,0,9,0
1,32,316,0,0,0
1,32,317,0,15,0
1,32,318,0,0,0
1,32,319,0,9,0
1,32,320,0,9,0
1,32,321,0,9,0
1,32,322,0,0,0
1,32,323,0,15,0
1,32,324,0,0,0
1,32,325,0,9,0
1,32,326,0,9,0
1,32,327,0,9,0
1,33,34,9,17,0
1,33,35,9,0,0
1,33,36,9,9,0
1,33,37,9,9,0
1,33,38,9,16,0
1,33,39,9,8,0
1,33,40,9,0,0
1,33,41,9,9,0
1,33,42,9,16,0
1,33,43,9,8,0
1,33,44,9,0,0
1,33,45,9,9,0
1,33,46,9,11,0
1,33,47,9,8,0
1,33,48,9,0,0
1,33,49,9,9,0
1,33,50,9,17,0
1,33,51,9,0,0
1,33,52,9,9,0
1,33,53,9,0,0
1,33,54,9,9,0
1,33,55,9,17,0
1,33,56,9,0,0
1,33,57,9,9,0
1,33,58,9,9,0
1,33,59,9,16,0
1,33,60,9,8,0
1,33,61,9,0,0
1,33,62,9,9,0
1,33,63,9,16,0
1,33,64,9,8,0
1,33,65,9,0,0
1,33,66,9,9,0
1,33,67,9,11,0
1,33,68,9,8,0
1,33,69,9,0,0
1,33,70,9,9,0
1,33,71,9,17,0
1,33,72,9,0,0
1,33,73,9,9,0
1,33,74,9,0,0
1,33,75,9,9,0
1,33,76,9,17,0
1,33,77,9,0,0
1,33,78,9,9,0
1,33,79,9,9,0
1,33,80,9,16,0
1,33,81,9,8,0
1,33,82,9,0,0
1,33,83,9,9,0
1,33,84,9,16,0
1,33,85,9,8,0
1,33,86,9,0,0
1,33,87,9,9,0
1,33,88,9,11,0
1,33,89,9,8,0
1,33,90,9,0,0
1,33,91,9,9,0
1,33,92,9,17,0
1,33,93,9,0,0
1,33,94,9,9,0
1,33,95,9,0,0
1,33,96,9,9,0
1,33,97,9,17,0
1,33,98,9,0,0
1,33,99,9,9,0
1,33,100,9,9,0
1,33,101,9,16,0
1,33,102,9,8,0
1,33,103,9,0,0
1,33,104,9,9,0
1,33,105,9,16,0
1,33,106,9,8,0
1,33,107,9,0,0
1,33,108,9,9,0
1,33,109,9,11,0
1,33,110,9,8,0
1,33,111,9,0,0
1,33,112,9,9,0
1,33,113,9,17,0
1,33,114,9,0,0
1,33,115,9,9,0
1,33,116,9,0,0
1,33,117,9,9,0
1,33,118,9,17,0
1,33,119,9,0,0
1,33,120,9,9,0
1,33,121,9,9,0
1,33,122,9,16,0
1,33,123,9,8,0
1,33,124,9,0,0
1,33,125,9,9,0
1,33,126,9,16,0
1,33,127,9,8,0
1,33,128,9,0,0
1,33,129,9,9,0
1,33,130,9,11,0
1,33,131,9,8,0
1,33,132,9,0,0
1,33,133,9,9,0
1,33,134,9,17,0
1,33,135,9,0,0
1,33,136,9,9,0
1,33,137,9,0,0
1,33,138,9,9,0
1,33,139,9,17,0
1,33,140,9,0,0
1,33,141,9,9,0
1,33,142,9,9,0
1,33,143,9,16,0
1,33,144,9,8,0
1,33,145,9,0,0
1,33,146,9,9,0
1,33,147,9,16,0
1,33,148,9,8,0
1,33,149,9,0,0
1,33,150,9,9,0
1,33,151,9,11,0
1,33,152,9,8,0
1,33,153,9,0,0
1,33,154,9,9,0
1,33,155,9,17,0
1,33,156,9,0,0
1,33,157,9,9,0
1,33,158,9,0,0
1,33,159,9,9,0
1,33,160,9,17,0
1,33,161,9,0,0
1,33,162,9,9,0
1,33,163,9,9,0
1,33,164,9,16,0
1,33,165,9,8,0
1,33,166,9,0,0
1,33,167,9,9,0
1,33,168,9,16,0
1,33,169,9,8,0
1,33,170,9,0,0
1,33,171,9,9,0
1,33,172,9,11,0
1,33,173,9,8,0
1,33,174,9,0,0
1,33,175,9,9,0
1,33,176,9,17,0
1,33,177,9,0,0
1,33,178,9,9,0
1,33,179,9,0,0
1,33,180,9,9,0
1,33,181,9,17,0
1,33,182,9,0,0
1,33,183,9,9,0
1,33,184,9,9,0
1,33,185,9,16,0
1,33,186,9,8,0
1,33,187,9,0,0
1,33,188,9,9,0
1,33,189,9,16,0
1,33,190,9,8,0
1,33,191,9,0,0
1,33,192,9,9,0
1,33,193,9,11,0
1,33,194,9,8,0
1,33,195,9,0,0
1,33,196,9,9,0
1,33,197,9,17,0
1,33,198,9,0,0
1,33,199,9,9,0
1,33,200,9,0,0
1,33,201,9,9,0
1,33,202,9,17,0
1,33,203,9,0,0
1,33,204,9,9,0
1,33,205,9,9,0
1,33,206,9,16,0
1,33,207,9,8,0
1,33,208,9,0,0
1,33,209,9,9,0
1,33,210,9,16,0
1,33,211,9,8,0
1,33,212,9,0,0
1,33,213,9,9,0
1,33,214,9,11,0
1,33,215,9,8,0
1,33,216,9,0,0
1,33,217,9,9,0
1,33,218,9,17,0
1,33,219,9,0,0
1,33,220,9,9,0
1,33,221,9,0,0
1,33,222,9,9,0
1,33,223,9,17,0
1,33,224,9,0,0
1,33,225,9,9,0
1,33,226,9,9,0
1,33,227,9,16,0
1,33,228,9,8,0
1,33,229,9,0,0
1,33,230,9,9,0
1,33,231,9,16,0
1,33,232,9,8,0
1,33,233,9,0,0
1,33,234,9,9,0
1,33,235,9,11,0
1,33,236,9,8,0
1,33,237,9,0,0
1,33,238,9,9,0
1,33,239,9,17,0
1,33,240,9,0,0
1,33,241,9,9,0
1,33,242,9,0,0
1,33,243,9,9,0
1,33,244,9,17,0
1,33,245,9,0,0
1,33,246,9,9,0
1,33,247,9,9,0
1,33,248,9,16,0
1,33,249,9,8,0
1,33,250,9,0,0
1,33,251,9,9,0
1,33,252,9,16,0
1,33,253,9,8,0
1,33,254,9,0,0
1,33,255,9,9,0
1,33,256,9,11,0
1,33,257,9,8,0
1,33,258,9,0,0
1,33,259,9,9,0
1,33,260,9,16,0
1,33,261,9,8,0
1,33,262,9,0,0
1,33,263,9,15,0
1,33,264,9,0,0
1,33,265,9,9,0
1,33,266,9,9,0
1,33,267,9,9,0
1,33,268,9,0,0
1,33,269,9,15,0
1,33,270,9,0,0
1,33,271,9,9,0
1,33,272,9,9,0
1,33,273,9,9,0
1,33,274,9,0,0
1,33,275,9,15,0
1,33,276,9,0,0
1,33,277,9,9,0
1,33,278,9,9,0
1,33,279,9,9,0
1,33,280,9,0,0
1,33,281,9,15,0
1,33,282,9,0,0
1,33,283,9,9,0
1,33,284,9,9,0
1,33,285,9,9,0
1,33,286,9,0,0
1,33,287,9,15,0
1,33,288,9,0,0
1,33,289,9,9,0
1,33,290,9,9,0
1,33,291,9,9,0
1,33,292,9,0,0
1,33,293,9,15,0
1,33,294,9,0,0
1,33,295,9,9,0
1,33,296,9,9,0
1,33,297,9,9,0
1,33,298,9,0,0
1,33,299,9,15,0
1,33,300,9,0,0
1,33,301,9,9,0
1,33,302,9,9,0
1,33,303,9,9,0
1,33,304,9,0,0
1,33,305,9,15,0
1,33,306,9,0,0
1,33,307,9,9,0
1,33,308,9,9,0
1,33,309,9,9,0
1,33,310,9,0,0
1,33,311,9,15,0
1,33,312,9,0,0
1,33,313,9,9,0
1,33,314,9,9,0
1,33,315,9,9,0
1,33,316,9,0,0
1,33,317,9,15,0
1,33,318,9,0,0
1,33,319,9,9,0
1,33,320,9,9,0
1,33,321,9,9,0
1,33,322,9,0,0
1,33,323,9,15,0
1,33,324,9,0,0
1,33,325,9,9,0
1,33,326,9,9,0
1,33,327,9,9,0
1,34,35,17,0,0
1,34,36,17,9,0
1,34,37,17,9,0
1,34,38,17,16,0
1,34,39,17,8,0
1,34,40,17,0,0
1,34,41,17,9,0
1,34,42,17,16,0
1,34,43,17,8,0
1,34,44,17,0,0
1,34,45,17,9,0
1,34,46,17,11,0
1,34,47,17,8,0
1,34,48,17,0,1
1,34,49,17,9,0
1,34,50,17,17,0
1,34,51,17,0,0
1,34,52,17,9,0
1,34,53,17,0,0
1,34,54,17,9,0
1,34,55,17,17,0
1,34,56,17,0,0
1,34,57,17,9,0
1,34,58,17,9,0
1,34,59,17,16,0
1,34,60,17,8,0
1,34,61,17,0,0
1,34,62,17,9,0
1,34,63,17,16,0
1,34,64,17,8,0
1,34,65,17,0,0
1,34,66,17,9,0
1,34,67,17,11,0
1,34,68,17,8,0
1,34,69,17,0,0
1,34,70,17,9,0
1,34,71,17,17,0
1,34,72,17,0,0
1,34,73,17,9,0
1,34,74,17,0,0
1,34,75,17,9,0
1,34,76,17,17,0
1,34,77,17,0,0
1,34,78,17,9,0
1,34,79,17,9,0
1,34,80,17,16,0
1,34,81,17,8,0
1,34,82,17,0,0
1,34,83,17,9,0
1,34,84,17,16,0
1,34,85,17,8,0
1,34,86,17,0,0
1,34,87,17,9,0
1,34,88,17,11,0
1,34,89,17,8,0
1,34,90,17,0,0
1,34,91,17,9,0
1,34,92,17,17,0
1,34,93,17,0,0
1,34,94,17,9,0
1,34,95,17,0,0
1,34,96,17,9,0
1,34,97,17,17,0
1,34,98,17,0,0
1,34,99,17,9,0
1,34,100,17,9,0
1,34,101,17,16,0
1,34,102,17,8,0
1,34,103,17,0,0
1,34,104,17,9,0
1,34,105,17,16,0
1,34,106,17,8,0
1,34,107,17,0,0
1,34,108,17,9,0
1,34,109,17,11,0
1,34,110,17,8,0
1,34,111,17,0,0
1,34,112,17,9,0
1,34,113,17,17,0
1,34,114,17,0,0
1,34,115,17,9,0
1,34,116,17,0,0
1,34,117,17,9,0
1,34,118,17,17,0
1,34,119,17,0,0
1,34,120,17,9,0
1,34,121,17,9,0
1,34,122,17,16,0
1,34,123,17,8,0
1,34,124,17,0,0
1,34,125,17,9,0
1,34,126,17,16,0
1,34,127,17,8,0
1,34,128,17,0,0
1,34,129,17,9,0
1,34,130,17,11,0
1,34,131,17,8,0
1,34,132,17,0,0
1,34,133,17,9,0
1,34,134,17,17,0
1,34,135,17,0,0
1,34,136,17,9,0
1,34,137,17,0,0
1,34,138,17,9,0
1,34,139,17,17,0
1,34,140,17,0,0
1,34,141,17,9,0
1,34,142,17,9,0
1,34,143,17,16,0
1,34,144,17,8,0
1,34,145,17,0,0
1,34,146,17,9,0
1,34,147,17,16,0
1,34,148,17,8,0
1,34,149,17,0,0
1,34,150,17,9,0
1,34,151,17,11,0
1,34,152,17,8,0
1,34,153,17,0,0
1,34,154,17,9,0
1,34,155,17,17,0
1,34,156,17,0,0
1,34,157,17,9,0
1,34,158,17,0,0
1,34,159,17,9,0
1,34,160,17,17,0
1,34,161,17,0,0
1,34,162,17,9,0
1,34,163,17,9,0
1,34,164,17,16,0
1,34,165,17,8,0
1,34,166,17,0,0
1,34,167,17,9,0
1,34,168,17,16,0
1,34,169,17,8,0
1,34,170,17,0,0
1,34,171,17,9,0
1,34,172,17,11,0
1,34,173,17,8,0
1,34,174,17,0,0
1,34,175,17,9,0
1,34,176,17,17,0
1,34,177,17,0,0
1,34,178,17,9,0
1,34,179,17,0,0
1,34,180,17,9,0
1,34,181,17,17,0
1,34,182,17,0,0
1,34,183,17,9,0
1,34,184,17,9,0
1,34,185,17,16,0
1,34,186,17,8,0
1,34,187,17,0,0
1,34,188,17,9,0
1,34,189,17,16,0
1,34,190,17,8,0
1,34,191,17,0,0
1,34,192,17,9,0
1,34,193,17,11,0
1,34,194,17,8,0
1,34,195,17,0,0
1,34,196,17,9,0
1,34,197,17,17,0
1,34,198,17,0,0
1,34,199,17,9,0
1,34,200,17,0,0
1,34,201,17,9,0
1,34,202,17,17,0
1,34,203,17,0,0
1,34,204,17,9,0
1,34,205,17,9,0
1,34,206,17,16,0
1,34,207,17,8,0
1,34,208,17,0,0
1,34,209,17,9,0
1,34,210,17,16,0
1,34,211,17,8,0
1,34,212,17,0,0
1,34,213,17,9,0
1,34,214,17,11,0
1,34,215,17,8,0
1,34,216,17,0,0
1,34,217,17,9,0
1,34,218,17,17,0
1,34,219,17,0,0
1,34,220,17,9,0
1,34,221,17,0,0
1,34,222,17,9,0
1,34,223,17,17,0
1,34,224,17,0,0
1,34,225,17,9,0
1,34,226,17,9,0
1,34,227,17,16,0
1,34,228,17,8,0
1,34,229,17,0,0
1,34,230,17,9,0
1,34,231,17,16,0
1,34,232,17,8,0
1,34,233,17,0,0
1,34,234,17,9,0
1,34,235,17,11,0
1,34,236,17,8,0
1,34,237,17,0,0
1,34,238,17,9,0
1,34,239,17,17,0
1,34,240,17,0,0
1,34,241,17,9,0
1,34,242,17,0,0
1,34,243,17,9,0
1,34,244,17,17,0
1,34,245,17,0,0
1,34,246,17,9,0
1,34,247,17,9,0
1,34,248,17,16,0
1,34,249,17,8,0
1,34,250,17,0,0
1,34,251,17,9,0
1,34,252,17,16,0
1,34,253,17,8,0
1,34,254,17,0,0
1,34,255,17,9,0
1,34,256,17,11,0
1,34,257,17,8,0
1,34,258,17,0,0
1,34,259,17,9,0
1,34,260,17,16,0
1,34,261,17,8,0
1,34,262,17,0,0
1,34,263,17,15,0
1,34,264,17,0,0
1,34,265,17,9,0
1,34,266,17,9,0
1,34,267,17,9,0
1,34,268,17,0,0
1,34,269,17,15,0
1,34,270,17,0,0
1,34,271,17,9,0
1,34,272,17,9,0
1,34,273,17,9,0
1,34,274,17,0,0
1,34,275,17,15,0
1,34,276,17,0,0
1,34,277,17,9,0
1,34,278,17,9,0
1,34,279,17,9,0
1,34,280,17,0,0
1,34,281,17,15,0
1,34,282,17,0,0
1,34,283,17,9,0
1,34,284,17,9,0
1,34,285,17,9,0
1,34,286,17,0,0
1,34,287,17,15,0
1,34,288,17,0,0
1,34,289,17,9,0
1,34,290,17,9,0
1,34,291,17,9,0
1,34,292,17,0,0
1,34,293,17,15,0
1,34,294,17,0,0
1,34,295,17,9,0
1,34,296,17,9,0
1,34,297,17,9,0
1,34,298,17,0,0
1,34,299,17,15,0
1,34,300,17,0,0
1,34,301,17,9,0
1,34,302,17,9,0
1,34,303,17,9,0
1,34,304,17,0,0
1,34,305,17,15,0
1,34,306,17,0,0
1,34,307,17,9,0
1,34,308,17,9,0
1,34,309,17,9,0
1,34,310,17,0,0
1,34,311,17,15,0
1,34,312,17,0,0
1,34,313,17,9,0
1,34,314,17,9,0
1,34,315,17,9,0
1,34,316,17,0,0
1,34,317,17,15,0
1,34,318,17,0,0
1,34,319,17,9,0
1,34,320,17,9,0
1,34,321,17,9,0
1,34,322,17,0,0
1,34,323,17,15,0
1,34,324,17,0,0
1,34,325,17,9,0
1,34,326,17,9,0
1,34,327,17,9,0
1,35,36,0,9,1
1,35,37,0,9,1
1,35,38,0,16,1
1,35,39,0,8,0
1,35,40,0,0,0
1,35,41,0,9,0
1,35,42,0,16,0
1,35,43,0,8,0
1,35,44,0,0,0
1,35,45,0,9,0
1,35,46,0,11,0
1,35,47,0,8,0
1,35,48,0,0,0
1,35,49,0,9,0
1,35,50,0,17,0
1,35,51,0,0,0
1,35,52,0,9,0
1,35,53,0,0,0
1,35,54,0,9,0
1,35,55,0,17,0
1,35,56,0,0,0
1,35,57,0,9,0
1,35,58,0,9,0
1,35,59,0,16,0
1,35,60,0,8,0
1,35,61,0,0,0
1,35,62,0,9,0
1,35,63,0,16,0
1,35,64,0,8,0
1,35,65,0,0,0
1,35,66,0,9,0
1,35,67,0,11,0
1,35,68,0,8,0
1,35,69,0,0,0
1,35,70,0,9,0
1,35,71,0,17,0
1,35,72,0,0,0
1,35,73,0,9,0
1,35,74,0,0,0
1,35,75,0,9,0
1,35,76,0,17,0
1,35,77,0,0,0
1,35,78,0,9,0
1,35,79,0,9,0
1,35,80,0,16,0
1,35,81,0,8,0
1,35,82,0,0,0
1,35,83,0,9,0
1,35,84,0,16,0
1,35,85,0,8,0
1,35,86,0,0,0
1,35,87,0,9,0
1,35,88,0,11,0
1,35,89,0,8,0
1,35,90,0,0,0
1,35,91,0,9,0
1,35,92,0,17,0
1,35,93,0,0,0
1,35,94,0,9,0
1,35,95,0,0,0
1,35,96,0,9,0
1,35,97,0,17,0
1,35,98,0,0,0
1,35,99,0,9,0
1,35,100,0,9,0
1,35,101,0,16,0
1,35,102,0,8,0
1,35,103,0,0,0
1,35,104,0,9,0
1,35,105,0,16,0
1,35,106,0,8,0
1,35,107,0,0,0
1,35,108,0,9,0
1,35,109,0,11,0
1,35,110,0,8,0
1,35,111,0,0,0
1,35,112,0,9,0
1,35,113,0,17,0
1,35,114,0,0,0
1,35,115,0,9,0
1,35,116,0,0,0
1,35,117,0,9,0
1,35,118,0,17,0
1,35,119,0,0,0
1,35,120,0,9,0
1,35,121,0,9,0
1,35,122,0,16,0
1,35,123,0,8,0
1,35,124,0,0,0
1,35,125,0,9,0
1,35,126,0,16,0
1,35,127,0,8,0
1,35,128,0,0,0
1,35,129,0,9,0
1,35,130,0,11,0
1,35,131,0,8,0
1,35,132,0,0,0
1,35,133,0,9,0
1,35,134,0,17,0
1,35,135,0,0,0
1,35,136,0,9,0
1,35,137,0,0,0
1,35,138,0,9,0
1,35,139,0,17,0
1,35,140,0,0,0
1,35,141,0,9,0
1,35,142,0,9,0
1,35,143,0,16,0
1,35,144,0,8,0
1,35,145,0,0,0
1,35,146,0,9,0
1,35,147,0,16,0
1,35,148,0,8,0
1,35,149,0,0,0
1,35,150,0,9,0
1,35,151,0,11,0
1,35,152,0,8,0
1,35,153,0,0,0
1,35,154,0,9,0
1,35,155,0,17,0
1,35,156,0,0,0
1,35,157,0,9,0
1,35,158,0,0,0
1,35,159,0,9,0
1,35,160,0,17,0
1,35,161,0,0,0
1,35,162,0,9,0
1,35,163,0,9,0
1,35,164,0,16,0
1,35,165,0,8,0
1,35,166,0,0,0
1,35,167,0,9,0
1,35,168,0,16,0
1,35,169,0,8,0
1,35,170,0,0,0
1,35,171,0,9,0
1,35,172,0,11,0
1,35,173,0,8,0
1,35,174,0,0,0
1,35,175,0,9,0
1,35,176,0,17,0
1,35,177,0,0,0
1,35,178,0,9,0
1,35,179,0,0,0
1,35,180,0,9,0
1,35,181,0,17,0
1,35,182,0,0,0
1,35,183,0,9,0
1,35,184,0,9,0
1,35,185,0,16,0
1,35,186,0,8,0
1,35,187,0,0,0
1,35,188,0,9,0
1,35,189,0,16,0
1,35,190,0,8,0
1,35,191,0,0,0
1,35,192,0,9,0
1,35,193,0,11,0
1,35,194,0,8,0
1,35,195,0,0,0
1,35,196,0,9,0
1,35,197,0,17,0
1,35,198,0,0,0
1,35,199,0,9,0
1,35,200,0,0,0
1,35,201,0,9,0
1,35,202,0,17,0
1,35,203,0,0,0
1,35,204,0,9,0
1,35,205,0,9,0
1,35,206,0,16,0
1,35,207,0,8,0
1,35,208,0,0,0
1,35,209,0,9,0
1,35,210,0,16,0
1,35,211,0,8,0
1,35,212,0,0,0
1,35,213,0,9,0
1,35,214,0,11,0
1,35,215,0,8,0
1,35,216,0,0,0
1,35,217,0,9,0
1,35,218,0,17,0
1,35,219,0,0,0
1,35,220,0,9,0
1,35,221,0,0,0
1,35,222,0,9,0
1,35,223,0,17,0
1,35,224,0,0,0
1,35,225,0,9,0
1,35,226,0,9,0
1,35,227,0,16,0
1,35,228,0,8,0
1,35,229,0,0,0
1,35,230,0,9,0
1,35,231,0,16,0
1,35,232,0,8,0
1,35,233,0,0,0
1,35,234,0,9,0
1,35,235,0,11,0
1,35,236,0,8,0
1,35,237,0,0,0
1,35,238,0,9,0
1,35,239,0,17,0
1,35,240,0,0,0
1,35,241,0,9,0
1,35,242,0,0,0
1,35,243,0,9,0
1,35,244,0,17,0
1,35,245,0,0,0
1,35,246,0,9,0
1,35,247,0,9,0
1,35,248,0,16,0
1,35,249,0,8,0
1,35,250,0,0,0
1,35,251,0,9,0
1,35,252,0,16,0
1,35,253,0,8,0
1,35,254,0,0,0
1,35,255,0,9,0
1,35,256,0,11,0
1,35,257,0,8,0
1,35,258,0,0,0
1,35,259,0,9,0
1,35,260,0,16,0
1,35,261,0,8,0
1,35,262,0,0,0
1,35,263,0,15,0
1,35,264,0,0,0
1,35,265,0,9,0
1,35,266,0,9,0
1,35,267,0,9,0
1,35,268,0,0,0
1,35,269,0,15,0
1,35,270,0,0,0
1,35,271,0,9,0
1,35,272,0,9,0
1,35,273,0,9,0
1,35,274,0,0,0
1,35,275,0,15,0
1,35,276,0,0,0
1,35,277,0,9,0
1,35,278,0,9,0
1,35,279,0,9,0
1,35,280,0,0,0
1,35,281,0,15,0
1,35,282,0,0,0
1,35,283,0,9,0
1,35,284,0,9,0
1,35,285,0,9,0
1,35,286,0,0,0
1,35,287,0,15,0
1,35,288,0,0,0
1,35,289,0,9,0
1,35,290,0,9,0
1,35,291,0,9,0
1,35,292,0,0,0
1,35,293,0,15,0
1,35,294,0,0,0
1,35,295,0,9,0
1,35,296,0,9,0
1,35,297,0,9,0
1,35,298,0,0,0
1,35,299,0,15,0
1,35,300,0,0,0
1,35,301,0,9,0
1,35,302,0,9,0
1,35,303,0,9,0
1,35,304,0,0,0
1,35,305,0,15,0
1,35,306,0,0,0
1,35,307,0,9,0
1,35,308,0,9,0
1,35,309,0,9,0
1,35,310,0,0,0
1,35,311,0,15,0
1,35,312,0,0,0
1,35,313,0,9,0
1,35,314,0,9,0
1,35,315,0,9,0
1,35,316,0,0,0
1,35,317,0,15,0
1,35,318,0,0,0
1,35,319,0,9,0
1,35,320,0,9,0
1,35,321,0,9,0
1,35,322,0,0,0
1,35,323,0,15,0
1,35,324,0,0,0
1,35,325,0,9,0
1,35,326,0,9,0
1,35,327,0,9,0
1,36,37,9,9,0
1,36,38,9,16,0
1,36,39,9,8,0
1,36,40,9,0,0
1,36,41,9,9,0
1,36,42,9,16,0
1,36,43,9,8,0
1,36,44,9,0,0
1,36,45,9,9,0
1,36,46,9,11,0
1,36,47,9,8,0
1,36,48,9,0,0
1,36,49,9,9,0
1,36,50,9,17,0
1,36,51,9,0,0
1,36,52,9,9,0
1,36,53,9,0,0
1,36,54,9,9,0
1,36,55,9,17,0
1,36,56,9,0,0
1,36,57,9,9,0
1,36,58,9,9,0
1,36,59,9,16,0
1,36,60,9,8,0
1,36,61,9,0,0
1,36,62,9,9,0
1,36,63,9,16,0
1,36,64,9,8,0
1,36,65,9,0,0
1,36,66,9,9,0
1,36,67,9,11,0
1,36,68,9,8,0
1,36,69,9,0,0
1,36,70,9,9,0
1,36,71,9,17,0
1,36,72,9,0,0
1,36,73,9,9,0
1,36,74,9,0,0
1,36,75,9,9,0
1,36,76,9,17,0
1,36,77,9,0,0
1,36,78,9,9,0
1,36,79,9,9,0
1,36,80,9,16,0
1,36,81,9,8,0
1,36,82,9,0,0
1,36,83,9,9,0
1,36,84,9,16,0
1,36,85,9,8,0
1,36,86,9,0,0
1,36,87,9,9,0
1,36,88,9,11,0
1,36,89,9,8,0
1,36,90,9,0,0
1,36,91,9,9,0
1,36,92,9,17,0
1,36,93,9,0,0
1,36,94,9,9,0
1,36,95,9,0,0
1,36,96,9,9,0
1,36,97,9,17,0
1,36,98,9,0,0
1,36,99,9,9,0
1,36,100,9,9,0
1,36,101,9,16,0
1,36,102,9,8,0
1,36,103,9,0,0
1,36,104,9,9,0
1,36,105,9,16,0
1,36,106,9,8,0
1,36,107,9,0,0
1,36,108,9,9,0
1,36,109,9,11,0
1,36,110,9,8,0
1,36,111,9,0,0
1,36,112,9,9,0
1,36,113,9,17,0
1,36,114,9,0,0
1,36,115,9,9,0
1,36,116,9,0,0
1,36,117,9,9,0
1,36,118,9,17,0
1,36,119,9,0,0
1,36,120,9,9,0
1,36,121,9,9,0
1,36,122,9,16,0
1,36,123,9,8,0
1,36,124,9,0,0
1,36,125,9,9,0
1,36,126,9,16,0
1,36,127,9,8,0
1,36,128,9,0,0
1,36,129,9,9,0
1,36,130,9,11,0
1,36,131,9,8,0
1,36,132,9,0,0
1,36,133,9,9,0
1,36,134,9,17,0
1,36,135,9,0,0
1,36,136,9,9,0
1,36,137,9,0,0
1,36,138,9,9,0
1,36,139,9,17,0
1,36,140,9,0,0
1,36,141,9,9,0
1,36,142,9,9,0
1,36,143,9,16,0
1,36,144,9,8,0
1,36,145,9,0,0
1,36,146,9,9,0
1,36,147,9,16,0
1,36,148,9,8,0
1,36,149,9,0,0
1,36,150,9,9,0
1,36,151,9,11,0
1,36,152,9,8,0
1,36,153,9,0,0
1,36,154,9,9,0
1,36,155,9,17,0
1,36,156,9,0,0
1,36,157,9,9,0
1,36,158,9,0,0
1,36,159,9,9,0
1,36,160,9,17,0
1,36,161,9,0,0
1,36,162,9,9,0
1,36,163,9,9,0
1,36,164,9,16,0
1,36,165,9,8,0
1,36,166,9,0,0
1,36,167,9,9,0
1,36,168,9,16,0
1,36,169,9,8,0
1,36,170,9,0,0
1,36,171,9,9,0
1,36,172,9,11,0
1,36,173,9,8,0
1,36,174,9,0,0
1,36,175,9,9,0
1,36,176,9,17,0
1,36,177,9,0,0
1,36,178,9,9,0
1,36,179,9,0,0
1,36,180,9,9,0
1,36,181,9,17,0
1,36,182,9,0,0
1,36,183,9,9,0
1,36,184,9,9,0
1,36,185,9,16,0
1,36,186,9,8,0
1,36,187,9,0,0
1,36,188,9,9,0
1,36,189,9,16,0
1,36,190,9,8,0
1,36,191,9,0,0
1,36,192,9,9,0
1,36,193,9,11,0
1,36,194,9,8,0
1,36,195,9,0,0
1,36,196,9,9,0
1,36,197,9,17,0
1,36,198,9,0,0
1,36,199,9,9,0
1,36,200,9,0,0
1,36,201,9,9,0
1,36,202,9,17,0
1,36,203,9,0,0
1,36,204,9,9,0
1,36,205,9,9,0
1,36,206,9,16,0
1,36,207,9,8,0
1,36,208,9,0,0
1,36,209,9,9,0
1,36,210,9,16,0
1,36,211,9,8,0
1,36,212,9,0,0
1,36,213,9,9,0
1,36,214,9,11,0
1,36,215,9,8,0
1,36,216,9,0,0
1,36,217,9,9,0
1,36,218,9,17,0
1,36,219,9,0,0
1,36,220,9,9,0
1,36,221,9,0,0
1,36,222,9,9,0
1,36,223,9,17,0
1,36,224,9,0,0
1,36,225,9,9,0
1,36,226,9,9,0
1,36,227,9,16,0
1,36,228,9,8,0
1,36,229,9,0,0
1,36,230,9,9,0
1,36,231,9,16,0
1,36,232,9,8,0
1,36,233,9,0,0
1,36,234,9,9,0
1,36,235,9,11,0
1,36,236,9,8,0
1,36,237,9,0,0
1,36,238,9,9,0
1,36,239,9,17,0
1,36,240,9,0,0
1,36,241,9,9,0
1,36,242,9,0,0
1,36,243,9,9,0
1,36,244,9,17,0
1,36,245,9,0,0
1,36,246,9,9,0
1,36,247,9,9,0
1,36,248,9,16,0
1,36,249,9,8,0
1,36,250,9,0,0
1,36,251,9,9,0
1,36,252,9,16,0
1,36,253,9,8,0
1,36,254,9,0,0
1,36,255,9,9,0
1,36,256,9,11,0
1,36,257,9,8,0
1,36,258,9,0,0
1,36,259,9,9,0
1,36,260,9,16,0
1,36,261,9,8,0
1,36,262,9,0,0
1,36,263,9,15,0
1,36,264,9,0,0
1,36,265,9,9,0
1,36,266,9,9,0
1,36,267,9,9,0
1,36,268,9,0,0
1,36,269,9,15,0
1,36,270,9,0,0
1,36,271,9,9,0
1,36,272,9,9,0
1,36,273,9,9,0
1,36,274,9,0,0
1,36,275,9,15,0
1,36,276,9,0,0
1,36,277,9,9,0
1,36,278,9,9,0
1,36,279,9,9,0
1,36,280,9,0,0
1,36,281,9,15,0
1,36,282,9,0,0
1,36,283,9,9,0
1,36,284,9,9,0
1,36,285,9,9,0
1,36,286,9,0,0
1,36,287,9,15,0
1,36,288,9,0,0
1,36,289,9,9,0
1,36,290,9,9,0
1,36,291,9,9,0
1,36,292,9,0,0
1,36,293,9,15,0
1,36,294,9,0,0
1,36,295,9,9,0
1,36,296,9,9,0
1,36,297,9,9,0
1,36,298,9,0,0
1,36,299,9,15,0
1,36,300,9,0,0
1,36,301,9,9,0
1,36,302,9,9,0
1,36,303,9,9,0
1,36,304,9,0,0
1,36,305,9,15,0
1,36,306,9,0,0
1,36,307,9,9,0
1,36,308,9,9,0
1,36,309,9,9,0
1,36,310,9,0,0
1,36,311,9,15,0
1,36,312,9,0,0
1,36,313,9,9,0
1,36,314,9,9,0
1,36,315,9,9,0
1,36,316,9,0,0
1,36,317,9,15,0
1,36,318,9,0,0
1,36,319,9,9,0
1,36,320,9,9,0
1,36,321,9,9,0
1,36,322,9,0,0
1,36,323,9,15,0
1,36,324,9,0,0
1,36,325,9,9,0
1,36,326,9,9,0
1,36,327,9,9,0
1,37,38,9,16,0
1,37,39,9,8,0
1,37,40,9,0,0
1,37,41,9,9,0
1,37,42,9,16,0
1,37,43,9,8,0
1,37,44,9,0,0
1,37,45,9,9,0
1,37,46,9,11,0
1,37,47,9,8,0
1,37,48,9,0,0
1,37,49,9,9,0
1,37,50,9,17,0
1,37,51,9,0,0
1,37,52,9,9,0
1,37,53,9,0,0
1,37,54,9,9,0
1,37,55,9,17,0
1,37,56,9,0,0
1,37,57,9,9,0
1,37,58,9,9,0
1,37,59,9,16,0
1,37,60,9,8,0
1,37,61,9,0,0
1,37,62,9,9,0
1,37,63,9,16,0
1,37,64,9,8,0
1,37,65,9,0,0
1,37,66,9,9,0
1,37,67,9,11,0
1,37,68,9,8,0
1,37,69,9,0,0
1,37,70,9,9,0
1,37,71,9,17,0
1,37,72,9,0,0
1,37,73,9,9,0
1,37,74,9,0,0
1,37,75,9,9,0
1,37,76,9,17,0
1,37,77,9,0,0
1,37,78,9,9,0
1,37,79,9,9,0
1,37,80,9,16,0
1,37,81,9,8,0
1,37,82,9,0,0
1,37,83,9,9,0
1,37,84,9,16,0
1,37,85,9,8,0
1,37,86,9,0,0
1,37,87,9,9,0
1,37,88,9,11,0
1,37,89,9,8,0
1,37,90,9,0,0
1,37,91,9,9,0
1,37,92,9,17,0
1,37,93,9,0,0
1,37,94,9,9,0
1,37,95,9,0,0
1,37,96,9,9,0
1,37,97,9,17,0
1,37,98,9,0,0
1,37,99,9,9,0
1,37,100,9,9,0
1,37,101,9,16,0
1,37,102,9,8,0
1,37,103,9,0,0
1,37,104,9,9,0
1,37,105,9,16,0
1,37,106,9,8,0
1,37,107,9,0,0
1,37,108,9,9,0
1,37,109,9,11,0
1,37,110,9,8,0
1,37,111,9,0,0
1,37,112,9,9,0
1,37,113,9,17,0
1,37,114,9,0,0
1,37,115,9,9,0
1,37,116,9,0,0
1,37,117,9,9,0
1,37,118,9,17,0
1,37,119,9,0,0
1,37,120,9,9,0
1,37,121,9,9,0
1,37,122,9,16,0
1,37,123,9,8,0
1,37,124,9,0,0
1,37,125,9,9,0
1,37,126,9,16,0
1,37,127,9,8,0
1,37,128,9,0,0
1,37,129,9,9,0
1,37,130,9,11,0
1,37,131,9,8,0
1,37,132,9,0,0
1,37,133,9,9,0
1,37,134,9,17,0
1,37,135,9,0,0
1,37,136,9,9,0
1,37,137,9,0,0
1,37,138,9,9,0
1,37,139,9,17,0
1,37,140,9,0,0
1,37,141,9,9,0
1,37,142,9,9,0
1,37,143,9,16,0
1,37,144,9,8,0
1,37,145,9,0,0
1,37,146,9,9,0
1,37,147,9,16,0
1,37,148,9,8,0
1,37,149,9,0,0
1,37,150,9,9,0
1,37,151,9,11,0
1,37,152,9,8,0
1,37,153,9,0,0
1,37,154,9,9,0
1,37,155,9,17,0
1,37,156,9,0,0
1,37,157,9,9,0
1,37,158,9,0,0
1,37,159,9,9,0
1,37,160,9,17,0
1,37,161,9,0,0
1,37,162,9,9,0
1,37,163,9,9,0
1,37,164,9,16,0
1,37,165,9,8,0
1,37,166,9,0,0
1,37,167,9,9,0
1,37,168,9,16,0
1,37,169,9,8,0
1,37,170,9,0,0
1,37,171,9,9,0
1,37,172,9,11,0
1,37,173,9,8,0
1,37,174,9,0,0
1,37,175,9,9,0
1,37,176,9,17,0
1,37,177,9,0,0
1,37,178,9,9,0
1,37,179,9,0,0
1,37,180,9,9,0
1,37,181,9,17,0
1,37,182,9,0,0
1,37,183,9,9,0
1,37,184,9,9,0
1,37,185,9,16,0
1,37,186,9,8,0
1,37,187,9,0,0
1,37,188,9,9,0
1,37,189,9,16,0
1,37,190,9,8,0
1,37,191,9,0,0
1,37,192,9,9,0
1,37,193,9,11,0
1,37,194,9,8,0
1,37,195,9,0,0
1,37,196,9,9,0
1,37,197,9,17,0
1,37,198,9,0,0
1,37,199,9,9,0
1,37,200,9,0,0
1,37,201,9,9,0
1,37,202,9,17,0
1,37,203,9,0,0
1,37,204,9,9,0
1,37,205,9,9,0
1,37,206,9,16,0
1,37,207,9,8,0
1,37,208,9,0,0
1,37,209,9,9,0
1,37,210,9,16,0
1,37,211,9,8,0
1,37,212,9,0,0
1,37,213,9,9,0
1,37,214,9,11,0
1,37,215,9,8,0
1,37,216,9,0,0
1,37,217,9,9,0
1,37,218,9,17,0
1,37,219,9,0,0
1,37,220,9,9,0
1,37,221,9,0,0
1,37,222,9,9,0
1,37,223,9,17,0
1,37,224,9,0,0
1,37,225,9,9,0
1,37,226,9,9,0
1,37,227,9,16,0
1,37,228,9,8,0
1,37,229,9,0,0
1,37,230,9,9,0
1,37,231,9,16,0
1,37,232,9,8,0
1,37,233,9,0,0
1,37,234,9,9,0
1,37,235,9,11,0
1,37,236,9,8,0
1,37,237,9,0,0
1,37,238,9,9,0
1,37,239,9,17,0
1,37,240,9,0,0
1,37,241,9,9,0
1,37,242,9,0,0
1,37,243,9,9,0
1,37,244,9,17,0
1,37,245,9,0,0
1,37,246,9,9,0
1,37,247,9,9,0
1,37,248,9,16,0
1,37,249,9,8,0
1,37,250,9,0,0
1,37,251,9,9,0
1,37,252,9,16,0
1,37,253,9,8,0
1,37,254,9,0,0
1,37,255,9,9,0
1,37,256,9,11,0
1,37,257,9,8,0
1,37,258,9,0,0
1,37,259,9,9,0
1,37,260,9,16,0
1,37,261,9,8,0
1,37,262,9,0,0
1,37,263,9,15,0
1,37,264,9,0,0
1,37,265,9,9,0
1,37,266,9,9,0
1,37,267,9,9,0
1,37,268,9,0,0
1,37,269,9,15,0
1,37,270,9,0,0
1,37,271,9,9,0
1,37,272,9,9,0
1,37,273,9,9,0
1,37,274,9,0,0
1,37,275,9,15,0
1,37,276,9,0,0
1,37,277,9,9,0
1,37,278,9,9,0
1,37,279,9,9,0
1,37,280,9,0,0
1,37,281,9,15,0
1,37,282,9,0,0
1,37,283,9,9,0
1,37,284,9,9,0
1,37,285,9,9,0
1,37,286,9,0,0
1,37,287,9,15,0
1,37,288,9,0,0
1,37,289,9,9,0
1,37,290,9,9,0
1,37,291,9,9,0
1,37,292,9,0,0
1,37,293,9,15,0
1,37,294,9,0,0
1,37,295,9,9,0
1,37,296,9,9,0
1,37,297,9,9,0
1,37,298,9,0,0
1,37,299,9,15,0
1,37,300,9,0,0
1,37,301,9,9,0
1,37,302,9,9,0
1,37,303,9,9,0
1,37,304,9,0,0
1,37,305,9,15,0
1,37,306,9,0,0
1,37,307,9,9,0
1,37,308,9,9,0
1,37,309,9,9,0
1,37,310,9,0,0
1,37,311,9,15,0
1,37,312,9,0,0
1,37,313,9,9,0
1,37,314,9,9,0
1,37,315,9,9,0
1,37,316,9,0,0
1,37,317,9,15,0
1,37,318,9,0,0
1,37,319,9,9,0
1,37,320,9,9,0
1,37,321,9,9,0
1,37,322,9,0,0
1,37,323,9,15,0
1,37,324,9,0,0
1,37,325,9,9,0
1,37,326,9,9,0
1,37,327,9,9,0
1,38,39,16,8,1
1,38,40,16,0,0
1,38,41,16,9,0
1,38,42,16,16,0
1,38,43,16,8,0
1,38,44,16,0,0
1,38,45,16,9,0
1,38,46,16,11,0
1,38,47,16,8,0
1,38,48,16,0,0
1,38,49,16,9,0
1,38,50,16,17,0
1,38,51,16,0,0
1,38,52,16,9,0
1,38,53,16,0,0
1,38,54,16,9,0
1,38,55,16,17,0
1,38,56,16,0,0
1,38,57,16,9,0
1,38,58,16,9,0
1,38,59,16,16,0
1,38,60,16,8,0
1,38,61,16,0,0
1,38,62,16,9,0
1,38,63,16,16,0
1,38,64,16,8,0
1,38,65,16,0,0
1,38,66,16,9,0
1,38,67,16,11,0
1,38,68,16,8,0
1,38,69,16,0,0
1,38,70,16,9,0
1,38,71,16,17,0
1,38,72,16,0,0
1,38,73,16,9,0
1,38,74,16,0,0
1,38,75,16,9,0
1,38,76,16,17,0
1,38,77,16,0,0
1,38,78,16,9,0
1,38,79,16,9,0
1,38,80,16,16,0
1,38,81,16,8,0
1,38,82,16,0,0
1,38,83,16,9,0
1,38,84,16,16,0
1,38,85,16,8,0
1,38,86,16,0,0
1,38,87,16,9,0
1,38,88,16,11,0
1,38,89,16,8,0
1,38,90,16,0,0
1,38,91,16,9,0
1,38,92,16,17,0
1,38,93,16,0,0
1,38,94,16,9,0
1,38,95,16,0,0
1,38,96,16,9,0
1,38,97,16,17,0
1,38,98,16,0,0
1,38,99,16,9,0
1,38,100,16,9,0
1,38,101,16,16,0
1,38,102,16,8,0
1,38,103,16,0,0
1,38,104,16,9,0
1,38,105,16,16,0
1,38,106,16,8,0
1,38,107,16,0,0
1,38,108,16,9,0
1,38,109,16,11,0
1,38,110,16,8,0
1,38,111,16,0,0
1,38,112,16,9,0
1,38,113,16,17,0
1,38,114,16,0,0
1,38,115,16,9,0
1,38,116,16,0,0
1,38,117,16,9,0
1,38,118,16,17,0
1,38,119,16,0,0
1,38,120,16,9,0
1,38,121,16,9,0
1,38,122,16,16,0
1,38,123,16,8,0
1,38,124,16,0,0
1,38,125,16,9,0
1,38,126,16,16,0
1,38,127,16,8,0
1,38,128,16,0,0
1,38,129,16,9,0
1,38,130,16,11,0
1,38,131,16,8,0
1,38,132,16,0,0
1,38,133,16,9,0
1,38,134,16,17,0
1,38,135,16,0,0
1,38,136,16,9,0
1,38,137,16,0,0
1,38,138,16,9,0
1,38,139,16,17,0
1,38,140,16,0,0
1,38,141,16,9,0
1,38,142,16,9,0
1,38,143,16,16,0
1,38,144,16,8,0
1,38,145,16,0,0
1,38,146,16,9,0
1,38,147,16,16,0
1,38,148,16,8,0
1,38,149,16,0,0
1,38,150,16,9,0
1,38,151,16,11,0
1,38,152,16,8,0
1,38,153,16,0,0
1,38,154,16,9,0
1,38,155,16,17,0
1,38,156,16,0,0
1,38,157,16,9,0
1,38,158,16,0,0
1,38,159,16,9,0
1,38,160,16,17,0
1,38,161,16,0,0
1,38,162,16,9,0
1,38,163,16,9,0
1,38,164,16,16,0
1,38,165,16,8,0
1,38,166,16,0,0
1,38,167,16,9,0
1,38,168,16,16,0
1,38,169,16,8,0
1,38,170,16,0,0
1,38,171,16,9,0
1,38,172,16,11,0
1,38,173,16,8,0
1,38,174,16,0,0
1,38,175,16,9,0
1,38,176,16,17,0
1,38,177,16,0,0
1,38,178,16,9,0
1,38,179,16,0,0
1,38,180,16,9,0
1,38,181,16,17,0
1,38,182,16,0,0
1,38,183,16,9,0
1,38,184,16,9,0
1,38,185,16,16,0
1,38,186,16,8,0
1,38,187,16,0,0
1,38,188,16,9,0
1,38,189,16,16,0
1,38,190,16,8,0
1,38,191,16,0,0
1,38,192,16,9,0
1,38,193,16,11,0
1,38,194,16,8,0
1,38,195,16,0,0
1,38,196,16,9,0
1,38,197,16,17,0
1,38,198,16,0,0
1,38,199,16,9,0
1,38,200,16,0,0
1,38,201,16,9,0
1,38,202,16,17,0
1,38,203,16,0,0
1,38,204,16,9,0
1,38,205,16,9,0
1,38,206,16,16,0
1,38,207,16,8,0
1,38,208,16,0,0
1,38,209,16,9,0
1,38,210,16,16,0
1,38,211,16,8,0
1,38,212,16,0,0
1,38,213,16,9,0
1,38,214,16,11,0
1,38,215,16,8,0
1,38,216,16,0,0
1,38,217,16,9,0
1,38,218,16,17,0
1,38,219,16,0,0
1,38,220,16,9,0
1,38,221,16,0,0
1,38,222,16,9,0
1,38,223,16,17,0
1,38,224,16,0,0
1,38,225,16,9,0
1,38,226,16,9,0
1,38,227,16,16,0
1,38,228,16,8,0
1,38,229,16,0,0
1,38,230,16,9,0
1,38,231,16,16,0
1,38,232,16,8,0
1,38,233,16,0,0
1,38,234,16,9,0
1,38,235,16,11,0
1,38,236,16,8,0
1,38,237,16,0,0
1,38,238,16,9,0
1,38,239,16,17,0
1,38,240,16,0,0
1,38,241,16,9,0
1,38,242,16,0,0
1,38,243,16,9,0
1,38,244,16,17,0
1,38,245,16,0,0
1,38,246,16,9,0
1,38,247,16,9,0
1,38,248,16,16,0
1,38,249,16,8,0
1,38,250,16,0,0
1,38,251,16,9,0
1,38,252,16,16,0
1,38,253,16,8,0
1,38,254,16,0,0
1,38,255,16,9,0
1,38,256,16,11,0
1,38,257,16,8,0
1,38,258,16,0,0
1,38,259,16,9,0
1,38,260,16,16,0
1,38,261,16,8,0
1,38,262,16,0,0
1,38,263,16,15,0
1,38,264,16,0,0
1,38,265,16,9,0
1,38,266,16,9,0
1,38,267,16,9,0
1,38,268,16,0,0
1,38,269,16,15,0
1,38,270,16,0,0
1,38,271,16,9,0
1,38,272,16,9,0
1,38,273,16,9,0
1,38,274,16,0,0
1,38,275,16,15,0
1,38,276,16,0,0
1,38,277,16,9,0
1,38,278,16,9,0
1,38,279,16,9,0
1,38,280,16,0,0
1,38,281,16,15,0
1,38,282,16,0,0
1,38,283,16,9,0
1,38,284,16,9,0
1,38,285,16,9,0
1,38,286,16,0,0
1,38,287,16,15,0
1,38,288,16,0,0
1,38,289,16,9,0
1,38,290,16,9,0
1,38,291,16,9,0
1,38,292,16,0,0
1,38,293,16,15,0
1,38,294,16,0,0
1,38,295,16,9,0
1,38,296,16,9,0
1,38,297,16,9,0
1,38,298,16,0,0
1,38,299,16,15,0
1,38,300,16,0,0
1,38,301,16,9,0
1,38,302,16,9,0
1,38,303,16,9,0
1,38,304,16,0,0
1,38,305,16,15,0
1,38,306,16,0,0
1,38,307,16,9,0
1,38,308,16,9,0
1,38,309,16,9,0
1,38,310,16,0,0
1,38,311,16,15,0
1,38,312,16,0,0
1,38,313,16,9,0
1,38,314,16,9,0
1,38,315,16,9,0
1,38,316,16,0,0
1,38,317,16,15,0
1,38,318,16,0,0
1,38,319,16,9,0
1,38,320,16,9,0
1,38,321,16,9,0
1,38,322,16,0,0
1,38,323,16,15,0
1,38,324,16,0,0
1,38,325,16,9,0
1,38,326,16,9,0
1,38,327,16,9,0
1,39,40,8,0,0
1,39,41,8,9,0
1,39,42,8,16,0
1,39,43,8,8,0
1,39,44,8,0,0
1,39,45,8,9,0
1,39,46,8,11,0
1,39,47,8,8,0
1,39,48,8,0,0
1,39,49,8,9,0
1,39,50,8,17,0
1,39,51,8,0,0
1,39,52,8,9,0
1,39,53,8,0,0
1,39,54,8,9,0
1,39,55,8,17,0
1,39,56,8,0,0
1,39,57,8,9,0
1,39,58,8,9,0
1,39,59,8,16,0
1,39,60,8,8,0
1,39,61,8,0,0
1,39,62,8,9,0
1,39,63,8,16,0
1,39,64,8,8,0
1,39,65,8,0,0
1,39,66,8,9,0
1,39,67,8,11,0
1,39,68,8,8,0
1,39,69,8,0,0
1,39,70,8,9,0
1,39,71,8,17,0
1,39,72,8,0,0
1,39,73,8,9,0
1,39,74,8,0,0
1,39,75,8,9,0
1,39,76,8,17,0
1,39,77,8,0,0
1,39,78,8,9,0
1,39,79,8,9,0
1,39,80,8,16,0
1,39,81,8,8,0
1,39,82,8,0,0
1,39,83,8,9,0
1,39,84,8,16,0
1,39,85,8,8,0
1,39,86,8,0,0
1,39,87,8,9,0
1,39,88,8,11,0
1,39,89,8,8,0
1,39,90,8,0,0
1,39,91,8,9,0
1,39,92,8,17,0
1,39,93,8,0,0
1,39,94,8,9,0
1,39,95,8,0,0
1,39,96,8,9,0
1,39,97,8,17,0
1,39,98,8,0,0
1,39,99,8,9,0
1,39,100,8,9,0
1,39,101,8,16,0
1,39,102,8,8,0
1,39,103,8,0,0
1,39,104,8,9,0
1,39,105,8,16,0
1,39,106,8,8,0
1,39,107,8,0,0
1,39,108,8,9,0
1,39,109,8,11,0
1,39,110,8,8,0
1,39,111,8,0,0
1,39,112,8,9,0
1,39,113,8,17,0
1,39,114,8,0,0
1,39,115,8,9,0
1,39,116,8,0,0
1,39,117,8,9,0
1,39,118,8,17,0
1,39,119,8,0,0
1,39,120,8,9,0
1,39,121,8,9,0
1,39,122,8,16,0
1,39,123,8,8,0
1,39,124,8,0,0
1,39,125,8,9,0
1,39,126,8,16,0
1,39,127,8,8,0
1,39,128,8,0,0
1,39,129,8,9,0
1,39,130,8,11,0
1,39,131,8,8,0
1,39,132,8,0,0
1,39,133,8,9,0
1,39,134,8,17,0
1,39,135,8,0,0
1,39,136,8,9,0
1,39,137,8,0,0
1,39,138,8,9,0
1,39,139,8,17,0
1,39,140,8,0,0
1,39,141,8,9,0
1,39,142,8,9,0
1,39,143,8,16,0
1,39,144,8,8,0
1,39,145,8,0,0
1,39,146,8,9,0
1,39,147,8,16,0
1,39,148,8,8,0
1,39,149,8,0,0
1,39,150,8,9,0
1,39,151,8,11,0
1,39,152,8,8,0
1,39,153,8,0,0
1,39,154,8,9,0
1,39,155,8,17,0
1,39,156,8,0,0
1,39,157,8,9,0
1,39,158,8,0,0
1,39,159,8,9,0
1,39,160,8,17,0
1,39,161,8,0,0
1,39,162,8,9,0
1,39,163,8,9,0
1,39,164,8,16,0
1,39,165,8,8,0
1,39,166,8,0,0
1,39,167,8,9,0
1,39,168,8,16,0
1,39,169,8,8,0
1,39,170,8,0,0
1,39,171,8,9,0
1,39,172,8,11,0
1,39,173,8,8,0
1,39,174,8,0,0
1,39,175,8,9,0
1,39,176,8,17,0
1,39,177,8,0,0
1,39,178,8,9,0
1,39,179,8,0,0
1,39,180,8,9,0
1,39,181,8,17,0
1,39,182,8,0,0
1,39,183,8,9,0
1,39,184,8,9,0
1,39,185,8,16,0
1,39,186,8,8,0
1,39,187,8,0,0
1,39,188,8,9,0
1,39,189,8,16,0
1,39,190,8,8,0
1,39,191,8,0,0
1,39,192,8,9,0
1,39,193,8,11,0
1,39,194,8,8,0
1,39,195,8,0,0
1,39,196,8,9,0
1,39,197,8,17,0
1,39,198,8,0,0
1,39,199,8,9,0
1,39,200,8,0,0
1,39,201,8,9,0
1,39,202,8,17,0
1,39,203,8,0,0
1,39,204,8,9,0
1,39,205,8,9,0
1,39,206,8,16,0
1,39,207,8,8,0
1,39,208,8,0,0
1,39,209,8,9,0
1,39,210,8,16,0
1,39,211,8,8,0
1,39,212,8,0,0
1,39,213,8,9,0
1,39,214,8,11,0
1,39,215,8,8,0
1,39,216,8,0,0
1,39,217,8,9,0
1,39,218,8,17,0
1,39,219,8,0,0
1,39,220,8,9,0
1,39,221,8,0,0
1,39,222,8,9,0
1,39,223,8,17,0
1,39,224,8,0,0
1,39,225,8,9,0
1,39,226,8,9,0
1,39,227,8,16,0
1,39,228,8,8,0
1,39,229,8,0,0
1,39,230,8,9,0
1,39,231,8,16,0
1,39,232,8,8,0
1,39,233,8,0,0
1,39,234,8,9,0
1,39,235,8,11,0
1,39,236,8,8,0
1,39,237,8,0,0
1,39,238,8,9,0
1,39,239,8,17,0
1,39,240,8,0,0
1,39,241,8,9,0
1,39,242,8,0,0
1,39,243,8,9,0
1,39,244,8,17,0
1,39,245,8,0,0
1,39,246,8,9,0
1,39,247,8,9,0
1,39,248,8,16,0
1,39,249,8,8,0
1,39,250,8,0,0
1,39,251,8,9,0
1,39,252,8,16,0
1,39,253,8,8,0
1,39,254,8,0,0
1,39,255,8,9,0
1,39,256,8,11,0
1,39,257,8,8,0
1,39,258,8,0,0
1,39,259,8,9,0
1,39,260,8,16,0
1,39,261,8,8,0
1,39,262,8,0,0
1,39,263,8,15,0
1,39,264,8,0,0
1,39,265,8,9,0
1,39,266,8,9,0
1,39,267,8,9,0
1,39,268,8,0,0
1,39,269,8,15,0
1,39,270,8,0,0
1,39,271,8,9,0
1,39,272,8,9,0
1,39,273,8,9,0
1,39,274,8,0,0
1,39,275,8,15,0
1,39,276,8,0,0
1,39,277,8,9,0
1,39,278,8,9,0
1,39,279,8,9,0
1,39,280,8,0,0
1,39,281,8,15,0
1,39,282,8,0,0
1,39,283,8,9,0
1,39,284,8,9,0
1,39,285,8,9,0
1,39,286,8,0,0
1,39,287,8,15,0
1,39,288,8,0,0
1,39,289,8,9,0
1,39,290,8,9,0
1,39,291,8,9,0
1,39,292,8,0,0
1,39,293,8,15,0
1,39,294,8,0,0
1,39,295,8,9,0
1,39,296,8,9,0
1,39,297,8,9,0
1,39,298,8,0,0
1,39,299,8,15,0
1,39,300,8,0,0
1,39,301,8,9,0
1,39,302,8,9,0
1,39,303,8,9,0
1,39,304,8,0,0
1,39,305,8,15,0
1,39,306,8,0,0
1,39,307,8,9,0
1,39,308,8,9,0
1,39,309,8,9,0
1,39,310,8,0,0
1,39,311,8,15,0
1,39,312,8,0,0
1,39,313,8,9,0
1,39,314,8,9,0
1,39,315,8,9,0
1,39,316,8,0,0
1,39,317,8,15,0
1,39,318,8,0,0
1,39,319,8,9,0
1,39,320,8,9,0
1,39,321,8,9,0
1,39,322,8,0,0
1,39,323,8,15,0
1,39,324,8,0,0
1,39,325,8,9,0
1,39,326,8,9,0
1,39,327,8,9,0
1,40,41,0,9,1
1,40,42,0,16,1
1,40,43,0,8,0
1,40,44,0,0,1
1,40,45,0,9,0
1,40,46,0,11,0
1,40,47,0,8,0
1,40,48,0,0,0
1,40,49,0,9,0
1,40,50,0,17,0
1,40,51,0,0,0
1,40,52,0,9,0
1,40,53,0,0,0
1,40,54,0,9,0
1,40,55,0,17,0
1,40,56,0,0,0
1,40,57,0,9,0
1,40,58,0,9,0
1,40,59,0,16,0
1,40,60,0,8,0
1,40,61,0,0,0
1,40,62,0,9,0
1,40,63,0,16,0
1,40,64,0,8,0
1,40,65,0,0,0
1,40,66,0,9,0
1,40,67,0,11,0
1,40,68,0,8,0
1,40,69,0,0,0
1,40,70,0,9,0
1,40,71,0,17,0
1,40,72,0,0,0
1,40,73,0,9,0
1,40,74,0,0,0
1,40,75,0,9,0
1,40,76,0,17,0
1,40,77,0,0,0
1,40,78,0,9,0
1,40,79,0,9,0
1,40,80,0,16,0
1,40,81,0,8,0
1,40,82,0,0,0
1,40,83,0,9,0
1,40,84,0,16,0
1,40,85,0,8,0
1,40,86,0,0,0
1,40,87,0,9,0
1,40,88,0,11,0
1,40,89,0,8,0
1,40,90,0,0,0
1,40,91,0,9,0
1,40,92,0,17,0
1,40,93,0,0,0
1,40,94,0,9,0
1,40,95,0,0,0
1,40,96,0,9,0
1,40,97,0,17,0
1,40,98,0,0,0
1,40,99,0,9,0
1,40,100,0,9,0
1,40,101,0,16,0
1,40,102,0,8,0
1,40,103,0,0,0
1,40,104,0,9,0
1,40,105,0,16,0
1,40,106,0,8,0
1,40,107,0,0,0
1,40,108,0,9,0
1,40,109,0,11,0
1,40,110,0,8,0
1,40,111,0,0,0
1,40,112,0,9,0
1,40,113,0,17,0
1,40,114,0,0,0
1,40,115,0,9,0
1,40,116,0,0,0
1,40,117,0,9,0
1,40,118,0,17,0
1,40,119,0,0,0
1,40,120,0,9,0
1,40,121,0,9,0
1,40,122,0,16,0
1,40,123,0,8,0
1,40,124,0,0,0
1,40,125,0,9,0
1,40,126,0,16,0
1,40,127,0,8,0
1,40,128,0,0,0
1,40,129,0,9,0
1,40,130,0,11,0
1,40,131,0,8,0
1,40,132,0,0,0
1,40,133,0,9,0
1,40,134,0,17,0
1,40,135,0,0,0
1,40,136,0,9,0
1,40,137,0,0,0
1,40,138,0,9,0
1,40,139,0,17,0
1,40,140,0,0,0
1,40,141,0,9,0
1,40,142,0,9,0
1,40,143,0,16,0
1,40,144,0,8,0
1,40,145,0,0,0
1,40,146,0,9,0
1,40,147,0,16,0
1,40,148,0,8,0
1,40,149,0,0,0
1,40,150,0,9,0
1,40,151,0,11,0
1,40,152,0,8,0
1,40,153,0,0,0
1,40,154,0,9,0
1,40,155,0,17,0
1,40,156,0,0,0
1,40,157,0,9,0
1,40,158,0,0,0
1,40,159,0,9,0
1,40,160,0,17,0
1,40,161,0,0,0
1,40,162,0,9,0
1,40,163,0,9,0
1,40,164,0,16,0
1,40,165,0,8,0
1,40,166,0,0,0
1,40,167,0,9,0
1,40,168,0,16,0
1,40,169,0,8,0
1,40,170,0,0,0
1,40,171,0,9,0
1,40,172,0,11,0
1,40,173,0,8,0
1,40,174,0,0,0
1,40,175,0,9,0
1,40,176,0,17,0
1,40,177,0,0,0
1,40,178,0,9,0
1,40,179,0,0,0
1,40,180,0,9,0
1,40,181,0,17,0
1,40,182,0,0,0
1,40,183,0,9,0
1,40,184,0,9,0
1,40,185,0,16,0
1,40,186,0,8,0
1,40,187,0,0,0
1,40,188,0,9,0
1,40,189,0,16,0
1,40,190,0,8,0
1,40,191,0,0,0
1,40,192,0,9,0
1,40,193,0,11,0
1,40,194,0,8,0
1,40,195,0,0,0
1,40,196,0,9,0
1,40,197,0,17,0
1,40,198,0,0,0
1,40,199,0,9,0
1,40,200,0,0,0
1,40,201,0,9,0
1,40,202,0,17,0
1,40,203,0,0,0
1,40,204,0,9,0
1,40,205,0,9,0
1,40,206,0,16,0
1,40,207,0,8,0
1,40,208,0,0,0
1,40,209,0,9,0
1,40,210,0,16,0
1,40,211,0,8,0
1,40,212,0,0,0
1,40,213,0,9,0
1,40,214,0,11,0
1,40,215,0,8,0
1,40,216,0,0,0
1,40,217,0,9,0
1,40,218,0,17,0
1,40,219,0,0,0
1,40,220,0,9,0
1,40,221,0,0,0
1,40,222,0,9,0
1,40,223,0,17,0
1,40,224,0,0,0
1,40,225,0,9,0
1,40,226,0,9,0
1,40,227,0,16,0
1,40,228,0,8,0
1,40,229,0,0,0
1,40,230,0,9,0
1,40,231,0,16,0
1,40,232,0,8,0
1,40,233,0,0,0
1,40,234,0,9,0
1,40,235,0,11,0
1,40,236,0,8,0
1,40,237,0,0,0
1,40,238,0,9,0
1,40,239,0,17,0
1,40,240,0,0,0
1,40,241,0,9,0
1,40,242,0,0,0
1,40,243,0,9,0
1,40,244,0,17,0
1,40,245,0,0,0
1,40,246,0,9,0
1,40,247,0,9,0
1,40,248,0,16,0
1,40,249,0,8,0
1,40,250,0,0,0
1,40,251,0,9,0
1,40,252,0,16,0
1,40,253,0,8,0
1,40,254,0,0,0
1,40,255,0,9,0
1,40,256,0,11,0
1,40,257,0,8,0
1,40,258,0,0,0
1,40,259,0,9,0
1,40,260,0,16,0
1,40,261,0,8,0
1,40,262,0,0,0
1,40,263,0,15,0
1,40,264,0,0,0
1,40,265,0,9,0
1,40,266,0,9,0
1,40,267,0,9,0
1,40,268,0,0,0
1,40,269,0,15,0
1,40,270,0,0,0
1,40,271,0,9,0
1,40,272,0,9,0
1,40,273,0,9,0
1,40,274,0,0,0
1,40,275,0,15,0
1,40,276,0,0,0
1,40,277,0,9,0
1,40,278,0,9,0
1,40,279,0,9,0
1,40,280,0,0,0
1,40,281,0,15,0
1,40,282,0,0,0
1,40,283,0,9,0
1,40,284,0,9,0
1,40,285,0,9,0
1,40,286,0,0,0
1,40,287,0,15,0
1,40,288,0,0,0
1,40,289,0,9,0
1,40,290,0,9,0
1,40,291,0,9,0
1,40,292,0,0,0
1,40,293,0,15,0
1,40,294,0,0,0
1,40,295,0,9,0
1,40,296,0,9,0
1,40,297,0,9,0
1,40,298,0,0,0
1,40,299,0,15,0
1,40,300,0,0,0
1,40,301,0,9,0
1,40,302,0,9,0
1,40,303,0,9,0
1,40,304,0,0,0
1,40,305,0,15,0
1,40,306,0,0,0
1,40,307,0,9,0
1,40,308,0,9,0
1,40,309,0,9,0
1,40,310,0,0,0
1,40,311,0,15,0
1,40,312,0,0,0
1,40,313,0,9,0
1,40,314,0,9,0
1,40,315,0,9,0
1,40,316,0,0,0
1,40,317,0,15,0
1,40,318,0,0,0
1,40,319,0,9,0
1,40,320,0,9,0
1,40,321,0,9,0
1,40,322,0,0,0
1,40,323,0,15,0
1,40,324,0,0,0
1,40,325,0,9,0
1,40,326,0,9,0
1,40,327,0,9,0
1,41,42,9,16,0
1,41,43,9,8,0
1,41,44,9,0,0
1,41,45,9,9,0
1,41,46,9,11,0
1,41,47,9,8,0
1,41,48,9,0,0
1,41,49,9,9,0
1,41,50,9,17,0
1,41,51,9,0,0
1,41,52,9,9,0
1,41,53,9,0,0
1,41,54,9,9,0
1,41,55,9,17,0
1,41,56,9,0,0
1,41,57,9,9,0
1,41,58,9,9,0
1,41,59,9,16,0
1,41,60,9,8,0
1,41,61,9,0,0
1,41,62,9,9,0
1,41,63,9,16,0
1,41,64,9,8,0
1,41,65,9,0,0
1,41,66,9,9,0
1,41,67,9,11,0
1,41,68,9,8,0
1,41,69,9,0,0
1,41,70,9,9,0
1,41,71,9,17,0
1,41,72,9,0,0
1,41,73,9,9,0
1,41,74,9,0,0
1,41,75,9,9,0
1,41,76,9,17,0
1,41,77,9,0,0
1,41,78,9,9,0
1,41,79,9,9,0
1,41,80,9,16,0
1,41,81,9,8,0
1,41,82,9,0,0
1,41,83,9,9,0
1,41,84,9,16,0
1,41,85,9,8,0
1,41,86,9,0,0
1,41,87,9,9,0
1,41,88,9,11,0
1,41,89,9,8,0
1,41,90,9,0,0
1,41,91,9,9,0
1,41,92,9,17,0
1,41,93,9,0,0
1,41,94,9,9,0
1,41,95,9,0,0
1,41,96,9,9,0
1,41,97,9,17,0
1,41,98,9,0,0
1,41,99,9,9,0
1,41,100,9,9,0
1,41,101,9,16,0
1,41,102,9,8,0
1,41,103,9,0,0
1,41,104,9,9,0
1,41,105,9,16,0
1,41,106,9,8,0
1,41,107,9,0,0
1,41,108,9,9,0
1,41,109,9,11,0
1,41,110,9,8,0
1,41,111,9,0,0
1,41,112,9,9,0
1,41,113,9,17,0
1,41,114,9,0,0
1,41,115,9,9,0
1,41,116,9,0,0
1,41,117,9,9,0
1,41,118,9,17,0
1,41,119,9,0,0
1,41,120,9,9,0
1,41,121,9,9,0
1,41,122,9,16,0
1,41,123,9,8,0
1,41,124,9,0,0
1,41,125,9,9,0
1,41,126,9,16,0
1,41,127,9,8,0
1,41,128,9,0,0
1,41,129,9,9,0
1,41,130,9,11,0
1,41,131,9,8,0
1,41,132,9,0,0
1,41,133,9,9,0
1,41,134,9,17,0
1,41,135,9,0,0
1,41,136,9,9,0
1,41,137,9,0,0
1,41,138,9,9,0
1,41,139,9,17,0
1,41,140,9,0,0
1,41,141,9,9,0
1,41,142,9,9,0
1,41,143,9,16,0
1,41,144,9,8,0
1,41,145,9,0,0
1,41,146,9,9,0
1,41,147,9,16,0
1,41,148,9,8,0
1,41,149,9,0,0
1,41,150,9,9,0
1,41,151,9,11,0
1,41,152,9,8,0
1,41,153,9,0,0
1,41,154,9,9,0
1,41,155,9,17,0
1,41,156,9,0,0
1,41,157,9,9,0
1,41,158,9,0,0
1,41,159,9,9,0
1,41,160,9,17,0
1,41,161,9,0,0
1,41,162,9,9,0
1,41,163,9,9,0
1,41,164,9,16,0
1,41,165,9,8,0
1,41,166,9,0,0
1,41,167,9,9,0
1,41,168,9,16,0
1,41,169,9,8,0
1,41,170,9,0,0
1,41,171,9,9,0
1,41,172,9,11,0
1,41,173,9,8,0
1,41,174,9,0,0
1,41,175,9,9,0
1,41,176,9,17,0
1,41,177,9,0,0
1,41,178,9,9,0
1,41,179,9,0,0
1,41,180,9,9,0
1,41,181,9,17,0
1,41,182,9,0,0
1,41,183,9,9,0
1,41,184,9,9,0
1,41,185,9,16,0
1,41,186,9,8,0
1,41,187,9,0,0
1,41,188,9,9,0
1,41,189,9,16,0
1,41,190,9,8,0
1,41,191,9,0,0
1,41,192,9,9,0
1,41,193,9,11,0
1,41,194,9,8,0
1,41,195,9,0,0
1,41,196,9,9,0
1,41,197,9,17,0
1,41,198,9,0,0
1,41,199,9,9,0
1,41,200,9,0,0
1,41,201,9,9,0
1,41,202,9,17,0
1,41,203,9,0,0
1,41,204,9,9,0
1,41,205,9,9,0
1,41,206,9,16,0
1,41,207,9,8,0
1,41,208,9,0,0
1,41,209,9,9,0
1,41,210,9,16,0
1,41,211,9,8,0
1,41,212,9,0,0
1,41,213,9,9,0
1,41,214,9,11,0
1,41,215,9,8,0
1,41,216,9,0,0
1,41,217,9,9,0
1,41,218,9,17,0
1,41,219,9,0,0
1,41,220,9,9,0
1,41,221,9,0,0
1,41,222,9,9,0
1,41,223,9,17,0
1,41,224,9,0,0
1,41,225,9,9,0
1,41,226,9,9,0
1,41,227,9,16,0
1,41,228,9,8,0
1,41,229,9,0,0
1,41,230,9,9,0
1,41,231,9,16,0
1,41,232,9,8,0
1,41,233,9,0,0
1,41,234,9,9,0
1,41,235,9,11,0
1,41,236,9,8,0
1,41,237,9,0,0
1,41,238,9,9,0
1,41,239,9,17,0
1,41,240,9,0,0
1,41,241,9,9,0
1,41,242,9,0,0
1,41,243,9,9,0
1,41,244,9,17,0
1,41,245,9,0,0
1,41,246,9,9,0
1,41,247,9,9,0
1,41,248,9,16,0
1,41,249,9,8,0
1,41,250,9,0,0
1,41,251,9,9,0
1,41,252,9,16,0
1,41,253,9,8,0
1,41,254,9,0,0
1,41,255,9,9,0
1,41,256,9,11,0
1,41,257,9,8,0
1,41,258,9,0,0
1,41,259,9,9,0
1,41,260,9,16,0
1,41,261,9,8,0
1,41,262,9,0,0
1,41,263,9,15,0
1,41,264,9,0,0
1,41,265,9,9,0
1,41,266,9,9,0
1,41,267,9,9,0
1,41,268,9,0,0
1,41,269,9,15,0
1,41,270,9,0,0
1,41,271,9,9,0
1,41,272,9,9,0
1,41,273,9,9,0
1,41,274,9,0,0
1,41,275,9,15,0
1,41,276,9,0,0
1,41,277,9,9,0
1,41,278,9,9,0
1,41,279,9,9,0
1,41,280,9,0,0
1,41,281,9,15,0
1,41,282,9,0,0
1,41,283,9,9,0
1,41,284,9,9,0
1,41,285,9,9,0
1,41,286,9,0,0
1,41,287,9,15,0
1,41,288,9,0,0
1,41,289,9,9,0
1,41,290,9,9,0
1,41,291,9,9,0
1,41,292,9,0,0
1,41,293,9,15,0
1,41,294,9,0,0
1,41,295,9,9,0
1,41,296,9,9,0
1,41,297,9,9,0
1,41,298,9,0,0
1,41,299,9,15,0
1,41,300,9,0,0
1,41,301,9,9,0
1,41,302,9,9,0
1,41,303,9,9,0
1,41,304,9,0,0
1,41,305,9,15,0
1,41,306,9,0,0
1,41,307,9,9,0
1,41,308,9,9,0
1,41,309,9,9,0
1,41,310,9,0,0
1,41,311,9,15,0
1,41,312,9,0,0
1,41,313,9,9,0
1,41,314,9,9,0
1,41,315,9,9,0
1,41,316,9,0,0
1,41,317,9,15,0
1,41,318,9,0,0
1,41,319,9,9,0
1,41,320,9,9,0
1,41,321,9,9,0
1,41,322,9,0,0
1,41,323,9,15,0
1,41,324,9,0,0
1,41,325,9,9,0
1,41,326,9,9,0
1,41,327,9,9,0
1,42,43,16,8,1
1,42,44,16,0,0
1,42,45,16,9,0
1,42,46,16,11,0
1,42,47,16,8,0
1,42,48,16,0,0
1,42,49,16,9,0
1,42,50,16,17,0
1,42,51,16,0,0
1,42,52,16,9,0
1,42,53,16,0,0
1,42,54,16,9,0
1,42,55,16,17,0
1,42,56,16,0,0
1,42,57,16,9,0
1,42,58,16,9,0
1,42,59,16,16,0
1,42,60,16,8,0
1,42,61,16,0,0
1,42,62,16,9,0
1,42,63,16,16,0
1,42,64,16,8,0
1,42,65,16,0,0
1,42,66,16,9,0
1,42,67,16,11,0
1,42,68,16,8,0
1,42,69,16,0,0
1,42,70,16,9,0
1,42,71,16,17,0
1,42,72,16,0,0
1,42,73,16,9,0
1,42,74,16,0,0
1,42,75,16,9,0
1,42,76,16,17,0
1,42,77,16,0,0
1,42,78,16,9,0
1,42,79,16,9,0
1,42,80,16,16,0
1,42,81,16,8,0
1,42,82,16,0,0
1,42,83,16,9,0
1,42,84,16,16,0
1,42,85,16,8,0
1,42,86,16,0,0
1,42,87,16,9,0
1,42,88,16,11,0
1,42,89,16,8,0
1,42,90,16,0,0
1,42,91,16,9,0
1,42,92,16,17,0
1,42,93,16,0,0
1,42,94,16,9,0
1,42,95,16,0,0
1,42,96,16,9,0
1,42,97,16,17,0
1,42,98,16,0,0
1,42,99,16,9,0
1,42,100,16,9,0
1,42,101,16,16,0
1,42,102,16,8,0
1,42,103,16,0,0
1,42,104,16,9,0
1,42,105,16,16,0
1,42,106,16,8,0
1,42,107,16,0,0
1,42,108,16,9,0
1,42,109,16,11,0
1,42,110,16,8,0
1,42,111,16,0,0
1,42,112,16,9,0
1,42,113,16,17,0
1,42,114,16,0,0
1,42,115,16,9,0
1,42,116,16,0,0
1,42,117,16,9,0
1,42,118,16,17,0
1,42,119,16,0,0
1,42,120,16,9,0
1,42,121,16,9,0
1,42,122,16,16,0
1,42,123,16,8,0
1,42,124,16,0,0
1,42,125,16,9,0
1,42,126,16,16,0
1,42,127,16,8,0
1,42,128,16,0,0
1,42,129,16,9,0
1,42,130,16,11,0
1,42,131,16,8,0
1,42,132,16,0,0
1,42,133,16,9,0
1,42,134,16,17,0
1,42,135,16,0,0
1,42,136,16,9,0
1,42,137,16,0,0
1,42,138,16,9,0
1,42,139,16,17,0
1,42,140,16,0,0
1,42,141,16,9,0
1,42,142,16,9,0
1,42,143,16,16,0
1,42,144,16,8,0
1,42,145,16,0,0
1,42,146,16,9,0
1,42,147,16,16,0
1,42,148,16,8,0
1,42,149,16,0,0
1,42,150,16,9,0
1,42,151,16,11,0
1,42,152,16,8,0
1,42,153,16,0,0
1,42,154,16,9,0
1,42,155,16,17,0
1,42,156,16,0,0
1,42,157,16,9,0
1,42,158,16,0,0
1,42,159,16,9,0
1,42,160,16,17,0
1,42,161,16,0,0
1,42,162,16,9,0
1,42,163,16,9,0
1,42,164,16,16,0
1,42,165,16,8,0
1,42,166,16,0,0
1,42,167,16,9,0
1,42,168,16,16,0
1,42,169,16,8,0
1,42,170,16,0,0
1,42,171,16,9,0
1,42,172,16,11,0
1,42,173,16,8,0
1,42,174,16,0,0
1,42,175,16,9,0
1,42,176,16,17,0
1,42,177,16,0,0
1,42,178,16,9,0
1,42,179,16,0,0
1,42,180,16,9,0
1,42,181,16,17,0
1,42,182,16,0,0
1,42,183,16,9,0
1,42,184,16,9,0
1,42,185,16,16,0
1,42,186,16,8,0
1,42,187,16,0,0
1,42,188,16,9,0
1,42,189,16,16,0
1,42,190,16,8,0
1,42,191,16,0,0
1,42,192,16,9,0
1,42,193,16,11,0
1,42,194,16,8,0
1,42,195,16,0,0
1,42,196,16,9,0
1,42,197,16,17,0
1,42,198,16,0,0
1,42,199,16,9,0
1,42,200,16,0,0
1,42,201,16,9,0
1,42,202,16,17,0
1,42,203,16,0,0
1,42,204,16,9,0
1,42,205,16,9,0
1,42,206,16,16,0
1,42,207,16,8,0
1,42,208,16,0,0
1,42,209,16,9,0
1,42,210,16,16,0
1,42,211,16,8,0
1,42,212,16,0,0
1,42,213,16,9,0
1,42,214,16,11,0
1,42,215,16,8,0
1,42,216,16,0,0
1,42,217,16,9,0
1,42,218,16,17,0
1,42,219,16,0,0
1,42,220,16,9,0
1,42,221,16,0,0
1,42,222,16,9,0
1,42,223,16,17,0
1,42,224,16,0,0
1,42,225,16,9,0
1,42,226,16,9,0
1,42,227,16,16,0
1,42,228,16,8,0
1,42,229,16,0,0
1,42,230,16,9,0
1,42,231,16,16,0
1,42,232,16,8,0
1,42,233,16,0,0
1,42,234,16,9,0
1,42,235,16,11,0
1,42,236,16,8,0
1,42,237,16,0,0
1,42,238,16,9,0
1,42,239,16,17,0
1,42,240,16,0,0
1,42,241,16,9,0
1,42,242,16,0,0
1,42,243,16,9,0
1,42,244,16,17,0
1,42,245,16,0,0
1,42,246,16,9,0
1,42,247,16,9,0
1,42,248,16,16,0
1,42,249,16,8,0
1,42,250,16,0,0
1,42,251,16,9,0
1,42,252,16,16,0
1,42,253,16,8,0
1,42,254,16,0,0
1,42,255,16,9,0
1,42,256,16,11,0
1,42,257,16,8,0
1,42,258,16,0,0
1,42,259,16,9,0
1,42,260,16,16,0
1,42,261,16,8,0
1,42,262,16,0,0
1,42,263,16,15,0
1,42,264,16,0,0
1,42,265,16,9,0
1,42,266,16,9,0
1,42,267,16,9,0
1,42,268,16,0,0
1,42,269,16,15,0
1,42,270,16,0,0
1,42,271,16,9,0
1,42,272,16,9,0
1,42,273,16,9,0
1,42,274,16,0,0
1,42,275,16,15,0
1,42,276,16,0,0
1,42,277,16,9,0
1,42,278,16,9,0
1,42,279,16,9,0
1,42,280,16,0,0
1,42,281,16,15,0
1,42,282,16,0,0
1,42,283,16,9,0
1,42,284,16,9,0
1,42,285,16,9,0
1,42,286,16,0,0
1,42,287,16,15,0
1,42,288,16,0,0
1,42,289,16,9,0
1,42,290,16,9,0
1,42,291,16,9,0
1,42,292,16,0,0
1,42,293,16,15,0
1,42,294,16,0,0
1,42,295,16,9,0
1,42,296,16,9,0
1,42,297,16,9,0
1,42,298,16,0,0
1,42,299,16,15,0
1,42,300,16,0,0
1,42,301,16,9,0
1,42,302,16,9,0
1,42,303,16,9,0
1,42,304,16,0,0
1,42,305,16,15,0
1,42,306,16,0,0
1,42,307,16,9,0
1,42,308,16,9,0
1,42,309,16,9,0
1,42,310,16,0,0
1,42,311,16,15,0
1,42,312,16,0,0
1,42,313,16,9,0
1,42,314,16,9,0
1,42,315,16,9,0
1,42,316,16,0,0
1,42,317,16,15,0
1,42,318,16,0,0
1,42,319,16,9,0
1,42,320,16,9,0
1,42,321,16,9,0
1,42,322,16,0,0
1,42,323,16,15,0
1,42,324,16,0,0
1,42,325,16,9,0
1,42,326,16,9,0
1,42,327,16,9,0
1,43,44,8,0,0
1,43,45,8,9,0
1,43,46,8,11,0
1,43,47,8,8,0
1,43,48,8,0,0
1,43,49,8,9,0
1,43,50,8,17,0
1,43,51,8,0,0
1,43,52,8,9,0
1,43,53,8,0,0
1,43,54,8,9,0
1,43,55,8,17,0
1,43,56,8,0,0
1,43,57,8,9,0
1,43,58,8,9,0
1,43,59,8,16,0
1,43,60,8,8,0
1,43,61,8,0,0
1,43,62,8,9,0
1,43,63,8,16,0
1,43,64,8,8,0
1,43,65,8,0,0
1,43,66,8,9,0
1,43,67,8,11,0
1,43,68,8,8,0
1,43,69,8,0,0
1,43,70,8,9,0
1,43,71,8,17,0
1,43,72,8,0,0
1,43,73,8,9,0
1,43,74,8,0,0
1,43,75,8,9,0
1,43,76,8,17,0
1,43,77,8,0,0
1,43,78,8,9,0
1,43,79,8,9,0
1,43,80,8,16,0
1,43,81,8,8,0
1,43,82,8,0,0
1,43,83,8,9,0
1,43,84,8,16,0
1,43,85,8,8,0
1,43,86,8,0,0
1,43,87,8,9,0
1,43,88,8,11,0
1,43,89,8,8,0
1,43,90,8,0,0
1,43,91,8,9,0
1,43,92,8,17,0
1,43,93,8,0,0
1,43,94,8,9,0
1,43,95,8,0,0
1,43,96,8,9,0
1,43,97,8,17,0
1,43,98,8,0,0
1,43,99,8,9,0
1,43,100,8,9,0
1,43,101,8,16,0
1,43,102,8,8,0
1,43,103,8,0,0
1,43,104,8,9,0
1,43,105,8,16,0
1,43,106,8,8,0
1,43,107,8,0,0
1,43,108,8,9,0
1,43,109,8,11,0
1,43,110,8,8,0
1,43,111,8,0,0
1,43,112,8,9,0
1,43,113,8,17,0
1,43,114,8,0,0
1,43,115,8,9,0
1,43,116,8,0,0
1,43,117,8,9,0
1,43,118,8,17,0
1,43,119,8,0,0
1,43,120,8,9,0
1,43,121,8,9,0
1,43,122,8,16,0
1,43,123,8,8,0
1,43,124,8,0,0
1,43,125,8,9,0
1,43,126,8,16,0
1,43,127,8,8,0
1,43,128,8,0,0
1,43,129,8,9,0
1,43,130,8,11,0
1,43,131,8,8,0
1,43,132,8,0,0
1,43,133,8,9,0
1,43,134,8,17,0
1,43,135,8,0,0
1,43,136,8,9,0
1,43,137,8,0,0
1,43,138,8,9,0
1,43,139,8,17,0
1,43,140,8,0,0
1,43,141,8,9,0
1,43,142,8,9,0
1,43,143,8,16,0
1,43,144,8,8,0
1,43,145,8,0,0
1,43,146,8,9,0
1,43,147,8,16,0
1,43,148,8,8,0
1,43,149,8,0,0
1,43,150,8,9,0
1,43,151,8,11,0
1,43,152,8,8,0
1,43,153,8,0,0
1,43,154,8,9,0
1,43,155,8,17,0
1,43,156,8,0,0
1,43,157,8,9,0
1,43,158,8,0,0
1,43,159,8,9,0
1,43,160,8,17,0
1,43,161,8,0,0
1,43,162,8,9,0
1,43,163,8,9,0
1,43,164,8,16,0
1,43,165,8,8,0
1,43,166,8,0,0
1,43,167,8,9,0
1,43,168,8,16,0
1,43,169,8,8,0
1,43,170,8,0,0
1,43,171,8,9,0
1,43,172,8,11,0
1,43,173,8,8,0
1,43,174,8,0,0
1,43,175,8,9,0
1,43,176,8,17,0
1,43,177,8,0,0
1,43,178,8,9,0
1,43,179,8,0,0
1,43,180,8,9,0
1,43,181,8,17,0
1,43,182,8,0,0
1,43,183,8,9,0
1,43,184,8,9,0
1,43,185,8,16,0
1,43,186,8,8,0
1,43,187,8,0,0
1,43,188,8,9,0
1,43,189,8,16,0
1,43,190,8,8,0
1,43,191,8,0,0
1,43,192,8,9,0
1,43,193,8,11,0
1,43,194,8,8,0
1,43,195,8,0,0
1,43,196,8,9,0
1,43,197,8,17,0
1,43,198,8,0,0
1,43,199,8,9,0
1,43,200,8,0,0
1,43,201,8,9,0
1,43,202,8,17,0
1,43,203,8,0,0
1,43,204,8,9,0
1,43,205,8,9,0
1,43,206,8,16,0
1,43,207,8,8,0
1,43,208,8,0,0
1,43,209,8,9,0
1,43,210,8,16,0
1,43,211,8,8,0
1,43,212,8,0,0
1,43,213,8,9,0
1,43,214,8,11,0
1,43,215,8,8,0
1,43,216,8,0,0
1,43,217,8,9,0
1,43,218,8,17,0
1,43,219,8,0,0
1,43,220,8,9,0
1,43,221,8,0,0
1,43,222,8,9,0
1,43,223,8,17,0
1,43,224,8,0,0
1,43,225,8,9,0
1,43,226,8,9,0
1,43,227,8,16,0
1,43,228,8,8,0
1,43,229,8,0,0
1,43,230,8,9,0
1,43,231,8,16,0
1,43,232,8,8,0
1,43,233,8,0,0
1,43,234,8,9,0
1,43,235,8,11,0
1,43,236,8,8,0
1,43,237,8,0,0
1,43,238,8,9,0
1,43,239,8,17,0
1,43,240,8,0,0
1,43,241,8,9,0
1,43,242,8,0,0
1,43,243,8,9,0
1,43,244,8,17,0
1,43,245,8,0,0
1,43,246,8,9,0
1,43,247,8,9,0
1,43,248,8,16,0
1,43,249,8,8,0
1,43,250,8,0,0
1,43,251,8,9,0
1,43,252,8,16,0
1,43,253,8,8,0
1,43,254,8,0,0
1,43,255,8,9,0
1,43,256,8,11,0
1,43,257,8,8,0
1,43,258,8,0,0
1,43,259,8,9,0
1,43,260,8,16,0
1,43,261,8,8,0
1,43,262,8,0,0
1,43,263,8,15,0
1,43,264,8,0,0
1,43,265,8,9,0
1,43,266,8,9,0
1,43,267,8,9,0
1,43,268,8,0,0
1,43,269,8,15,0
1,43,270,8,0,0
1,43,271,8,9,0
1,43,272,8,9,0
1,43,273,8,9,0
1,43,274,8,0,0
1,43,275,8,15,0
1,43,276,8,0,0
1,43,277,8,9,0
1,43,278,8,9,0
1,43,279,8,9,0
1,43,280,8,0,0
1,43,281,8,15,0
1,43,282,8,0,0
1,43,283,8,9,0
1,43,284,8,9,0
1,43,285,8,9,0
1,43,286,8,0,0
1,43,287,8,15,0
1,43,288,8,0,0
1,43,289,8,9,0
1,43,290,8,9,0
1,43,291,8,9,0
1,43,292,8,0,0
1,43,293,8,15,0
1,43,294,8,0,0
1,43,295,8,9,0
1,43,296,8,9,0
1,43,297,8,9,0
1,43,298,8,0,0
1,43,299,8,15,0
1,43,300,8,0,0
1,43,301,8,9,0
1,43,302,8,9,0
1,43,303,8,9,0
1,43,304,8,0,0
1,43,305,8,15,0
1,43,306,8,0,0
1,43,307,8,9,0
1,43,308,8,9,0
1,43,309,8,9,0
1,43,310,8,0,0
1,43,311,8,15,0
1,43,312,8,0,0
1,43,313,8,9,0
1,43,314,8,9,0
1,43,315,8,9,0
1,43,316,8,0,0
1,43,317,8,15,0
1,43,318,8,0,0
1,43,319,8,9,0
1,43,320,8,9,0
1,43,321,8,9,0
1,43,322,8,0,0
1,43,323,8,15,0
1,43,324,8,0,0
1,43,325,8,9,0
1,43,326,8,9,0
1,43,327,8,9,0
1,44,45,0,9,1
1,44,46,0,11,1
1,44,47,0,8,0
1,44,48,0,0,1
1,44,49,0,9,0
1,44,50,0,17,0
1,44,51,0,0,0
1,44,52,0,9,0
1,44,53,0,0,0
1,44,54,0,9,0
1,44,55,0,17,0
1,44,56,0,0,0
1,44,57,0,9,0
1,44,58,0,9,0
1,44,59,0,16,0
1,44,60,0,8,0
1,44,61,0,0,0
1,44,62,0,9,0
1,44,63,0,16,0
1,44,64,0,8,0
1,44,65,0,0,0
1,44,66,0,9,0
1,44,67,0,11,0
1,44,68,0,8,0
1,44,69,0,0,0
1,44,70,0,9,0
1,44,71,0,17,0
1,44,72,0,0,0
1,44,73,0,9,0
1,44,74,0,0,0
1,44,75,0,9,0
1,44,76,0,17,0
1,44,77,0,0,0
1,44,78,0,9,0
1,44,79,0,9,0
1,44,80,0,16,0
1,44,81,0,8,0
1,44,82,0,0,0
1,44,83,0,9,0
1,44,84,0,16,0
1,44,85,0,8,0
1,44,86,0,0,0
1,44,87,0,9,0
1,44,88,0,11,0
1,44,89,0,8,0
1,44,90,0,0,0
1,44,91,0,9,0
1,44,92,0,17,0
1,44,93,0,0,0
1,44,94,0,9,0
1,44,95,0,0,0
1,44,96,0,9,0
1,44,97,0,17,0
1,44,98,0,0,0
1,44,99,0,9,0
1,44,100,0,9,0
1,44,101,0,16,0
1,44,102,0,8,0
1,44,103,0,0,0
1,44,104,0,9,0
1,44,105,0,16,0
1,44,106,0,8,0
1,44,107,0,0,0
1,44,108,0,9,0
1,44,109,0,11,0
1,44,110,0,8,0
1,44,111,0,0,0
1,44,112,0,9,0
1,44,113,0,17,0
1,44,114,0,0,0
1,44,115,0,9,0
1,44,116,0,0,0
1,44,117,0,9,0
1,44,118,0,17,0
1,44,119,0,0,0
1,44,120,0,9,0
1,44,121,0,9,0
1,44,122,0,16,0
1,44,123,0,8,0
1,44,124,0,0,0
1,44,125,0,9,0
1,44,126,0,16,0
1,44,127,0,8,0
1,44,128,0,0,0
1,44,129,0,9,0
1,44,130,0,11,0
1,44,131,0,8,0
1,44,132,0,0,0
1,44,133,0,9,0
1,44,134,0,17,0
1,44,135,0,0,0
1,44,136,0,9,0
1,44,137,0,0,0
1,44,138,0,9,0
1,44,139,0,17,0
1,44,140,0,0,0
1,44,141,0,9,0
1,44,142,0,9,0
1,44,143,0,16,0
1,44,144,0,8,0
1,44,145,0,0,0
1,44,146,0,9,0
1,44,147,0,16,0
1,44,148,0,8,0
1,44,149,0,0,0
1,44,150,0,9,0
1,44,151,0,11,0
1,44,152,0,8,0
1,44,153,0,0,0
1,44,154,0,9,0
1,44,155,0,17,0
1,44,156,0,0,0
1,44,157,0,9,0
1,44,158,0,0,0
1,44,159,0,9,0
1,44,160,0,17,0
1,44,161,0,0,0
1,44,162,0,9,0
1,44,163,0,9,0
1,44,164,0,16,0
1,44,165,0,8,0
1,44,166,0,0,0
1,44,167,0,9,0
1,44,168,0,16,0
1,44,169,0,8,0
1,44,170,0,0,0
1,44,171,0,9,0
1,44,172,0,11,0
1,44,173,0,8,0
1,44,174,0,0,0
1,44,175,0,9,0
1,44,176,0,17,0
1,44,177,0,0,0
1,44,178,0,9,0
1,44,179,0,0,0
1,44,180,0,9,0
1,44,181,0,17,0
1,44,182,0,0,0
1,44,183,0,9,0
1,44,184,0,9,0
1,44,185,0,16,0
1,44,186,0,8,0
1,44,187,0,0,0
1,44,188,0,9,0
1,44,189,0,16,0
1,44,190,0,8,0
1,44,191,0,0,0
1,44,192,0,9,0
1,44,193,0,11,0
1,44,194,0,8,0
1,44,195,0,0,0
1,44,196,0,9,0
1,44,197,0,17,0
1,44,198,0,0,0
1,44,199,0,9,0
1,44,200,0,0,0
1,44,201,0,9,0
1,44,202,0,17,0
1,44,203,0,0,0
1,44,204,0,9,0
1,44,205,0,9,0
1,44,206,0,16,0
1,44,207,0,8,0
1,44,208,0,0,0
1,44,209,0,9,0
1,44,210,0,16,0
1,44,211,0,8,0
1,44,212,0,0,0
1,44,213,0,9,0
1,44,214,0,11,0
1,44,215,0,8,0
1,44,216,0,0,0
1,44,217,0,9,0
1,44,218,0,17,0
1,44,219,0,0,0
1,44,220,0,9,0
1,44,221,0,0,0
1,44,222,0,9,0
1,44,223,0,17,0
1,44,224,0,0,0
1,44,225,0,9,0
1,44,226,0,9,0
1,44,227,0,16,0
1,44,228,0,8,0
1,44,229,0,0,0
1,44,230,0,9,0
1,44,231,0,16,0
1,44,232,0,8,0
1,44,233,0,0,0
1,44,234,0,9,0
1,44,235,0,11,0
1,44,236,0,8,0
1,44,237,0,0,0
1,44,238,0,9,0
1,44,239,0,17,0
1,44,240,0,0,0
1,44,241,0,9,0
1,44,242,0,0,0
1,44,243,0,9,0
1,44,244,0,17,0
1,44,245,0,0,0
1,44,246,0,9,0
1,44,247,0,9,0
1,44,248,0,16,0
1,44,249,0,8,0
1,44,250,0,0,0
1,44,251,0,9,0
1,44,252,0,16,0
1,44,253,0,8,0
1,44,254,0,0,0
1,44,255,0,9,0
1,44,256,0,11,0
1,44,257,0,8,0
1,44,258,0,0,0
1,44,259,0,9,0
1,44,260,0,16,0
1,44,261,0,8,0
1,44,262,0,0,0
1,44,263,0,15,0
1,44,264,0,0,0
1,44,265,0,9,0
1,44,266,0,9,0
1,44,267,0,9,0
1,44,268,0,0,0
1,44,269,0,15,0
1,44,270,0,0,0
1,44,271,0,9,0
1,44,272,0,9,0
1,44,273,0,9,0
1,44,274,0,0,0
1,44,275,0,15,0
1,44,276,0,0,0
1,44,277,0,9,0
1,44,278,0,9,0
1,44,279,0,9,0
1,44,280,0,0,0
1,44,281,0,15,0
1,44,282,0,0,0
1,44,283,0,9,0
1,44,284,0,9,0
1,44,285,0,9,0
1,44,286,0,0,0
1,44,287,0,15,0
1,44,288,0,0,0
1,44,289,0,9,0
1,44,290,0,9,0
1,44,291,0,9,0
1,44,292,0,0,0
1,44,293,0,15,0
1,44,294,0,0,0
1,44,295,0,9,0
1,44,296,0,9,0
1,44,297,0,9,0
1,44,298,0,0,0
1,44,299,0,15,0
1,44,300,0,0,0
1,44,301,0,9,0
1,44,302,0,9,0
1,44,303,0,9,0
1,44,304,0,0,0
1,44,305,0,15,0
1,44,306,0,0,0
1,44,307,0,9,0
1,44,308,0,9,0
1,44,309,0,9,0
1,44,310,0,0,0
1,44,311,0,15,0
1,44,312,0,0,0
1,44,313,0,9,0
1,44,314,0,9,0
1,44,315,0,9,0
1,44,316,0,0,0
1,44,317,0,15,0
1,44,318,0,0,0
1,44,319,0,9,0
1,44,320,0,9,0
1,44,321,0,9,0
1,44,322,0,0,0
1,44,323,0,15,0
1,44,324,0,0,0
1,44,325,0,9,0
1,44,326,0,9,0
1,44,327,0,9,0
1,45,46,9,11,0
1,45,47,9,8,0
1,45,48,9,0,0
1,45,49,9,9,0
1,45,50,9,17,0
1,45,51,9,0,0
1,45,52,9,9,0
1,45,53,9,0,0
1,45,54,9,9,0
1,45,55,9,17,0
1,45,56,9,0,0
1,45,57,9,9,0
1,45,58,9,9,0
1,45,59,9,16,0
1,45,60,9,8,0
1,45,61,9,0,0
1,45,62,9,9,0
1,45,63,9,16,0
1,45,64,9,8,0
1,45,65,9,0,0
1,45,66,9,9,0
1,45,67,9,11,0
1,45,68,9,8,0
1,45,69,9,0,0
1,45,70,9,9,0
1,45,71,9,17,0
1,45,72,9,0,0
1,45,73,9,9,0
1,45,74,9,0,0
1,45,75,9,9,0
1,45,76,9,17,0
1,45,77,9,0,0
1,45,78,9,9,0
1,45,79,9,9,0
1,45,80,9,16,0
1,45,81,9,8,0
1,45,82,9,0,0
1,45,83,9,9,0
1,45,84,9,16,0
1,45,85,9,8,0
1,45,86,9,0,0
1,45,87,9,9,0
1,45,88,9,11,0
1,45,89,9,8,0
1,45,90,9,0,0
1,45,91,9,9,0
1,45,92,9,17,0
1,45,93,9,0,0
1,45,94,9,9,0
1,45,95,9,0,0
1,45,96,9,9,0
1,45,97,9,17,0
1,45,98,9,0,0
1,45,99,9,9,0
1,45,100,9,9,0
1,45,101,9,16,0
1,45,102,9,8,0
1,45,103,9,0,0
1,45,104,9,9,0
1,45,105,9,16,0
1,45,106,9,8,0
1,45,107,9,0,0
1,45,108,9,9,0
1,45,109,9,11,0
1,45,110,9,8,0
1,45,111,9,0,0
1,45,112,9,9,0
1,45,113,9,17,0
1,45,114,9,0,0
1,45,115,9,9,0
1,45,116,9,0,0
1,45,117,9,9,0
1,45,118,9,17,0
1,45,119,9,0,0
1,45,120,9,9,0
1,45,121,9,9,0
1,45,122,9,16,0
1,45,123,9,8,0
1,45,124,9,0,0
1,45,125,9,9,0
1,45,126,9,16,0
1,45,127,9,8,0
1,45,128,9,0,0
1,45,129,9,9,0
1,45,130,9,11,0
1,45,131,9,8,0
1,45,132,9,0,0
1,45,133,9,9,0
1,45,134,9,17,0
1,45,135,9,0,0
1,45,136,9,9,0
1,45,137,9,0,0
1,45,138,9,9,0
1,45,139,9,17,0
1,45,140,9,0,0
1,45,141,9,9,0
1,45,142,9,9,0
1,45,143,9,16,0
1,45,144,9,8,0
1,45,145,9,0,0
1,45,146,9,9,0
1,45,147,9,16,0
1,45,148,9,8,0
1,45,149,9,0,0
1,45,150,9,9,0
1,45,151,9,11,0
1,45,152,9,8,0
1,45,153,9,0,0
1,45,154,9,9,0
1,45,155,9,17,0
1,45,156,9,0,0
1,45,157,9,9,0
1,45,158,9,0,0
1,45,159,9,9,0
1,45,160,9,17,0
1,45,161,9,0,0
1,45,162,9,9,0
1,45,163,9,9,0
1,45,164,9,16,0
1,45,165,9,8,0
1,45,166,9,0,0
1,45,167,9,9,0
1,45,168,9,16,0
1,45,169,9,8,0
1,45,170,9,0,0
1,45,171,9,9,0
1,45,172,9,11,0
1,45,173,9,8,0
1,45,174,9,0,0
1,45,175,9,9,0
1,45,176,9,17,0
1,45,177,9,0,0
1,45,178,9,9,0
1,45,179,9,0,0
1,45,180,9,9,0
1,45,181,9,17,0
1,45,182,9,0,0
1,45,183,9,9,0
1,45,184,9,9,0
1,45,185,9,16,0
1,45,186,9,8,0
1,45,187,9,0,0
1,45,188,9,9,0
1,45,189,9,16,0
1,45,190,9,8,0
1,45,191,9,0,0
1,45,192,9,9,0
1,45,193,9,11,0
1,45,194,9,8,0
1,45,195,9,0,0
1,45,196,9,9,0
1,45,197,9,17,0
1,45,198,9,0,0
1,45,199,9,9,0
1,45,200,9,0,0
1,45,201,9,9,0
1,45,202,9,17,0
1,45,203,9,0,0
1,45,204,9,9,0
1,45,205,9,9,0
1,45,206,9,16,0
1,45,207,9,8,0
1,45,208,9,0,0
1,45,209,9,9,0
1,45,210,9,16,0
1,45,211,9,8,0
1,45,212,9,0,0
1,45,213,9,9,0
1,45,214,9,11,0
1,45,215,9,8,0
1,45,216,9,0,0
1,45,217,9,9,0
1,45,218,9,17,0
1,45,219,9,0,0
1,45,220,9,9,0
1,45,221,9,0,0
1,45,222,9,9,0
1,45,223,9,17,0
1,45,224,9,0,0
1,45,225,9,9,0
1,45,226,9,9,0
1,45,227,9,16,0
1,45,228,9,8,0
1,45,229,9,0,0
1,45,230,9,9,0
1,45,231,9,16,0
1,45,232,9,8,0
1,45,233,9,0,0
1,45,234,9,9,0
1,45,235,9,11,0
1,45,236,9,8,0
1,45,237,9,0,0
1,45,238,9,9,0
1,45,239,9,17,0
1,45,240,9,0,0
1,45,241,9,9,0
1,45,242,9,0,0
1,45,243,9,9,0
1,45,244,9,17,0
1,45,245,9,0,0
1,45,246,9,9,0
1,45,247,9,9,0
1,45,248,9,16,0
1,45,249,9,8,0
1,45,250,9,0,0
1,45,251,9,9,0
1,45,252,9,16,0
1,45,253,9,8,0
1,45,254,9,0,0
1,45,255,9,9,0
1,45,256,9,11,0
1,45,257,9,8,0
1,45,258,9,0,0
1,45,259,9,9,0
1,45,260,9,16,0
1,45,261,9,8,0
1,45,262,9,0,0
1,45,263,9,15,0
1,45,264,9,0,0
1,45,265,9,9,0
1,45,266,9,9,0
1,45,267,9,9,0
1,45,268,9,0,0
1,45,269,9,15,0
1,45,270,9,0,0
1,45,271,9,9,0
1,45,272,9,9,0
1,45,273,9,9,0
1,45,274,9,0,0
1,45,275,9,15,0
1,45,276,9,0,0
1,45,277,9,9,0
1,45,278,9,9,0
1,45,279,9,9,0
1,45,280,9,0,0
1,45,281,9,15,0
1,45,282,9,0,0
1,45,283,9,9,0
1,45,284,9,9,0
1,45,285,9,9,0
1,45,286,9,0,0
1,45,287,9,15,0
1,45,288,9,0,0
1,45,289,9,9,0
1,45,290,9,9,0
1,45,291,9,9,0
1,45,292,9,0,0
1,45,293,9,15,0
1,45,294,9,0,0
1,45,295,9,9,0
1,45,296,9,9,0
1,45,297,9,9,0
1,45,298,9,0,0
1,45,299,9,15,0
1,45,300,9,0,0
1,45,301,9,9,0
1,45,302,9,9,0
1,45,303,9,9,0
1,45,304,9,0,0
1,45,305,9,15,0
1,45,306,9,0,0
1,45,307,9,9,0
1,45,308,9,9,0
1,45,309,9,9,0
1,45,310,9,0,0
1,45,311,9,15,0
1,45,312,9,0,0
1,45,313,9,9,0
1,45,314,9,9,0
1,45,315,9,9,0
1,45,316,9,0,0
1,45,317,9,15,0
1,45,318,9,0,0
1,45,319,9,9,0
1,45,320,9,9,0
1,45,321,9,9,0
1,45,322,9,0,0
1,45,323,9,15,0
1,45,324,9,0,0
1,45,325,9,9,0
1,45,326,9,9,0
1,45,327,9,9,0
1,46,47,11,8,1
1,46,48,11,0,0
1,46,49,11,9,0
1,46,50,11,17,0
1,46,51,11,0,0
1,46,52,11,9,0
1,46,53,11,0,0
1,46,54,11,9,0
1,46,55,11,17,0
1,46,56,11,0,0
1,46,57,11,9,0
1,46,58,11,9,0
1,46,59,11,16,0
1,46,60,11,8,0
1,46,61,11,0,0
1,46,62,11,9,0
1,46,63,11,16,0
1,46,64,11,8,0
1,46,65,11,0,0
1,46,66,11,9,0
1,46,67,11,11,0
1,46,68,11,8,0
1,46,69,11,0,0
1,46,70,11,9,0
1,46,71,11,17,0
1,46,72,11,0,0
1,46,73,11,9,0
1,46,74,11,0,0
1,46,75,11,9,0
1,46,76,11,17,0
1,46,77,11,0,0
1,46,78,11,9,0
1,46,79,11,9,0
1,46,80,11,16,0
1,46,81,11,8,0
1,46,82,11,0,0
1,46,83,11,9,0
1,46,84,11,16,0
1,46,85,11,8,0
1,46,86,11,0,0
1,46,87,11,9,0
1,46,88,11,11,0
1,46,89,11,8,0
1,46,90,11,0,0
1,46,91,11,9,0
1,46,92,11,17,0
1,46,93,11,0,0
1,46,94,11,9,0
1,46,95,11,0,0
1,46,96,11,9,0
1,46,97,11,17,0
1,46,98,11,0,0
1,46,99,11,9,0
1,46,100,11,9,0
1,46,101,11,16,0
1,46,102,11,8,0
1,46,103,11,0,0
1,46,104,11,9,0
1,46,105,11,16,0
1,46,106,11,8,0
1,46,107,11,0,0
1,46,108,11,9,0
1,46,109,11,11,0
1,46,110,11,8,0
1,46,111,11,0,0
1,46,112,11,9,0
1,46,113,11,17,0
1,46,114,11,0,0
1,46,115,11,9,0
1,46,116,11,0,0
1,46,117,11,9,0
1,46,118,11,17,0
1,46,119,11,0,0
1,46,120,11,9,0
1,46,121,11,9,0
1,46,122,11,16,0
1,46,123,11,8,0
1,46,124,11,0,0
1,46,125,11,9,0
1,46,126,11,16,0
1,46,127,11,8,0
1,46,128,11,0,0
1,46,129,11,9,0
1,46,130,11,11,0
1,46,131,11,8,0
1,46,132,11,0,0
1,46,133,11,9,0
1,46,134,11,17,0
1,46,135,11,0,0
1,46,136,11,9,0
1,46,137,11,0,0
1,46,138,11,9,0
1,46,139,11,17,0
1,46,140,11,0,0
1,46,141,11,9,0
1,46,142,11,9,0
1,46,143,11,16,0
1,46,144,11,8,0
1,46,145,11,0,0
1,46,146,11,9,0
1,46,147,11,16,0
1,46,148,11,8,0
1,46,149,11,0,0
1,46,150,11,9,0
1,46,151,11,11,0
1,46,152,11,8,0
1,46,153,11,0,0
1,46,154,11,9,0
1,46,155,11,17,0
1,46,156,11,0,0
1,46,157,11,9,0
1,46,158,11,0,0
1,46,159,11,9,0
1,46,160,11,17,0
1,46,161,11,0,0
1,46,162,11,9,0
1,46,163,11,9,0
1,46,164,11,16,0
1,46,165,11,8,0
1,46,166,11,0,0
1,46,167,11,9,0
1,46,168,11,16,0
1,46,169,11,8,0
1,46,170,11,0,0
1,46,171,11,9,0
1,46,172,11,11,0
1,46,173,11,8,0
1,46,174,11,0,0
1,46,175,11,9,0
1,46,176,11,17,0
1,46,177,11,0,0
1,46,178,11,9,0
1,46,179,11,0,0
1,46,180,11,9,0
1,46,181,11,17,0
1,46,182,11,0,0
1,46,183,11,9,0
1,46,184,11,9,0
1,46,185,11,16,0
1,46,186,11,8,0
1,46,187,11,0,0
1,46,188,11,9,0
1,46,189,11,16,0
1,46,190,11,8,0
1,46,191,11,0,0
1,46,192,11,9,0
1,46,193,11,11,0
1,46,194,11,8,0
1,46,195,11,0,0
1,46,196,11,9,0
1,46,197,11,17,0
1,46,198,11,0,0
1,46,199,11,9,0
1,46,200,11,0,0
1,46,201,11,9,0
1,46,202,11,17,0
1,46,203,11,0,0
1,46,204,11,9,0
1,46,205,11,9,0
1,46,206,11,16,0
1,46,207,11,8,0
1,46,208,11,0,0
1,46,209,11,9,0
1,46,210,11,16,0
1,46,211,11,8,0
1,46,212,11,0,0
1,46,213,11,9,0
1,46,214,11,11,0
1,46,215,11,8,0
1,46,216,11,0,0
1,46,217,11,9,0
1,46,218,11,17,0
1,46,219,11,0,0
1,46,220,11,9,0
1,46,221,11,0,0
1,46,222,11,9,0
1,46,223,11,17,0
1,46,224,11,0,0
1,46,225,11,9,0
1,46,226,11,9,0
1,46,227,11,16,0
1,46,228,11,8,0
1,46,229,11,0,0
1,46,230,11,9,0
1,46,231,11,16,0
1,46,232,11,8,0
1,46,233,11,0,0
1,46,234,11,9,0
1,46,235,11,11,0
1,46,236,11,8,0
1,46,237,11,0,0
1,46,238,11,9,0
1,46,239,11,17,0
1,46,240,11,0,0
1,46,241,11,9,0
1,46,242,11,0,0
1,46,243,11,9,0
1,46,244,11,17,0
1,46,245,11,0,0
1,46,246,11,9,0
1,46,247,11,9,0
1,46,248,11,16,0
1,46,249,11,8,0
1,46,250,11,0,0
1,46,251,11,9,0
1,46,252,11,16,0
1,46,253,11,8,0
1,46,254,11,0,0
1,46,255,11,9,0
1,46,256,11,11,0
1,46,257,11,8,0
1,46,258,11,0,0
1,46,259,11,9,0
1,46,260,11,16,0
1,46,261,11,8,0
1,46,262,11,0,0
1,46,263,11,15,0
1,46,264,11,0,0
1,46,265,11,9,0
1,46,266,11,9,0
1,46,267,11,9,0
1,46,268,11,0,0
1,46,269,11,15,0
1,46,270,11,0,0
1,46,271,11,9,0
1,46,272,11,9,0
1,46,273,11,9,0
1,46,274,11,0,0
1,46,275,11,15,0
1,46,276,11,0,0
1,46,277,11,9,0
1,46,278,11,9,0
1,46,279,11,9,0
1,46,280,11,0,0
1,46,281,11,15,0
1,46,282,11,0,0
1,46,283,11,9,0
1,46,284,11,9,0
1,46,285,11,9,0
1,46,286,11,0,0
1,46,287,11,15,0
1,46,288,11,0,0
1,46,289,11,9,0
1,46,290,11,9,0
1,46,291,11,9,0
1,46,292,11,0,0
1,46,293,11,15,0
1,46,294,11,0,0
1,46,295,11,9,0
1,46,296,11,9,0
1,46,297,11,9,0
1,46,298,11,0,0
1,46,299,11,15,0
1,46,300,11,0,0
1,46,301,11,9,0
1,46,302,11,9,0
1,46,303,11,9,0
1,46,304,11,0,0
1,46,305,11,15,0
1,46,306,11,0,0
1,46,307,11,9,0
1,46,308,11,9,0
1,46,309,11,9,0
1,46,310,11,0,0
1,46,311,11,15,0
1,46,312,11,0,0
1,46,313,11,9,0
1,46,314,11,9,0
1,46,315,11,9,0
1,46,316,11,0,0
1,46,317,11,15,0
1,46,318,11,0,0
1,46,319,11,9,0
1,46,320,11,9,0
1,46,321,11,9,0
1,46,322,11,0,1
1,46,323,11,15,0
1,46,324,11,0,0
1,46,325,11,9,0
1,46,326,11,9,0
1,46,327,11,9,0
1,47,48,8,0,0
1,47,49,8,9,0
1,47,50,8,17,0
1,47,51,8,0,0
1,47,52,8,9,0
1,47,53,8,0,0
1,47,54,8,9,0
1,47,55,8,17,0
1,47,56,8,0,0
1,47,57,8,9,0
1,47,58,8,9,0
1,47,59,8,16,0
1,47,60,8,8,0
1,47,61,8,0,0
1,47,62,8,9,0
1,47,63,8,16,0
1,47,64,8,8,0
1,47,65,8,0,0
1,47,66,8,9,0
1,47,67,8,11,0
1,47,68,8,8,0
1,47,69,8,0,0
1,47,70,8,9,0
1,47,71,8,17,0
1,47,72,8,0,0
1,47,73,8,9,0
1,47,74,8,0,0
1,47,75,8,9,0
1,47,76,8,17,0
1,47,77,8,0,0
1,47,78,8,9,0
1,47,79,8,9,0
1,47,80,8,16,0
1,47,81,8,8,0
1,47,82,8,0,0
1,47,83,8,9,0
1,47,84,8,16,0
1,47,85,8,8,0
1,47,86,8,0,0
1,47,87,8,9,0
1,47,88,8,11,0
1,47,89,8,8,0
1,47,90,8,0,0
1,47,91,8,9,0
1,47,92,8,17,0
1,47,93,8,0,0
1,47,94,8,9,0
1,47,95,8,0,0
1,47,96,8,9,0
1,47,97,8,17,0
1,47,98,8,0,0
1,47,99,8,9,0
1,47,100,8,9,0
1,47,101,8,16,0
1,47,102,8,8,0
1,47,103,8,0,0
1,47,104,8,9,0
1,47,105,8,16,0
1,47,106,8,8,0
1,47,107,8,0,0
1,47,108,8,9,0
1,47,109,8,11,0
1,47,110,8,8,0
1,47,111,8,0,0
1,47,112,8,9,0
1,47,113,8,17,0
1,47,114,8,0,0
1,47,115,8,9,0
1,47,116,8,0,0
1,47,117,8,9,0
1,47,118,8,17,0
1,47,119,8,0,0
1,47,120,8,9,0
1,47,121,8,9,0
1,47,122,8,16,0
1,47,123,8,8,0
1,47,124,8,0,0
1,47,125,8,9,0
1,47,126,8,16,0
1,47,127,8,8,0
1,47,128,8,0,0
1,47,129,8,9,0
1,47,130,8,11,0
1,47,131,8,8,0
1,47,132,8,0,0
1,47,133,8,9,0
1,47,134,8,17,0
1,47,135,8,0,0
1,47,136,8,9,0
1,47,137,8,0,0
1,47,138,8,9,0
1,47,139,8,17,0
1,47,140,8,0,0
1,47,141,8,9,0
1,47,142,8,9,0
1,47,143,8,16,0
1,47,144,8,8,0
1,47,145,8,0,0
1,47,146,8,9,0
1,47,147,8,16,0
1,47,148,8,8,0
1,47,149,8,0,0
1,47,150,8,9,0
1,47,151,8,11,0
1,47,152,8,8,0
1,47,153,8,0,0
1,47,154,8,9,0
1,47,155,8,17,0
1,47,156,8,0,0
1,47,157,8,9,0
1,47,158,8,0,0
1,47,159,8,9,0
1,47,160,8,17,0
1,47,161,8,0,0
1,47,162,8,9,0
1,47,163,8,9,0
1,47,164,8,16,0
1,47,165,8,8,0
1,47,166,8,0,0
1,47,167,8,9,0
1,47,168,8,16,0
1,47,169,8,8,0
1,47,170,8,0,0
1,47,171,8,9,0
1,47,172,8,11,0
1,47,173,8,8,0
1,47,174,8,0,0
1,47,175,8,9,0
1,47,176,8,17,0
1,47,177,8,0,0
1,47,178,8,9,0
1,47,179,8,0,0
1,47,180,8,9,0
1,47,181,8,17,0
1,47,182,8,0,0
1,47,183,8,9,0
1,47,184,8,9,0
1,47,185,8,16,0
1,47,186,8,8,0
1,47,187,8,0,0
1,47,188,8,9,0
1,47,189,8,16,0
1,47,190,8,8,0
1,47,191,8,0,0
1,47,192,8,9,0
1,47,193,8,11,0
1,47,194,8,8,0
1,47,195,8,0,0
1,47,196,8,9,0
1,47,197,8,17,0
1,47,198,8,0,0
1,47,199,8,9,0
1,47,200,8,0,0
1,47,201,8,9,0
1,47,202,8,17,0
1,47,203,8,0,0
1,47,204,8,9,0
1,47,205,8,9,0
1,47,206,8,16,0
1,47,207,8,8,0
1,47,208,8,0,0
1,47,209,8,9,0
1,47,210,8,16,0
1,47,211,8,8,0
1,47,212,8,0,0
1,47,213,8,9,0
1,47,214,8,11,0
1,47,215,8,8,0
1,47,216,8,0,0
1,47,217,8,9,0
1,47,218,8,17,0
1,47,219,8,0,0
1,47,220,8,9,0
1,47,221,8,0,0
1,47,222,8,9,0
1,47,223,8,17,0
1,47,224,8,0,0
1,47,225,8,9,0
1,47,226,8,9,0
1,47,227,8,16,0
1,47,228,8,8,0
1,47,229,8,0,0
1,47,230,8,9,0
1,47,231,8,16,0
1,47,232,8,8,0
1,47,233,8,0,0
1,47,234,8,9,0
1,47,235,8,11,0
1,47,236,8,8,0
1,47,237,8,0,0
1,47,238,8,9,0
1,47,239,8,17,0
1,47,240,8,0,0
1,47,241,8,9,0
1,47,242,8,0,0
1,47,243,8,9,0
1,47,244,8,17,0
1,47,245,8,0,0
1,47,246,8,9,0
1,47,247,8,9,0
1,47,248,8,16,0
1,47,249,8,8,0
1,47,250,8,0,0
1,47,251,8,9,0
1,47,252,8,16,0
1,47,253,8,8,0
1,47,254,8,0,0
1,47,255,8,9,0
1,47,256,8,11,0
1,47,257,8,8,0
1,47,258,8,0,0
1,47,259,8,9,0
1,47,260,8,16,0
1,47,261,8,8,0
1,47,262,8,0,0
1,47,263,8,15,0
1,47,264,8,0,0
1,47,265,8,9,0
1,47,266,8,9,0
1,47,267,8,9,0
1,47,268,8,0,0
1,47,269,8,15,0
1,47,270,8,0,0
1,47,271,8,9,0
1,47,272,8,9,0
1,47,273,8,9,0
1,47,274,8,0,0
1,47,275,8,15,0
1,47,276,8,0,0
1,47,277,8,9,0
1,47,278,8,9,0
1,47,279,8,9,0
1,47,280,8,0,0
1,47,281,8,15,0
1,47,282,8,0,0
1,47,283,8,9,0
1,47,284,8,9,0
1,47,285,8,9,0
1,47,286,8,0,0
1,47,287,8,15,0
1,47,288,8,0,0
1,47,289,8,9,0
1,47,290,8,9,0
1,47,291,8,9,0
1,47,292,8,0,0
1,47,293,8,15,0
1,47,294,8,0,0
1,47,295,8,9,0
1,47,296,8,9,0
1,47,297,8,9,0
1,47,298,8,0,0
1,47,299,8,15,0
1,47,300,8,0,0
1,47,301,8,9,0
1,47,302,8,9,0
1,47,303,8,9,0
1,47,304,8,0,0
1,47,305,8,15,0
1,47,306,8,0,0
1,47,307,8,9,0
1,47,308,8,9,0
1,47,309,8,9,0
1,47,310,8,0,0
1,47,311,8,15,0
1,47,312,8,0,0
1,47,313,8,9,0
1,47,314,8,9,0
1,47,315,8,9,0
1,47,316,8,0,0
1,47,317,8,15,0
1,47,318,8,0,0
1,47,319,8,9,0
1,47,320,8,9,0
1,47,321,8,9,0
1,47,322,8,0,0
1,47,323,8,15,0
1,47,324,8,0,0
1,47,325,8,9,0
1,47,326,8,9,0
1,47,327,8,9,0
1,48,49,0,9,1
1,48,50,0,17,1
1,48,51,0,0,0
1,48,52,0,9,0
1,48,53,0,0,0
1,48,54,0,9,0
1,48,55,0,17,0
1,48,56,0,0,0
1,48,57,0,9,0
1,48,58,0,9,0
1,48,59,0,16,0
1,48,60,0,8,0
1,48,61,0,0,0
1,48,62,0,9,0
1,48,63,0,16,0
1,48,64,0,8,0
1,48,65,0,0,0
1,48,66,0,9,0
1,48,67,0,11,0
1,48,68,0,8,0
1,48,69,0,0,0
1,48,70,0,9,0
1,48,71,0,17,0
1,48,72,0,0,0
1,48,73,0,9,0
1,48,74,0,0,0
1,48,75,0,9,0
1,48,76,0,17,0
1,48,77,0,0,0
1,48,78,0,9,0
1,48,79,0,9,0
1,48,80,0,16,0
1,48,81,0,8,0
1,48,82,0,0,0
1,48,83,0,9,0
1,48,84,0,16,0
1,48,85,0,8,0
1,48,86,0,0,0
1,48,87,0,9,0
1,48,88,0,11,0
1,48,89,0,8,0
1,48,90,0,0,0
1,48,91,0,9,0
1,48,92,0,17,0
1,48,93,0,0,0
1,48,94,0,9,0
1,48,95,0,0,0
1,48,96,0,9,0
1,48,97,0,17,0
1,48,98,0,0,0
1,48,99,0,9,0
1,48,100,0,9,0
1,48,101,0,16,0
1,48,102,0,8,0
1,48,103,0,0,0
1,48,104,0,9,0
1,48,105,0,16,0
1,48,106,0,8,0
1,48,107,0,0,0
1,48,108,0,9,0
1,48,109,0,11,0
1,48,110,0,8,0
1,48,111,0,0,0
1,48,112,0,9,0
1,48,113,0,17,0
1,48,114,0,0,0
1,48,115,0,9,0
1,48,116,0,0,0
1,48,117,0,9,0
1,48,118,0,17,0
1,48,119,0,0,0
1,48,120,0,9,0
1,48,121,0,9,0
1,48,122,0,16,0
1,48,123,0,8,0
1,48,124,0,0,0
1,48,125,0,9,0
1,48,126,0,16,0
1,48,127,0,8,0
1,48,128,0,0,0
1,48,129,0,9,0
1,48,130,0,11,0
1,48,131,0,8,0
1,48,132,0,0,0
1,48,133,0,9,0
1,48,134,0,17,0
1,48,135,0,0,0
1,48,136,0,9,0
1,48,137,0,0,0
1,48,138,0,9,0
1,48,139,0,17,0
1,48,140,0,0,0
1,48,141,0,9,0
1,48,142,0,9,0
1,48,143,0,16,0
1,48,144,0,8,0
1,48,145,0,0,0
1,48,146,0,9,0
1,48,147,0,16,0
1,48,148,0,8,0
1,48,149,0,0,0
1,48,150,0,9,0
1,48,151,0,11,0
1,48,152,0,8,0
1,48,153,0,0,0
1,48,154,0,9,0
1,48,155,0,17,0
1,48,156,0,0,0
1,48,157,0,9,0
1,48,158,0,0,0
1,48,159,0,9,0
1,48,160,0,17,0
1,48,161,0,0,0
1,48,162,0,9,0
1,48,163,0,9,0
1,48,164,0,16,0
1,48,165,0,8,0
1,48,166,0,0,0
1,48,167,0,9,0
1,48,168,0,16,0
1,48,169,0,8,0
1,48,170,0,0,0
1,48,171,0,9,0
1,48,172,0,11,0
1,48,173,0,8,0
1,48,174,0,0,0
1,48,175,0,9,0
1,48,176,0,17,0
1,48,177,0,0,0
1,48,178,0,9,0
1,48,179,0,0,0
1,48,180,0,9,0
1,48,181,0,17,0
1,48,182,0,0,0
1,48,183,0,9,0
1,48,184,0,9,0
1,48,185,0,16,0
1,48,186,0,8,0
1,48,187,0,0,0
1,48,188,0,9,0
1,48,189,0,16,0
1,48,190,0,8,0
1,48,191,0,0,0
1,48,192,0,9,0
1,48,193,0,11,0
1,48,194,0,8,0
1,48,195,0,0,0
1,48,196,0,9,0
1,48,197,0,17,0
1,48,198,0,0,0
1,48,199,0,9,0
1,48,200,0,0,0
1,48,201,0,9,0
1,48,202,0,17,0
1,48,203,0,0,0
1,48,204,0,9,0
1,48,205,0,9,0
1,48,206,0,16,0
1,48,207,0,8,0
1,48,208,0,0,0
1,48,209,0,9,0
1,48,210,0,16,0
1,48,211,0,8,0
1,48,212,0,0,0
1,48,213,0,9,0
1,48,214,0,11,0
1,48,215,0,8,0
1,48,216,0,0,0
1,48,217,0,9,0
1,48,218,0,17,0
1,48,219,0,0,0
1,48,220,0,9,0
1,48,221,0,0,0
1,48,222,0,9,0
1,48,223,0,17,0
1,48,224,0,0,0
1,48,225,0,9,0
1,48,226,0,9,0
1,48,227,0,16,0
1,48,228,0,8,0
1,48,229,0,0,0
1,48,230,0,9,0
1,48,231,0,16,0
1,48,232,0,8,0
1,48,233,0,0,0
1,48,234,0,9,0
1,48,235,0,11,0
1,48,236,0,8,0
1,48,237,0,0,0
1,48,238,0,9,0
1,48,239,0,17,0
1,48,240,0,0,0
1,48,241,0,9,0
1,48,242,0,0,0
1,48,243,0,9,0
1,48,244,0,17,0
1,48,245,0,0,0
1,48,246,0,9,0
1,48,247,0,9,0
1,48,248,0,16,0
1,48,249,0,8,0
1,48,250,0,0,0
1,48,251,0,9,0
1,48,252,0,16,0
1,48,253,0,8,0
1,48,254,0,0,0
1,48,255,0,9,0
1,48,256,0,11,0
1,48,257,0,8,0
1,48,258,0,0,0
1,48,259,0,9,0
1,48,260,0,16,0
1,48,261,0,8,0
1,48,262,0,0,0
1,48,263,0,15,0
1,48,264,0,0,0
1,48,265,0,9,0
1,48,266,0,9,0
1,48,267,0,9,0
1,48,268,0,0,0
1,48,269,0,15,0
1,48,270,0,0,0
1,48,271,0,9,0
1,48,272,0,9,0
1,48,273,0,9,0
1,48,274,0,0,0
1,48,275,0,15,0
1,48,276,0,0,0
1,48,277,0,9,0
1,48,278,0,9,0
1,48,279,0,9,0
1,48,280,0,0,0
1,48,281,0,15,0
1,48,282,0,0,0
1,48,283,0,9,0
1,48,284,0,9,0
1,48,285,0,9,0
1,48,286,0,0,0
1,48,287,0,15,0
1,48,288,0,0,0
1,48,289,0,9,0
1,48,290,0,9,0
1,48,291,0,9,0
1,48,292,0,0,0
1,48,293,0,15,0
1,48,294,0,0,0
1,48,295,0,9,0
1,48,296,0,9,0
1,48,297,0,9,0
1,48,298,0,0,0
1,48,299,0,15,0
1,48,300,0,0,0
1,48,301,0,9,0
1,48,302,0,9,0
1,48,303,0,9,0
1,48,304,0,0,0
1,48,305,0,15,0
1,48,306,0,0,0
1,48,307,0,9,0
1,48,308,0,9,0
1,48,309,0,9,0
1,48,310,0,0,0
1,48,311,0,15,0
1,48,312,0,0,0
1,48,313,0,9,0
1,48,314,0,9,0
1,48,315,0,9,0
1,48,316,0,0,0
1,48,317,0,15,0
1,48,318,0,0,0
1,48,319,0,9,0
1,48,320,0,9,0
1,48,321,0,9,0
1,48,322,0,0,0
1,48,323,0,15,0
1,48,324,0,0,0
1,48,325,0,9,0
1,48,326,0,9,0
1,48,327,0,9,0
1,49,50,9,17,0
1,49,51,9,0,0
1,49,52,9,9,0
1,49,53,9,0,0
1,49,54,9,9,0
1,49,55,9,17,0
1,49,56,9,0,0
1,49,57,9,9,0
1,49,58,9,9,0
1,49,59,9,16,0
1,49,60,9,8,0
1,49,61,9,0,0
1,49,62,9,9,0
1,49,63,9,16,0
1,49,64,9,8,0
1,49,65,9,0,0
1,49,66,9,9,0
1,49,67,9,11,0
1,49,68,9,8,0
1,49,69,9,0,0
1,49,70,9,9,0
1,49,71,9,17,0
1,49,72,9,0,0
1,49,73,9,9,0
1,49,74,9,0,0
1,49,75,9,9,0
1,49,76,9,17,0
1,49,77,9,0,0
1,49,78,9,9,0
1,49,79,9,9,0
1,49,80,9,16,0
1,49,81,9,8,0
1,49,82,9,0,0
1,49,83,9,9,0
1,49,84,9,16,0
1,49,85,9,8,0
1,49,86,9,0,0
1,49,87,9,9,0
1,49,88,9,11,0
1,49,89,9,8,0
1,49,90,9,0,0
1,49,91,9,9,0
1,49,92,9,17,0
1,49,93,9,0,0
1,49,94,9,9,0
1,49,95,9,0,0
1,49,96,9,9,0
1,49,97,9,17,0
1,49,98,9,0,0
1,49,99,9,9,0
1,49,100,9,9,0
1,49,101,9,16,0
1,49,102,9,8,0
1,49,103,9,0,0
1,49,104,9,9,0
1,49,105,9,16,0
1,49,106,9,8,0
1,49,107,9,0,0
1,49,108,9,9,0
1,49,109,9,11,0
1,49,110,9,8,0
1,49,111,9,0,0
1,49,112,9,9,0
1,49,113,9,17,0
1,49,114,9,0,0
1,49,115,9,9,0
1,49,116,9,0,0
1,49,117,9,9,0
1,49,118,9,17,0
1,49,119,9,0,0
1,49,120,9,9,0
1,49,121,9,9,0
1,49,122,9,16,0
1,49,123,9,8,0
1,49,124,9,0,0
1,49,125,9,9,0
1,49,126,9,16,0
1,49,127,9,8,0
1,49,128,9,0,0
1,49,129,9,9,0
1,49,130,9,11,0
1,49,131,9,8,0
1,49,132,9,0,0
1,49,133,9,9,0
1,49,134,9,17,0
1,49,135,9,0,0
1,49,136,9,9,0
1,49,137,9,0,0
1,49,138,9,9,0
1,49,139,9,17,0
1,49,140,9,0,0
1,49,141,9,9,0
1,49,142,9,9,0
1,49,143,9,16,0
1,49,144,9,8,0
1,49,145,9,0,0
1,49,146,9,9,0
1,49,147,9,16,0
1,49,148,9,8,0
1,49,149,9,0,0
1,49,150,9,9,0
1,49,151,9,11,0
1,49,152,9,8,0
1,49,153,9,0,0
1,49,154,9,9,0
1,49,155,9,17,0
1,49,156,9,0,0
1,49,157,9,9,0
1,49,158,9,0,0
1,49,159,9,9,0
1,49,160,9,17,0
1,49,161,9,0,0
1,49,162,9,9,0
1,49,163,9,9,0
1,49,164,9,16,0
1,49,165,9,8,0
1,49,166,9,0,0
1,49,167,9,9,0
1,49,168,9,16,0
1,49,169,9,8,0
1,49,170,9,0,0
1,49,171,9,9,0
1,49,172,9,11,0
1,49,173,9,8,0
1,49,174,9,0,0
1,49,175,9,9,0
1,49,176,9,17,0
1,49,177,9,0,0
1,49,178,9,9,0
1,49,179,9,0,0
1,49,180,9,9,0
1,49,181,9,17,0
1,49,182,9,0,0
1,49,183,9,9,0
1,49,184,9,9,0
1,49,185,9,16,0
1,49,186,9,8,0
1,49,187,9,0,0
1,49,188,9,9,0
1,49,189,9,16,0
1,49,190,9,8,0
1,49,191,9,0,0
1,49,192,9,9,0
1,49,193,9,11,0
1,49,194,9,8,0
1,49,195,9,0,0
1,49,196,9,9,0
1,49,197,9,17,0
1,49,198,9,0,0
1,49,199,9,9,0
1,49,200,9,0,0
1,49,201,9,9,0
1,49,202,9,17,0
1,49,203,9,0,0
1,49,204,9,9,0
1,49,205,9,9,0
1,49,206,9,16,0
1,49,207,9,8,0
1,49,208,9,0,0
1,49,209,9,9,0
1,49,210,9,16,0
1,49,211,9,8,0
1,49,212,9,0,0
1,49,213,9,9,0
1,49,214,9,11,0
1,49,215,9,8,0
1,49,216,9,0,0
1,49,217,9,9,0
1,49,218,9,17,0
1,49,219,9,0,0
1,49,220,9,9,0
1,49,221,9,0,0
1,49,222,9,9,0
1,49,223,9,17,0
1,49,224,9,0,0
1,49,225,9,9,0
1,49,226,9,9,0
1,49,227,9,16,0
1,49,228,9,8,0
1,49,229,9,0,0
1,49,230,9,9,0
1,49,231,9,16,0
1,49,232,9,8,0
1,49,233,9,0,0
1,49,234,9,9,0
1,49,235,9,11,0
1,49,236,9,8,0
1,49,237,9,0,0
1,49,238,9,9,0
1,49,239,9,17,0
1,49,240,9,0,0
1,49,241,9,9,0
1,49,242,9,0,0
1,49,243,9,9,0
1,49,244,9,17,0
1,49,245,9,0,0
1,49,246,9,9,0
1,49,247,9,9,0
1,49,248,9,16,0
1,49,249,9,8,0
1,49,250,9,0,0
1,49,251,9,9,0
1,49,252,9,16,0
1,49,253,9,8,0
1,49,254,9,0,0
1,49,255,9,9,0
1,49,256,9,11,0
1,49,257,9,8,0
1,49,258,9,0,0
1,49,259,9,9,0
1,49,260,9,16,0
1,49,261,9,8,0
1,49,262,9,0,0
1,49,263,9,15,0
1,49,264,9,0,0
1,49,265,9,9,0
1,49,266,9,9,0
1,49,267,9,9,0
1,49,268,9,0,0
1,49,269,9,15,0
1,49,270,9,0,0
1,49,271,9,9,0
1,49,272,9,9,0
1,49,273,9,9,0
1,49,274,9,0,0
1,49,275,9,15,0
1,49,276,9,0,0
1,49,277,9,9,0
1,49,278,9,9,0
1,49,279,9,9,0
1,49,280,9,0,0
1,49,281,9,15,0
1,49,282,9,0,0
1,49,283,9,9,0
1,49,284,9,9,0
1,49,285,9,9,0
1,49,286,9,0,0
1,49,287,9,15,0
1,49,288,9,0,0
1,49,289,9,9,0
1,49,290,9,9,0
1,49,291,9,9,0
1,49,292,9,0,0
1,49,293,9,15,0
1,49,294,9,0,0
1,49,295,9,9,0
1,49,296,9,9,0
1,49,297,9,9,0
1,49,298,9,0,0
1,49,299,9,15,0
1,49,300,9,0,0
1,49,301,9,9,0
1,49,302,9,9,0
1,49,303,9,9,0
1,49,304,9,0,0
1,49,305,9,15,0
1,49,306,9,0,0
1,49,307,9,9,0
1,49,308,9,9,0
1,49,309,9,9,0
1,49,310,9,0,0
1,49,311,9,15,0
1,49,312,9,0,0
1,49,313,9,9,0
1,49,314,9,9,0
1,49,315,9,9,0
1,49,316,9,0,0
1,49,317,9,15,0
1,49,318,9,0,0
1,49,319,9,9,0
1,49,320,9,9,0
1,49,321,9,9,0
1,49,322,9,0,0
1,49,323,9,15,0
1,49,324,9,0,0
1,49,325,9,9,0
1,49,326,9,9,0
1,49,327,9,9,0
1,50,51,17,0,1
1,50,52,17,9,0
1,50,53,17,0,0
1,50,54,17,9,0
1,50,55,17,17,0
1,50,56,17,0,0
1,50,57,17,9,0
1,50,58,17,9,0
1,50,59,17,16,0
1,50,60,17,8,0
1,50,61,17,0,0
1,50,62,17,9,0
1,50,63,17,16,0
1,50,64,17,8,0
1,50,65,17,0,0
1,50,66,17,9,0
1,50,67,17,11,0
1,50,68,17,8,0
1,50,69,17,0,0
1,50,70,17,9,0
1,50,71,17,17,0
1,50,72,17,0,0
1,50,73,17,9,0
1,50,74,17,0,0
1,50,75,17,9,0
1,50,76,17,17,0
1,50,77,17,0,0
1,50,78,17,9,0
1,50,79,17,9,0
1,50,80,17,16,0
1,50,81,17,8,0
1,50,82,17,0,0
1,50,83,17,9,0
1,50,84,17,16,0
1,50,85,17,8,0
1,50,86,17,0,0
1,50,87,17,9,0
1,50,88,17,11,0
1,50,89,17,8,0
1,50,90,17,0,0
1,50,91,17,9,0
1,50,92,17,17,0
1,50,93,17,0,0
1,50,94,17,9,0
1,50,95,17,0,0
1,50,96,17,9,0
1,50,97,17,17,0
1,50,98,17,0,0
1,50,99,17,9,0
1,50,100,17,9,0
1,50,101,17,16,0
1,50,102,17,8,0
1,50,103,17,0,0
1,50,104,17,9,0
1,50,105,17,16,0
1,50,106,17,8,0
1,50,107,17,0,0
1,50,108,17,9,0
1,50,109,17,11,0
1,50,110,17,8,0
1,50,111,17,0,0
1,50,112,17,9,0
1,50,113,17,17,0
1,50,114,17,0,0
1,50,115,17,9,0
1,50,116,17,0,0
1,50,117,17,9,0
1,50,118,17,17,0
1,50,119,17,0,0
1,50,120,17,9,0
1,50,121,17,9,0
1,50,122,17,16,0
1,50,123,17,8,0
1,50,124,17,0,0
1,50,125,17,9,0
1,50,126,17,16,0
1,50,127,17,8,0
1,50,128,17,0,0
1,50,129,17,9,0
1,50,130,17,11,0
1,50,131,17,8,0
1,50,132,17,0,0
1,50,133,17,9,0
1,50,134,17,17,0
1,50,135,17,0,0
1,50,136,17,9,0
1,50,137,17,0,0
1,50,138,17,9,0
1,50,139,17,17,0
1,50,140,17,0,0
1,50,141,17,9,0
1,50,142,17,9,0
1,50,143,17,16,0
1,50,144,17,8,0
1,50,145,17,0,0
1,50,146,17,9,0
1,50,147,17,16,0
1,50,148,17,8,0
1,50,149,17,0,0
1,50,150,17,9,0
1,50,151,17,11,0
1,50,152,17,8,0
1,50,153,17,0,0
1,50,154,17,9,0
1,50,155,17,17,0
1,50,156,17,0,0
1,50,157,17,9,0
1,50,158,17,0,0
1,50,159,17,9,0
1,50,160,17,17,0
1,50,161,17,0,0
1,50,162,17,9,0
1,50,163,17,9,0
1,50,164,17,16,0
1,50,165,17,8,0
1,50,166,17,0,0
1,50,167,17,9,0
1,50,168,17,16,0
1,50,169,17,8,0
1,50,170,17,0,0
1,50,171,17,9,0
1,50,172,17,11,0
1,50,173,17,8,0
1,50,174,17,0,0
1,50,175,17,9,0
1,50,176,17,17,0
1,50,177,17,0,0
1,50,178,17,9,0
1,50,179,17,0,0
1,50,180,17,9,0
1,50,181,17,17,0
1,50,182,17,0,0
1,50,183,17,9,0
1,50,184,17,9,0
1,50,185,17,16,0
1,50,186,17,8,0
1,50,187,17,0,0
1,50,188,17,9,0
1,50,189,17,16,0
1,50,190,17,8,0
1,50,191,17,0,0
1,50,192,17,9,0
1,50,193,17,11,0
1,50,194,17,8,0
1,50,195,17,0,0
1,50,196,17,9,0
1,50,197,17,17,0
1,50,198,17,0,0
1,50,199,17,9,0
1,50,200,17,0,0
1,50,201,17,9,0
1,50,202,17,17,0
1,50,203,17,0,0
1,50,204,17,9,0
1,50,205,17,9,0
1,50,206,17,16,0
1,50,207,17,8,0
1,50,208,17,0,0
1,50,209,17,9,0
1,50,210,17,16,0
1,50,211,17,8,0
1,50,212,17,0,0
1,50,213,17,9,0
1,50,214,17,11,0
1,50,215,17,8,0
1,50,216,17,0,0
1,50,217,17,9,0
1,50,218,17,17,0
1,50,219,17,0,0
1,50,220,17,9,0
1,50,221,17,0,0
1,50,222,17,9,0
1,50,223,17,17,0
1,50,224,17,0,0
1,50,225,17,9,0
1,50,226,17,9,0
1,50,227,17,16,0
1,50,228,17,8,0
1,50,229,17,0,0
1,50,230,17,9,0
1,50,231,17,16,0
1,50,232,17,8,0
1,50,233,17,0,0
1,50,234,17,9,0
1,50,235,17,11,0
1,50,236,17,8,0
1,50,237,17,0,0
1,50,238,17,9,0
1,50,239,17,17,0
1,50,240,17,0,0
1,50,241,17,9,0
1,50,242,17,0,0
1,50,243,17,9,0
1,50,244,17,17,0
1,50,245,17,0,0
1,50,246,17,9,0
1,50,247,17,9,0
1,50,248,17,16,0
1,50,249,17,8,0
1,50,250,17,0,0
1,50,251,17,9,0
1,50,252,17,16,0
1,50,253,17,8,0
1,50,254,17,0,0
1,50,255,17,9,0
1,50,256,17,11,0
1,50,257,17,8,0
1,50,258,17,0,0
1,50,259,17,9,0
1,50,260,17,16,0
1,50,261,17,8,0
1,50,262,17,0,0
1,50,263,17,15,0
1,50,264,17,0,0
1,50,265,17,9,0
1,50,266,17,9,0
1,50,267,17,9,0
1,50,268,17,0,0
1,50,269,17,15,0
1,50,270,17,0,0
1,50,271,17,9,0
1,50,272,17,9,0
1,50,273,17,9,0
1,50,274,17,0,0
1,50,275,17,15,0
1,50,276,17,0,0
1,50,277,17,9,0
1,50,278,17,9,0
1,50,279,17,9,0
1,50,280,17,0,0
1,50,281,17,15,0
1,50,282,17,0,0
1,50,283,17,9,0
1,50,284,17,9,0
1,50,285,17,9,0
1,50,286,17,0,0
1,50,287,17,15,0
1,50,288,17,0,0
1,50,289,17,9,0
1,50,290,17,9,0
1,50,291,17,9,0
1,50,292,17,0,0
1,50,293,17,15,0
1,50,294,17,0,0
1,50,295,17,9,0
1,50,296,17,9,0
1,50,297,17,9,0
1,50,298,17,0,0
1,50,299,17,15,0
1,50,300,17,0,0
1,50,301,17,9,0
1,50,302,17,9,0
1,50,303,17,9,0
1,50,304,17,0,0
1,50,305,17,15,0
1,50,306,17,0,0
1,50,307,17,9,0
1,50,308,17,9,0
1,50,309,17,9,0
1,50,310,17,0,0
1,50,311,17,15,0
1,50,312,17,0,0
1,50,313,17,9,0
1,50,314,17,9,0
1,50,315,17,9,0
1,50,316,17,0,0
1,50,317,17,15,0
1,50,318,17,0,0
1,50,319,17,9,0
1,50,320,17,9,0
1,50,321,17,9,0
1,50,322,17,0,0
1,50,323,17,15,0
1,50,324,17,0,0
1,50,325,17,9,0
1,50,326,17,9,0
1,50,327,17,9,0
1,51,52,0,9,1
1,51,53,0,0,1
1,51,54,0,9,0
1,51,55,0,17,0
1,51,56,0,0,0
1,51,57,0,9,0
1,51,58,0,9,0
1,51,59,0,16,0
1,51,60,0,8,0
1,51,61,0,0,1
1,51,62,0,9,0
1,51,63,0,16,0
1,51,64,0,8,0
1,51,65,0,0,0
1,51,66,0,9,0
1,51,67,0,11,0
1,51,68,0,8,0
1,51,69,0,0,0
1,51,70,0,9,0
1,51,71,0,17,0
1,51,72,0,0,0
1,51,73,0,9,0
1,51,74,0,0,0
1,51,75,0,9,0
1,51,76,0,17,0
1,51,77,0,0,0
1,51,78,0,9,0
1,51,79,0,9,0
1,51,80,0,16,0
1,51,81,0,8,0
1,51,82,0,0,0
1,51,83,0,9,0
1,51,84,0,16,0
1,51,85,0,8,0
1,51,86,0,0,0
1,51,87,0,9,0
1,51,88,0,11,0
1,51,89,0,8,0
1,51,90,0,0,0
1,51,91,0,9,0
1,51,92,0,17,0
1,51,93,0,0,0
1,51,94,0,9,0
1,51,95,0,0,0
1,51,96,0,9,0
1,51,97,0,17,0
1,51,98,0,0,0
1,51,99,0,9,0
1,51,100,0,9,0
1,51,101,0,16,0
1,51,102,0,8,0
1,51,103,0,0,0
1,51,104,0,9,0
1,51,105,0,16,0
1,51,106,0,8,0
1,51,107,0,0,0
1,51,108,0,9,0
1,51,109,0,11,0
1,51,110,0,8,0
1,51,111,0,0,0
1,51,112,0,9,0
1,51,113,0,17,0
1,51,114,0,0,0
1,51,115,0,9,0
1,51,116,0,0,0
1,51,117,0,9,0
1,51,118,0,17,0
1,51,119,0,0,0
1,51,120,0,9,0
1,51,121,0,9,0
1,51,122,0,16,0
1,51,123,0,8,0
1,51,124,0,0,0
1,51,125,0,9,0
1,51,126,0,16,0
1,51,127,0,8,0
1,51,128,0,0,0
1,51,129,0,9,0
1,51,130,0,11,0
1,51,131,0,8,0
1,51,132,0,0,0
1,51,133,0,9,0
1,51,134,0,17,0
1,51,135,0,0,0
1,51,136,0,9,0
1,51,137,0,0,0
1,51,138,0,9,0
1,51,139,0,17,0
1,51,140,0,0,0
1,51,141,0,9,0
1,51,142,0,9,0
1,51,143,0,16,0
1,51,144,0,8,0
1,51,145,0,0,0
1,51,146,0,9,0
1,51,147,0,16,0
1,51,148,0,8,0
1,51,149,0,0,0
1,51,150,0,9,0
1,51,151,0,11,0
1,51,152,0,8,0
1,51,153,0,0,0
1,51,154,0,9,0
1,51,155,0,17,0
1,51,156,0,0,0
1,51,157,0,9,0
1,51,158,0,0,0
1,51,159,0,9,0
1,51,160,0,17,0
1,51,161,0,0,0
1,51,162,0,9,0
1,51,163,0,9,0
1,51,164,0,16,0
1,51,165,0,8,0
1,51,166,0,0,0
1,51,167,0,9,0
1,51,168,0,16,0
1,51,169,0,8,0
1,51,170,0,0,0
1,51,171,0,9,0
1,51,172,0,11,0
1,51,173,0,8,0
1,51,174,0,0,0
1,51,175,0,9,0
1,51,176,0,17,0
1,51,177,0,0,0
1,51,178,0,9,0
1,51,179,0,0,0
1,51,180,0,9,0
1,51,181,0,17,0
1,51,182,0,0,0
1,51,183,0,9,0
1,51,184,0,9,0
1,51,185,0,16,0
1,51,186,0,8,0
1,51,187,0,0,0
1,51,188,0,9,0
1,51,189,0,16,0
1,51,190,0,8,0
1,51,191,0,0,0
1,51,192,0,9,0
1,51,193,0,11,0
1,51,194,0,8,0
1,51,195,0,0,0
1,51,196,0,9,0
1,51,197,0,17,0
1,51,198,0,0,0
1,51,199,0,9,0
1,51,200,0,0,0
1,51,201,0,9,0
1,51,202,0,17,0
1,51,203,0,0,0
1,51,204,0,9,0
1,51,205,0,9,0
1,51,206,0,16,0
1,51,207,0,8,0
1,51,208,0,0,0
1,51,209,0,9,0
1,51,210,0,16,0
1,51,211,0,8,0
1,51,212,0,0,0
1,51,213,0,9,0
1,51,214,0,11,0
1,51,215,0,8,0
1,51,216,0,0,0
1,51,217,0,9,0
1,51,218,0,17,0
1,51,219,0,0,0
1,51,220,0,9,0
1,51,221,0,0,0
1,51,222,0,9,0
1,51,223,0,17,0
1,51,224,0,0,0
1,51,225,0,9,0
1,51,226,0,9,0
1,51,227,0,16,0
1,51,228,0,8,0
1,51,229,0,0,0
1,51,230,0,9,0
1,51,231,0,16,0
1,51,232,0,8,0
1,51,233,0,0,0
1,51,234,0,9,0
1,51,235,0,11,0
1,51,236,0,8,0
1,51,237,0,0,0
1,51,238,0,9,0
1,51,239,0,17,0
1,51,240,0,0,0
1,51,241,0,9,0
1,51,242,0,0,0
1,51,243,0,9,0
1,51,244,0,17,0
1,51,245,0,0,0
1,51,246,0,9,0
1,51,247,0,9,0
1,51,248,0,16,0
1,51,249,0,8,0
1,51,250,0,0,0
1,51,251,0,9,0
1,51,252,0,16,0
1,51,253,0,8,0
1,51,254,0,0,0
1,51,255,0,9,0
1,51,256,0,11,0
1,51,257,0,8,0
1,51,258,0,0,0
1,51,259,0,9,0
1,51,260,0,16,0
1,51,261,0,8,0
1,51,262,0,0,0
1,51,263,0,15,0
1,51,264,0,0,0
1,51,265,0,9,0
1,51,266,0,9,0
1,51,267,0,9,0
1,51,268,0,0,0
1,51,269,0,15,0
1,51,270,0,0,0
1,51,271,0,9,0
1,51,272,0,9,0
1,51,273,0,9,0
1,51,274,0,0,0
1,51,275,0,15,0
1,51,276,0,0,0
1,51,277,0,9,0
1,51,278,0,9,0
1,51,279,0,9,0
1,51,280,0,0,0
1,51,281,0,15,0
1,51,282,0,0,0
1,51,283,0,9,0
1,51,284,0,9,0
1,51,285,0,9,0
1,51,286,0,0,0
1,51,287,0,15,0
1,51,288,0,0,0
1,51,289,0,9,0
1,51,290,0,9,0
1,51,291,0,9,0
1,51,292,0,0,0
1,51,293,0,15,0
1,51,294,0,0,0
1,51,295,0,9,0
1,51,296,0,9,0
1,51,297,0,9,0
1,51,298,0,0,0
1,51,299,0,15,0
1,51,300,0,0,0
1,51,301,0,9,0
1,51,302,0,9,0
1,51,303,0,9,0
1,51,304,0,0,0
1,51,305,0,15,0
1,51,306,0,0,0
1,51,307,0,9,0
1,51,308,0,9,0
1,51,309,0,9,0
1,51,310,0,0,0
1,51,311,0,15,0
1,51,312,0,0,0
1,51,313,0,9,0
1,51,314,0,9,0
1,51,315,0,9,0
1,51,316,0,0,0
1,51,317,0,15,0
1,51,318,0,0,0
1,51,319,0,9,0
1,51,320,0,9,0
1,51,321,0,9,0
1,51,322,0,0,0
1,51,323,0,15,0
1,51,324,0,0,0
1,51,325,0,9,0
1,51,326,0,9,0
1,51,327,0,9,0
1,52,53,9,0,0
1,52,54,9,9,0
1,52,55,9,17,0
1,52,56,9,0,0
1,52,57,9,9,0
1,52,58,9,9,0
1,52,59,9,16,0
1,52,60,9,8,0
1,52,61,9,0,0
1,52,62,9,9,0
1,52,63,9,16,0
1,52,64,9,8,0
1,52,65,9,0,0
1,52,66,9,9,0
1,52,67,9,11,0
1,52,68,9,8,0
1,52,69,9,0,0
1,52,70,9,9,0
1,52,71,9,17,0
1,52,72,9,0,0
1,52,73,9,9,0
1,52,74,9,0,0
1,52,75,9,9,0
1,52,76,9,17,0
1,52,77,9,0,0
1,52,78,9,9,0
1,52,79,9,9,0
1,52,80,9,16,0
1,52,81,9,8,0
1,52,82,9,0,0
1,52,83,9,9,0
1,52,84,9,16,0
1,52,85,9,8,0
1,52,86,9,0,0
1,52,87,9,9,0
1,52,88,9,11,0
1,52,89,9,8,0
1,52,90,9,0,0
1,52,91,9,9,0
1,52,92,9,17,0
1,52,93,9,0,0
1,52,94,9,9,0
1,52,95,9,0,0
1,52,96,9,9,0
1,52,97,9,17,0
1,52,98,9,0,0
1,52,99,9,9,0
1,52,100,9,9,0
1,52,101,9,16,0
1,52,102,9,8,0
1,52,103,9,0,0
1,52,104,9,9,0
1,52,105,9,16,0
1,52,106,9,8,0
1,52,107,9,0,0
1,52,108,9,9,0
1,52,109,9,11,0
1,52,110,9,8,0
1,52,111,9,0,0
1,52,112,9,9,0
1,52,113,9,17,0
1,52,114,9,0,0
1,52,115,9,9,0
1,52,116,9,0,0
1,52,117,9,9,0
1,52,118,9,17,0
1,52,119,9,0,0
1,52,120,9,9,0
1,52,121,9,9,0
1,52,122,9,16,0
1,52,123,9,8,0
1,52,124,9,0,0
1,52,125,9,9,0
1,52,126,9,16,0
1,52,127,9,8,0
1,52,128,9,0,0
1,52,129,9,9,0
1,52,130,9,11,0
1,52,131,9,8,0
1,52,132,9,0,0
1,52,133,9,9,0
1,52,134,9,17,0
1,52,135,9,0,0
1,52,136,9,9,0
1,52,137,9,0,0
1,52,138,9,9,0
1,52,139,9,17,0
1,52,140,9,0,0
1,52,141,9,9,0
1,52,142,9,9,0
1,52,143,9,16,0
1,52,144,9,8,0
1,52,145,9,0,0
1,52,146,9,9,0
1,52,147,9,16,0
1,52,148,9,8,0
1,52,149,9,0,0
1,52,150,9,9,0
1,52,151,9,11,0
1,52,152,9,8,0
1,52,153,9,0,0
1,52,154,9,9,0
1,52,155,9,17,0
1,52,156,9,0,0
1,52,157,9,9,0
1,52,158,9,0,0
1,52,159,9,9,0
1,52,160,9,17,0
1,52,161,9,0,0
1,52,162,9,9,0
1,52,163,9,9,0
1,52,164,9,16,0
1,52,165,9,8,0
1,52,166,9,0,0
1,52,167,9,9,0
1,52,168,9,16,0
1,52,169,9,8,0
1,52,170,9,0,0
1,52,171,9,9,0
1,52,172,9,11,0
1,52,173,9,8,0
1,52,174,9,0,0
1,52,175,9,9,0
1,52,176,9,17,0
1,52,177,9,0,0
1,52,178,9,9,0
1,52,179,9,0,0
1,52,180,9,9,0
1,52,181,9,17,0
1,52,182,9,0,0
1,52,183,9,9,0
1,52,184,9,9,0
1,52,185,9,16,0
1,52,186,9,8,0
1,52,187,9,0,0
1,52,188,9,9,0
1,52,189,9,16,0
1,52,190,9,8,0
1,52,191,9,0,0
1,52,192,9,9,0
1,52,193,9,11,0
1,52,194,9,8,0
1,52,195,9,0,0
1,52,196,9,9,0
1,52,197,9,17,0
1,52,198,9,0,0
1,52,199,9,9,0
1,52,200,9,0,0
1,52,201,9,9,0
1,52,202,9,17,0
1,52,203,9,0,0
1,52,204,9,9,0
1,52,205,9,9,0
1,52,206,9,16,0
1,52,207,9,8,0
1,52,208,9,0,0
1,52,209,9,9,0
1,52,210,9,16,0
1,52,211,9,8,0
1,52,212,9,0,0
1,52,213,9,9,0
1,52,214,9,11,0
1,52,215,9,8,0
1,52,216,9,0,0
1,52,217,9,9,0
1,52,218,9,17,0
1,52,219,9,0,0
1,52,220,9,9,0
1,52,221,9,0,0
1,52,222,9,9,0
1,52,223,9,17,0
1,52,224,9,0,0
1,52,225,9,9,0
1,52,226,9,9,0
1,52,227,9,16,0
1,52,228,9,8,0
1,52,229,9,0,0
1,52,230,9,9,0
1,52,231,9,16,0
1,52,232,9,8,0
1,52,233,9,0,0
1,52,234,9,9,0
1,52,235,9,11,0
1,52,236,9,8,0
1,52,237,9,0,0
1,52,238,9,9,0
1,52,239,9,17,0
1,52,240,9,0,0
1,52,241,9,9,0
1,52,242,9,0,0
1,52,243,9,9,0
1,52,244,9,17,0
1,52,245,9,0,0
1,52,246,9,9,0
1,52,247,9,9,0
1,52,248,9,16,0
1,52,249,9,8,0
1,52,250,9,0,0
1,52,251,9,9,0
1,52,252,9,16,0
1,52,253,9,8,0
1,52,254,9,0,0
1,52,255,9,9,0
1,52,256,9,11,0
1,52,257,9,8,0
1,52,258,9,0,0
1,52,259,9,9,0
1,52,260,9,16,0
1,52,261,9,8,0
1,52,262,9,0,0
1,52,263,9,15,0
1,52,264,9,0,0
1,52,265,9,9,0
1,52,266,9,9,0
1,52,267,9,9,0
1,52,268,9,0,0
1,52,269,9,15,0
1,52,270,9,0,0
1,52,271,9,9,0
1,52,272,9,9,0
1,52,273,9,9,0
1,52,274,9,0,0
1,52,275,9,15,0
1,52,276,9,0,0
1,52,277,9,9,0
1,52,278,9,9,0
1,52,279,9,9,0
1,52,280,9,0,0
1,52,281,9,15,0
1,52,282,9,0,0
1,52,283,9,9,0
1,52,284,9,9,0
1,52,285,9,9,0
1,52,286,9,0,0
1,52,287,9,15,0
1,52,288,9,0,0
1,52,289,9,9,0
1,52,290,9,9,0
1,52,291,9,9,0
1,52,292,9,0,0
1,52,293,9,15,0
1,52,294,9,0,0
1,52,295,9,9,0
1,52,296,9,9,0
1,52,297,9,9,0
1,52,298,9,0,0
1,52,299,9,15,0
1,52,300,9,0,0
1,52,301,9,9,0
1,52,302,9,9,0
1,52,303,9,9,0
1,52,304,9,0,0
1,52,305,9,15,0
1,52,306,9,0,0
1,52,307,9,9,0
1,52,308,9,9,0
1,52,309,9,9,0
1,52,310,9,0,0
1,52,311,9,15,0
1,52,312,9,0,0
1,52,313,9,9,0
1,52,314,9,9,0
1,52,315,9,9,0
1,52,316,9,0,0
1,52,317,9,15,0
1,52,318,9,0,0
1,52,319,9,9,0
1,52,320,9,9,0
1,52,321,9,9,0
1,52,322,9,0,0
1,52,323,9,15,0
1,52,324,9,0,0
1,52,325,9,9,0
1,52,326,9,9,0
1,52,327,9,9,0
1,53,54,0,9,1
1,53,55,0,17,1
1,53,56,0,0,1
1,53,57,0,9,0
1,53,58,0,9,0
1,53,59,0,16,0
1,53,60,0,8,0
1,53,61,0,0,0
1,53,62,0,9,0
1,53,63,0,16,0
1,53,64,0,8,0
1,53,65,0,0,0
1,53,66,0,9,0
1,53,67,0,11,0
1,53,68,0,8,0
1,53,69,0,0,0
1,53,70,0,9,0
1,53,71,0,17,0
1,53,72,0,0,0
1,53,73,0,9,0
1,53,74,0,0,0
1,53,75,0,9,0
1,53,76,0,17,0
1,53,77,0,0,0
1,53,78,0,9,0
1,53,79,0,9,0
1,53,80,0,16,0
1,53,81,0,8,0
1,53,82,0,0,0
1,53,83,0,9,0
1,53,84,0,16,0
1,53,85,0,8,0
1,53,86,0,0,0
1,53,87,0,9,0
1,53,88,0,11,0
1,53,89,0,8,0
1,53,90,0,0,0
1,53,91,0,9,0
1,53,92,0,17,0
1,53,93,0,0,0
1,53,94,0,9,0
1,53,95,0,0,0
1,53,96,0,9,0
1,53,97,0,17,0
1,53,98,0,0,0
1,53,99,0,9,0
1,53,100,0,9,0
1,53,101,0,16,0
1,53,102,0,8,0
1,53,103,0,0,0
1,53,104,0,9,0
1,53,105,0,16,0
1,53,106,0,8,0
1,53,107,0,0,0
1,53,108,0,9,0
1,53,109,0,11,0
1,53,110,0,8,0
1,53,111,0,0,0
1,53,112,0,9,0
1,53,113,0,17,0
1,53,114,0,0,0
1,53,115,0,9,0
1,53,116,0,0,0
1,53,117,0,9,0
1,53,118,0,17,0
1,53,119,0,0,0
1,53,120,0,9,0
1,53,121,0,9,0
1,53,122,0,16,0
1,53,123,0,8,0
1,53,124,0,0,0
1,53,125,0,9,0
1,53,126,0,16,0
1,53,127,0,8,0
1,53,128,0,0,0
1,53,129,0,9,0
1,53,130,0,11,0
1,53,131,0,8,0
1,53,132,0,0,0
1,53,133,0,9,0
1,53,134,0,17,0
1,53,135,0,0,0
1,53,136,0,9,0
1,53,137,0,0,0
1,53,138,0,9,0
1,53,139,0,17,0
1,53,140,0,0,0
1,53,141,0,9,0
1,53,142,0,9,0
1,53,143,0,16,0
1,53,144,0,8,0
1,53,145,0,0,0
1,53,146,0,9,0
1,53,147,0,16,0
1,53,148,0,8,0
1,53,149,0,0,0
1,53,150,0,9,0
1,53,151,0,11,0
1,53,152,0,8,0
1,53,153,0,0,0
1,53,154,0,9,0
1,53,155,0,17,0
1,53,156,0,0,0
1,53,157,0,9,0
1,53,158,0,0,0
1,53,159,0,9,0
1,53,160,0,17,0
1,53,161,0,0,0
1,53,162,0,9,0
1,53,163,0,9,0
1,53,164,0,16,0
1,53,165,0,8,0
1,53,166,0,0,0
1,53,167,0,9,0
1,53,168,0,16,0
1,53,169,0,8,0
1,53,170,0,0,0
1,53,171,0,9,0
1,53,172,0,11,0
1,53,173,0,8,0
1,53,174,0,0,0
1,53,175,0,9,0
1,53,176,0,17,0
1,53,177,0,0,0
1,53,178,0,9,0
1,53,179,0,0,0
1,53,180,0,9,0
1,53,181,0,17,0
1,53,182,0,0,0
1,53,183,0,9,0
1,53,184,0,9,0
1,53,185,0,16,0
1,53,186,0,8,0
1,53,187,0,0,0
1,53,188,0,9,0
1,53,189,0,16,0
1,53,190,0,8,0
1,53,191,0,0,0
1,53,192,0,9,0
1,53,193,0,11,0
1,53,194,0,8,0
1,53,195,0,0,0
1,53,196,0,9,0
1,53,197,0,17,0
1,53,198,0,0,0
1,53,199,0,9,0
1,53,200,0,0,0
1,53,201,0,9,0
1,53,202,0,17,0
1,53,203,0,0,0
1,53,204,0,9,0
1,53,205,0,9,0
1,53,206,0,16,0
1,53,207,0,8,0
1,53,208,0,0,0
1,53,209,0,9,0
1,53,210,0,16,0
1,53,211,0,8,0
1,53,212,0,0,0
1,53,213,0,9,0
1,53,214,0,11,0
1,53,215,0,8,0
1,53,216,0,0,0
1,53,217,0,9,0
1,53,218,0,17,0
1,53,219,0,0,0
1,53,220,0,9,0
1,53,221,0,0,0
1,53,222,0,9,0
1,53,223,0,17,0
1,53,224,0,0,0
1,53,225,0,9,0
1,53,226,0,9,0
1,53,227,0,16,0
1,53,228,0,8,0
1,53,229,0,0,0
1,53,230,0,9,0
1,53,231,0,16,0
1,53,232,0,8,0
1,53,233,0,0,0
1,53,234,0,9,0
1,53,235,0,11,0
1,53,236,0,8,0
1,53,237,0,0,0
1,53,238,0,9,0
1,53,239,0,17,0
1,53,240,0,0,0
1,53,241,0,9,0
1,53,242,0,0,0
1,53,243,0,9,0
1,53,244,0,17,0
1,53,245,0,0,0
1,53,246,0,9,0
1,53,247,0,9,0
1,53,248,0,16,0
1,53,249,0,8,0
1,53,250,0,0,0
1,53,251,0,9,0
1,53,252,0,16,0
1,53,253,0,8,0
1,53,254,0,0,0
1,53,255,0,9,0
1,53,256,0,11,0
1,53,257,0,8,0
1,53,258,0,0,0
1,53,259,0,9,0
1,53,260,0,16,0
1,53,261,0,8,0
1,53,262,0,0,0
1,53,263,0,15,0
1,53,264,0,0,0
1,53,265,0,9,0
1,53,266,0,9,0
1,53,267,0,9,0
1,53,268,0,0,0
1,53,269,0,15,0
1,53,270,0,0,0
1,53,271,0,9,0
1,53,272,0,9,0
1,53,273,0,9,0
1,53,274,0,0,0
1,53,275,0,15,0
1,53,276,0,0,0
1,53,277,0,9,0
1,53,278,0,9,0
1,53,279,0,9,0
1,53,280,0,0,0
1,53,281,0,15,0
1,53,282,0,0,0
1,53,283,0,9,0
1,53,284,0,9,0
1,53,285,0,9,0
1,53,286,0,0,0
1,53,287,0,15,0
1,53,288,0,0,0
1,53,289,0,9,0
1,53,290,0,9,0
1,53,291,0,9,0
1,53,292,0,0,0
1,53,293,0,15,0
1,53,294,0,0,0
1,53,295,0,9,0
1,53,296,0,9,0
1,53,297,0,9,0
1,53,298,0,0,0
1,53,299,0,15,0
1,53,300,0,0,0
1,53,301,0,9,0
1,53,302,0,9,0
1,53,303,0,9,0
1,53,304,0,0,0
1,53,305,0,15,0
1,53,306,0,0,0
1,53,307,0,9,0
1,53,308,0,9,0
1,53,309,0,9,0
1,53,310,0,0,0
1,53,311,0,15,0
1,53,312,0,0,0
1,53,313,0,9,0
1,53,314,0,9,0
1,53,315,0,9,0
1,53,316,0,0,0
1,53,317,0,15,0
1,53,318,0,0,0
1,53,319,0,9,0
1,53,320,0,9,0
1,53,321,0,9,0
1,53,322,0,0,0
1,53,323,0,15,0
1,53,324,0,0,0
1,53,325,0,9,0
1,53,326,0,9,0
1,53,327,0,9,0
1,54,55,9,17,0
1,54,56,9,0,0
1,54,57,9,9,0
1,54,58,9,9,0
1,54,59,9,16,0
1,54,60,9,8,0
1,54,61,9,0,0
1,54,62,9,9,0
1,54,63,9,16,0
1,54,64,9,8,0
1,54,65,9,0,0
1,54,66,9,9,0
1,54,67,9,11,0
1,54,68,9,8,0
1,54,69,9,0,0
1,54,70,9,9,0
1,54,71,9,17,0
1,54,72,9,0,0
1,54,73,9,9,0
1,54,74,9,0,0
1,54,75,9,9,0
1,54,76,9,17,0
1,54,77,9,0,0
1,54,78,9,9,0
1,54,79,9,9,0
1,54,80,9,16,0
1,54,81,9,8,0
1,54,82,9,0,0
1,54,83,9,9,0
1,54,84,9,16,0
1,54,85,9,8,0
1,54,86,9,0,0
1,54,87,9,9,0
1,54,88,9,11,0
1,54,89,9,8,0
1,54,90,9,0,0
1,54,91,9,9,0
1,54,92,9,17,0
1,54,93,9,0,0
1,54,94,9,9,0
1,54,95,9,0,0
1,54,96,9,9,0
1,54,97,9,17,0
1,54,98,9,0,0
1,54,99,9,9,0
1,54,100,9,9,0
1,54,101,9,16,0
1,54,102,9,8,0
1,54,103,9,0,0
1,54,104,9,9,0
1,54,105,9,16,0
1,54,106,9,8,0
1,54,107,9,0,0
1,54,108,9,9,0
1,54,109,9,11,0
1,54,110,9,8,0
1,54,111,9,0,0
1,54,112,9,9,0
1,54,113,9,17,0
1,54,114,9,0,0
1,54,115,9,9,0
1,54,116,9,0,0
1,54,117,9,9,0
1,54,118,9,17,0
1,54,119,9,0,0
1,54,120,9,9,0
1,54,121,9,9,0
1,54,122,9,16,0
1,54,123,9,8,0
1,54,124,9,0,0
1,54,125,9,9,0
1,54,126,9,16,0
1,54,127,9,8,0
1,54,128,9,0,0
1,54,129,9,9,0
1,54,130,9,11,0
1,54,131,9,8,0
1,54,132,9,0,0
1,54,133,9,9,0
1,54,134,9,17,0
1,54,135,9,0,0
1,54,136,9,9,0
1,54,137,9,0,0
1,54,138,9,9,0
1,54,139,9,17,0
1,54,140,9,0,0
1,54,141,9,9,0
1,54,142,9,9,0
1,54,143,9,16,0
1,54,144,9,8,0
1,54,145,9,0,0
1,54,146,9,9,0
1,54,147,9,16,0
1,54,148,9,8,0
1,54,149,9,0,0
1,54,150,9,9,0
1,54,151,9,11,0
1,54,152,9,8,0
1,54,153,9,0,0
1,54,154,9,9,0
1,54,155,9,17,0
1,54,156,9,0,0
1,54,157,9,9,0
1,54,158,9,0,0
1,54,159,9,9,0
1,54,160,9,17,0
1,54,161,9,0,0
1,54,162,9,9,0
1,54,163,9,9,0
1,54,164,9,16,0
1,54,165,9,8,0
1,54,166,9,0,0
1,54,167,9,9,0
1,54,168,9,16,0
1,54,169,9,8,0
1,54,170,9,0,0
1,54,171,9,9,0
1,54,172,9,11,0
1,54,173,9,8,0
1,54,174,9,0,0
1,54,175,9,9,0
1,54,176,9,17,0
1,54,177,9,0,0
1,54,178,9,9,0
1,54,179,9,0,0
1,54,180,9,9,0
1,54,181,9,17,0
1,54,182,9,0,0
1,54,183,9,9,0
1,54,184,9,9,0
1,54,185,9,16,0
1,54,186,9,8,0
1,54,187,9,0,0
1,54,188,9,9,0
1,54,189,9,16,0
1,54,190,9,8,0
1,54,191,9,0,0
1,54,192,9,9,0
1,54,193,9,11,0
1,54,194,9,8,0
1,54,195,9,0,0
1,54,196,9,9,0
1,54,197,9,17,0
1,54,198,9,0,0
1,54,199,9,9,0
1,54,200,9,0,0
1,54,201,9,9,0
1,54,202,9,17,0
1,54,203,9,0,0
1,54,204,9,9,0
1,54,205,9,9,0
1,54,206,9,16,0
1,54,207,9,8,0
1,54,208,9,0,0
1,54,209,9,9,0
1,54,210,9,16,0
1,54,211,9,8,0
1,54,212,9,0,0
1,54,213,9,9,0
1,54,214,9,11,0
1,54,215,9,8,0
1,54,216,9,0,0
1,54,217,9,9,0
1,54,218,9,17,0
1,54,219,9,0,0
1,54,220,9,9,0
1,54,221,9,0,0
1,54,222,9,9,0
1,54,223,9,17,0
1,54,224,9,0,0
1,54,225,9,9,0
1,54,226,9,9,0
1,54,227,9,16,0
1,54,228,9,8,0
1,54,229,9,0,0
1,54,230,9,9,0
1,54,231,9,16,0
1,54,232,9,8,0
1,54,233,9,0,0
1,54,234,9,9,0
1,54,235,9,11,0
1,54,236,9,8,0
1,54,237,9,0,0
1,54,238,9,9,0
1,54,239,9,17,0
1,54,240,9,0,0
1,54,241,9,9,0
1,54,242,9,0,0
1,54,243,9,9,0
1,54,244,9,17,0
1,54,245,9,0,0
1,54,246,9,9,0
1,54,247,9,9,0
1,54,248,9,16,0
1,54,249,9,8,0
1,54,250,9,0,0
1,54,251,9,9,0
1,54,252,9,16,0
1,54,253,9,8,0
1,54,254,9,0,0
1,54,255,9,9,0
1,54,256,9,11,0
1,54,257,9,8,0
1,54,258,9,0,0
1,54,259,9,9,0
1,54,260,9,16,0
1,54,261,9,8,0
1,54,262,9,0,0
1,54,263,9,15,0
1,54,264,9,0,0
1,54,265,9,9,0
1,54,266,9,9,0
1,54,267,9,9,0
1,54,268,9,0,0
1,54,269,9,15,0
1,54,270,9,0,0
1,54,271,9,9,0
1,54,272,9,9,0
1,54,273,9,9,0
1,54,274,9,0,0
1,54,275,9,15,0
1,54,276,9,0,0
1,54,277,9,9,0
1,54,278,9,9,0
1,54,279,9,9,0
1,54,280,9,0,0
1,54,281,9,15,0
1,54,282,9,0,0
1,54,283,9,9,0
1,54,284,9,9,0
1,54,285,9,9,0
1,54,286,9,0,0
1,54,287,9,15,0
1,54,288,9,0,0
1,54,289,9,9,0
1,54,290,9,9,0
1,54,291,9,9,0
1,54,292,9,0,0
1,54,293,9,15,0
1,54,294,9,0,0
1,54,295,9,9,0
1,54,296,9,9,0
1,54,297,9,9,0
1,54,298,9,0,0
1,54,299,9,15,0
1,54,300,9,0,0
1,54,301,9,9,0
1,54,302,9,9,0
1,54,303,9,9,0
1,54,304,9,0,0
1,54,305,9,15,0
1,54,306,9,0,0
1,54,307,9,9,0
1,54,308,9,9,0
1,54,309,9,9,0
1,54,310,9,0,0
1,54,311,9,15,0
1,54,312,9,0,0
1,54,313,9,9,0
1,54,314,9,9,0
1,54,315,9,9,0
1,54,316,9,0,0
1,54,317,9,15,0
1,54,318,9,0,0
1,54,319,9,9,0
1,54,320,9,9,0
1,54,321,9,9,0
1,54,322,9,0,0
1,54,323,9,15,0
1,54,324,9,0,0
1,54,325,9,9,0
1,54,326,9,9,0
1,54,327,9,9,0
1,55,56,17,0,0
1,55,57,17,9,0
1,55,58,17,9,0
1,55,59,17,16,0
1,55,60,17,8,0
1,55,61,17,0,0
1,55,62,17,9,0
1,55,63,17,16,0
1,55,64,17,8,0
1,55,65,17,0,0
1,55,66,17,9,0
1,55,67,17,11,0
1,55,68,17,8,0
1,55,69,17,0,1
1,55,70,17,9,0
1,55,71,17,17,0
1,55,72,17,0,0
1,55,73,17,9,0
1,55,74,17,0,0
1,55,75,17,9,0
1,55,76,17,17,0
1,55,77,17,0,0
1,55,78,17,9,0
1,55,79,17,9,0
1,55,80,17,16,0
1,55,81,17,8,0
1,55,82,17,0,0
1,55,83,17,9,0
1,55,84,17,16,0
1,55,85,17,8,0
1,55,86,17,0,0
1,55,87,17,9,0
1,55,88,17,11,0
1,55,89,17,8,0
1,55,90,17,0,0
1,55,91,17,9,0
1,55,92,17,17,0
1,55,93,17,0,0
1,55,94,17,9,0
1,55,95,17,0,0
1,55,96,17,9,0
1,55,97,17,17,0
1,55,98,17,0,0
1,55,99,17,9,0
1,55,100,17,9,0
1,55,101,17,16,0
1,55,102,17,8,0
1,55,103,17,0,0
1,55,104,17,9,0
1,55,105,17,16,0
1,55,106,17,8,0
1,55,107,17,0,0
1,55,108,17,9,0
1,55,109,17,11,0
1,55,110,17,8,0
1,55,111,17,0,0
1,55,112,17,9,0
1,55,113,17,17,0
1,55,114,17,0,0
1,55,115,17,9,0
1,55,116,17,0,0
1,55,117,17,9,0
1,55,118,17,17,0
1,55,119,17,0,0
1,55,120,17,9,0
1,55,121,17,9,0
1,55,122,17,16,0
1,55,123,17,8,0
1,55,124,17,0,0
1,55,125,17,9,0
1,55,126,17,16,0
1,55,127,17,8,0
1,55,128,17,0,0
1,55,129,17,9,0
1,55,130,17,11,0
1,55,131,17,8,0
1,55,132,17,0,0
1,55,133,17,9,0
1,55,134,17,17,0
1,55,135,17,0,0
1,55,136,17,9,0
1,55,137,17,0,0
1,55,138,17,9,0
1,55,139,17,17,0
1,55,140,17,0,0
1,55,141,17,9,0
1,55,142,17,9,0
1,55,143,17,16,0
1,55,144,17,8,0
1,55,145,17,0,0
1,55,146,17,9,0
1,55,147,17,16,0
1,55,148,17,8,0
1,55,149,17,0,0
1,55,150,17,9,0
1,55,151,17,11,0
1,55,152,17,8,0
1,55,153,17,0,0
1,55,154,17,9,0
1,55,155,17,17,0
1,55,156,17,0,0
1,55,157,17,9,0
1,55,158,17,0,0
1,55,159,17,9,0
1,55,160,17,17,0
1,55,161,17,0,0
1,55,162,17,9,0
1,55,163,17,9,0
1,55,164,17,16,0
1,55,165,17,8,0
1,55,166,17,0,0
1,55,167,17,9,0
1,55,168,17,16,0
1,55,169,17,8,0
1,55,170,17,0,0
1,55,171,17,9,0
1,55,172,17,11,0
1,55,173,17,8,0
1,55,174,17,0,0
1,55,175,17,9,0
1,55,176,17,17,0
1,55,177,17,0,0
1,55,178,17,9,0
1,55,179,17,0,0
1,55,180,17,9,0
1,55,181,17,17,0
1,55,182,17,0,0
1,55,183,17,9,0
1,55,184,17,9,0
1,55,185,17,16,0
1,55,186,17,8,0
1,55,187,17,0,0
1,55,188,17,9,0
1,55,189,17,16,0
1,55,190,17,8,0
1,55,191,17,0,0
1,55,192,17,9,0
1,55,193,17,11,0
1,55,194,17,8,0
1,55,195,17,0,0
1,55,196,17,9,0
1,55,197,17,17,0
1,55,198,17,0,0
1,55,199,17,9,0
1,55,200,17,0,0
1,55,201,17,9,0
1,55,202,17,17,0
1,55,203,17,0,0
1,55,204,17,9,0
1,55,205,17,9,0
1,55,206,17,16,0
1,55,207,17,8,0
1,55,208,17,0,0
1,55,209,17,9,0
1,55,210,17,16,0
1,55,211,17,8,0
1,55,212,17,0,0
1,55,213,17,9,0
1,55,214,17,11,0
1,55,215,17,8,0
1,55,216,17,0,0
1,55,217,17,9,0
1,55,218,17,17,0
1,55,219,17,0,0
1,55,220,17,9,0
1,55,221,17,0,0
1,55,222,17,9,0
1,55,223,17,17,0
1,55,224,17,0,0
1,55,225,17,9,0
1,55,226,17,9,0
1,55,227,17,16,0
1,55,228,17,8,0
1,55,229,17,0,0
1,55,230,17,9,0
1,55,231,17,16,0
1,55,232,17,8,0
1,55,233,17,0,0
1,55,234,17,9,0
1,55,235,17,11,0
1,55,236,17,8,0
1,55,237,17,0,0
1,55,238,17,9,0
1,55,239,17,17,0
1,55,240,17,0,0
1,55,241,17,9,0
1,55,242,17,0,0
1,55,243,17,9,0
1,55,244,17,17,0
1,55,245,17,0,0
1,55,246,17,9,0
1,55,247,17,9,0
1,55,248,17,16,0
1,55,249,17,8,0
1,55,250,17,0,0
1,55,251,17,9,0
1,55,252,17,16,0
1,55,253,17,8,0
1,55,254,17,0,0
1,55,255,17,9,0
1,55,256,17,11,0
1,55,257,17,8,0
1,55,258,17,0,0
1,55,259,17,9,0
1,55,260,17,16,0
1,55,261,17,8,0
1,55,262,17,0,0
1,55,263,17,15,0
1,55,264,17,0,0
1,55,265,17,9,0
1,55,266,17,9,0
1,55,267,17,9,0
1,55,268,17,0,0
1,55,269,17,15,0
1,55,270,17,0,0
1,55,271,17,9,0
1,55,272,17,9,0
1,55,273,17,9,0
1,55,274,17,0,0
1,55,275,17,15,0
1,55,276,17,0,0
1,55,277,17,9,0
1,55,278,17,9,0
1,55,279,17,9,0
1,55,280,17,0,0
1,55,281,17,15,0
1,55,282,17,0,0
1,55,283,17,9,0
1,55,284,17,9,0
1,55,285,17,9,0
1,55,286,17,0,0
1,55,287,17,15,0
1,55,288,17,0,0
1,55,289,17,9,0
1,55,290,17,9,0
1,55,291,17,9,0
1,55,292,17,0,0
1,55,293,17,15,0
1,55,294,17,0,0
1,55,295,17,9,0
1,55,296,17,9,0
1,55,297,17,9,0
1,55,298,17,0,0
1,55,299,17,15,0
1,55,300,17,0,0
1,55,301,17,9,0
1,55,302,17,9,0
1,55,303,17,9,0
1,55,304,17,0,0
1,55,305,17,15,0
1,55,306,17,0,0
1,55,307,17,9,0
1,55,308,17,9,0
1,55,309,17,9,0
1,55,310,17,0,0
1,55,311,17,15,0
1,55,312,17,0,0
1,55,313,17,9,0
1,55,314,17,9,0
1,55,315,17,9,0
1,55,316,17,0,0
1,55,317,17,15,0
1,55,318,17,0,0
1,55,319,17,9,0
1,55,320,17,9,0
1,55,321,17,9,0
1,55,322,17,0,0
1,55,323,17,15,0
1,55,324,17,0,0
1,55,325,17,9,0
1,55,326,17,9,0
1,55,327,17,9,0
1,56,57,0,9,1
1,56,58,0,9,1
1,56,59,0,16,1
1,56,60,0,8,0
1,56,61,0,0,0
1,56,62,0,9,0
1,56,63,0,16,0
1,56,64,0,8,0
1,56,65,0,0,0
1,56,66,0,9,0
1,56,67,0,11,0
1,56,68,0,8,0
1,56,69,0,0,0
1,56,70,0,9,0
1,56,71,0,17,0
1,56,72,0,0,0
1,56,73,0,9,0
1,56,74,0,0,0
1,56,75,0,9,0
1,56,76,0,17,0
1,56,77,0,0,0
1,56,78,0,9,0
1,56,79,0,9,0
1,56,80,0,16,0
1,56,81,0,8,0
1,56,82,0,0,0
1,56,83,0,9,0
1,56,84,0,16,0
1,56,85,0,8,0
1,56,86,0,0,0
1,56,87,0,9,0
1,56,88,0,11,0
1,56,89,0,8,0
1,56,90,0,0,0
1,56,91,0,9,0
1,56,92,0,17,0
1,56,93,0,0,0
1,56,94,0,9,0
1,56,95,0,0,0
1,56,96,0,9,0
1,56,97,0,17,0
1,56,98,0,0,0
1,56,99,0,9,0
1,56,100,0,9,0
1,56,101,0,16,0
1,56,102,0,8,0
1,56,103,0,0,0
1,56,104,0,9,0
1,56,105,0,16,0
1,56,106,0,8,0
1,56,107,0,0,0
1,56,108,0,9,0
1,56,109,0,11,0
1,56,110,0,8,0
1,56,111,0,0,0
1,56,112,0,9,0
1,56,113,0,17,0
1,56,114,0,0,0
1,56,115,0,9,0
1,56,116,0,0,0
1,56,117,0,9,0
1,56,118,0,17,0
1,56,119,0,0,0
1,56,120,0,9,0
1,56,121,0,9,0
1,56,122,0,16,0
1,56,123,0,8,0
1,56,124,0,0,0
1,56,125,0,9,0
1,56,126,0,16,0
1,56,127,0,8,0
1,56,128,0,0,0
1,56,129,0,9,0
1,56,130,0,11,0
1,56,131,0,8,0
1,56,132,0,0,0
1,56,133,0,9,0
1,56,134,0,17,0
1,56,135,0,0,0
1,56,136,0,9,0
1,56,137,0,0,0
1,56,138,0,9,0
1,56,139,0,17,0
1,56,140,0,0,0
1,56,141,0,9,0
1,56,142,0,9,0
1,56,143,0,16,0
1,56,144,0,8,0
1,56,145,0,0,0
1,56,146,0,9,0
1,56,147,0,16,0
1,56,148,0,8,0
1,56,149,0,0,0
1,56,150,0,9,0
1,56,151,0,11,0
1,56,152,0,8,0
1,56,153,0,0,0
1,56,154,0,9,0
1,56,155,0,17,0
1,56,156,0,0,0
1,56,157,0,9,0
1,56,158,0,0,0
1,56,159,0,9,0
1,56,160,0,17,0
1,56,161,0,0,0
1,56,162,0,9,0
1,56,163,0,9,0
1,56,164,0,16,0
1,56,165,0,8,0
1,56,166,0,0,0
1,56,167,0,9,0
1,56,168,0,16,0
1,56,169,0,8,0
1,56,170,0,0,0
1,56,171,0,9,0
1,56,172,0,11,0
1,56,173,0,8,0
1,56,174,0,0,0
1,56,175,0,9,0
1,56,176,0,17,0
1,56,177,0,0,0
1,56,178,0,9,0
1,56,179,0,0,0
1,56,180,0,9,0
1,56,181,0,17,0
1,56,182,0,0,0
1,56,183,0,9,0
1,56,184,0,9,0
1,56,185,0,16,0
1,56,186,0,8,0
1,56,187,0,0,0
1,56,188,0,9,0
1,56,189,0,16,0
1,56,190,0,8,0
1,56,191,0,0,0
1,56,192,0,9,0
1,56,193,0,11,0
1,56,194,0,8,0
1,56,195,0,0,0
1,56,196,0,9,0
1,56,197,0,17,0
1,56,198,0,0,0
1,56,199,0,9,0
1,56,200,0,0,0
1,56,201,0,9,0
1,56,202,0,17,0
1,56,203,0,0,0
1,56,204,0,9,0
1,56,205,0,9,0
1,56,206,0,16,0
1,56,207,0,8,0
1,56,208,0,0,0
1,56,209,0,9,0
1,56,210,0,16,0
1,56,211,0,8,0
1,56,212,0,0,0
1,56,213,0,9,0
1,56,214,0,11,0
1,56,215,0,8,0
1,56,216,0,0,0
1,56,217,0,9,0
1,56,218,0,17,0
1,56,219,0,0,0
1,56,220,0,9,0
1,56,221,0,0,0
1,56,222,0,9,0
1,56,223,0,17,0
1,56,224,0,0,0
1,56,225,0,9,0
1,56,226,0,9,0
1,56,227,0,16,0
1,56,228,0,8,0
1,56,229,0,0,0
1,56,230,0,9,0
1,56,231,0,16,0
1,56,232,0,8,0
1,56,233,0,0,0
1,56,234,0,9,0
1,56,235,0,11,0
1,56,236,0,8,0
1,56,237,0,0,0
1,56,238,0,9,0
1,56,239,0,17,0
1,56,240,0,0,0
1,56,241,0,9,0
1,56,242,0,0,0
1,56,243,0,9,0
1,56,244,0,17,0
1,56,245,0,0,0
1,56,246,0,9,0
1,56,247,0,9,0
1,56,248,0,16,0
1,56,249,0,8,0
1,56,250,0,0,0
1,56,251,0,9,0
1,56,252,0,16,0
1,56,253,0,8,0
1,56,254,0,0,0
1,56,255,0,9,0
1,56,256,0,11,0
1,56,257,0,8,0
1,56,258,0,0,0
1,56,259,0,9,0
1,56,260,0,16,0
1,56,261,0,8,0
1,56,262,0,0,0
1,56,263,0,15,0
1,56,264,0,0,0
1,56,265,0,9,0
1,56,266,0,9,0
1,56,267,0,9,0
1,56,268,0,0,0
1,56,269,0,15,0
1,56,270,0,0,0
1,56,271,0,9,0
1,56,272,0,9,0
1,56,273,0,9,0
1,56,274,0,0,0
1,56,275,0,15,0
1,56,276,0,0,0
1,56,277,0,9,0
1,56,278,0,9,0
1,56,279,0,9,0
1,56,280,0,0,0
1,56,281,0,15,0
1,56,282,0,0,0
1,56,283,0,9,0
1,56,284,0,9,0
1,56,285,0,9,0
1,56,286,0,0,0
1,56,287,0,15,0
1,56,288,0,0,0
1,56,289,0,9,0
1,56,290,0,9,0
1,56,291,0,9,0
1,56,292,0,0,0
1,56,293,0,15,0
1,56,294,0,0,0
1,56,295,0,9,0
1,56,296,0,9,0
1,56,297,0,9,0
1,56,298,0,0,0
1,56,299,0,15,0
1,56,300,0,0,0
1,56,301,0,9,0
1,56,302,0,9,0
1,56,303,0,9,0
1,56,304,0,0,0
1,56,305,0,15,0
1,56,306,0,0,0
1,56,307,0,9,0
1,56,308,0,9,0
1,56,309,0,9,0
1,56,310,0,0,0
1,56,311,0,15,0
1,56,312,0,0,0
1,56,313,0,9,0
1,56,314,0,9,0
1,56,315,0,9,0
1,56,316,0,0,0
1,56,317,0,15,0
1,56,318,0,0,0
1,56,319,0,9,0
1,56,320,0,9,0
1,56,321,0,9,0
1,56,322,0,0,0
1,56,323,0,15,0
1,56,324,0,0,0
1,56,325,0,9,0
1,56,326,0,9,0
1,56,327,0,9,0
1,57,58,9,9,0
1,57,59,9,16,0
1,57,60,9,8,0
1,57,61,9,0,0
1,57,62,9,9,0
1,57,63,9,16,0
1,57,64,9,8,0
1,57,65,9,0,0
1,57,66,9,9,0
1,57,67,9,11,0
1,57,68,9,8,0
1,57,69,9,0,0
1,57,70,9,9,0
1,57,71,9,17,0
1,57,72,9,0,0
1,57,73,9,9,0
1,57,74,9,0,0
1,57,75,9,9,0
1,57,76,9,17,0
1,57,77,9,0,0
1,57,78,9,9,0
1,57,79,9,9,0
1,57,80,9,16,0
1,57,81,9,8,0
1,57,82,9,0,0
1,57,83,9,9,0
1,57,84,9,16,0
1,57,85,9,8,0
1,57,86,9,0,0
1,57,87,9,9,0
1,57,88,9,11,0
1,57,89,9,8,0
1,57,90,9,0,0
1,57,91,9,9,0
1,57,92,9,17,0
1,57,93,9,0,0
1,57,94,9,9,0
1,57,95,9,0,0
1,57,96,9,9,0
1,57,97,9,17,0
1,57,98,9,0,0
1,57,99,9,9,0
1,57,100,9,9,0
1,57,101,9,16,0
1,57,102,9,8,0
1,57,103,9,0,0
1,57,104,9,9,0
1,57,105,9,16,0
1,57,106,9,8,0
1,57,107,9,0,0
1,57,108,9,9,0
1,57,109,9,11,0
1,57,110,9,8,0
1,57,111,9,0,0
1,57,112,9,9,0
1,57,113,9,17,0
1,57,114,9,0,0
1,57,115,9,9,0
1,57,116,9,0,0
1,57,117,9,9,0
1,57,118,9,17,0
1,57,119,9,0,0
1,57,120,9,9,0
1,57,121,9,9,0
1,57,122,9,16,0
1,57,123,9,8,0
1,57,124,9,0,0
1,57,125,9,9,0
1,57,126,9,16,0
1,57,127,9,8,0
1,57,128,9,0,0
1,57,129,9,9,0
1,57,130,9,11,0
1,57,131,9,8,0
1,57,132,9,0,0
1,57,133,9,9,0
1,57,134,9,17,0
1,57,135,9,0,0
1,57,136,9,9,0
1,57,137,9,0,0
1,57,138,9,9,0
1,57,139,9,17,0
1,57,140,9,0,0
1,57,141,9,9,0
1,57,142,9,9,0
1,57,143,9,16,0
1,57,144,9,8,0
1,57,145,9,0,0
1,57,146,9,9,0
1,57,147,9,16,0
1,57,148,9,8,0
1,57,149,9,0,0
1,57,150,9,9,0
1,57,151,9,11,0
1,57,152,9,8,0
1,57,153,9,0,0
1,57,154,9,9,0
1,57,155,9,17,0
1,57,156,9,0,0
1,57,157,9,9,0
1,57,158,9,0,0
1,57,159,9,9,0
1,57,160,9,17,0
1,57,161,9,0,0
1,57,162,9,9,0
1,57,163,9,9,0
1,57,164,9,16,0
1,57,165,9,8,0
1,57,166,9,0,0
1,57,167,9,9,0
1,57,168,9,16,0
1,57,169,9,8,0
1,57,170,9,0,0
1,57,171,9,9,0
1,57,172,9,11,0
1,57,173,9,8,0
1,57,174,9,0,0
1,57,175,9,9,0
1,57,176,9,17,0
1,57,177,9,0,0
1,57,178,9,9,0
1,57,179,9,0,0
1,57,180,9,9,0
1,57,181,9,17,0
1,57,182,9,0,0
1,57,183,9,9,0
1,57,184,9,9,0
1,57,185,9,16,0
1,57,186,9,8,0
1,57,187,9,0,0
1,57,188,9,9,0
1,57,189,9,16,0
1,57,190,9,8,0
1,57,191,9,0,0
1,57,192,9,9,0
1,57,193,9,11,0
1,57,194,9,8,0
1,57,195,9,0,0
1,57,196,9,9,0
1,57,197,9,17,0
1,57,198,9,0,0
1,57,199,9,9,0
1,57,200,9,0,0
1,57,201,9,9,0
1,57,202,9,17,0
1,57,203,9,0,0
1,57,204,9,9,0
1,57,205,9,9,0
1,57,206,9,16,0
1,57,207,9,8,0
1,57,208,9,0,0
1,57,209,9,9,0
1,57,210,9,16,0
1,57,211,9,8,0
1,57,212,9,0,0
1,57,213,9,9,0
1,57,214,9,11,0
1,57,215,9,8,0
1,57,216,9,0,0
1,57,217,9,9,0
1,57,218,9,17,0
1,57,219,9,0,0
1,57,220,9,9,0
1,57,221,9,0,0
1,57,222,9,9,0
1,57,223,9,17,0
1,57,224,9,0,0
1,57,225,9,9,0
1,57,226,9,9,0
1,57,227,9,16,0
1,57,228,9,8,0
1,57,229,9,0,0
1,57,230,9,9,0
1,57,231,9,16,0
1,57,232,9,8,0
1,57,233,9,0,0
1,57,234,9,9,0
1,57,235,9,11,0
1,57,236,9,8,0
1,57,237,9,0,0
1,57,238,9,9,0
1,57,239,9,17,0
1,57,240,9,0,0
1,57,241,9,9,0
1,57,242,9,0,0
1,57,243,9,9,0
1,57,244,9,17,0
1,57,245,9,0,0
1,57,246,9,9,0
1,57,247,9,9,0
1,57,248,9,16,0
1,57,249,9,8,0
1,57,250,9,0,0
1,57,251,9,9,0
1,57,252,9,16,0
1,57,253,9,8,0
1,57,254,9,0,0
1,57,255,9,9,0
1,57,256,9,11,0
1,57,257,9,8,0
1,57,258,9,0,0
1,57,259,9,9,0
1,57,260,9,16,0
1,57,261,9,8,0
1,57,262,9,0,0
1,57,263,9,15,0
1,57,264,9,0,0
1,57,265,9,9,0
1,57,266,9,9,0
1,57,267,9,9,0
1,57,268,9,0,0
1,57,269,9,15,0
1,57,270,9,0,0
1,57,271,9,9,0
1,57,272,9,9,0
1,57,273,9,9,0
1,57,274,9,0,0
1,57,275,9,15,0
1,57,276,9,0,0
1,57,277,9,9,0
1,57,278,9,9,0
1,57,279,9,9,0
1,57,280,9,0,0
1,57,281,9,15,0
1,57,282,9,0,0
1,57,283,9,9,0
1,57,284,9,9,0
1,57,285,9,9,0
1,57,286,9,0,0
1,57,287,9,15,0
1,57,288,9,0,0
1,57,289,9,9,0
1,57,290,9,9,0
1,57,291,9,9,0
1,57,292,9,0,0
1,57,293,9,15,0
1,57,294,9,0,0
1,57,295,9,9,0
1,57,296,9,9,0
1,57,297,9,9,0
1,57,298,9,0,0
1,57,299,9,15,0
1,57,300,9,0,0
1,57,301,9,9,0
1,57,302,9,9,0
1,57,303,9,9,0
1,57,304,9,0,0
1,57,305,9,15,0
1,57,306,9,0,0
1,57,307,9,9,0
1,57,308,9,9,0
1,57,309,9,9,0
1,57,310,9,0,0
1,57,311,9,15,0
1,57,312,9,0,0
1,57,313,9,9,0
1,57,314,9,9,0
1,57,315,9,9,0
1,57,316,9,0,0
1,57,317,9,15,0
1,57,318,9,0,0
1,57,319,9,9,0
1,57,320,9,9,0
1,57,321,9,9,0
1,57,322,9,0,0
1,57,323,9,15,0
1,57,324,9,0,0
1,57,325,9,9,0
1,57,326,9,9,0
1,57,327,9,9,0
1,58,59,9,16,0
1,58,60,9,8,0
1,58,61,9,0,0
1,58,62,9,9,0
1,58,63,9,16,0
1,58,64,9,8,0
1,58,65,9,0,0
1,58,66,9,9,0
1,58,67,9,11,0
1,58,68,9,8,0
1,58,69,9,0,0
1,58,70,9,9,0
1,58,71,9,17,0
1,58,72,9,0,0
1,58,73,9,9,0
1,58,74,9,0,0
1,58,75,9,9,0
1,58,76,9,17,0
1,58,77,9,0,0
1,58,78,9,9,0
1,58,79,9,9,0
1,58,80,9,16,0
1,58,81,9,8,0
1,58,82,9,0,0
1,58,83,9,9,0
1,58,84,9,16,0
1,58,85,9,8,0
1,58,86,9,0,0
1,58,87,9,9,0
1,58,88,9,11,0
1,58,89,9,8,0
1,58,90,9,0,0
1,58,91,9,9,0
1,58,92,9,17,0
1,58,93,9,0,0
1,58,94,9,9,0
1,58,95,9,0,0
1,58,96,9,9,0
1,58,97,9,17,0
1,58,98,9,0,0
1,58,99,9,9,0
1,58,100,9,9,0
1,58,101,9,16,0
1,58,102,9,8,0
1,58,103,9,0,0
1,58,104,9,9,0
1,58,105,9,16,0
1,58,106,9,8,0
1,58,107,9,0,0
1,58,108,9,9,0
1,58,109,9,11,0
1,58,110,9,8,0
1,58,111,9,0,0
1,58,112,9,9,0
1,58,113,9,17,0
1,58,114,9,0,0
1,58,115,9,9,0
1,58,116,9,0,0
1,58,117,9,9,0
1,58,118,9,17,0
1,58,119,9,0,0
1,58,120,9,9,0
1,58,121,9,9,0
1,58,122,9,16,0
1,58,123,9,8,0
1,58,124,9,0,0
1,58,125,9,9,0
1,58,126,9,16,0
1,58,127,9,8,0
1,58,128,9,0,0
1,58,129,9,9,0
1,58,130,9,11,0
1,58,131,9,8,0
1,58,132,9,0,0
1,58,133,9,9,0
1,58,134,9,17,0
1,58,135,9,0,0
1,58,136,9,9,0
1,58,137,9,0,0
1,58,138,9,9,0
1,58,139,9,17,0
1,58,140,9,0,0
1,58,141,9,9,0
1,58,142,9,9,0
1,58,143,9,16,0
1,58,144,9,8,0
1,58,145,9,0,0
1,58,146,9,9,0
1,58,147,9,16,0
1,58,148,9,8,0
1,58,149,9,0,0
1,58,150,9,9,0
1,58,151,9,11,0
1,58,152,9,8,0
1,58,153,9,0,0
1,58,154,9,9,0
1,58,155,9,17,0
1,58,156,9,0,0
1,58,157,9,9,0
1,58,158,9,0,0
1,58,159,9,9,0
1,58,160,9,17,0
1,58,161,9,0,0
1,58,162,9,9,0
1,58,163,9,9,0
1,58,164,9,16,0
1,58,165,9,8,0
1,58,166,9,0,0
1,58,167,9,9,0
1,58,168,9,16,0
1,58,169,9,8,0
1,58,170,9,0,0
1,58,171,9,9,0
1,58,172,9,11,0
1,58,173,9,8,0
1,58,174,9,0,0
1,58,175,9,9,0
1,58,176,9,17,0
1,58,177,9,0,0
1,58,178,9,9,0
1,58,179,9,0,0
1,58,180,9,9,0
1,58,181,9,17,0
1,58,182,9,0,0
1,58,183,9,9,0
1,58,184,9,9,0
1,58,185,9,16,0
1,58,186,9,8,0
1,58,187,9,0,0
1,58,188,9,9,0
1,58,189,9,16,0
1,58,190,9,8,0
1,58,191,9,0,0
1,58,192,9,9,0
1,58,193,9,11,0
1,58,194,9,8,0
1,58,195,9,0,0
1,58,196,9,9,0
1,58,197,9,17,0
1,58,198,9,0,0
1,58,199,9,9,0
1,58,200,9,0,0
1,58,201,9,9,0
1,58,202,9,17,0
1,58,203,9,0,0
1,58,204,9,9,0
1,58,205,9,9,0
1,58,206,9,16,0
1,58,207,9,8,0
1,58,208,9,0,0
1,58,209,9,9,0
1,58,210,9,16,0
1,58,211,9,8,0
1,58,212,9,0,0
1,58,213,9,9,0
1,58,214,9,11,0
1,58,215,9,8,0
1,58,216,9,0,0
1,58,217,9,9,0
1,58,218,9,17,0
1,58,219,9,0,0
1,58,220,9,9,0
1,58,221,9,0,0
1,58,222,9,9,0
1,58,223,9,17,0
1,58,224,9,0,0
1,58,225,9,9,0
1,58,226,9,9,0
1,58,227,9,16,0
1,58,228,9,8,0
1,58,229,9,0,0
1,58,230,9,9,0
1,58,231,9,16,0
1,58,232,9,8,0
1,58,233,9,0,0
1,58,234,9,9,0
1,58,235,9,11,0
1,58,236,9,8,0
1,58,237,9,0,0
1,58,238,9,9,0
1,58,239,9,17,0
1,58,240,9,0,0
1,58,241,9,9,0
1,58,242,9,0,0
1,58,243,9,9,0
1,58,244,9,17,0
1,58,245,9,0,0
1,58,246,9,9,0
1,58,247,9,9,0
1,58,248,9,16,0
1,58,249,9,8,0
1,58,250,9,0,0
1,58,251,9,9,0
1,58,252,9,16,0
1,58,253,9,8,0
1,58,254,9,0,0
1,58,255,9,9,0
1,58,256,9,11,0
1,58,257,9,8,0
1,58,258,9,0,0
1,58,259,9,9,0
1,58,260,9,16,0
1,58,261,9,8,0
1,58,262,9,0,0
1,58,263,9,15,0
1,58,264,9,0,0
1,58,265,9,9,0
1,58,266,9,9,0
1,58,267,9,9,0
1,58,268,9,0,0
1,58,269,9,15,0
1,58,270,9,0,0
1,58,271,9,9,0
1,58,272,9,9,0
1,58,273,9,9,0
1,58,274,9,0,0
1,58,275,9,15,0
1,58,276,9,0,0
1,58,277,9,9,0
1,58,278,9,9,0
1,58,279,9,9,0
1,58,280,9,0,0
1,58,281,9,15,0
1,58,282,9,0,0
1,58,283,9,9,0
1,58,284,9,9,0
1,58,285,9,9,0
1,58,286,9,0,0
1,58,287,9,15,0
1,58,288,9,0,0
1,58,289,9,9,0
1,58,290,9,9,0
1,58,291,9,9,0
1,58,292,9,0,0
1,58,293,9,15,0
1,58,294,9,0,0
1,58,295,9,9,0
1,58,296,9,9,0
1,58,297,9,9,0
1,58,298,9,0,0
1,58,299,9,15,0
1,58,300,9,0,0
1,58,301,9,9,0
1,58,302,9,9,0
1,58,303,9,9,0
1,58,304,9,0,0
1,58,305,9,15,0
1,58,306,9,0,0
1,58,307,9,9,0
1,58,308,9,9,0
1,58,309,9,9,0
1,58,310,9,0,0
1,58,311,9,15,0
1,58,312,9,0,0
1,58,313,9,9,0
1,58,314,9,9,0
1,58,315,9,9,0
1,58,316,9,0,0
1,58,317,9,15,0
1,58,318,9,0,0
1,58,319,9,9,0
1,58,320,9,9,0
1,58,321,9,9,0
1,58,322,9,0,0
1,58,323,9,15,0
1,58,324,9,0,0
1,58,325,9,9,0
1,58,326,9,9,0
1,58,327,9,9,0
1,59,60,16,8,1
1,59,61,16,0,0
1,59,62,16,9,0
1,59,63,16,16,0
1,59,64,16,8,0
1,59,65,16,0,0
1,59,66,16,9,0
1,59,67,16,11,0
1,59,68,16,8,0
1,59,69,16,0,0
1,59,70,16,9,0
1,59,71,16,17,0
1,59,72,16,0,0
1,59,73,16,9,0
1,59,74,16,0,0
1,59,75,16,9,0
1,59,76,16,17,0
1,59,77,16,0,0
1,59,78,16,9,0
1,59,79,16,9,0
1,59,80,16,16,0
1,59,81,16,8,0
1,59,82,16,0,0
1,59,83,16,9,0
1,59,84,16,16,0
1,59,85,16,8,0
1,59,86,16,0,0
1,59,87,16,9,0
1,59,88,16,11,0
1,59,89,16,8,0
1,59,90,16,0,0
1,59,91,16,9,0
1,59,92,16,17,0
1,59,93,16,0,0
1,59,94,16,9,0
1,59,95,16,0,0
1,59,96,16,9,0
1,59,97,16,17,0
1,59,98,16,0,0
1,59,99,16,9,0
1,59,100,16,9,0
1,59,101,16,16,0
1,59,102,16,8,0
1,59,103,16,0,0
1,59,104,16,9,0
1,59,105,16,16,0
1,59,106,16,8,0
1,59,107,16,0,0
1,59,108,16,9,0
1,59,109,16,11,0
1,59,110,16,8,0
1,59,111,16,0,0
1,59,112,16,9,0
1,59,113,16,17,0
1,59,114,16,0,0
1,59,115,16,9,0
1,59,116,16,0,0
1,59,117,16,9,0
1,59,118,16,17,0
1,59,119,16,0,0
1,59,120,16,9,0
1,59,121,16,9,0
1,59,122,16,16,0
1,59,123,16,8,0
1,59,124,16,0,0
1,59,125,16,9,0
1,59,126,16,16,0
1,59,127,16,8,0
1,59,128,16,0,0
1,59,129,16,9,0
1,59,130,16,11,0
1,59,131,16,8,0
1,59,132,16,0,0
1,59,133,16,9,0
1,59,134,16,17,0
1,59,135,16,0,0
1,59,136,16,9,0
1,59,137,16,0,0
1,59,138,16,9,0
1,59,139,16,17,0
1,59,140,16,0,0
1,59,141,16,9,0
1,59,142,16,9,0
1,59,143,16,16,0
1,59,144,16,8,0
1,59,145,16,0,0
1,59,146,16,9,0
1,59,147,16,16,0
1,59,148,16,8,0
1,59,149,16,0,0
1,59,150,16,9,0
1,59,151,16,11,0
1,59,152,16,8,0
1,59,153,16,0,0
1,59,154,16,9,0
1,59,155,16,17,0
1,59,156,16,0,0
1,59,157,16,9,0
1,59,158,16,0,0
1,59,159,16,9,0
1,59,160,16,17,0
1,59,161,16,0,0
1,59,162,16,9,0
1,59,163,16,9,0
1,59,164,16,16,0
1,59,165,16,8,0
1,59,166,16,0,0
1,59,167,16,9,0
1,59,168,16,16,0
1,59,169,16,8,0
1,59,170,16,0,0
1,59,171,16,9,0
1,59,172,16,11,0
1,59,173,16,8,0
1,59,174,16,0,0
1,59,175,16,9,0
1,59,176,16,17,0
1,59,177,16,0,0
1,59,178,16,9,0
1,59,179,16,0,0
1,59,180,16,9,0
1,59,181,16,17,0
1,59,182,16,0,0
1,59,183,16,9,0
1,59,184,16,9,0
1,59,185,16,16,0
1,59,186,16,8,0
1,59,187,16,0,0
1,59,188,16,9,0
1,59,189,16,16,0
1,59,190,16,8,0
1,59,191,16,0,0
1,59,192,16,9,0
1,59,193,16,11,0
1,59,194,16,8,0
1,59,195,16,0,0
1,59,196,16,9,0
1,59,197,16,17,0
1,59,198,16,0,0
1,59,199,16,9,0
1,59,200,16,0,0
1,59,201,16,9,0
1,59,202,16,17,0
1,59,203,16,0,0
1,59,204,16,9,0
1,59,205,16,9,0
1,59,206,16,16,0
1,59,207,16,8,0
1,59,208,16,0,0
1,59,209,16,9,0
1,59,210,16,16,0
1,59,211,16,8,0
1,59,212,16,0,0
1,59,213,16,9,0
1,59,214,16,11,0
1,59,215,16,8,0
1,59,216,16,0,0
1,59,217,16,9,0
1,59,218,16,17,0
1,59,219,16,0,0
1,59,220,16,9,0
1,59,221,16,0,0
1,59,222,16,9,0
1,59,223,16,17,0
1,59,224,16,0,0
1,59,225,16,9,0
1,59,226,16,9,0
1,59,227,16,16,0
1,59,228,16,8,0
1,59,229,16,0,0
1,59,230,16,9,0
1,59,231,16,16,0
1,59,232,16,8,0
1,59,233,16,0,0
1,59,234,16,9,0
1,59,235,16,11,0
1,59,236,16,8,0
1,59,237,16,0,0
1,59,238,16,9,0
1,59,239,16,17,0
1,59,240,16,0,0
1,59,241,16,9,0
1,59,242,16,0,0
1,59,243,16,9,0
1,59,244,16,17,0
1,59,245,16,0,0
1,59,246,16,9,0
1,59,247,16,9,0
1,59,248,16,16,0
1,59,249,16,8,0
1,59,250,16,0,0
1,59,251,16,9,0
1,59,252,16,16,0
1,59,253,16,8,0
1,59,254,16,0,0
1,59,255,16,9,0
1,59,256,16,11,0
1,59,257,16,8,0
1,59,258,16,0,0
1,59,259,16,9,0
1,59,260,16,16,0
1,59,261,16,8,0
1,59,262,16,0,0
1,59,263,16,15,0
1,59,264,16,0,0
1,59,265,16,9,0
1,59,266,16,9,0
1,59,267,16,9,0
1,59,268,16,0,0
1,59,269,16,15,0
1,59,270,16,0,0
1,59,271,16,9,0
1,59,272,16,9,0
1,59,273,16,9,0
1,59,274,16,0,0
1,59,275,16,15,0
1,59,276,16,0,0
1,59,277,16,9,0
1,59,278,16,9,0
1,59,279,16,9,0
1,59,280,16,0,0
1,59,281,16,15,0
1,59,282,16,0,0
1,59,283,16,9,0
1,59,284,16,9,0
1,59,285,16,9,0
1,59,286,16,0,0
1,59,287,16,15,0
1,59,288,16,0,0
1,59,289,16,9,0
1,59,290,16,9,0
1,59,291,16,9,0
1,59,292,16,0,0
1,59,293,16,15,0
1,59,294,16,0,0
1,59,295,16,9,0
1,59,296,16,9,0
1,59,297,16,9,0
1,59,298,16,0,0
1,59,299,16,15,0
1,59,300,16,0,0
1,59,301,16,9,0
1,59,302,16,9,0
1,59,303,16,9,0
1,59,304,16,0,0
1,59,305,16,15,0
1,59,306,16,0,0
1,59,307,16,9,0
1,59,308,16,9,0
1,59,309,16,9,0
1,59,310,16,0,0
1,59,311,16,15,0
1,59,312,16,0,0
1,59,313,16,9,0
1,59,314,16,9,0
1,59,315,16,9,0
1,59,316,16,0,0
1,59,317,16,15,0
1,59,318,16,0,0
1,59,319,16,9,0
1,59,320,16,9,0
1,59,321,16,9,0
1,59,322,16,0,0
1,59,323,16,15,0
1,59,324,16,0,0
1,59,325,16,9,0
1,59,326,16,9,0
1,59,327,16,9,0
1,60,61,8,0,0
1,60,62,8,9,0
1,60,63,8,16,0
1,60,64,8,8,0
1,60,65,8,0,0
1,60,66,8,9,0
1,60,67,8,11,0
1,60,68,8,8,0
1,60,69,8,0,0
1,60,70,8,9,0
1,60,71,8,17,0
1,60,72,8,0,0
1,60,73,8,9,0
1,60,74,8,0,0
1,60,75,8,9,0
1,60,76,8,17,0
1,60,77,8,0,0
1,60,78,8,9,0
1,60,79,8,9,0
1,60,80,8,16,0
1,60,81,8,8,0
1,60,82,8,0,0
1,60,83,8,9,0
1,60,84,8,16,0
1,60,85,8,8,0
1,60,86,8,0,0
1,60,87,8,9,0
1,60,88,8,11,0
1,60,89,8,8,0
1,60,90,8,0,0
1,60,91,8,9,0
1,60,92,8,17,0
1,60,93,8,0,0
1,60,94,8,9,0
1,60,95,8,0,0
1,60,96,8,9,0
1,60,97,8,17,0
1,60,98,8,0,0
1,60,99,8,9,0
1,60,100,8,9,0
1,60,101,8,16,0
1,60,102,8,8,0
1,60,103,8,0,0
1,60,104,8,9,0
1,60,105,8,16,0
1,60,106,8,8,0
1,60,107,8,0,0
1,60,108,8,9,0
1,60,109,8,11,0
1,60,110,8,8,0
1,60,111,8,0,0
1,60,112,8,9,0
1,60,113,8,17,0
1,60,114,8,0,0
1,60,115,8,9,0
1,60,116,8,0,0
1,60,117,8,9,0
1,60,118,8,17,0
1,60,119,8,0,0
1,60,120,8,9,0
1,60,121,8,9,0
1,60,122,8,16,0
1,60,123,8,8,0
1,60,124,8,0,0
1,60,125,8,9,0
1,60,126,8,16,0
1,60,127,8,8,0
1,60,128,8,0,0
1,60,129,8,9,0
1,60,130,8,11,0
1,60,131,8,8,0
1,60,132,8,0,0
1,60,133,8,9,0
1,60,134,8,17,0
1,60,135,8,0,0
1,60,136,8,9,0
1,60,137,8,0,0
1,60,138,8,9,0
1,60,139,8,17,0
1,60,140,8,0,0
1,60,141,8,9,0
1,60,142,8,9,0
1,60,143,8,16,0
1,60,144,8,8,0
1,60,145,8,0,0
1,60,146,8,9,0
1,60,147,8,16,0
1,60,148,8,8,0
1,60,149,8,0,0
1,60,150,8,9,0
1,60,151,8,11,0
1,60,152,8,8,0
1,60,153,8,0,0
1,60,154,8,9,0
1,60,155,8,17,0
1,60,156,8,0,0
1,60,157,8,9,0
1,60,158,8,0,0
1,60,159,8,9,0
1,60,160,8,17,0
1,60,161,8,0,0
1,60,162,8,9,0
1,60,163,8,9,0
1,60,164,8,16,0
1,60,165,8,8,0
1,60,166,8,0,0
1,60,167,8,9,0
1,60,168,8,16,0
1,60,169,8,8,0
1,60,170,8,0,0
1,60,171,8,9,0
1,60,172,8,11,0
1,60,173,8,8,0
1,60,174,8,0,0
1,60,175,8,9,0
1,60,176,8,17,0
1,60,177,8,0,0
1,60,178,8,9,0
1,60,179,8,0,0
1,60,180,8,9,0
1,60,181,8,17,0
1,60,182,8,0,0
1,60,183,8,9,0
1,60,184,8,9,0
1,60,185,8,16,0
1,60,186,8,8,0
1,60,187,8,0,0
1,60,188,8,9,0
1,60,189,8,16,0
1,60,190,8,8,0
1,60,191,8,0,0
1,60,192,8,9,0
1,60,193,8,11,0
1,60,194,8,8,0
1,60,195,8,0,0
1,60,196,8,9,0
1,60,197,8,17,0
1,60,198,8,0,0
1,60,199,8,9,0
1,60,200,8,0,0
1,60,201,8,9,0
1,60,202,8,17,0
1,60,203,8,0,0
1,60,204,8,9,0
1,60,205,8,9,0
1,60,206,8,16,0
1,60,207,8,8,0
1,60,208,8,0,0
1,60,209,8,9,0
1,60,210,8,16,0
1,60,211,8,8,0
1,60,212,8,0,0
1,60,213,8,9,0
1,60,214,8,11,0
1,60,215,8,8,0
1,60,216,8,0,0
1,60,217,8,9,0
1,60,218,8,17,0
1,60,219,8,0,0
1,60,220,8,9,0
1,60,221,8,0,0
1,60,222,8,9,0
1,60,223,8,17,0
1,60,224,8,0,0
1,60,225,8,9,0
1,60,226,8,9,0
1,60,227,8,16,0
1,60,228,8,8,0
1,60,229,8,0,0
1,60,230,8,9,0
1,60,231,8,16,0
1,60,232,8,8,0
1,60,233,8,0,0
1,60,234,8,9,0
1,60,235,8,11,0
1,60,236,8,8,0
1,60,237,8,0,0
1,60,238,8,9,0
1,60,239,8,17,0
1,60,240,8,0,0
1,60,241,8,9,0
1,60,242,8,0,0
1,60,243,8,9,0
1,60,244,8,17,0
1,60,245,8,0,0
1,60,246,8,9,0
1,60,247,8,9,0
1,60,248,8,16,0
1,60,249,8,8,0
1,60,250,8,0,0
1,60,251,8,9,0
1,60,252,8,16,0
1,60,253,8,8,0
1,60,254,8,0,0
1,60,255,8,9,0
1,60,256,8,11,0
1,60,257,8,8,0
1,60,258,8,0,0
1,60,259,8,9,0
1,60,260,8,16,0
1,60,261,8,8,0
1,60,262,8,0,0
1,60,263,8,15,0
1,60,264,8,0,0
1,60,265,8,9,0
1,60,266,8,9,0
1,60,267,8,9,0
1,60,268,8,0,0
1,60,269,8,15,0
1,60,270,8,0,0
1,60,271,8,9,0
1,60,272,8,9,0
1,60,273,8,9,0
1,60,274,8,0,0
1,60,275,8,15,0
1,60,276,8,0,0
1,60,277,8,9,0
1,60,278,8,9,0
1,60,279,8,9,0
1,60,280,8,0,0
1,60,281,8,15,0
1,60,282,8,0,0
1,60,283,8,9,0
1,60,284,8,9,0
1,60,285,8,9,0
1,60,286,8,0,0
1,60,287,8,15,0
1,60,288,8,0,0
1,60,289,8,9,0
1,60,290,8,9,0
1,60,291,8,9,0
1,60,292,8,0,0
1,60,293,8,15,0
1,60,294,8,0,0
1,60,295,8,9,0
1,60,296,8,9,0
1,60,297,8,9,0
1,60,298,8,0,0
1,60,299,8,15,0
1,60,300,8,0,0
1,60,301,8,9,0
1,60,302,8,9,0
1,60,303,8,9,0
1,60,304,8,0,0
1,60,305,8,15,0
1,60,306,8,0,0
1,60,307,8,9,0
1,60,308,8,9,0
1,60,309,8,9,0
1,60,310,8,0,0
1,60,311,8,15,0
1,60,312,8,0,0
1,60,313,8,9,0
1,60,314,8,9,0
1,60,315,8,9,0
1,60,316,8,0,0
1,60,317,8,15,0
1,60,318,8,0,0
1,60,319,8,9,0
1,60,320,8,9,0
1,60,321,8,9,0
1,60,322,8,0,0
1,60,323,8,15,0
1,60,324,8,0,0
1,60,325,8,9,0
1,60,326,8,9,0
1,60,327,8,9,0
1,61,62,0,9,1
1,61,63,0,16,1
1,61,64,0,8,0
1,61,65,0,0,1
1,61,66,0,9,0
1,61,67,0,11,0
1,61,68,0,8,0
1,61,69,0,0,0
1,61,70,0,9,0
1,61,71,0,17,0
1,61,72,0,0,0
1,61,73,0,9,0
1,61,74,0,0,0
1,61,75,0,9,0
1,61,76,0,17,0
1,61,77,0,0,0
1,61,78,0,9,0
1,61,79,0,9,0
1,61,80,0,16,0
1,61,81,0,8,0
1,61,82,0,0,0
1,61,83,0,9,0
1,61,84,0,16,0
1,61,85,0,8,0
1,61,86,0,0,0
1,61,87,0,9,0
1,61,88,0,11,0
1,61,89,0,8,0
1,61,90,0,0,0
1,61,91,0,9,0
1,61,92,0,17,0
1,61,93,0,0,0
1,61,94,0,9,0
1,61,95,0,0,0
1,61,96,0,9,0
1,61,97,0,17,0
1,61,98,0,0,0
1,61,99,0,9,0
1,61,100,0,9,0
1,61,101,0,16,0
1,61,102,0,8,0
1,61,103,0,0,0
1,61,104,0,9,0
1,61,105,0,16,0
1,61,106,0,8,0
1,61,107,0,0,0
1,61,108,0,9,0
1,61,109,0,11,0
1,61,110,0,8,0
1,61,111,0,0,0
1,61,112,0,9,0
1,61,113,0,17,0
1,61,114,0,0,0
1,61,115,0,9,0
1,61,116,0,0,0
1,61,117,0,9,0
1,61,118,0,17,0
1,61,119,0,0,0
1,61,120,0,9,0
1,61,121,0,9,0
1,61,122,0,16,0
1,61,123,0,8,0
1,61,124,0,0,0
1,61,125,0,9,0
1,61,126,0,16,0
1,61,127,0,8,0
1,61,128,0,0,0
1,61,129,0,9,0
1,61,130,0,11,0
1,61,131,0,8,0
1,61,132,0,0,0
1,61,133,0,9,0
1,61,134,0,17,0
1,61,135,0,0,0
1,61,136,0,9,0
1,61,137,0,0,0
1,61,138,0,9,0
1,61,139,0,17,0
1,61,140,0,0,0
1,61,141,0,9,0
1,61,142,0,9,0
1,61,143,0,16,0
1,61,144,0,8,0
1,61,145,0,0,0
1,61,146,0,9,0
1,61,147,0,16,0
1,61,148,0,8,0
1,61,149,0,0,0
1,61,150,0,9,0
1,61,151,0,11,0
1,61,152,0,8,0
1,61,153,0,0,0
1,61,154,0,9,0
1,61,155,0,17,0
1,61,156,0,0,0
1,61,157,0,9,0
1,61,158,0,0,0
1,61,159,0,9,0
1,61,160,0,17,0
1,61,161,0,0,0
1,61,162,0,9,0
1,61,163,0,9,0
1,61,164,0,16,0
1,61,165,0,8,0
1,61,166,0,0,0
1,61,167,0,9,0
1,61,168,0,16,0
1,61,169,0,8,0
1,61,170,0,0,0
1,61,171,0,9,0
1,61,172,0,11,0
1,61,173,0,8,0
1,61,174,0,0,0
1,61,175,0,9,0
1,61,176,0,17,0
1,61,177,0,0,0
1,61,178,0,9,0
1,61,179,0,0,0
1,61,180,0,9,0
1,61,181,0,17,0
1,61,182,0,0,0
1,61,183,0,9,0
1,61,184,0,9,0
1,61,185,0,16,0
1,61,186,0,8,0
1,61,187,0,0,0
1,61,188,0,9,0
1,61,189,0,16,0
1,61,190,0,8,0
1,61,191,0,0,0
1,61,192,0,9,0
1,61,193,0,11,0
1,61,194,0,8,0
1,61,195,0,0,0
1,61,196,0,9,0
1,61,197,0,17,0
1,61,198,0,0,0
1,61,199,0,9,0
1,61,200,0,0,0
1,61,201,0,9,0
1,61,202,0,17,0
1,61,203,0,0,0
1,61,204,0,9,0
1,61,205,0,9,0
1,61,206,0,16,0
1,61,207,0,8,0
1,61,208,0,0,0
1,61,209,0,9,0
1,61,210,0,16,0
1,61,211,0,8,0
1,61,212,0,0,0
1,61,213,0,9,0
1,61,214,0,11,0
1,61,215,0,8,0
1,61,216,0,0,0
1,61,217,0,9,0
1,61,218,0,17,0
1,61,219,0,0,0
1,61,220,0,9,0
1,61,221,0,0,0
1,61,222,0,9,0
1,61,223,0,17,0
1,61,224,0,0,0
1,61,225,0,9,0
1,61,226,0,9,0
1,61,227,0,16,0
1,61,228,0,8,0
1,61,229,0,0,0
1,61,230,0,9,0
1,61,231,0,16,0
1,61,232,0,8,0
1,61,233,0,0,0
1,61,234,0,9,0
1,61,235,0,11,0
1,61,236,0,8,0
1,61,237,0,0,0
1,61,238,0,9,0
1,61,239,0,17,0
1,61,240,0,0,0
1,61,241,0,9,0
1,61,242,0,0,0
1,61,243,0,9,0
1,61,244,0,17,0
1,61,245,0,0,0
1,61,246,0,9,0
1,61,247,0,9,0
1,61,248,0,16,0
1,61,249,0,8,0
1,61,250,0,0,0
1,61,251,0,9,0
1,61,252,0,16,0
1,61,253,0,8,0
1,61,254,0,0,0
1,61,255,0,9,0
1,61,256,0,11,0
1,61,257,0,8,0
1,61,258,0,0,0
1,61,259,0,9,0
1,61,260,0,16,0
1,61,261,0,8,0
1,61,262,0,0,0
1,61,263,0,15,0
1,61,264,0,0,0
1,61,265,0,9,0
1,61,266,0,9,0
1,61,267,0,9,0
1,61,268,0,0,0
1,61,269,0,15,0
1,61,270,0,0,0
1,61,271,0,9,0
1,61,272,0,9,0
1,61,273,0,9,0
1,61,274,0,0,0
1,61,275,0,15,0
1,61,276,0,0,0
1,61,277,0,9,0
1,61,278,0,9,0
1,61,279,0,9,0
1,61,280,0,0,0
1,61,281,0,15,0
1,61,282,0,0,0
1,61,283,0,9,0
1,61,284,0,9,0
1,61,285,0,9,0
1,61,286,0,0,0
1,61,287,0,15,0
1,61,288,0,0,0
1,61,289,0,9,0
1,61,290,0,9,0
1,61,291,0,9,0
1,61,292,0,0,0
1,61,293,0,15,0
1,61,294,0,0,0
1,61,295,0,9,0
1,61,296,0,9,0
1,61,297,0,9,0
1,61,298,0,0,0
1,61,299,0,15,0
1,61,300,0,0,0
1,61,301,0,9,0
1,61,302,0,9,0
1,61,303,0,9,0
1,61,304,0,0,0
1,61,305,0,15,0
1,61,306,0,0,0
1,61,307,0,9,0
1,61,308,0,9,0
1,61,309,0,9,0
1,61,310,0,0,0
1,61,311,0,15,0
1,61,312,0,0,0
1,61,313,0,9,0
1,61,314,0,9,0
1,61,315,0,9,0
1,61,316,0,0,0
1,61,317,0,15,0
1,61,318,0,0,0
1,61,319,0,9,0
1,61,320,0,9,0
1,61,321,0,9,0
1,61,322,0,0,0
1,61,323,0,15,0
1,61,324,0,0,0
1,61,325,0,9,0
1,61,326,0,9,0
1,61,327,0,9,0
1,62,63,9,16,0
1,62,64,9,8,0
1,62,65,9,0,0
1,62,66,9,9,0
1,62,67,9,11,0
1,62,68,9,8,0
1,62,69,9,0,0
1,62,70,9,9,0
1,62,71,9,17,0
1,62,72,9,0,0
1,62,73,9,9,0
1,62,74,9,0,0
1,62,75,9,9,0
1,62,76,9,17,0
1,62,77,9,0,0
1,62,78,9,9,0
1,62,79,9,9,0
1,62,80,9,16,0
1,62,81,9,8,0
1,62,82,9,0,0
1,62,83,9,9,0
1,62,84,9,16,0
1,62,85,9,8,0
1,62,86,9,0,0
1,62,87,9,9,0
1,62,88,9,11,0
1,62,89,9,8,0
1,62,90,9,0,0
1,62,91,9,9,0
1,62,92,9,17,0
1,62,93,9,0,0
1,62,94,9,9,0
1,62,95,9,0,0
1,62,96,9,9,0
1,62,97,9,17,0
1,62,98,9,0,0
1,62,99,9,9,0
1,62,100,9,9,0
1,62,101,9,16,0
1,62,102,9,8,0
1,62,103,9,0,0
1,62,104,9,9,0
1,62,105,9,16,0
1,62,106,9,8,0
1,62,107,9,0,0
1,62,108,9,9,0
1,62,109,9,11,0
1,62,110,9,8,0
1,62,111,9,0,0
1,62,112,9,9,0
1,62,113,9,17,0
1,62,114,9,0,0
1,62,115,9,9,0
1,62,116,9,0,0
1,62,117,9,9,0
1,62,118,9,17,0
1,62,119,9,0,0
1,62,120,9,9,0
1,62,121,9,9,0
1,62,122,9,16,0
1,62,123,9,8,0
1,62,124,9,0,0
1,62,125,9,9,0
1,62,126,9,16,0
1,62,127,9,8,0
1,62,128,9,0,0
1,62,129,9,9,0
1,62,130,9,11,0
1,62,131,9,8,0
1,62,132,9,0,0
1,62,133,9,9,0
1,62,134,9,17,0
1,62,135,9,0,0
1,62,136,9,9,0
1,62,137,9,0,0
1,62,138,9,9,0
1,62,139,9,17,0
1,62,140,9,0,0
1,62,141,9,9,0
1,62,142,9,9,0
1,62,143,9,16,0
1,62,144,9,8,0
1,62,145,9,0,0
1,62,146,9,9,0
1,62,147,9,16,0
1,62,148,9,8,0
1,62,149,9,0,0
1,62,150,9,9,0
1,62,151,9,11,0
1,62,152,9,8,0
1,62,153,9,0,0
1,62,154,9,9,0
1,62,155,9,17,0
1,62,156,9,0,0
1,62,157,9,9,0
1,62,158,9,0,0
1,62,159,9,9,0
1,62,160,9,17,0
1,62,161,9,0,0
1,62,162,9,9,0
1,62,163,9,9,0
1,62,164,9,16,0
1,62,165,9,8,0
1,62,166,9,0,0
1,62,167,9,9,0
1,62,168,9,16,0
1,62,169,9,8,0
1,62,170,9,0,0
1,62,171,9,9,0
1,62,172,9,11,0
1,62,173,9,8,0
1,62,174,9,0,0
1,62,175,9,9,0
1,62,176,9,17,0
1,62,177,9,0,0
1,62,178,9,9,0
1,62,179,9,0,0
1,62,180,9,9,0
1,62,181,9,17,0
1,62,182,9,0,0
1,62,183,9,9,0
1,62,184,9,9,0
1,62,185,9,16,0
1,62,186,9,8,0
1,62,187,9,0,0
1,62,188,9,9,0
1,62,189,9,16,0
1,62,190,9,8,0
1,62,191,9,0,0
1,62,192,9,9,0
1,62,193,9,11,0
1,62,194,9,8,0
1,62,195,9,0,0
1,62,196,9,9,0
1,62,197,9,17,0
1,62,198,9,0,0
1,62,199,9,9,0
1,62,200,9,0,0
1,62,201,9,9,0
1,62,202,9,17,0
1,62,203,9,0,0
1,62,204,9,9,0
1,62,205,9,9,0
1,62,206,9,16,0
1,62,207,9,8,0
1,62,208,9,0,0
1,62,209,9,9,0
1,62,210,9,16,0
1,62,211,9,8,0
1,62,212,9,0,0
1,62,213,9,9,0
1,62,214,9,11,0
1,62,215,9,8,0
1,62,216,9,0,0
1,62,217,9,9,0
1,62,218,9,17,0
1,62,219,9,0,0
1,62,220,9,9,0
1,62,221,9,0,0
1,62,222,9,9,0
1,62,223,9,17,0
1,62,224,9,0,0
1,62,225,9,9,0
1,62,226,9,9,0
1,62,227,9,16,0
1,62,228,9,8,0
1,62,229,9,0,0
1,62,230,9,9,0
1,62,231,9,16,0
1,62,232,9,8,0
1,62,233,9,0,0
1,62,234,9,9,0
1,62,235,9,11,0
1,62,236,9,8,0
1,62,237,9,0,0
1,62,238,9,9,0
1,62,239,9,17,0
1,62,240,9,0,0
1,62,241,9,9,0
1,62,242,9,0,0
1,62,243,9,9,0
1,62,244,9,17,0
1,62,245,9,0,0
1,62,246,9,9,0
1,62,247,9,9,0
1,62,248,9,16,0
1,62,249,9,8,0
1,62,250,9,0,0
1,62,251,9,9,0
1,62,252,9,16,0
1,62,253,9,8,0
1,62,254,9,0,0
1,62,255,9,9,0
1,62,256,9,11,0
1,62,257,9,8,0
1,62,258,9,0,0
1,62,259,9,9,0
1,62,260,9,16,0
1,62,261,9,8,0
1,62,262,9,0,0
1,62,263,9,15,0
1,62,264,9,0,0
1,62,265,9,9,0
1,62,266,9,9,0
1,62,267,9,9,0
1,62,268,9,0,0
1,62,269,9,15,0
1,62,270,9,0,0
1,62,271,9,9,0
1,62,272,9,9,0
1,62,273,9,9,0
1,62,274,9,0,0
1,62,275,9,15,0
1,62,276,9,0,0
1,62,277,9,9,0
1,62,278,9,9,0
1,62,279,9,9,0
1,62,280,9,0,0
1,62,281,9,15,0
1,62,282,9,0,0
1,62,283,9,9,0
1,62,284,9,9,0
1,62,285,9,9,0
1,62,286,9,0,0
1,62,287,9,15,0
1,62,288,9,0,0
1,62,289,9,9,0
1,62,290,9,9,0
1,62,291,9,9,0
1,62,292,9,0,0
1,62,293,9,15,0
1,62,294,9,0,0
1,62,295,9,9,0
1,62,296,9,9,0
1,62,297,9,9,0
1,62,298,9,0,0
1,62,299,9,15,0
1,62,300,9,0,0
1,62,301,9,9,0
1,62,302,9,9,0
1,62,303,9,9,0
1,62,304,9,0,0
1,62,305,9,15,0
1,62,306,9,0,0
1,62,307,9,9,0
1,62,308,9,9,0
1,62,309,9,9,0
1,62,310,9,0,0
1,62,311,9,15,0
1,62,312,9,0,0
1,62,313,9,9,0
1,62,314,9,9,0
1,62,315,9,9,0
1,62,316,9,0,0
1,62,317,9,15,0
1,62,318,9,0,0
1,62,319,9,9,0
1,62,320,9,9,0
1,62,321,9,9,0
1,62,322,9,0,0
1,62,323,9,15,0
1,62,324,9,0,0
1,62,325,9,9,0
1,62,326,9,9,0
1,62,327,9,9,0
1,63,64,16,8,1
1,63,65,16,0,0
1,63,66,16,9,0
1,63,67,16,11,0
1,63,68,16,8,0
1,63,69,16,0,0
1,63,70,16,9,0
1,63,71,16,17,0
1,63,72,16,0,0
1,63,73,16,9,0
1,63,74,16,0,0
1,63,75,16,9,0
1,63,76,16,17,0
1,63,77,16,0,0
1,63,78,16,9,0
1,63,79,16,9,0
1,63,80,16,16,0
1,63,81,16,8,0
1,63,82,16,0,0
1,63,83,16,9,0
1,63,84,16,16,0
1,63,85,16,8,0
1,63,86,16,0,0
1,63,87,16,9,0
1,63,88,16,11,0
1,63,89,16,8,0
1,63,90,16,0,0
1,63,91,16,9,0
1,63,92,16,17,0
1,63,93,16,0,0
1,63,94,16,9,0
1,63,95,16,0,0
1,63,96,16,9,0
1,63,97,16,17,0
1,63,98,16,0,0
1,63,99,16,9,0
1,63,100,16,9,0
1,63,101,16,16,0
1,63,102,16,8,0
1,63,103,16,0,0
1,63,104,16,9,0
1,63,105,16,16,0
1,63,106,16,8,0
1,63,107,16,0,0
1,63,108,16,9,0
1,63,109,16,11,0
1,63,110,16,8,0
1,63,111,16,0,0
1,63,112,16,9,0
1,63,113,16,17,0
1,63,114,16,0,0
1,63,115,16,9,0
1,63,116,16,0,0
1,63,117,16,9,0
1,63,118,16,17,0
1,63,119,16,0,0
1,63,120,16,9,0
1,63,121,16,9,0
1,63,122,16,16,0
1,63,123,16,8,0
1,63,124,16,0,0
1,63,125,16,9,0
1,63,126,16,16,0
1,63,127,16,8,0
1,63,128,16,0,0
1,63,129,16,9,0
1,63,130,16,11,0
1,63,131,16,8,0
1,63,132,16,0,0
1,63,133,16,9,0
1,63,134,16,17,0
1,63,135,16,0,0
1,63,136,16,9,0
1,63,137,16,0,0
1,63,138,16,9,0
1,63,139,16,17,0
1,63,140,16,0,0
1,63,141,16,9,0
1,63,142,16,9,0
1,63,143,16,16,0
1,63,144,16,8,0
1,63,145,16,0,0
1,63,146,16,9,0
1,63,147,16,16,0
1,63,148,16,8,0
1,63,149,16,0,0
1,63,150,16,9,0
1,63,151,16,11,0
1,63,152,16,8,0
1,63,153,16,0,0
1,63,154,16,9,0
1,63,155,16,17,0
1,63,156,16,0,0
1,63,157,16,9,0
1,63,158,16,0,0
1,63,159,16,9,0
1,63,160,16,17,0
1,63,161,16,0,0
1,63,162,16,9,0
1,63,163,16,9,0
1,63,164,16,16,0
1,63,165,16,8,0
1,63,166,16,0,0
1,63,167,16,9,0
1,63,168,16,16,0
1,63,169,16,8,0
1,63,170,16,0,0
1,63,171,16,9,0
1,63,172,16,11,0
1,63,173,16,8,0
1,63,174,16,0,0
1,63,175,16,9,0
1,63,176,16,17,0
1,63,177,16,0,0
1,63,178,16,9,0
1,63,179,16,0,0
1,63,180,16,9,0
1,63,181,16,17,0
1,63,182,16,0,0
1,63,183,16,9,0
1,63,184,16,9,0
1,63,185,16,16,0
1,63,186,16,8,0
1,63,187,16,0,0
1,63,188,16,9,0
1,63,189,16,16,0
1,63,190,16,8,0
1,63,191,16,0,0
1,63,192,16,9,0
1,63,193,16,11,0
1,63,194,16,8,0
1,63,195,16,0,0
1,63,196,16,9,0
1,63,197,16,17,0
1,63,198,16,0,0
1,63,199,16,9,0
1,63,200,16,0,0
1,63,201,16,9,0
1,63,202,16,17,0
1,63,203,16,0,0
1,63,204,16,9,0
1,63,205,16,9,0
1,63,206,16,16,0
1,63,207,16,8,0
1,63,208,16,0,0
1,63,209,16,9,0
1,63,210,16,16,0
1,63,211,16,8,0
1,63,212,16,0,0
1,63,213,16,9,0
1,63,214,16,11,0
1,63,215,16,8,0
1,63,216,16,0,0
1,63,217,16,9,0
1,63,218,16,17,0
1,63,219,16,0,0
1,63,220,16,9,0
1,63,221,16,0,0
1,63,222,16,9,0
1,63,223,16,17,0
1,63,224,16,0,0
1,63,225,16,9,0
1,63,226,16,9,0
1,63,227,16,16,0
1,63,228,16,8,0
1,63,229,16,0,0
1,63,230,16,9,0
1,63,231,16,16,0
1,63,232,16,8,0
1,63,233,16,0,0
1,63,234,16,9,0
1,63,235,16,11,0
1,63,236,16,8,0
1,63,237,16,0,0
1,63,238,16,9,0
1,63,239,16,17,0
1,63,240,16,0,0
1,63,241,16,9,0
1,63,242,16,0,0
1,63,243,16,9,0
1,63,244,16,17,0
1,63,245,16,0,0
1,63,246,16,9,0
1,63,247,16,9,0
1,63,248,16,16,0
1,63,249,16,8,0
1,63,250,16,0,0
1,63,251,16,9,0
1,63,252,16,16,0
1,63,253,16,8,0
1,63,254,16,0,0
1,63,255,16,9,0
1,63,256,16,11,0
1,63,257,16,8,0
1,63,258,16,0,0
1,63,259,16,9,0
1,63,260,16,16,0
1,63,261,16,8,0
1,63,262,16,0,0
1,63,263,16,15,0
1,63,264,16,0,0
1,63,265,16,9,0
1,63,266,16,9,0
1,63,267,16,9,0
1,63,268,16,0,0
1,63,269,16,15,0
1,63,270,16,0,0
1,63,271,16,9,0
1,63,272,16,9,0
1,63,273,16,9,0
1,63,274,16,0,0
1,63,275,16,15,0
1,63,276,16,0,0
1,63,277,16,9,0
1,63,278,16,9,0
1,63,279,16,9,0
1,63,280,16,0,0
1,63,281,16,15,0
1,63,282,16,0,0
1,63,283,16,9,0
1,63,284,16,9,0
1,63,285,16,9,0
1,63,286,16,0,0
1,63,287,16,15,0
1,63,288,16,0,0
1,63,289,16,9,0
1,63,290,16,9,0
1,63,291,16,9,0
1,63,292,16,0,0
1,63,293,16,15,0
1,63,294,16,0,0
1,63,295,16,9,0
1,63,296,16,9,0
1,63,297,16,9,0
1,63,298,16,0,0
1,63,299,16,15,0
1,63,300,16,0,0
1,63,301,16,9,0
1,63,302,16,9,0
1,63,303,16,9,0
1,63,304,16,0,0
1,63,305,16,15,0
1,63,306,16,0,0
1,63,307,16,9,0
1,63,308,16,9,0
1,63,309,16,9,0
1,63,310,16,0,0
1,63,311,16,15,0
1,63,312,16,0,0
1,63,313,16,9,0
1,63,314,16,9,0
1,63,315,16,9,0
1,63,316,16,0,0
1,63,317,16,15,0
1,63,318,16,0,0
1,63,319,16,9,0
1,63,320,16,9,0
1,63,321,16,9,0
1,63,322,16,0,0
1,63,323,16,15,0
1,63,324,16,0,0
1,63,325,16,9,0
1,63,326,16,9,0
1,63,327,16,9,0
1,64,65,8,0,0
1,64,66,8,9,0
1,64,67,8,11,0
1,64,68,8,8,0
1,64,69,8,0,0
1,64,70,8,9,0
1,64,71,8,17,0
1,64,72,8,0,0
1,64,73,8,9,0
1,64,74,8,0,0
1,64,75,8,9,0
1,64,76,8,17,0
1,64,77,8,0,0
1,64,78,8,9,0
1,64,79,8,9,0
1,64,80,8,16,0
1,64,81,8,8,0
1,64,82,8,0,0
1,64,83,8,9,0
1,64,84,8,16,0
1,64,85,8,8,0
1,64,86,8,0,0
1,64,87,8,9,0
1,64,88,8,11,0
1,64,89,8,8,0
1,64,90,8,0,0
1,64,91,8,9,0
1,64,92,8,17,0
1,64,93,8,0,0
1,64,94,8,9,0
1,64,95,8,0,0
1,64,96,8,9,0
1,64,97,8,17,0
1,64,98,8,0,0
1,64,99,8,9,0
1,64,100,8,9,0
1,64,101,8,16,0
1,64,102,8,8,0
1,64,103,8,0,0
1,64,104,8,9,0
1,64,105,8,16,0
1,64,106,8,8,0
1,64,107,8,0,0
1,64,108,8,9,0
1,64,109,8,11,0
1,64,110,8,8,0
1,64,111,8,0,0
1,64,112,8,9,0
1,64,113,8,17,0
1,64,114,8,0,0
1,64,115,8,9,0
1,64,116,8,0,0
1,64,117,8,9,0
1,64,118,8,17,0
1,64,119,8,0,0
1,64,120,8,9,0
1,64,121,8,9,0
1,64,122,8,16,0
1,64,123,8,8,0
1,64,124,8,0,0
1,64,125,8,9,0
1,64,126,8,16,0
1,64,127,8,8,0
1,64,128,8,0,0
1,64,129,8,9,0
1,64,130,8,11,0
1,64,131,8,8,0
1,64,132,8,0,0
1,64,133,8,9,0
1,64,134,8,17,0
1,64,135,8,0,0
1,64,136,8,9,0
1,64,137,8,0,0
1,64,138,8,9,0
1,64,139,8,17,0
1,64,140,8,0,0
1,64,141,8,9,0
1,64,142,8,9,0
1,64,143,8,16,0
1,64,144,8,8,0
1,64,145,8,0,0
1,64,146,8,9,0
1,64,147,8,16,0
1,64,148,8,8,0
1,64,149,8,0,0
1,64,150,8,9,0
1,64,151,8,11,0
1,64,152,8,8,0
1,64,153,8,0,0
1,64,154,8,9,0
1,64,155,8,17,0
1,64,156,8,0,0
1,64,157,8,9,0
1,64,158,8,0,0
1,64,159,8,9,0
1,64,160,8,17,0
1,64,161,8,0,0
1,64,162,8,9,0
1,64,163,8,9,0
1,64,164,8,16,0
1,64,165,8,8,0
1,64,166,8,0,0
1,64,167,8,9,0
1,64,168,8,16,0
1,64,169,8,8,0
1,64,170,8,0,0
1,64,171,8,9,0
1,64,172,8,11,0
1,64,173,8,8,0
1,64,174,8,0,0
1,64,175,8,9,0
1,64,176,8,17,0
1,64,177,8,0,0
1,64,178,8,9,0
1,64,179,8,0,0
1,64,180,8,9,0
1,64,181,8,17,0
1,64,182,8,0,0
1,64,183,8,9,0
1,64,184,8,9,0
1,64,185,8,16,0
1,64,186,8,8,0
1,64,187,8,0,0
1,64,188,8,9,0
1,64,189,8,16,0
1,64,190,8,8,0
1,64,191,8,0,0
1,64,192,8,9,0
1,64,193,8,11,0
1,64,194,8,8,0
1,64,195,8,0,0
1,64,196,8,9,0
1,64,197,8,17,0
1,64,198,8,0,0
1,64,199,8,9,0
1,64,200,8,0,0
1,64,201,8,9,0
1,64,202,8,17,0
1,64,203,8,0,0
1,64,204,8,9,0
1,64,205,8,9,0
1,64,206,8,16,0
1,64,207,8,8,0
1,64,208,8,0,0
1,64,209,8,9,0
1,64,210,8,16,0
1,64,211,8,8,0
1,64,212,8,0,0
1,64,213,8,9,0
1,64,214,8,11,0
1,64,215,8,8,0
1,64,216,8,0,0
1,64,217,8,9,0
1,64,218,8,17,0
1,64,219,8,0,0
1,64,220,8,9,0
1,64,221,8,0,0
1,64,222,8,9,0
1,64,223,8,17,0
1,64,224,8,0,0
1,64,225,8,9,0
1,64,226,8,9,0
1,64,227,8,16,0
1,64,228,8,8,0
1,64,229,8,0,0
1,64,230,8,9,0
1,64,231,8,16,0
1,64,232,8,8,0
1,64,233,8,0,0
1,64,234,8,9,0
1,64,235,8,11,0
1,64,236,8,8,0
1,64,237,8,0,0
1,64,238,8,9,0
1,64,239,8,17,0
1,64,240,8,0,0
1,64,241,8,9,0
1,64,242,8,0,0
1,64,243,8,9,0
1,64,244,8,17,0
1,64,245,8,0,0
1,64,246,8,9,0
1,64,247,8,9,0
1,64,248,8,16,0
1,64,249,8,8,0
1,64,250,8,0,0
1,64,251,8,9,0
1,64,252,8,16,0
1,64,253,8,8,0
1,64,254,8,0,0
1,64,255,8,9,0
1,64,256,8,11,0
1,64,257,8,8,0
1,64,258,8,0,0
1,64,259,8,9,0
1,64,260,8,16,0
1,64,261,8,8,0
1,64,262,8,0,0
1,64,263,8,15,0
1,64,264,8,0,0
1,64,265,8,9,0
1,64,266,8,9,0
1,64,267,8,9,0
1,64,268,8,0,0
1,64,269,8,15,0
1,64,270,8,0,0
1,64,271,8,9,0
1,64,272,8,9,0
1,64,273,8,9,0
1,64,274,8,0,0
1,64,275,8,15,0
1,64,276,8,0,0
1,64,277,8,9,0
1,64,278,8,9,0
1,64,279,8,9,0
1,64,280,8,0,0
1,64,281,8,15,0
1,64,282,8,0,0
1,64,283,8,9,0
1,64,284,8,9,0
1,64,285,8,9,0
1,64,286,8,0,0
1,64,287,8,15,0
1,64,288,8,0,0
1,64,289,8,9,0
1,64,290,8,9,0
1,64,291,8,9,0
1,64,292,8,0,0
1,64,293,8,15,0
1,64,294,8,0,0
1,64,295,8,9,0
1,64,296,8,9,0
1,64,297,8,9,0
1,64,298,8,0,0
1,64,299,8,15,0
1,64,300,8,0,0
1,64,301,8,9,0
1,64,302,8,9,0
1,64,303,8,9,0
1,64,304,8,0,0
1,64,305,8,15,0
1,64,306,8,0,0
1,64,307,8,9,0
1,64,308,8,9,0
1,64,309,8,9,0
1,64,310,8,0,0
1,64,311,8,15,0
1,64,312,8,0,0
1,64,313,8,9,0
1,64,314,8,9,0
1,64,315,8,9,0
1,64,316,8,0,0
1,64,317,8,15,0
1,64,318,8,0,0
1,64,319,8,9,0
1,64,320,8,9,0
1,64,321,8,9,0
1,64,322,8,0,0
1,64,323,8,15,0
1,64,324,8,0,0
1,64,325,8,9,0
1,64,326,8,9,0
1,64,327,8,9,0
1,65,66,0,9,1
1,65,67,0,11,1
1,65,68,0,8,0
1,65,69,0,0,1
1,65,70,0,9,0
1,65,71,0,17,0
1,65,72,0,0,0
1,65,73,0,9,0
1,65,74,0,0,0
1,65,75,0,9,0
1,65,76,0,17,0
1,65,77,0,0,0
1,65,78,0,9,0
1,65,79,0,9,0
1,65,80,0,16,0
1,65,81,0,8,0
1,65,82,0,0,0
1,65,83,0,9,0
1,65,84,0,16,0
1,65,85,0,8,0
1,65,86,0,0,0
1,65,87,0,9,0
1,65,88,0,11,0
1,65,89,0,8,0
1,65,90,0,0,0
1,65,91,0,9,0
1,65,92,0,17,0
1,65,93,0,0,0
1,65,94,0,9,0
1,65,95,0,0,0
1,65,96,0,9,0
1,65,97,0,17,0
1,65,98,0,0,0
1,65,99,0,9,0
1,65,100,0,9,0
1,65,101,0,16,0
1,65,102,0,8,0
1,65,103,0,0,0
1,65,104,0,9,0
1,65,105,0,16,0
1,65,106,0,8,0
1,65,107,0,0,0
1,65,108,0,9,0
1,65,109,0,11,0
1,65,110,0,8,0
1,65,111,0,0,0
1,65,112,0,9,0
1,65,113,0,17,0
1,65,114,0,0,0
1,65,115,0,9,0
1,65,116,0,0,0
1,65,117,0,9,0
1,65,118,0,17,0
1,65,119,0,0,0
1,65,120,0,9,0
1,65,121,0,9,0
1,65,122,0,16,0
1,65,123,0,8,0
1,65,124,0,0,0
1,65,125,0,9,0
1,65,126,0,16,0
1,65,127,0,8,0
1,65,128,0,0,0
1,65,129,0,9,0
1,65,130,0,11,0
1,65,131,0,8,0
1,65,132,0,0,0
1,65,133,0,9,0
1,65,134,0,17,0
1,65,135,0,0,0
1,65,136,0,9,0
1,65,137,0,0,0
1,65,138,0,9,0
1,65,139,0,17,0
1,65,140,0,0,0
1,65,141,0,9,0
1,65,142,0,9,0
1,65,143,0,16,0
1,65,144,0,8,0
1,65,145,0,0,0
1,65,146,0,9,0
1,65,147,0,16,0
1,65,148,0,8,0
1,65,149,0,0,0
1,65,150,0,9,0
1,65,151,0,11,0
1,65,152,0,8,0
1,65,153,0,0,0
1,65,154,0,9,0
1,65,155,0,17,0
1,65,156,0,0,0
1,65,157,0,9,0
1,65,158,0,0,0
1,65,159,0,9,0
1,65,160,0,17,0
1,65,161,0,0,0
1,65,162,0,9,0
1,65,163,0,9,0
1,65,164,0,16,0
1,65,165,0,8,0
1,65,166,0,0,0
1,65,167,0,9,0
1,65,168,0,16,0
1,65,169,0,8,0
1,65,170,0,0,0
1,65,171,0,9,0
1,65,172,0,11,0
1,65,173,0,8,0
1,65,174,0,0,0
1,65,175,0,9,0
1,65,176,0,17,0
1,65,177,0,0,0
1,65,178,0,9,0
1,65,179,0,0,0
1,65,180,0,9,0
1,65,181,0,17,0
1,65,182,0,0,0
1,65,183,0,9,0
1,65,184,0,9,0
1,65,185,0,16,0
1,65,186,0,8,0
1,65,187,0,0,0
1,65,188,0,9,0
1,65,189,0,16,0
1,65,190,0,8,0
1,65,191,0,0,0
1,65,192,0,9,0
1,65,193,0,11,0
1,65,194,0,8,0
1,65,195,0,0,0
1,65,196,0,9,0
1,65,197,0,17,0
1,65,198,0,0,0
1,65,199,0,9,0
1,65,200,0,0,0
1,65,201,0,9,0
1,65,202,0,17,0
1,65,203,0,0,0
1,65,204,0,9,0
1,65,205,0,9,0
1,65,206,0,16,0
1,65,207,0,8,0
1,65,208,0,0,0
1,65,209,0,9,0
1,65,210,0,16,0
1,65,211,0,8,0
1,65,212,0,0,0
1,65,213,0,9,0
1,65,214,0,11,0
1,65,215,0,8,0
1,65,216,0,0,0
1,65,217,0,9,0
1,65,218,0,17,0
1,65,219,0,0,0
1,65,220,0,9,0
1,65,221,0,0,0
1,65,222,0,9,0
1,65,223,0,17,0
1,65,224,0,0,0
1,65,225,0,9,0
1,65,226,0,9,0
1,65,227,0,16,0
1,65,228,0,8,0
1,65,229,0,0,0
1,65,230,0,9,0
1,65,231,0,16,0
1,65,232,0,8,0
1,65,233,0,0,0
1,65,234,0,9,0
1,65,235,0,11,0
1,65,236,0,8,0
1,65,237,0,0,0
1,65,238,0,9,0
1,65,239,0,17,0
1,65,240,0,0,0
1,65,241,0,9,0
1,65,242,0,0,0
1,65,243,0,9,0
1,65,244,0,17,0
1,65,245,0,0,0
1,65,246,0,9,0
1,65,247,0,9,0
1,65,248,0,16,0
1,65,249,0,8,0
1,65,250,0,0,0
1,65,251,0,9,0
1,65,252,0,16,0
1,65,253,0,8,0
1,65,254,0,0,0
1,65,255,0,9,0
1,65,256,0,11,0
1,65,257,0,8,0
1,65,258,0,0,0
1,65,259,0,9,0
1,65,260,0,16,0
1,65,261,0,8,0
1,65,262,0,0,0
1,65,263,0,15,0
1,65,264,0,0,0
1,65,265,0,9,0
1,65,266,0,9,0
1,65,267,0,9,0
1,65,268,0,0,0
1,65,269,0,15,0
1,65,270,0,0,0
1,65,271,0,9,0
1,65,272,0,9,0
1,65,273,0,9,0
1,65,274,0,0,0
1,65,275,0,15,0
1,65,276,0,0,0
1,65,277,0,9,0
1,65,278,0,9,0
1,65,279,0,9,0
1,65,280,0,0,0
1,65,281,0,15,0
1,65,282,0,0,0
1,65,283,0,9,0
1,65,284,0,9,0
1,65,285,0,9,0
1,65,286,0,0,0
1,65,287,0,15,0
1,65,288,0,0,0
1,65,289,0,9,0
1,65,290,0,9,0
1,65,291,0,9,0
1,65,292,0,0,0
1,65,293,0,15,0
1,65,294,0,0,0
1,65,295,0,9,0
1,65,296,0,9,0
1,65,297,0,9,0
1,65,298,0,0,0
1,65,299,0,15,0
1,65,300,0,0,0
1,65,301,0,9,0
1,65,302,0,9,0
1,65,303,0,9,0
1,65,304,0,0,0
1,65,305,0,15,0
1,65,306,0,0,0
1,65,307,0,9,0
1,65,308,0,9,0
1,65,309,0,9,0
1,65,310,0,0,0
1,65,311,0,15,0
1,65,312,0,0,0
1,65,313,0,9,0
1,65,314,0,9,0
1,65,315,0,9,0
1,65,316,0,0,0
1,65,317,0,15,0
1,65,318,0,0,0
1,65,319,0,9,0
1,65,320,0,9,0
1,65,321,0,9,0
1,65,322,0,0,0
1,65,323,0,15,0
1,65,324,0,0,0
1,65,325,0,9,0
1,65,326,0,9,0
1,65,327,0,9,0
1,66,67,9,11,0
1,66,68,9,8,0
1,66,69,9,0,0
1,66,70,9,9,0
1,66,71,9,17,0
1,66,72,9,0,0
1,66,73,9,9,0
1,66,74,9,0,0
1,66,75,9,9,0
1,66,76,9,17,0
1,66,77,9,0,0
1,66,78,9,9,0
1,66,79,9,9,0
1,66,80,9,16,0
1,66,81,9,8,0
1,66,82,9,0,0
1,66,83,9,9,0
1,66,84,9,16,0
1,66,85,9,8,0
1,66,86,9,0,0
1,66,87,9,9,0
1,66,88,9,11,0
1,66,89,9,8,0
1,66,90,9,0,0
1,66,91,9,9,0
1,66,92,9,17,0
1,66,93,9,0,0
1,66,94,9,9,0
1,66,95,9,0,0
1,66,96,9,9,0
1,66,97,9,17,0
1,66,98,9,0,0
1,66,99,9,9,0
1,66,100,9,9,0
1,66,101,9,16,0
1,66,102,9,8,0
1,66,103,9,0,0
1,66,104,9,9,0
1,66,105,9,16,0
1,66,106,9,8,0
1,66,107,9,0,0
1,66,108,9,9,0
1,66,109,9,11,0
1,66,110,9,8,0
1,66,111,9,0,0
1,66,112,9,9,0
1,66,113,9,17,0
1,66,114,9,0,0
1,66,115,9,9,0
1,66,116,9,0,0
1,66,117,9,9,0
1,66,118,9,17,0
1,66,119,9,0,0
1,66,120,9,9,0
1,66,121,9,9,0
1,66,122,9,16,0
1,66,123,9,8,0
1,66,124,9,0,0
1,66,125,9,9,0
1,66,126,9,16,0
1,66,127,9,8,0
1,66,128,9,0,0
1,66,129,9,9,0
1,66,130,9,11,0
1,66,131,9,8,0
1,66,132,9,0,0
1,66,133,9,9,0
1,66,134,9,17,0
1,66,135,9,0,0
1,66,136,9,9,0
1,66,137,9,0,0
1,66,138,9,9,0
1,66,139,9,17,0
1,66,140,9,0,0
1,66,141,9,9,0
1,66,142,9,9,0
1,66,143,9,16,0
1,66,144,9,8,0
1,66,145,9,0,0
1,66,146,9,9,0
1,66,147,9,16,0
1,66,148,9,8,0
1,66,149,9,0,0
1,66,150,9,9,0
1,66,151,9,11,0
1,66,152,9,8,0
1,66,153,9,0,0
1,66,154,9,9,0
1,66,155,9,17,0
1,66,156,9,0,0
1,66,157,9,9,0
1,66,158,9,0,0
1,66,159,9,9,0
1,66,160,9,17,0
1,66,161,9,0,0
1,66,162,9,9,0
1,66,163,9,9,0
1,66,164,9,16,0
1,66,165,9,8,0
1,66,166,9,0,0
1,66,167,9,9,0
1,66,168,9,16,0
1,66,169,9,8,0
1,66,170,9,0,0
1,66,171,9,9,0
1,66,172,9,11,0
1,66,173,9,8,0
1,66,174,9,0,0
1,66,175,9,9,0
1,66,176,9,17,0
1,66,177,9,0,0
1,66,178,9,9,0
1,66,179,9,0,0
1,66,180,9,9,0
1,66,181,9,17,0
1,66,182,9,0,0
1,66,183,9,9,0
1,66,184,9,9,0
1,66,185,9,16,0
1,66,186,9,8,0
1,66,187,9,0,0
1,66,188,9,9,0
1,66,189,9,16,0
1,66,190,9,8,0
1,66,191,9,0,0
1,66,192,9,9,0
1,66,193,9,11,0
1,66,194,9,8,0
1,66,195,9,0,0
1,66,196,9,9,0
1,66,197,9,17,0
1,66,198,9,0,0
1,66,199,9,9,0
1,66,200,9,0,0
1,66,201,9,9,0
1,66,202,9,17,0
1,66,203,9,0,0
1,66,204,9,9,0
1,66,205,9,9,0
1,66,206,9,16,0
1,66,207,9,8,0
1,66,208,9,0,0
1,66,209,9,9,0
1,66,210,9,16,0
1,66,211,9,8,0
1,66,212,9,0,0
1,66,213,9,9,0
1,66,214,9,11,0
1,66,215,9,8,0
1,66,216,9,0,0
1,66,217,9,9,0
1,66,218,9,17,0
1,66,219,9,0,0
1,66,220,9,9,0
1,66,221,9,0,0
1,66,222,9,9,0
1,66,223,9,17,0
1,66,224,9,0,0
1,66,225,9,9,0
1,66,226,9,9,0
1,66,227,9,16,0
1,66,228,9,8,0
1,66,229,9,0,0
1,66,230,9,9,0
1,66,231,9,16,0
1,66,232,9,8,0
1,66,233,9,0,0
1,66,234,9,9,0
1,66,235,9,11,0
1,66,236,9,8,0
1,66,237,9,0,0
1,66,238,9,9,0
1,66,239,9,17,0
1,66,240,9,0,0
1,66,241,9,9,0
1,66,242,9,0,0
1,66,243,9,9,0
1,66,244,9,17,0
1,66,245,9,0,0
1,66,246,9,9,0
1,66,247,9,9,0
1,66,248,9,16,0
1,66,249,9,8,0
1,66,250,9,0,0
1,66,251,9,9,0
1,66,252,9,16,0
1,66,253,9,8,0
1,66,254,9,0,0
1,66,255,9,9,0
1,66,256,9,11,0
1,66,257,9,8,0
1,66,258,9,0,0
1,66,259,9,9,0
1,66,260,9,16,0
1,66,261,9,8,0
1,66,262,9,0,0
1,66,263,9,15,0
1,66,264,9,0,0
1,66,265,9,9,0
1,66,266,9,9,0
1,66,267,9,9,0
1,66,268,9,0,0
1,66,269,9,15,0
1,66,270,9,0,0
1,66,271,9,9,0
1,66,272,9,9,0
1,66,273,9,9,0
1,66,274,9,0,0
1,66,275,9,15,0
1,66,276,9,0,0
1,66,277,9,9,0
1,66,278,9,9,0
1,66,279,9,9,0
1,66,280,9,0,0
1,66,281,9,15,0
1,66,282,9,0,0
1,66,283,9,9,0
1,66,284,9,9,0
1,66,285,9,9,0
1,66,286,9,0,0
1,66,287,9,15,0
1,66,288,9,0,0
1,66,289,9,9,0
1,66,290,9,9,0
1,66,291,9,9,0
1,66,292,9,0,0
1,66,293,9,15,0
1,66,294,9,0,0
1,66,295,9,9,0
1,66,296,9,9,0
1,66,297,9,9,0
1,66,298,9,0,0
1,66,299,9,15,0
1,66,300,9,0,0
1,66,301,9,9,0
1,66,302,9,9,0
1,66,303,9,9,0
1,66,304,9,0,0
1,66,305,9,15,0
1,66,306,9,0,0
1,66,307,9,9,0
1,66,308,9,9,0
1,66,309,9,9,0
1,66,310,9,0,0
1,66,311,9,15,0
1,66,312,9,0,0
1,66,313,9,9,0
1,66,314,9,9,0
1,66,315,9,9,0
1,66,316,9,0,0
1,66,317,9,15,0
1,66,318,9,0,0
1,66,319,9,9,0
1,66,320,9,9,0
1,66,321,9,9,0
1,66,322,9,0,0
1,66,323,9,15,0
1,66,324,9,0,0
1,66,325,9,9,0
1,66,326,9,9,0
1,66,327,9,9,0
1,67,68,11,8,1
1,67,69,11,0,0
1,67,70,11,9,0
1,67,71,11,17,0
1,67,72,11,0,0
1,67,73,11,9,0
1,67,74,11,0,0
1,67,75,11,9,0
1,67,76,11,17,0
1,67,77,11,0,0
1,67,78,11,9,0
1,67,79,11,9,0
1,67,80,11,16,0
1,67,81,11,8,0
1,67,82,11,0,0
1,67,83,11,9,0
1,67,84,11,16,0
1,67,85,11,8,0
1,67,86,11,0,0
1,67,87,11,9,0
1,67,88,11,11,0
1,67,89,11,8,0
1,67,90,11,0,0
1,67,91,11,9,0
1,67,92,11,17,0
1,67,93,11,0,0
1,67,94,11,9,0
1,67,95,11,0,0
1,67,96,11,9,0
1,67,97,11,17,0
1,67,98,11,0,0
1,67,99,11,9,0
1,67,100,11,9,0
1,67,101,11,16,0
1,67,102,11,8,0
1,67,103,11,0,0
1,67,104,11,9,0
1,67,105,11,16,0
1,67,106,11,8,0
1,67,107,11,0,0
1,67,108,11,9,0
1,67,109,11,11,0
1,67,110,11,8,0
1,67,111,11,0,0
1,67,112,11,9,0
1,67,113,11,17,0
1,67,114,11,0,0
1,67,115,11,9,0
1,67,116,11,0,0
1,67,117,11,9,0
1,67,118,11,17,0
1,67,119,11,0,0
1,67,120,11,9,0
1,67,121,11,9,0
1,67,122,11,16,0
1,67,123,11,8,0
1,67,124,11,0,0
1,67,125,11,9,0
1,67,126,11,16,0
1,67,127,11,8,0
1,67,128,11,0,0
1,67,129,11,9,0
1,67,130,11,11,0
1,67,131,11,8,0
1,67,132,11,0,0
1,67,133,11,9,0
1,67,134,11,17,0
1,67,135,11,0,0
1,67,136,11,9,0
1,67,137,11,0,0
1,67,138,11,9,0
1,67,139,11,17,0
1,67,140,11,0,0
1,67,141,11,9,0
1,67,142,11,9,0
1,67,143,11,16,0
1,67,144,11,8,0
1,67,145,11,0,0
1,67,146,11,9,0
1,67,147,11,16,0
1,67,148,11,8,0
1,67,149,11,0,0
1,67,150,11,9,0
1,67,151,11,11,0
1,67,152,11,8,0
1,67,153,11,0,0
1,67,154,11,9,0
1,67,155,11,17,0
1,67,156,11,0,0
1,67,157,11,9,0
1,67,158,11,0,0
1,67,159,11,9,0
1,67,160,11,17,0
1,67,161,11,0,0
1,67,162,11,9,0
1,67,163,11,9,0
1,67,164,11,16,0
1,67,165,11,8,0
1,67,166,11,0,0
1,67,167,11,9,0
1,67,168,11,16,0
1,67,169,11,8,0
1,67,170,11,0,0
1,67,171,11,9,0
1,67,172,11,11,0
1,67,173,11,8,0
1,67,174,11,0,0
1,67,175,11,9,0
1,67,176,11,17,0
1,67,177,11,0,0
1,67,178,11,9,0
1,67,179,11,0,0
1,67,180,11,9,0
1,67,181,11,17,0
1,67,182,11,0,0
1,67,183,11,9,0
1,67,184,11,9,0
1,67,185,11,16,0
1,67,186,11,8,0
1,67,187,11,0,0
1,67,188,11,9,0
1,67,189,11,16,0
1,67,190,11,8,0
1,67,191,11,0,0
1,67,192,11,9,0
1,67,193,11,11,0
1,67,194,11,8,0
1,67,195,11,0,0
1,67,196,11,9,0
1,67,197,11,17,0
1,67,198,11,0,0
1,67,199,11,9,0
1,67,200,11,0,0
1,67,201,11,9,0
1,67,202,11,17,0
1,67,203,11,0,0
1,67,204,11,9,0
1,67,205,11,9,0
1,67,206,11,16,0
1,67,207,11,8,0
1,67,208,11,0,0
1,67,209,11,9,0
1,67,210,11,16,0
1,67,211,11,8,0
1,67,212,11,0,0
1,67,213,11,9,0
1,67,214,11,11,0
1,67,215,11,8,0
1,67,216,11,0,0
1,67,217,11,9,0
1,67,218,11,17,0
1,67,219,11,0,0
1,67,220,11,9,0
1,67,221,11,0,0
1,67,222,11,9,0
1,67,223,11,17,0
1,67,224,11,0,0
1,67,225,11,9,0
1,67,226,11,9,0
1,67,227,11,16,0
1,67,228,11,8,0
1,67,229,11,0,0
1,67,230,11,9,0
1,67,231,11,16,0
1,67,232,11,8,0
1,67,233,11,0,0
1,67,234,11,9,0
1,67,235,11,11,0
1,67,236,11,8,0
1,67,237,11,0,0
1,67,238,11,9,0
1,67,239,11,17,0
1,67,240,11,0,0
1,67,241,11,9,0
1,67,242,11,0,0
1,67,243,11,9,0
1,67,244,11,17,0
1,67,245,11,0,0
1,67,246,11,9,0
1,67,247,11,9,0
1,67,248,11,16,0
1,67,249,11,8,0
1,67,250,11,0,0
1,67,251,11,9,0
1,67,252,11,16,0
1,67,253,11,8,0
1,67,254,11,0,0
1,67,255,11,9,0
1,67,256,11,11,0
1,67,257,11,8,0
1,67,258,11,0,0
1,67,259,11,9,0
1,67,260,11,16,0
1,67,261,11,8,0
1,67,262,11,0,0
1,67,263,11,15,0
1,67,264,11,0,0
1,67,265,11,9,0
1,67,266,11,9,0
1,67,267,11,9,0
1,67,268,11,0,0
1,67,269,11,15,0
1,67,270,11,0,0
1,67,271,11,9,0
1,67,272,11,9,0
1,67,273,11,9,0
1,67,274,11,0,0
1,67,275,11,15,0
1,67,276,11,0,0
1,67,277,11,9,0
1,67,278,11,9,0
1,67,279,11,9,0
1,67,280,11,0,0
1,67,281,11,15,0
1,67,282,11,0,0
1,67,283,11,9,0
1,67,284,11,9,0
1,67,285,11,9,0
1,67,286,11,0,0
1,67,287,11,15,0
1,67,288,11,0,0
1,67,289,11,9,0
1,67,290,11,9,0
1,67,291,11,9,0
1,67,292,11,0,0
1,67,293,11,15,0
1,67,294,11,0,0
1,67,295,11,9,0
1,67,296,11,9,0
1,67,297,11,9,0
1,67,298,11,0,0
1,67,299,11,15,0
1,67,300,11,0,0
1,67,301,11,9,0
1,67,302,11,9,0
1,67,303,11,9,0
1,67,304,11,0,0
1,67,305,11,15,0
1,67,306,11,0,0
1,67,307,11,9,0
1,67,308,11,9,0
1,67,309,11,9,0
1,67,310,11,0,0
1,67,311,11,15,0
1,67,312,11,0,0
1,67,313,11,9,0
1,67,314,11,9,0
1,67,315,11,9,0
1,67,316,11,0,1
1,67,317,11,15,0
1,67,318,11,0,0
1,67,319,11,9,0
1,67,320,11,9,0
1,67,321,11,9,0
1,67,322,11,0,0
1,67,323,11,15,0
1,67,324,11,0,0
1,67,325,11,9,0
1,67,326,11,9,0
1,67,327,11,9,0
1,68,69,8,0,0
1,68,70,8,9,0
1,68,71,8,17,0
1,68,72,8,0,0
1,68,73,8,9,0
1,68,74,8,0,0
1,68,75,8,9,0
1,68,76,8,17,0
1,68,77,8,0,0
1,68,78,8,9,0
1,68,79,8,9,0
1,68,80,8,16,0
1,68,81,8,8,0
1,68,82,8,0,0
1,68,83,8,9,0
1,68,84,8,16,0
1,68,85,8,8,0
1,68,86,8,0,0
1,68,87,8,9,0
1,68,88,8,11,0
1,68,89,8,8,0
1,68,90,8,0,0
1,68,91,8,9,0
1,68,92,8,17,0
1,68,93,8,0,0
1,68,94,8,9,0
1,68,95,8,0,0
1,68,96,8,9,0
1,68,97,8,17,0
1,68,98,8,0,0
1,68,99,8,9,0
1,68,100,8,9,0
1,68,101,8,16,0
1,68,102,8,8,0
1,68,103,8,0,0
1,68,104,8,9,0
1,68,105,8,16,0
1,68,106,8,8,0
1,68,107,8,0,0
1,68,108,8,9,0
1,68,109,8,11,0
1,68,110,8,8,0
1,68,111,8,0,0
1,68,112,8,9,0
1,68,113,8,17,0
1,68,114,8,0,0
1,68,115,8,9,0
1,68,116,8,0,0
1,68,117,8,9,0
1,68,118,8,17,0
1,68,119,8,0,0
1,68,120,8,9,0
1,68,121,8,9,0
1,68,122,8,16,0
1,68,123,8,8,0
1,68,124,8,0,0
1,68,125,8,9,0
1,68,126,8,16,0
1,68,127,8,8,0
1,68,128,8,0,0
1,68,129,8,9,0
1,68,130,8,11,0
1,68,131,8,8,0
1,68,132,8,0,0
1,68,133,8,9,0
1,68,134,8,17,0
1,68,135,8,0,0
1,68,136,8,9,0
1,68,137,8,0,0
1,68,138,8,9,0
1,68,139,8,17,0
1,68,140,8,0,0
1,68,141,8,9,0
1,68,142,8,9,0
1,68,143,8,16,0
1,68,144,8,8,0
1,68,145,8,0,0
1,68,146,8,9,0
1,68,147,8,16,0
1,68,148,8,8,0
1,68,149,8,0,0
1,68,150,8,9,0
1,68,151,8,11,0
1,68,152,8,8,0
1,68,153,8,0,0
1,68,154,8,9,0
1,68,155,8,17,0
1,68,156,8,0,0
1,68,157,8,9,0
1,68,158,8,0,0
1,68,159,8,9,0
1,68,160,8,17,0
1,68,161,8,0,0
1,68,162,8,9,0
1,68,163,8,9,0
1,68,164,8,16,0
1,68,165,8,8,0
1,68,166,8,0,0
1,68,167,8,9,0
1,68,168,8,16,0
1,68,169,8,8,0
1,68,170,8,0,0
1,68,171,8,9,0
1,68,172,8,11,0
1,68,173,8,8,0
1,68,174,8,0,0
1,68,175,8,9,0
1,68,176,8,17,0
1,68,177,8,0,0
1,68,178,8,9,0
1,68,179,8,0,0
1,68,180,8,9,0
1,68,181,8,17,0
1,68,182,8,0,0
1,68,183,8,9,0
1,68,184,8,9,0
1,68,185,8,16,0
1,68,186,8,8,0
1,68,187,8,0,0
1,68,188,8,9,0
1,68,189,8,16,0
1,68,190,8,8,0
1,68,191,8,0,0
1,68,192,8,9,0
1,68,193,8,11,0
1,68,194,8,8,0
1,68,195,8,0,0
1,68,196,8,9,0
1,68,197,8,17,0
1,68,198,8,0,0
1,68,199,8,9,0
1,68,200,8,0,0
1,68,201,8,9,0
1,68,202,8,17,0
1,68,203,8,0,0
1,68,204,8,9,0
1,68,205,8,9,0
1,68,206,8,16,0
1,68,207,8,8,0
1,68,208,8,0,0
1,68,209,8,9,0
1,68,210,8,16,0
1,68,211,8,8,0
1,68,212,8,0,0
1,68,213,8,9,0
1,68,214,8,11,0
1,68,215,8,8,0
1,68,216,8,0,0
1,68,217,8,9,0
1,68,218,8,17,0
1,68,219,8,0,0
1,68,220,8,9,0
1,68,221,8,0,0
1,68,222,8,9,0
1,68,223,8,17,0
1,68,224,8,0,0
1,68,225,8,9,0
1,68,226,8,9,0
1,68,227,8,16,0
1,68,228,8,8,0
1,68,229,8,0,0
1,68,230,8,9,0
1,68,231,8,16,0
1,68,232,8,8,0
1,68,233,8,0,0
1,68,234,8,9,0
1,68,235,8,11,0
1,68,236,8,8,0
1,68,237,8,0,0
1,68,238,8,9,0
1,68,239,8,17,0
1,68,240,8,0,0
1,68,241,8,9,0
1,68,242,8,0,0
1,68,243,8,9,0
1,68,244,8,17,0
1,68,245,8,0,0
1,68,246,8,9,0
1,68,247,8,9,0
1,68,248,8,16,0
1,68,249,8,8,0
1,68,250,8,0,0
1,68,251,8,9,0
1,68,252,8,16,0
1,68,253,8,8,0
1,68,254,8,0,0
1,68,255,8,9,0
1,68,256,8,11,0
1,68,257,8,8,0
1,68,258,8,0,0
1,68,259,8,9,0
1,68,260,8,16,0
1,68,261,8,8,0
1,68,262,8,0,0
1,68,263,8,15,0
1,68,264,8,0,0
1,68,265,8,9,0
1,68,266,8,9,0
1,68,267,8,9,0
1,68,268,8,0,0
1,68,269,8,15,0
1,68,270,8,0,0
1,68,271,8,9,0
1,68,272,8,9,0
1,68,273,8,9,0
1,68,274,8,0,0
1,68,275,8,15,0
1,68,276,8,0,0
1,68,277,8,9,0
1,68,278,8,9,0
1,68,279,8,9,0
1,68,280,8,0,0
1,68,281,8,15,0
1,68,282,8,0,0
1,68,283,8,9,0
1,68,284,8,9,0
1,68,285,8,9,0
1,68,286,8,0,0
1,68,287,8,15,0
1,68,288,8,0,0
1,68,289,8,9,0
1,68,290,8,9,0
1,68,291,8,9,0
1,68,292,8,0,0
1,68,293,8,15,0
1,68,294,8,0,0
1,68,295,8,9,0
1,68,296,8,9,0
1,68,297,8,9,0
1,68,298,8,0,0
1,68,299,8,15,0
1,68,300,8,0,0
1,68,301,8,9,0
1,68,302,8,9,0
1,68,303,8,9,0
1,68,304,8,0,0
1,68,305,8,15,0
1,68,306,8,0,0
1,68,307,8,9,0
1,68,308,8,9,0
1,68,309,8,9,0
1,68,310,8,0,0
1,68,311,8,15,0
1,68,312,8,0,0
1,68,313,8,9,0
1,68,314,8,9,0
1,68,315,8,9,0
1,68,316,8,0,0
1,68,317,8,15,0
1,68,318,8,0,0
1,68,319,8,9,0
1,68,320,8,9,0
1,68,321,8,9,0
1,68,322,8,0,0
1,68,323,8,15,0
1,68,324,8,0,0
1,68,325,8,9,0
1,68,326,8,9,0
1,68,327,8,9,0
1,69,70,0,9,1
1,69,71,0,17,1
1,69,72,0,0,0
1,69,73,0,9,0
1,69,74,0,0,0
1,69,75,0,9,0
1,69,76,0,17,0
1,69,77,0,0,0
1,69,78,0,9,0
1,69,79,0,9,0
1,69,80,0,16,0
1,69,81,0,8,0
1,69,82,0,0,0
1,69,83,0,9,0
1,69,84,0,16,0
1,69,85,0,8,0
1,69,86,0,0,0
1,69,87,0,9,0
1,69,88,0,11,0
1,69,89,0,8,0
1,69,90,0,0,0
1,69,91,0,9,0
1,69,92,0,17,0
1,69,93,0,0,0
1,69,94,0,9,0
1,69,95,0,0,0
1,69,96,0,9,0
1,69,97,0,17,0
1,69,98,0,0,0
1,69,99,0,9,0
1,69,100,0,9,0
1,69,101,0,16,0
1,69,102,0,8,0
1,69,103,0,0,0
1,69,104,0,9,0
1,69,105,0,16,0
1,69,106,0,8,0
1,69,107,0,0,0
1,69,108,0,9,0
1,69,109,0,11,0
1,69,110,0,8,0
1,69,111,0,0,0
1,69,112,0,9,0
1,69,113,0,17,0
1,69,114,0,0,0
1,69,115,0,9,0
1,69,116,0,0,0
1,69,117,0,9,0
1,69,118,0,17,0
1,69,119,0,0,0
1,69,120,0,9,0
1,69,121,0,9,0
1,69,122,0,16,0
1,69,123,0,8,0
1,69,124,0,0,0
1,69,125,0,9,0
1,69,126,0,16,0
1,69,127,0,8,0
1,69,128,0,0,0
1,69,129,0,9,0
1,69,130,0,11,0
1,69,131,0,8,0
1,69,132,0,0,0
1,69,133,0,9,0
1,69,134,0,17,0
1,69,135,0,0,0
1,69,136,0,9,0
1,69,137,0,0,0
1,69,138,0,9,0
1,69,139,0,17,0
1,69,140,0,0,0
1,69,141,0,9,0
1,69,142,0,9,0
1,69,143,0,16,0
1,69,144,0,8,0
1,69,145,0,0,0
1,69,146,0,9,0
1,69,147,0,16,0
1,69,148,0,8,0
1,69,149,0,0,0
1,69,150,0,9,0
1,69,151,0,11,0
1,69,152,0,8,0
1,69,153,0,0,0
1,69,154,0,9,0
1,69,155,0,17,0
1,69,156,0,0,0
1,69,157,0,9,0
1,69,158,0,0,0
1,69,159,0,9,0
1,69,160,0,17,0
1,69,161,0,0,0
1,69,162,0,9,0
1,69,163,0,9,0
1,69,164,0,16,0
1,69,165,0,8,0
1,69,166,0,0,0
1,69,167,0,9,0
1,69,168,0,16,0
1,69,169,0,8,0
1,69,170,0,0,0
1,69,171,0,9,0
1,69,172,0,11,0
1,69,173,0,8,0
1,69,174,0,0,0
1,69,175,0,9,0
1,69,176,0,17,0
1,69,177,0,0,0
1,69,178,0,9,0
1,69,179,0,0,0
1,69,180,0,9,0
1,69,181,0,17,0
1,69,182,0,0,0
1,69,183,0,9,0
1,69,184,0,9,0
1,69,185,0,16,0
1,69,186,0,8,0
1,69,187,0,0,0
1,69,188,0,9,0
1,69,189,0,16,0
1,69,190,0,8,0
1,69,191,0,0,0
1,69,192,0,9,0
1,69,193,0,11,0
1,69,194,0,8,0
1,69,195,0,0,0
1,69,196,0,9,0
1,69,197,0,17,0
1,69,198,0,0,0
1,69,199,0,9,0
1,69,200,0,0,0
1,69,201,0,9,0
1,69,202,0,17,0
1,69,203,0,0,0
1,69,204,0,9,0
1,69,205,0,9,0
1,69,206,0,16,0
1,69,207,0,8,0
1,69,208,0,0,0
1,69,209,0,9,0
1,69,210,0,16,0
1,69,211,0,8,0
1,69,212,0,0,0
1,69,213,0,9,0
1,69,214,0,11,0
1,69,215,0,8,0
1,69,216,0,0,0
1,69,217,0,9,0
1,69,218,0,17,0
1,69,219,0,0,0
1,69,220,0,9,0
1,69,221,0,0,0
1,69,222,0,9,0
1,69,223,0,17,0
1,69,224,0,0,0
1,69,225,0,9,0
1,69,226,0,9,0
1,69,227,0,16,0
1,69,228,0,8,0
1,69,229,0,0,0
1,69,230,0,9,0
1,69,231,0,16,0
1,69,232,0,8,0
1,69,233,0,0,0
1,69,234,0,9,0
1,69,235,0,11,0
1,69,236,0,8,0
1,69,237,0,0,0
1,69,238,0,9,0
1,69,239,0,17,0
1,69,240,0,0,0
1,69,241,0,9,0
1,69,242,0,0,0
1,69,243,0,9,0
1,69,244,0,17,0
1,69,245,0,0,0
1,69,246,0,9,0
1,69,247,0,9,0
1,69,248,0,16,0
1,69,249,0,8,0
1,69,250,0,0,0
1,69,251,0,9,0
1,69,252,0,16,0
1,69,253,0,8,0
1,69,254,0,0,0
1,69,255,0,9,0
1,69,256,0,11,0
1,69,257,0,8,0
1,69,258,0,0,0
1,69,259,0,9,0
1,69,260,0,16,0
1,69,261,0,8,0
1,69,262,0,0,0
1,69,263,0,15,0
1,69,264,0,0,0
1,69,265,0,9,0
1,69,266,0,9,0
1,69,267,0,9,0
1,69,268,0,0,0
1,69,269,0,15,0
1,69,270,0,0,0
1,69,271,0,9,0
1,69,272,0,9,0
1,69,273,0,9,0
1,69,274,0,0,0
1,69,275,0,15,0
1,69,276,0,0,0
1,69,277,0,9,0
1,69,278,0,9,0
1,69,279,0,9,0
1,69,280,0,0,0
1,69,281,0,15,0
1,69,282,0,0,0
1,69,283,0,9,0
1,69,284,0,9,0
1,69,285,0,9,0
1,69,286,0,0,0
1,69,287,0,15,0
1,69,288,0,0,0
1,69,289,0,9,0
1,69,290,0,9,0
1,69,291,0,9,0
1,69,292,0,0,0
1,69,293,0,15,0
1,69,294,0,0,0
1,69,295,0,9,0
1,69,296,0,9,0
1,69,297,0,9,0
1,69,298,0,0,0
1,69,299,0,15,0
1,69,300,0,0,0
1,69,301,0,9,0
1,69,302,0,9,0
1,69,303,0,9,0
1,69,304,0,0,0
1,69,305,0,15,0
1,69,306,0,0,0
1,69,307,0,9,0
1,69,308,0,9,0
1,69,309,0,9,0
1,69,310,0,0,0
1,69,311,0,15,0
1,69,312,0,0,0
1,69,313,0,9,0
1,69,314,0,9,0
1,69,315,0,9,0
1,69,316,0,0,0
1,69,317,0,15,0
1,69,318,0,0,0
1,69,319,0,9,0
1,69,320,0,9,0
1,69,321,0,9,0
1,69,322,0,0,0
1,69,323,0,15,0
1,69,324,0,0,0
1,69,325,0,9,0
1,69,326,0,9,0
1,69,327,0,9,0
1,70,71,9,17,0
1,70,72,9,0,0
1,70,73,9,9,0
1,70,74,9,0,0
1,70,75,9,9,0
1,70,76,9,17,0
1,70,77,9,0,0
1,70,78,9,9,0
1,70,79,9,9,0
1,70,80,9,16,0
1,70,81,9,8,0
1,70,82,9,0,0
1,70,83,9,9,0
1,70,84,9,16,0
1,70,85,9,8,0
1,70,86,9,0,0
1,70,87,9,9,0
1,70,88,9,11,0
1,70,89,9,8,0
1,70,90,9,0,0
1,70,91,9,9,0
1,70,92,9,17,0
1,70,93,9,0,0
1,70,94,9,9,0
1,70,95,9,0,0
1,70,96,9,9,0
1,70,97,9,17,0
1,70,98,9,0,0
1,70,99,9,9,0
1,70,100,9,9,0
1,70,101,9,16,0
1,70,102,9,8,0
1,70,103,9,0,0
1,70,104,9,9,0
1,70,105,9,16,0
1,70,106,9,8,0
1,70,107,9,0,0
1,70,108,9,9,0
1,70,109,9,11,0
1,70,110,9,8,0
1,70,111,9,0,0
1,70,112,9,9,0
1,70,113,9,17,0
1,70,114,9,0,0
1,70,115,9,9,0
1,70,116,9,0,0
1,70,117,9,9,0
1,70,118,9,17,0
1,70,119,9,0,0
1,70,120,9,9,0
1,70,121,9,9,0
1,70,122,9,16,0
1,70,123,9,8,0
1,70,124,9,0,0
1,70,125,9,9,0
1,70,126,9,16,0
1,70,127,9,8,0
1,70,128,9,0,0
1,70,129,9,9,0
1,70,130,9,11,0
1,70,131,9,8,0
1,70,132,9,0,0
1,70,133,9,9,0
1,70,134,9,17,0
1,70,135,9,0,0
1,70,136,9,9,0
1,70,137,9,0,0
1,70,138,9,9,0
1,70,139,9,17,0
1,70,140,9,0,0
1,70,141,9,9,0
1,70,142,9,9,0
1,70,143,9,16,0
1,70,144,9,8,0
1,70,145,9,0,0
1,70,146,9,9,0
1,70,147,9,16,0
1,70,148,9,8,0
1,70,149,9,0,0
1,70,150,9,9,0
1,70,151,9,11,0
1,70,152,9,8,0
1,70,153,9,0,0
1,70,154,9,9,0
1,70,155,9,17,0
1,70,156,9,0,0
1,70,157,9,9,0
1,70,158,9,0,0
1,70,159,9,9,0
1,70,160,9,17,0
1,70,161,9,0,0
1,70,162,9,9,0
1,70,163,9,9,0
1,70,164,9,16,0
1,70,165,9,8,0
1,70,166,9,0,0
1,70,167,9,9,0
1,70,168,9,16,0
1,70,169,9,8,0
1,70,170,9,0,0
1,70,171,9,9,0
1,70,172,9,11,0
1,70,173,9,8,0
1,70,174,9,0,0
1,70,175,9,9,0
1,70,176,9,17,0
1,70,177,9,0,0
1,70,178,9,9,0
1,70,179,9,0,0
1,70,180,9,9,0
1,70,181,9,17,0
1,70,182,9,0,0
1,70,183,9,9,0
1,70,184,9,9,0
1,70,185,9,16,0
1,70,186,9,8,0
1,70,187,9,0,0
1,70,188,9,9,0
1,70,189,9,16,0
1,70,190,9,8,0
1,70,191,9,0,0
1,70,192,9,9,0
1,70,193,9,11,0
1,70,194,9,8,0
1,70,195,9,0,0
1,70,196,9,9,0
1,70,197,9,17,0
1,70,198,9,0,0
1,70,199,9,9,0
1,70,200,9,0,0
1,70,201,9,9,0
1,70,202,9,17,0
1,70,203,9,0,0
1,70,204,9,9,0
1,70,205,9,9,0
1,70,206,9,16,0
1,70,207,9,8,0
1,70,208,9,0,0
1,70,209,9,9,0
1,70,210,9,16,0
1,70,211,9,8,0
1,70,212,9,0,0
1,70,213,9,9,0
1,70,214,9,11,0
1,70,215,9,8,0
1,70,216,9,0,0
1,70,217,9,9,0
1,70,218,9,17,0
1,70,219,9,0,0
1,70,220,9,9,0
1,70,221,9,0,0
1,70,222,9,9,0
1,70,223,9,17,0
1,70,224,9,0,0
1,70,225,9,9,0
1,70,226,9,9,0
1,70,227,9,16,0
1,70,228,9,8,0
1,70,229,9,0,0
1,70,230,9,9,0
1,70,231,9,16,0
1,70,232,9,8,0
1,70,233,9,0,0
1,70,234,9,9,0
1,70,235,9,11,0
1,70,236,9,8,0
1,70,237,9,0,0
1,70,238,9,9,0
1,70,239,9,17,0
1,70,240,9,0,0
1,70,241,9,9,0
1,70,242,9,0,0
1,70,243,9,9,0
1,70,244,9,17,0
1,70,245,9,0,0
1,70,246,9,9,0
1,70,247,9,9,0
1,70,248,9,16,0
1,70,249,9,8,0
1,70,250,9,0,0
1,70,251,9,9,0
1,70,252,9,16,0
1,70,253,9,8,0
1,70,254,9,0,0
1,70,255,9,9,0
1,70,256,9,11,0
1,70,257,9,8,0
1,70,258,9,0,0
1,70,259,9,9,0
1,70,260,9,16,0
1,70,261,9,8,0
1,70,262,9,0,0
1,70,263,9,15,0
1,70,264,9,0,0
1,70,265,9,9,0
1,70,266,9,9,0
1,70,267,9,9,0
1,70,268,9,0,0
1,70,269,9,15,0
1,70,270,9,0,0
1,70,271,9,9,0
1,70,272,9,9,0
1,70,273,9,9,0
1,70,274,9,0,0
1,70,275,9,15,0
1,70,276,9,0,0
1,70,277,9,9,0
1,70,278,9,9,0
1,70,279,9,9,0
1,70,280,9,0,0
1,70,281,9,15,0
1,70,282,9,0,0
1,70,283,9,9,0
1,70,284,9,9,0
1,70,285,9,9,0
1,70,286,9,0,0
1,70,287,9,15,0
1,70,288,9,0,0
1,70,289,9,9,0
1,70,290,9,9,0
1,70,291,9,9,0
1,70,292,9,0,0
1,70,293,9,15,0
1,70,294,9,0,0
1,70,295,9,9,0
1,70,296,9,9,0
1,70,297,9,9,0
1,70,298,9,0,0
1,70,299,9,15,0
1,70,300,9,0,0
1,70,301,9,9,0
1,70,302,9,9,0
1,70,303,9,9,0
1,70,304,9,0,0
1,70,305,9,15,0
1,70,306,9,0,0
1,70,307,9,9,0
1,70,308,9,9,0
1,70,309,9,9,0
1,70,310,9,0,0
1,70,311,9,15,0
1,70,312,9,0,0
1,70,313,9,9,0
1,70,314,9,9,0
1,70,315,9,9,0
1,70,316,9,0,0
1,70,317,9,15,0
1,70,318,9,0,0
1,70,319,9,9,0
1,70,320,9,9,0
1,70,321,9,9,0
1,70,322,9,0,0
1,70,323,9,15,0
1,70,324,9,0,0
1,70,325,9,9,0
1,70,326,9,9,0
1,70,327,9,9,0
1,71,72,17,0,1
1,71,73,17,9,0
1,71,74,17,0,0
1,71,75,17,9,0
1,71,76,17,17,0
1,71,77,17,0,0
1,71,78,17,9,0
1,71,79,17,9,0
1,71,80,17,16,0
1,71,81,17,8,0
1,71,82,17,0,0
1,71,83,17,9,0
1,71,84,17,16,0
1,71,85,17,8,0
1,71,86,17,0,0
1,71,87,17,9,0
1,71,88,17,11,0
1,71,89,17,8,0
1,71,90,17,0,0
1,71,91,17,9,0
1,71,92,17,17,0
1,71,93,17,0,0
1,71,94,17,9,0
1,71,95,17,0,0
1,71,96,17,9,0
1,71,97,17,17,0
1,71,98,17,0,0
1,71,99,17,9,0
1,71,100,17,9,0
1,71,101,17,16,0
1,71,102,17,8,0
1,71,103,17,0,0
1,71,104,17,9,0
1,71,105,17,16,0
1,71,106,17,8,0
1,71,107,17,0,0
1,71,108,17,9,0
1,71,109,17,11,0
1,71,110,17,8,0
1,71,111,17,0,0
1,71,112,17,9,0
1,71,113,17,17,0
1,71,114,17,0,0
1,71,115,17,9,0
1,71,116,17,0,0
1,71,117,17,9,0
1,71,118,17,17,0
1,71,119,17,0,0
1,71,120,17,9,0
1,71,121,17,9,0
1,71,122,17,16,0
1,71,123,17,8,0
1,71,124,17,0,0
1,71,125,17,9,0
1,71,126,17,16,0
1,71,127,17,8,0
1,71,128,17,0,0
1,71,129,17,9,0
1,71,130,17,11,0
1,71,131,17,8,0
1,71,132,17,0,0
1,71,133,17,9,0
1,71,134,17,17,0
1,71,135,17,0,0
1,71,136,17,9,0
1,71,137,17,0,0
1,71,138,17,9,0
1,71,139,17,17,0
1,71,140,17,0,0
1,71,141,17,9,0
1,71,142,17,9,0
1,71,143,17,16,0
1,71,144,17,8,0
1,71,145,17,0,0
1,71,146,17,9,0
1,71,147,17,16,0
1,71,148,17,8,0
1,71,149,17,0,0
1,71,150,17,9,0
1,71,151,17,11,0
1,71,152,17,8,0
1,71,153,17,0,0
1,71,154,17,9,0
1,71,155,17,17,0
1,71,156,17,0,0
1,71,157,17,9,0
1,71,158,17,0,0
1,71,159,17,9,0
1,71,160,17,17,0
1,71,161,17,0,0
1,71,162,17,9,0
1,71,163,17,9,0
1,71,164,17,16,0
1,71,165,17,8,0
1,71,166,17,0,0
1,71,167,17,9,0
1,71,168,17,16,0
1,71,169,17,8,0
1,71,170,17,0,0
1,71,171,17,9,0
1,71,172,17,11,0
1,71,173,17,8,0
1,71,174,17,0,0
1,71,175,17,9,0
1,71,176,17,17,0
1,71,177,17,0,0
1,71,178,17,9,0
1,71,179,17,0,0
1,71,180,17,9,0
1,71,181,17,17,0
1,71,182,17,0,0
1,71,183,17,9,0
1,71,184,17,9,0
1,71,185,17,16,0
1,71,186,17,8,0
1,71,187,17,0,0
1,71,188,17,9,0
1,71,189,17,16,0
1,71,190,17,8,0
1,71,191,17,0,0
1,71,192,17,9,0
1,71,193,17,11,0
1,71,194,17,8,0
1,71,195,17,0,0
1,71,196,17,9,0
1,71,197,17,17,0
1,71,198,17,0,0
1,71,199,17,9,0
1,71,200,17,0,0
1,71,201,17,9,0
1,71,202,17,17,0
1,71,203,17,0,0
1,71,204,17,9,0
1,71,205,17,9,0
1,71,206,17,16,0
1,71,207,17,8,0
1,71,208,17,0,0
1,71,209,17,9,0
1,71,210,17,16,0
1,71,211,17,8,0
1,71,212,17,0,0
1,71,213,17,9,0
1,71,214,17,11,0
1,71,215,17,8,0
1,71,216,17,0,0
1,71,217,17,9,0
1,71,218,17,17,0
1,71,219,17,0,0
1,71,220,17,9,0
1,71,221,17,0,0
1,71,222,17,9,0
1,71,223,17,17,0
1,71,224,17,0,0
1,71,225,17,9,0
1,71,226,17,9,0
1,71,227,17,16,0
1,71,228,17,8,0
1,71,229,17,0,0
1,71,230,17,9,0
1,71,231,17,16,0
1,71,232,17,8,0
1,71,233,17,0,0
1,71,234,17,9,0
1,71,235,17,11,0
1,71,236,17,8,0
1,71,237,17,0,0
1,71,238,17,9,0
1,71,239,17,17,0
1,71,240,17,0,0
1,71,241,17,9,0
1,71,242,17,0,0
1,71,243,17,9,0
1,71,244,17,17,0
1,71,245,17,0,0
1,71,246,17,9,0
1,71,247,17,9,0
1,71,248,17,16,0
1,71,249,17,8,0
1,71,250,17,0,0
1,71,251,17,9,0
1,71,252,17,16,0
1,71,253,17,8,0
1,71,254,17,0,0
1,71,255,17,9,0
1,71,256,17,11,0
1,71,257,17,8,0
1,71,258,17,0,0
1,71,259,17,9,0
1,71,260,17,16,0
1,71,261,17,8,0
1,71,262,17,0,0
1,71,263,17,15,0
1,71,264,17,0,0
1,71,265,17,9,0
1,71,266,17,9,0
1,71,267,17,9,0
1,71,268,17,0,0
1,71,269,17,15,0
1,71,270,17,0,0
1,71,271,17,9,0
1,71,272,17,9,0
1,71,273,17,9,0
1,71,274,17,0,0
1,71,275,17,15,0
1,71,276,17,0,0
1,71,277,17,9,0
1,71,278,17,9,0
1,71,279,17,9,0
1,71,280,17,0,0
1,71,281,17,15,0
1,71,282,17,0,0
1,71,283,17,9,0
1,71,284,17,9,0
1,71,285,17,9,0
1,71,286,17,0,0
1,71,287,17,15,0
1,71,288,17,0,0
1,71,289,17,9,0
1,71,290,17,9,0
1,71,291,17,9,0
1,71,292,17,0,0
1,71,293,17,15,0
1,71,294,17,0,0
1,71,295,17,9,0
1,71,296,17,9,0
1,71,297,17,9,0
1,71,298,17,0,0
1,71,299,17,15,0
1,71,300,17,0,0
1,71,301,17,9,0
1,71,302,17,9,0
1,71,303,17,9,0
1,71,304,17,0,0
1,71,305,17,15,0
1,71,306,17,0,0
1,71,307,17,9,0
1,71,308,17,9,0
1,71,309,17,9,0
1,71,310,17,0,0
1,71,311,17,15,0
1,71,312,17,0,0
1,71,313,17,9,0
1,71,314,17,9,0
1,71,315,17,9,0
1,71,316,17,0,0
1,71,317,17,15,0
1,71,318,17,0,0
1,71,319,17,9,0
1,71,320,17,9,0
1,71,321,17,9,0
1,71,322,17,0,0
1,71,323,17,15,0
1,71,324,17,0,0
1,71,325,17,9,0
1,71,326,17,9,0
1,71,327,17,9,0
1,72,73,0,9,1
1,72,74,0,0,1
1,72,75,0,9,0
1,72,76,0,17,0
1,72,77,0,0,0
1,72,78,0,9,0
1,72,79,0,9,0
1,72,80,0,16,0
1,72,81,0,8,0
1,72,82,0,0,1
1,72,83,0,9,0
1,72,84,0,16,0
1,72,85,0,8,0
1,72,86,0,0,0
1,72,87,0,9,0
1,72,88,0,11,0
1,72,89,0,8,0
1,72,90,0,0,0
1,72,91,0,9,0
1,72,92,0,17,0
1,72,93,0,0,0
1,72,94,0,9,0
1,72,95,0,0,0
1,72,96,0,9,0
1,72,97,0,17,0
1,72,98,0,0,0
1,72,99,0,9,0
1,72,100,0,9,0
1,72,101,0,16,0
1,72,102,0,8,0
1,72,103,0,0,0
1,72,104,0,9,0
1,72,105,0,16,0
1,72,106,0,8,0
1,72,107,0,0,0
1,72,108,0,9,0
1,72,109,0,11,0
1,72,110,0,8,0
1,72,111,0,0,0
1,72,112,0,9,0
1,72,113,0,17,0
1,72,114,0,0,0
1,72,115,0,9,0
1,72,116,0,0,0
1,72,117,0,9,0
1,72,118,0,17,0
1,72,119,0,0,0
1,72,120,0,9,0
1,72,121,0,9,0
1,72,122,0,16,0
1,72,123,0,8,0
1,72,124,0,0,0
1,72,125,0,9,0
1,72,126,0,16,0
1,72,127,0,8,0
1,72,128,0,0,0
1,72,129,0,9,0
1,72,130,0,11,0
1,72,131,0,8,0
1,72,132,0,0,0
1,72,133,0,9,0
1,72,134,0,17,0
1,72,135,0,0,0
1,72,136,0,9,0
1,72,137,0,0,0
1,72,138,0,9,0
1,72,139,0,17,0
1,72,140,0,0,0
1,72,141,0,9,0
1,72,142,0,9,0
1,72,143,0,16,0
1,72,144,0,8,0
1,72,145,0,0,0
1,72,146,0,9,0
1,72,147,0,16,0
1,72,148,0,8,0
1,72,149,0,0,0
1,72,150,0,9,0
1,72,151,0,11,0
1,72,152,0,8,0
1,72,153,0,0,0
1,72,154,0,9,0
1,72,155,0,17,0
1,72,156,0,0,0
1,72,157,0,9,0
1,72,158,0,0,0
1,72,159,0,9,0
1,72,160,0,17,0
1,72,161,0,0,0
1,72,162,0,9,0
1,72,163,0,9,0
1,72,164,0,16,0
1,72,165,0,8,0
1,72,166,0,0,0
1,72,167,0,9,0
1,72,168,0,16,0
1,72,169,0,8,0
1,72,170,0,0,0
1,72,171,0,9,0
1,72,172,0,11,0
1,72,173,0,8,0
1,72,174,0,0,0
1,72,175,0,9,0
1,72,176,0,17,0
1,72,177,0,0,0
1,72,178,0,9,0
1,72,179,0,0,0
1,72,180,0,9,0
1,72,181,0,17,0
1,72,182,0,0,0
1,72,183,0,9,0
1,72,184,0,9,0
1,72,185,0,16,0
1,72,186,0,8,0
1,72,187,0,0,0
1,72,188,0,9,0
1,72,189,0,16,0
1,72,190,0,8,0
1,72,191,0,0,0
1,72,192,0,9,0
1,72,193,0,11,0
1,72,194,0,8,0
1,72,195,0,0,0
1,72,196,0,9,0
1,72,197,0,17,0
1,72,198,0,0,0
1,72,199,0,9,0
1,72,200,0,0,0
1,72,201,0,9,0
1,72,202,0,17,0
1,72,203,0,0,0
1,72,204,0,9,0
1,72,205,0,9,0
1,72,206,0,16,0
1,72,207,0,8,0
1,72,208,0,0,0
1,72,209,0,9,0
1,72,210,0,16,0
1,72,211,0,8,0
1,72,212,0,0,0
1,72,213,0,9,0
1,72,214,0,11,0
1,72,215,0,8,0
1,72,216,0,0,0
1,72,217,0,9,0
1,72,218,0,17,0
1,72,219,0,0,0
1,72,220,0,9,0
1,72,221,0,0,0
1,72,222,0,9,0
1,72,223,0,17,0
1,72,224,0,0,0
1,72,225,0,9,0
1,72,226,0,9,0
1,72,227,0,16,0
1,72,228,0,8,0
1,72,229,0,0,0
1,72,230,0,9,0
1,72,231,0,16,0
1,72,232,0,8,0
1,72,233,0,0,0
1,72,234,0,9,0
1,72,235,0,11,0
1,72,236,0,8,0
1,72,237,0,0,0
1,72,238,0,9,0
1,72,239,0,17,0
1,72,240,0,0,0
1,72,241,0,9,0
1,72,242,0,0,0
1,72,243,0,9,0
1,72,244,0,17,0
1,72,245,0,0,0
1,72,246,0,9,0
1,72,247,0,9,0
1,72,248,0,16,0
1,72,249,0,8,0
1,72,250,0,0,0
1,72,251,0,9,0
1,72,252,0,16,0
1,72,253,0,8,0
1,72,254,0,0,0
1,72,255,0,9,0
1,72,256,0,11,0
1,72,257,0,8,0
1,72,258,0,0,0
1,72,259,0,9,0
1,72,260,0,16,0
1,72,261,0,8,0
1,72,262,0,0,0
1,72,263,0,15,0
1,72,264,0,0,0
1,72,265,0,9,0
1,72,266,0,9,0
1,72,267,0,9,0
1,72,268,0,0,0
1,72,269,0,15,0
1,72,270,0,0,0
1,72,271,0,9,0
1,72,272,0,9,0
1,72,273,0,9,0
1,72,274,0,0,0
1,72,275,0,15,0
1,72,276,0,0,0
1,72,277,0,9,0
1,72,278,0,9,0
1,72,279,0,9,0
1,72,280,0,0,0
1,72,281,0,15,0
1,72,282,0,0,0
1,72,283,0,9,0
1,72,284,0,9,0
1,72,285,0,9,0
1,72,286,0,0,0
1,72,287,0,15,0
1,72,288,0,0,0
1,72,289,0,9,0
1,72,290,0,9,0
1,72,291,0,9,0
1,72,292,0,0,0
1,72,293,0,15,0
1,72,294,0,0,0
1,72,295,0,9,0
1,72,296,0,9,0
1,72,297,0,9,0
1,72,298,0,0,0
1,72,299,0,15,0
1,72,300,0,0,0
1,72,301,0,9,0
1,72,302,0,9,0
1,72,303,0,9,0
1,72,304,0,0,0
1,72,305,0,15,0
1,72,306,0,0,0
1,72,307,0,9,0
1,72,308,0,9,0
1,72,309,0,9,0
1,72,310,0,0,0
1,72,311,0,15,0
1,72,312,0,0,0
1,72,313,0,9,0
1,72,314,0,9,0
1,72,315,0,9,0
1,72,316,0,0,0
1,72,317,0,15,0
1,72,318,0,0,0
1,72,319,0,9,0
1,72,320,0,9,0
1,72,321,0,9,0
1,72,322,0,0,0
1,72,323,0,15,0
1,72,324,0,0,0
1,72,325,0,9,0
1,72,326,0,9,0
1,72,327,0,9,0
1,73,74,9,0,0
1,73,75,9,9,0
1,73,76,9,17,0
1,73,77,9,0,0
1,73,78,9,9,0
1,73,79,9,9,0
1,73,80,9,16,0
1,73,81,9,8,0
1,73,82,9,0,0
1,73,83,9,9,0
1,73,84,9,16,0
1,73,85,9,8,0
1,73,86,9,0,0
1,73,87,9,9,0
1,73,88,9,11,0
1,73,89,9,8,0
1,73,90,9,0,0
1,73,91,9,9,0
1,73,92,9,17,0
1,73,93,9,0,0
1,73,94,9,9,0
1,73,95,9,0,0
1,73,96,9,9,0
1,73,97,9,17,0
1,73,98,9,0,0
1,73,99,9,9,0
1,73,100,9,9,0
1,73,101,9,16,0
1,73,102,9,8,0
1,73,103,9,0,0
1,73,104,9,9,0
1,73,105,9,16,0
1,73,106,9,8,0
1,73,107,9,0,0
1,73,108,9,9,0
1,73,109,9,11,0
1,73,110,9,8,0
1,73,111,9,0,0
1,73,112,9,9,0
1,73,113,9,17,0
1,73,114,9,0,0
1,73,115,9,9,0
1,73,116,9,0,0
1,73,117,9,9,0
1,73,118,9,17,0
1,73,119,9,0,0
1,73,120,9,9,0
1,73,121,9,9,0
1,73,122,9,16,0
1,73,123,9,8,0
1,73,124,9,0,0
1,73,125,9,9,0
1,73,126,9,16,0
1,73,127,9,8,0
1,73,128,9,0,0
1,73,129,9,9,0
1,73,130,9,11,0
1,73,131,9,8,0
1,73,132,9,0,0
1,73,133,9,9,0
1,73,134,9,17,0
1,73,135,9,0,0
1,73,136,9,9,0
1,73,137,9,0,0
1,73,138,9,9,0
1,73,139,9,17,0
1,73,140,9,0,0
1,73,141,9,9,0
1,73,142,9,9,0
1,73,143,9,16,0
1,73,144,9,8,0
1,73,145,9,0,0
1,73,146,9,9,0
1,73,147,9,16,0
1,73,148,9,8,0
1,73,149,9,0,0
1,73,150,9,9,0
1,73,151,9,11,0
1,73,152,9,8,0
1,73,153,9,0,0
1,73,154,9,9,0
1,73,155,9,17,0
1,73,156,9,0,0
1,73,157,9,9,0
1,73,158,9,0,0
1,73,159,9,9,0
1,73,160,9,17,0
1,73,161,9,0,0
1,73,162,9,9,0
1,73,163,9,9,0
1,73,164,9,16,0
1,73,165,9,8,0
1,73,166,9,0,0
1,73,167,9,9,0
1,73,168,9,16,0
1,73,169,9,8,0
1,73,170,9,0,0
1,73,171,9,9,0
1,73,172,9,11,0
1,73,173,9,8,0
1,73,174,9,0,0
1,73,175,9,9,0
1,73,176,9,17,0
1,73,177,9,0,0
1,73,178,9,9,0
1,73,179,9,0,0
1,73,180,9,9,0
1,73,181,9,17,0
1,73,182,9,0,0
1,73,183,9,9,0
1,73,184,9,9,0
1,73,185,9,16,0
1,73,186,9,8,0
1,73,187,9,0,0
1,73,188,9,9,0
1,73,189,9,16,0
1,73,190,9,8,0
1,73,191,9,0,0
1,73,192,9,9,0
1,73,193,9,11,0
1,73,194,9,8,0
1,73,195,9,0,0
1,73,196,9,9,0
1,73,197,9,17,0
1,73,198,9,0,0
1,73,199,9,9,0
1,73,200,9,0,0
1,73,201,9,9,0
1,73,202,9,17,0
1,73,203,9,0,0
1,73,204,9,9,0
1,73,205,9,9,0
1,73,206,9,16,0
1,73,207,9,8,0
1,73,208,9,0,0
1,73,209,9,9,0
1,73,210,9,16,0
1,73,211,9,8,0
1,73,212,9,0,0
1,73,213,9,9,0
1,73,214,9,11,0
1,73,215,9,8,0
1,73,216,9,0,0
1,73,217,9,9,0
1,73,218,9,17,0
1,73,219,9,0,0
1,73,220,9,9,0
1,73,221,9,0,0
1,73,222,9,9,0
1,73,223,9,17,0
1,73,224,9,0,0
1,73,225,9,9,0
1,73,226,9,9,0
1,73,227,9,16,0
1,73,228,9,8,0
1,73,229,9,0,0
1,73,230,9,9,0
1,73,231,9,16,0
1,73,232,9,8,0
1,73,233,9,0,0
1,73,234,9,9,0
1,73,235,9,11,0
1,73,236,9,8,0
1,73,237,9,0,0
1,73,238,9,9,0
1,73,239,9,17,0
1,73,240,9,0,0
1,73,241,9,9,0
1,73,242,9,0,0
1,73,243,9,9,0
1,73,244,9,17,0
1,73,245,9,0,0
1,73,246,9,9,0
1,73,247,9,9,0
1,73,248,9,16,0
1,73,249,9,8,0
1,73,250,9,0,0
1,73,251,9,9,0
1,73,252,9,16,0
1,73,253,9,8,0
1,73,254,9,0,0
1,73,255,9,9,0
1,73,256,9,11,0
1,73,257,9,8,0
1,73,258,9,0,0
1,73,259,9,9,0
1,73,260,9,16,0
1,73,261,9,8,0
1,73,262,9,0,0
1,73,263,9,15,0
1,73,264,9,0,0
1,73,265,9,9,0
1,73,266,9,9,0
1,73,267,9,9,0
1,73,268,9,0,0
1,73,269,9,15,0
1,73,270,9,0,0
1,73,271,9,9,0
1,73,272,9,9,0
1,73,273,9,9,0
1,73,274,9,0,0
1,73,275,9,15,0
1,73,276,9,0,0
1,73,277,9,9,0
1,73,278,9,9,0
1,73,279,9,9,0
1,73,280,9,0,0
1,73,281,9,15,0
1,73,282,9,0,0
1,73,283,9,9,0
1,73,284,9,9,0
1,73,285,9,9,0
1,73,286,9,0,0
1,73,287,9,15,0
1,73,288,9,0,0
1,73,289,9,9,0
1,73,290,9,9,0
1,73,291,9,9,0
1,73,292,9,0,0
1,73,293,9,15,0
1,73,294,9,0,0
1,73,295,9,9,0
1,73,296,9,9,0
1,73,297,9,9,0
1,73,298,9,0,0
1,73,299,9,15,0
1,73,300,9,0,0
1,73,301,9,9,0
1,73,302,9,9,0
1,73,303,9,9,0
1,73,304,9,0,0
1,73,305,9,15,0
1,73,306,9,0,0
1,73,307,9,9,0
1,73,308,9,9,0
1,73,309,9,9,0
1,73,310,9,0,0
1,73,311,9,15,0
1,73,312,9,0,0
1,73,313,9,9,0
1,73,314,9,9,0
1,73,315,9,9,0
1,73,316,9,0,0
1,73,317,9,15,0
1,73,318,9,0,0
1,73,319,9,9,0
1,73,320,9,9,0
1,73,321,9,9,0
1,73,322,9,0,0
1,73,323,9,15,0
1,73,324,9,0,0
1,73,325,9,9,0
1,73,326,9,9,0
1,73,327,9,9,0
1,74,75,0,9,1
1,74,76,0,17,1
1,74,77,0,0,1
1,74,78,0,9,0
1,74,79,0,9,0
1,74,80,0,16,0
1,74,81,0,8,0
1,74,82,0,0,0
1,74,83,0,9,0
1,74,84,0,16,0
1,74,85,0,8,0
1,74,86,0,0,0
1,74,87,0,9,0
1,74,88,0,11,0
1,74,89,0,8,0
1,74,90,0,0,0
1,74,91,0,9,0
1,74,92,0,17,0
1,74,93,0,0,0
1,74,94,0,9,0
1,74,95,0,0,0
1,74,96,0,9,0
1,74,97,0,17,0
1,74,98,0,0,0
1,74,99,0,9,0
1,74,100,0,9,0
1,74,101,0,16,0
1,74,102,0,8,0
1,74,103,0,0,0
1,74,104,0,9,0
1,74,105,0,16,0
1,74,106,0,8,0
1,74,107,0,0,0
1,74,108,0,9,0
1,74,109,0,11,0
1,74,110,0,8,0
1,74,111,0,0,0
1,74,112,0,9,0
1,74,113,0,17,0
1,74,114,0,0,0
1,74,115,0,9,0
1,74,116,0,0,0
1,74,117,0,9,0
1,74,118,0,17,0
1,74,119,0,0,0
1,74,120,0,9,0
1,74,121,0,9,0
1,74,122,0,16,0
1,74,123,0,8,0
1,74,124,0,0,0
1,74,125,0,9,0
1,74,126,0,16,0
1,74,127,0,8,0
1,74,128,0,0,0
1,74,129,0,9,0
1,74,130,0,11,0
1,74,131,0,8,0
1,74,132,0,0,0
1,74,133,0,9,0
1,74,134,0,17,0
1,74,135,0,0,0
1,74,136,0,9,0
1,74,137,0,0,0
1,74,138,0,9,0
1,74,139,0,17,0
1,74,140,0,0,0
1,74,141,0,9,0
1,74,142,0,9,0
1,74,143,0,16,0
1,74,144,0,8,0
1,74,145,0,0,0
1,74,146,0,9,0
1,74,147,0,16,0
1,74,148,0,8,0
1,74,149,0,0,0
1,74,150,0,9,0
1,74,151,0,11,0
1,74,152,0,8,0
1,74,153,0,0,0
1,74,154,0,9,0
1,74,155,0,17,0
1,74,156,0,0,0
1,74,157,0,9,0
1,74,158,0,0,0
1,74,159,0,9,0
1,74,160,0,17,0
1,74,161,0,0,0
1,74,162,0,9,0
1,74,163,0,9,0
1,74,164,0,16,0
1,74,165,0,8,0
1,74,166,0,0,0
1,74,167,0,9,0
1,74,168,0,16,0
1,74,169,0,8,0
1,74,170,0,0,0
1,74,171,0,9,0
1,74,172,0,11,0
1,74,173,0,8,0
1,74,174,0,0,0
1,74,175,0,9,0
1,74,176,0,17,0
1,74,177,0,0,0
1,74,178,0,9,0
1,74,179,0,0,0
1,74,180,0,9,0
1,74,181,0,17,0
1,74,182,0,0,0
1,74,183,0,9,0
1,74,184,0,9,0
1,74,185,0,16,0
1,74,186,0,8,0
1,74,187,0,0,0
1,74,188,0,9,0
1,74,189,0,16,0
1,74,190,0,8,0
1,74,191,0,0,0
1,74,192,0,9,0
1,74,193,0,11,0
1,74,194,0,8,0
1,74,195,0,0,0
1,74,196,0,9,0
1,74,197,0,17,0
1,74,198,0,0,0
1,74,199,0,9,0
1,74,200,0,0,0
1,74,201,0,9,0
1,74,202,0,17,0
1,74,203,0,0,0
1,74,204,0,9,0
1,74,205,0,9,0
1,74,206,0,16,0
1,74,207,0,8,0
1,74,208,0,0,0
1,74,209,0,9,0
1,74,210,0,16,0
1,74,211,0,8,0
1,74,212,0,0,0
1,74,213,0,9,0
1,74,214,0,11,0
1,74,215,0,8,0
1,74,216,0,0,0
1,74,217,0,9,0
1,74,218,0,17,0
1,74,219,0,0,0
1,74,220,0,9,0
1,74,221,0,0,0
1,74,222,0,9,0
1,74,223,0,17,0
1,74,224,0,0,0
1,74,225,0,9,0
1,74,226,0,9,0
1,74,227,0,16,0
1,74,228,0,8,0
1,74,229,0,0,0
1,74,230,0,9,0
1,74,231,0,16,0
1,74,232,0,8,0
1,74,233,0,0,0
1,74,234,0,9,0
1,74,235,0,11,0
1,74,236,0,8,0
1,74,237,0,0,0
1,74,238,0,9,0
1,74,239,0,17,0
1,74,240,0,0,0
1,74,241,0,9,0
1,74,242,0,0,0
1,74,243,0,9,0
1,74,244,0,17,0
1,74,245,0,0,0
1,74,246,0,9,0
1,74,247,0,9,0
1,74,248,0,16,0
1,74,249,0,8,0
1,74,250,0,0,0
1,74,251,0,9,0
1,74,252,0,16,0
1,74,253,0,8,0
1,74,254,0,0,0
1,74,255,0,9,0
1,74,256,0,11,0
1,74,257,0,8,0
1,74,258,0,0,0
1,74,259,0,9,0
1,74,260,0,16,0
1,74,261,0,8,0
1,74,262,0,0,0
1,74,263,0,15,0
1,74,264,0,0,0
1,74,265,0,9,0
1,74,266,0,9,0
1,74,267,0,9,0
1,74,268,0,0,0
1,74,269,0,15,0
1,74,270,0,0,0
1,74,271,0,9,0
1,74,272,0,9,0
1,74,273,0,9,0
1,74,274,0,0,0
1,74,275,0,15,0
1,74,276,0,0,0
1,74,277,0,9,0
1,74,278,0,9,0
1,74,279,0,9,0
1,74,280,0,0,0
1,74,281,0,15,0
1,74,282,0,0,0
1,74,283,0,9,0
1,74,284,0,9,0
1,74,285,0,9,0
1,74,286,0,0,0
1,74,287,0,15,0
1,74,288,0,0,0
1,74,289,0,9,0
1,74,290,0,9,0
1,74,291,0,9,0
1,74,292,0,0,0
1,74,293,0,15,0
1,74,294,0,0,0
1,74,295,0,9,0
1,74,296,0,9,0
1,74,297,0,9,0
1,74,298,0,0,0
1,74,299,0,15,0
1,74,300,0,0,0
1,74,301,0,9,0
1,74,302,0,9,0
1,74,303,0,9,0
1,74,304,0,0,0
1,74,305,0,15,0
1,74,306,0,0,0
1,74,307,0,9,0
1,74,308,0,9,0
1,74,309,0,9,0
1,74,310,0,0,0
1,74,311,0,15,0
1,74,312,0,0,0
1,74,313,0,9,0
1,74,314,0,9,0
1,74,315,0,9,0
1,74,316,0,0,0
1,74,317,0,15,0
1,74,318,0,0,0
1,74,319,0,9,0
1,74,320,0,9,0
1,74,321,0,9,0
1,74,322,0,0,0
1,74,323,0,15,0
1,74,324,0,0,0
1,74,325,0,9,0
1,74,326,0,9,0
1,74,327,0,9,0
1,75,76,9,17,0
1,75,77,9,0,0
1,75,78,9,9,0
1,75,79,9,9,0
1,75,80,9,16,0
1,75,81,9,8,0
1,75,82,9,0,0
1,75,83,9,9,0
1,75,84,9,16,0
1,75,85,9,8,0
1,75,86,9,0,0
1,75,87,9,9,0
1,75,88,9,11,0
1,75,89,9,8,0
1,75,90,9,0,0
1,75,91,9,9,0
1,75,92,9,17,0
1,75,93,9,0,0
1,75,94,9,9,0
1,75,95,9,0,0
1,75,96,9,9,0
1,75,97,9,17,0
1,75,98,9,0,0
1,75,99,9,9,0
1,75,100,9,9,0
1,75,101,9,16,0
1,75,102,9,8,0
1,75,103,9,0,0
1,75,104,9,9,0
1,75,105,9,16,0
1,75,106,9,8,0
1,75,107,9,0,0
1,75,108,9,9,0
1,75,109,9,11,0
1,75,110,9,8,0
1,75,111,9,0,0
1,75,112,9,9,0
1,75,113,9,17,0
1,75,114,9,0,0
1,75,115,9,9,0
1,75,116,9,0,0
1,75,117,9,9,0
1,75,118,9,17,0
1,75,119,9,0,0
1,75,120,9,9,0
1,75,121,9,9,0
1,75,122,9,16,0
1,75,123,9,8,0
1,75,124,9,0,0
1,75,125,9,9,0
1,75,126,9,16,0
1,75,127,9,8,0
1,75,128,9,0,0
1,75,129,9,9,0
1,75,130,9,11,0
1,75,131,9,8,0
1,75,132,9,0,0
1,75,133,9,9,0
1,75,134,9,17,0
1,75,135,9,0,0
1,75,136,9,9,0
1,75,137,9,0,0
1,75,138,9,9,0
1,75,139,9,17,0
1,75,140,9,0,0
1,75,141,9,9,0
1,75,142,9,9,0
1,75,143,9,16,0
1,75,144,9,8,0
1,75,145,9,0,0
1,75,146,9,9,0
1,75,147,9,16,0
1,75,148,9,8,0
1,75,149,9,0,0
1,75,150,9,9,0
1,75,151,9,11,0
1,75,152,9,8,0
1,75,153,9,0,0
1,75,154,9,9,0
1,75,155,9,17,0
1,75,156,9,0,0
1,75,157,9,9,0
1,75,158,9,0,0
1,75,159,9,9,0
1,75,160,9,17,0
1,75,161,9,0,0
1,75,162,9,9,0
1,75,163,9,9,0
1,75,164,9,16,0
1,75,165,9,8,0
1,75,166,9,0,0
1,75,167,9,9,0
1,75,168,9,16,0
1,75,169,9,8,0
1,75,170,9,0,0
1,75,171,9,9,0
1,75,172,9,11,0
1,75,173,9,8,0
1,75,174,9,0,0
1,75,175,9,9,0
1,75,176,9,17,0
1,75,177,9,0,0
1,75,178,9,9,0
1,75,179,9,0,0
1,75,180,9,9,0
1,75,181,9,17,0
1,75,182,9,0,0
1,75,183,9,9,0
1,75,184,9,9,0
1,75,185,9,16,0
1,75,186,9,8,0
1,75,187,9,0,0
1,75,188,9,9,0
1,75,189,9,16,0
1,75,190,9,8,0
1,75,191,9,0,0
1,75,192,9,9,0
1,75,193,9,11,0
1,75,194,9,8,0
1,75,195,9,0,0
1,75,196,9,9,0
1,75,197,9,17,0
1,75,198,9,0,0
1,75,199,9,9,0
1,75,200,9,0,0
1,75,201,9,9,0
1,75,202,9,17,0
1,75,203,9,0,0
1,75,204,9,9,0
1,75,205,9,9,0
1,75,206,9,16,0
1,75,207,9,8,0
1,75,208,9,0,0
1,75,209,9,9,0
1,75,210,9,16,0
1,75,211,9,8,0
1,75,212,9,0,0
1,75,213,9,9,0
1,75,214,9,11,0
1,75,215,9,8,0
1,75,216,9,0,0
1,75,217,9,9,0
1,75,218,9,17,0
1,75,219,9,0,0
1,75,220,9,9,0
1,75,221,9,0,0
1,75,222,9,9,0
1,75,223,9,17,0
1,75,224,9,0,0
1,75,225,9,9,0
1,75,226,9,9,0
1,75,227,9,16,0
1,75,228,9,8,0
1,75,229,9,0,0
1,75,230,9,9,0
1,75,231,9,16,0
1,75,232,9,8,0
1,75,233,9,0,0
1,75,234,9,9,0
1,75,235,9,11,0
1,75,236,9,8,0
1,75,237,9,0,0
1,75,238,9,9,0
1,75,239,9,17,0
1,75,240,9,0,0
1,75,241,9,9,0
1,75,242,9,0,0
1,75,243,9,9,0
1,75,244,9,17,0
1,75,245,9,0,0
1,75,246,9,9,0
1,75,247,9,9,0
1,75,248,9,16,0
1,75,249,9,8,0
1,75,250,9,0,0
1,75,251,9,9,0
1,75,252,9,16,0
1,75,253,9,8,0
1,75,254,9,0,0
1,75,255,9,9,0
1,75,256,9,11,0
1,75,257,9,8,0
1,75,258,9,0,0
1,75,259,9,9,0
1,75,260,9,16,0
1,75,261,9,8,0
1,75,262,9,0,0
1,75,263,9,15,0
1,75,264,9,0,0
1,75,265,9,9,0
1,75,266,9,9,0
1,75,267,9,9,0
1,75,268,9,0,0
1,75,269,9,15,0
1,75,270,9,0,0
1,75,271,9,9,0
1,75,272,9,9,0
1,75,273,9,9,0
1,75,274,9,0,0
1,75,275,9,15,0
1,75,276,9,0,0
1,75,277,9,9,0
1,75,278,9,9,0
1,75,279,9,9,0
1,75,280,9,0,0
1,75,281,9,15,0
1,75,282,9,0,0
1,75,283,9,9,0
1,75,284,9,9,0
1,75,285,9,9,0
1,75,286,9,0,0
1,75,287,9,15,0
1,75,288,9,0,0
1,75,289,9,9,0
1,75,290,9,9,0
1,75,291,9,9,0
1,75,292,9,0,0
1,75,293,9,15,0
1,75,294,9,0,0
1,75,295,9,9,0
1,75,296,9,9,0
1,75,297,9,9,0
1,75,298,9,0,0
1,75,299,9,15,0
1,75,300,9,0,0
1,75,301,9,9,0
1,75,302,9,9,0
1,75,303,9,9,0
1,75,304,9,0,0
1,75,305,9,15,0
1,75,306,9,0,0
1,75,307,9,9,0
1,75,308,9,9,0
1,75,309,9,9,0
1,75,310,9,0,0
1,75,311,9,15,0
1,75,312,9,0,0
1,75,313,9,9,0
1,75,314,9,9,0
1,75,315,9,9,0
1,75,316,9,0,0
1,75,317,9,15,0
1,75,318,9,0,0
1,75,319,9,9,0
1,75,320,9,9,0
1,75,321,9,9,0
1,75,322,9,0,0
1,75,323,9,15,0
1,75,324,9,0,0
1,75,325,9,9,0
1,75,326,9,9,0
1,75,327,9,9,0
1,76,77,17,0,0
1,76,78,17,9,0
1,76,79,17,9,0
1,76,80,17,16,0
1,76,81,17,8,0
1,76,82,17,0,0
1,76,83,17,9,0
1,76,84,17,16,0
1,76,85,17,8,0
1,76,86,17,0,0
1,76,87,17,9,0
1,76,88,17,11,0
1,76,89,17,8,0
1,76,90,17,0,1
1,76,91,17,9,0
1,76,92,17,17,0
1,76,93,17,0,0
1,76,94,17,9,0
1,76,95,17,0,0
1,76,96,17,9,0
1,76,97,17,17,0
1,76,98,17,0,0
1,76,99,17,9,0
1,76,100,17,9,0
1,76,101,17,16,0
1,76,102,17,8,0
1,76,103,17,0,0
1,76,104,17,9,0
1,76,105,17,16,0
1,76,106,17,8,0
1,76,107,17,0,0
1,76,108,17,9,0
1,76,109,17,11,0
1,76,110,17,8,0
1,76,111,17,0,0
1,76,112,17,9,0
1,76,113,17,17,0
1,76,114,17,0,0
1,76,115,17,9,0
1,76,116,17,0,0
1,76,117,17,9,0
1,76,118,17,17,0
1,76,119,17,0,0
1,76,120,17,9,0
1,76,121,17,9,0
1,76,122,17,16,0
1,76,123,17,8,0
1,76,124,17,0,0
1,76,125,17,9,0
1,76,126,17,16,0
1,76,127,17,8,0
1,76,128,17,0,0
1,76,129,17,9,0
1,76,130,17,11,0
1,76,131,17,8,0
1,76,132,17,0,0
1,76,133,17,9,0
1,76,134,17,17,0
1,76,135,17,0,0
1,76,136,17,9,0
1,76,137,17,0,0
1,76,138,17,9,0
1,76,139,17,17,0
1,76,140,17,0,0
1,76,141,17,9,0
1,76,142,17,9,0
1,76,143,17,16,0
1,76,144,17,8,0
1,76,145,17,0,0
1,76,146,17,9,0
1,76,147,17,16,0
1,76,148,17,8,0
1,76,149,17,0,0
1,76,150,17,9,0
1,76,151,17,11,0
1,76,152,17,8,0
1,76,153,17,0,0
1,76,154,17,9,0
1,76,155,17,17,0
1,76,156,17,0,0
1,76,157,17,9,0
1,76,158,17,0,0
1,76,159,17,9,0
1,76,160,17,17,0
1,76,161,17,0,0
1,76,162,17,9,0
1,76,163,17,9,0
1,76,164,17,16,0
1,76,165,17,8,0
1,76,166,17,0,0
1,76,167,17,9,0
1,76,168,17,16,0
1,76,169,17,8,0
1,76,170,17,0,0
1,76,171,17,9,0
1,76,172,17,11,0
1,76,173,17,8,0
1,76,174,17,0,0
1,76,175,17,9,0
1,76,176,17,17,0
1,76,177,17,0,0
1,76,178,17,9,0
1,76,179,17,0,0
1,76,180,17,9,0
1,76,181,17,17,0
1,76,182,17,0,0
1,76,183,17,9,0
1,76,184,17,9,0
1,76,185,17,16,0
1,76,186,17,8,0
1,76,187,17,0,0
1,76,188,17,9,0
1,76,189,17,16,0
1,76,190,17,8,0
1,76,191,17,0,0
1,76,192,17,9,0
1,76,193,17,11,0
1,76,194,17,8,0
1,76,195,17,0,0
1,76,196,17,9,0
1,76,197,17,17,0
1,76,198,17,0,0
1,76,199,17,9,0
1,76,200,17,0,0
1,76,201,17,9,0
1,76,202,17,17,0
1,76,203,17,0,0
1,76,204,17,9,0
1,76,205,17,9,0
1,76,206,17,16,0
1,76,207,17,8,0
1,76,208,17,0,0
1,76,209,17,9,0
1,76,210,17,16,0
1,76,211,17,8,0
1,76,212,17,0,0
1,76,213,17,9,0
1,76,214,17,11,0
1,76,215,17,8,0
1,76,216,17,0,0
1,76,217,17,9,0
1,76,218,17,17,0
1,76,219,17,0,0
1,76,220,17,9,0
1,76,221,17,0,0
1,76,222,17,9,0
1,76,223,17,17,0
1,76,224,17,0,0
1,76,225,17,9,0
1,76,226,17,9,0
1,76,227,17,16,0
1,76,228,17,8,0
1,76,229,17,0,0
1,76,230,17,9,0
1,76,231,17,16,0
1,76,232,17,8,0
1,76,233,17,0,0
1,76,234,17,9,0
1,76,235,17,11,0
1,76,236,17,8,0
1,76,237,17,0,0
1,76,238,17,9,0
1,76,239,17,17,0
1,76,240,17,0,0
1,76,241,17,9,0
1,76,242,17,0,0
1,76,243,17,9,0
1,76,244,17,17,0
1,76,245,17,0,0
1,76,246,17,9,0
1,76,247,17,9,0
1,76,248,17,16,0
1,76,249,17,8,0
1,76,250,17,0,0
1,76,251,17,9,0
1,76,252,17,16,0
1,76,253,17,8,0
1,76,254,17,0,0
1,76,255,17,9,0
1,76,256,17,11,0
1,76,257,17,8,0
1,76,258,17,0,0
1,76,259,17,9,0
1,76,260,17,16,0
1,76,261,17,8,0
1,76,262,17,0,0
1,76,263,17,15,0
1,76,264,17,0,0
1,76,265,17,9,0
1,76,266,17,9,0
1,76,267,17,9,0
1,76,268,17,0,0
1,76,269,17,15,0
1,76,270,17,0,0
1,76,271,17,9,0
1,76,272,17,9,0
1,76,273,17,9,0
1,76,274,17,0,0
1,76,275,17,15,0
1,76,276,17,0,0
1,76,277,17,9,0
1,76,278,17,9,0
1,76,279,17,9,0
1,76,280,17,0,0
1,76,281,17,15,0
1,76,282,17,0,0
1,76,283,17,9,0
1,76,284,17,9,0
1,76,285,17,9,0
1,76,286,17,0,0
1,76,287,17,15,0
1,76,288,17,0,0
1,76,289,17,9,0
1,76,290,17,9,0
1,76,291,17,9,0
1,76,292,17,0,0
1,76,293,17,15,0
1,76,294,17,0,0
1,76,295,17,9,0
1,76,296,17,9,0
1,76,297,17,9,0
1,76,298,17,0,0
1,76,299,17,15,0
1,76,300,17,0,0
1,76,301,17,9,0
1,76,302,17,9,0
1,76,303,17,9,0
1,76,304,17,0,0
1,76,305,17,15,0
1,76,306,17,0,0
1,76,307,17,9,0
1,76,308,17,9,0
1,76,309,17,9,0
1,76,310,17,0,0
1,76,311,17,15,0
1,76,312,17,0,0
1,76,313,17,9,0
1,76,314,17,9,0
1,76,315,17,9,0
1,76,316,17,0,0
1,76,317,17,15,0
1,76,318,17,0,0
1,76,319,17,9,0
1,76,320,17,9,0
1,76,321,17,9,0
1,76,322,17,0,0
1,76,323,17,15,0
1,76,324,17,0,0
1,76,325,17,9,0
1,76,326,17,9,0
1,76,327,17,9,0
1,77,78,0,9,1
1,77,79,0,9,1
1,77,80,0,16,1
1,77,81,0,8,0
1,77,82,0,0,0
1,77,83,0,9,0
1,77,84,0,16,0
1,77,85,0,8,0
1,77,86,0,0,0
1,77,87,0,9,0
1,77,88,0,11,0
1,77,89,0,8,0
1,77,90,0,0,0
1,77,91,0,9,0
1,77,92,0,17,0
1,77,93,0,0,0
1,77,94,0,9,0
1,77,95,0,0,0
1,77,96,0,9,0
1,77,97,0,17,0
1,77,98,0,0,0
1,77,99,0,9,0
1,77,100,0,9,0
1,77,101,0,16,0
1,77,102,0,8,0
1,77,103,0,0,0
1,77,104,0,9,0
1,77,105,0,16,0
1,77,106,0,8,0
1,77,107,0,0,0
1,77,108,0,9,0
1,77,109,0,11,0
1,77,110,0,8,0
1,77,111,0,0,0
1,77,112,0,9,0
1,77,113,0,17,0
1,77,114,0,0,0
1,77,115,0,9,0
1,77,116,0,0,0
1,77,117,0,9,0
1,77,118,0,17,0
1,77,119,0,0,0
1,77,120,0,9,0
1,77,121,0,9,0
1,77,122,0,16,0
1,77,123,0,8,0
1,77,124,0,0,0
1,77,125,0,9,0
1,77,126,0,16,0
1,77,127,0,8,0
1,77,128,0,0,0
1,77,129,0,9,0
1,77,130,0,11,0
1,77,131,0,8,0
1,77,132,0,0,0
1,77,133,0,9,0
1,77,134,0,17,0
1,77,135,0,0,0
1,77,136,0,9,0
1,77,137,0,0,0
1,77,138,0,9,0
1,77,139,0,17,0
1,77,140,0,0,0
1,77,141,0,9,0
1,77,142,0,9,0
1,77,143,0,16,0
1,77,144,0,8,0
1,77,145,0,0,0
1,77,146,0,9,0
1,77,147,0,16,0
1,77,148,0,8,0
1,77,149,0,0,0
1,77,150,0,9,0
1,77,151,0,11,0
1,77,152,0,8,0
1,77,153,0,0,0
1,77,154,0,9,0
1,77,155,0,17,0
1,77,156,0,0,0
1,77,157,0,9,0
1,77,158,0,0,0
1,77,159,0,9,0
1,77,160,0,17,0
1,77,161,0,0,0
1,77,162,0,9,0
1,77,163,0,9,0
1,77,164,0,16,0
1,77,165,0,8,0
1,77,166,0,0,0
1,77,167,0,9,0
1,77,168,0,16,0
1,77,169,0,8,0
1,77,170,0,0,0
1,77,171,0,9,0
1,77,172,0,11,0
1,77,173,0,8,0
1,77,174,0,0,0
1,77,175,0,9,0
1,77,176,0,17,0
1,77,177,0,0,0
1,77,178,0,9,0
1,77,179,0,0,0
1,77,180,0,9,0
1,77,181,0,17,0
1,77,182,0,0,0
1,77,183,0,9,0
1,77,184,0,9,0
1,77,185,0,16,0
1,77,186,0,8,0
1,77,187,0,0,0
1,77,188,0,9,0
1,77,189,0,16,0
1,77,190,0,8,0
1,77,191,0,0,0
1,77,192,0,9,0
1,77,193,0,11,0
1,77,194,0,8,0
1,77,195,0,0,0
1,77,196,0,9,0
1,77,197,0,17,0
1,77,198,0,0,0
1,77,199,0,9,0
1,77,200,0,0,0
1,77,201,0,9,0
1,77,202,0,17,0
1,77,203,0,0,0
1,77,204,0,9,0
1,77,205,0,9,0
1,77,206,0,16,0
1,77,207,0,8,0
1,77,208,0,0,0
1,77,209,0,9,0
1,77,210,0,16,0
1,77,211,0,8,0
1,77,212,0,0,0
1,77,213,0,9,0
1,77,214,0,11,0
1,77,215,0,8,0
1,77,216,0,0,0
1,77,217,0,9,0
1,77,218,0,17,0
1,77,219,0,0,0
1,77,220,0,9,0
1,77,221,0,0,0
1,77,222,0,9,0
1,77,223,0,17,0
1,77,224,0,0,0
1,77,225,0,9,0
1,77,226,0,9,0
1,77,227,0,16,0
1,77,228,0,8,0
1,77,229,0,0,0
1,77,230,0,9,0
1,77,231,0,16,0
1,77,232,0,8,0
1,77,233,0,0,0
1,77,234,0,9,0
1,77,235,0,11,0
1,77,236,0,8,0
1,77,237,0,0,0
1,77,238,0,9,0
1,77,239,0,17,0
1,77,240,0,0,0
1,77,241,0,9,0
1,77,242,0,0,0
1,77,243,0,9,0
1,77,244,0,17,0
1,77,245,0,0,0
1,77,246,0,9,0
1,77,247,0,9,0
1,77,248,0,16,0
1,77,249,0,8,0
1,77,250,0,0,0
1,77,251,0,9,0
1,77,252,0,16,0
1,77,253,0,8,0
1,77,254,0,0,0
1,77,255,0,9,0
1,77,256,0,11,0
1,77,257,0,8,0
1,77,258,0,0,0
1,77,259,0,9,0
1,77,260,0,16,0
1,77,261,0,8,0
1,77,262,0,0,0
1,77,263,0,15,0
1,77,264,0,0,0
1,77,265,0,9,0
1,77,266,0,9,0
1,77,267,0,9,0
1,77,268,0,0,0
1,77,269,0,15,0
1,77,270,0,0,0
1,77,271,0,9,0
1,77,272,0,9,0
1,77,273,0,9,0
1,77,274,0,0,0
1,77,275,0,15,0
1,77,276,0,0,0
1,77,277,0,9,0
1,77,278,0,9,0
1,77,279,0,9,0
1,77,280,0,0,0
1,77,281,0,15,0
1,77,282,0,0,0
1,77,283,0,9,0
1,77,284,0,9,0
1,77,285,0,9,0
1,77,286,0,0,0
1,77,287,0,15,0
1,77,288,0,0,0
1,77,289,0,9,0
1,77,290,0,9,0
1,77,291,0,9,0
1,77,292,0,0,0
1,77,293,0,15,0
1,77,294,0,0,0
1,77,295,0,9,0
1,77,296,0,9,0
1,77,297,0,9,0
1,77,298,0,0,0
1,77,299,0,15,0
1,77,300,0,0,0
1,77,301,0,9,0
1,77,302,0,9,0
1,77,303,0,9,0
1,77,304,0,0,0
1,77,305,0,15,0
1,77,306,0,0,0
1,77,307,0,9,0
1,77,308,0,9,0
1,77,309,0,9,0
1,77,310,0,0,0
1,77,311,0,15,0
1,77,312,0,0,0
1,77,313,0,9,0
1,77,314,0,9,0
1,77,315,0,9,0
1,77,316,0,0,0
1,77,317,0,15,0
1,77,318,0,0,0
1,77,319,0,9,0
1,77,320,0,9,0
1,77,321,0,9,0
1,77,322,0,0,0
1,77,323,0,15,0
1,77,324,0,0,0
1,77,325,0,9,0
1,77,326,0,9,0
1,77,327,0,9,0
1,78,79,9,9,0
1,78,80,9,16,0
1,78,81,9,8,0
1,78,82,9,0,0
1,78,83,9,9,0
1,78,84,9,16,0
1,78,85,9,8,0
1,78,86,9,0,0
1,78,87,9,9,0
1,78,88,9,11,0
1,78,89,9,8,0
1,78,90,9,0,0
1,78,91,9,9,0
1,78,92,9,17,0
1,78,93,9,0,0
1,78,94,9,9,0
1,78,95,9,0,0
1,78,96,9,9,0
1,78,97,9,17,0
1,78,98,9,0,0
1,78,99,9,9,0
1,78,100,9,9,0
1,78,101,9,16,0
1,78,102,9,8,0
1,78,103,9,0,0
1,78,104,9,9,0
1,78,105,9,16,0
1,78,106,9,8,0
1,78,107,9,0,0
1,78,108,9,9,0
1,78,109,9,11,0
1,78,110,9,8,0
1,78,111,9,0,0
1,78,112,9,9,0
1,78,113,9,17,0
1,78,114,9,0,0
1,78,115,9,9,0
1,78,116,9,0,0
1,78,117,9,9,0
1,78,118,9,17,0
1,78,119,9,0,0
1,78,120,9,9,0
1,78,121,9,9,0
1,78,122,9,16,0
1,78,123,9,8,0
1,78,124,9,0,0
1,78,125,9,9,0
1,78,126,9,16,0
1,78,127,9,8,0
1,78,128,9,0,0
1,78,129,9,9,0
1,78,130,9,11,0
1,78,131,9,8,0
1,78,132,9,0,0
1,78,133,9,9,0
1,78,134,9,17,0
1,78,135,9,0,0
1,78,136,9,9,0
1,78,137,9,0,0
1,78,138,9,9,0
1,78,139,9,17,0
1,78,140,9,0,0
1,78,141,9,9,0
1,78,142,9,9,0
1,78,143,9,16,0
1,78,144,9,8,0
1,78,145,9,0,0
1,78,146,9,9,0
1,78,147,9,16,0
1,78,148,9,8,0
1,78,149,9,0,0
1,78,150,9,9,0
1,78,151,9,11,0
1,78,152,9,8,0
1,78,153,9,0,0
1,78,154,9,9,0
1,78,155,9,17,0
1,78,156,9,0,0
1,78,157,9,9,0
1,78,158,9,0,0
1,78,159,9,9,0
1,78,160,9,17,0
1,78,161,9,0,0
1,78,162,9,9,0
1,78,163,9,9,0
1,78,164,9,16,0
1,78,165,9,8,0
1,78,166,9,0,0
1,78,167,9,9,0
1,78,168,9,16,0
1,78,169,9,8,0
1,78,170,9,0,0
1,78,171,9,9,0
1,78,172,9,11,0
1,78,173,9,8,0
1,78,174,9,0,0
1,78,175,9,9,0
1,78,176,9,17,0
1,78,177,9,0,0
1,78,178,9,9,0
1,78,179,9,0,0
1,78,180,9,9,0
1,78,181,9,17,0
1,78,182,9,0,0
1,78,183,9,9,0
1,78,184,9,9,0
1,78,185,9,16,0
1,78,186,9,8,0
1,78,187,9,0,0
1,78,188,9,9,0
1,78,189,9,16,0
1,78,190,9,8,0
1,78,191,9,0,0
1,78,192,9,9,0
1,78,193,9,11,0
1,78,194,9,8,0
1,78,195,9,0,0
1,78,196,9,9,0
1,78,197,9,17,0
1,78,198,9,0,0
1,78,199,9,9,0
1,78,200,9,0,0
1,78,201,9,9,0
1,78,202,9,17,0
1,78,203,9,0,0
1,78,204,9,9,0
1,78,205,9,9,0
1,78,206,9,16,0
1,78,207,9,8,0
1,78,208,9,0,0
1,78,209,9,9,0
1,78,210,9,16,0
1,78,211,9,8,0
1,78,212,9,0,0
1,78,213,9,9,0
1,78,214,9,11,0
1,78,215,9,8,0
1,78,216,9,0,0
1,78,217,9,9,0
1,78,218,9,17,0
1,78,219,9,0,0
1,78,220,9,9,0
1,78,221,9,0,0
1,78,222,9,9,0
1,78,223,9,17,0
1,78,224,9,0,0
1,78,225,9,9,0
1,78,226,9,9,0
1,78,227,9,16,0
1,78,228,9,8,0
1,78,229,9,0,0
1,78,230,9,9,0
1,78,231,9,16,0
1,78,232,9,8,0
1,78,233,9,0,0
1,78,234,9,9,0
1,78,235,9,11,0
1,78,236,9,8,0
1,78,237,9,0,0
1,78,238,9,9,0
1,78,239,9,17,0
1,78,240,9,0,0
1,78,241,9,9,0
1,78,242,9,0,0
1,78,243,9,9,0
1,78,244,9,17,0
1,78,245,9,0,0
1,78,246,9,9,0
1,78,247,9,9,0
1,78,248,9,16,0
1,78,249,9,8,0
1,78,250,9,0,0
1,78,251,9,9,0
1,78,252,9,16,0
1,78,253,9,8,0
1,78,254,9,0,0
1,78,255,9,9,0
1,78,256,9,11,0
1,78,257,9,8,0
1,78,258,9,0,0
1,78,259,9,9,0
1,78,260,9,16,0
1,78,261,9,8,0
1,78,262,9,0,0
1,78,263,9,15,0
1,78,264,9,0,0
1,78,265,9,9,0
1,78,266,9,9,0
1,78,267,9,9,0
1,78,268,9,0,0
1,78,269,9,15,0
1,78,270,9,0,0
1,78,271,9,9,0
1,78,272,9,9,0
1,78,273,9,9,0
1,78,274,9,0,0
1,78,275,9,15,0
1,78,276,9,0,0
1,78,277,9,9,0
1,78,278,9,9,0
1,78,279,9,9,0
1,78,280,9,0,0
1,78,281,9,15,0
1,78,282,9,0,0
1,78,283,9,9,0
1,78,284,9,9,0
1,78,285,9,9,0
1,78,286,9,0,0
1,78,287,9,15,0
1,78,288,9,0,0
1,78,289,9,9,0
1,78,290,9,9,0
1,78,291,9,9,0
1,78,292,9,0,0
1,78,293,9,15,0
1,78,294,9,0,0
1,78,295,9,9,0
1,78,296,9,9,0
1,78,297,9,9,0
1,78,298,9,0,0
1,78,299,9,15,0
1,78,300,9,0,0
1,78,301,9,9,0
1,78,302,9,9,0
1,78,303,9,9,0
1,78,304,9,0,0
1,78,305,9,15,0
1,78,306,9,0,0
1,78,307,9,9,0
1,78,308,9,9,0
1,78,309,9,9,0
1,78,310,9,0,0
1,78,311,9,15,0
1,78,312,9,0,0
1,78,313,9,9,0
1,78,314,9,9,0
1,78,315,9,9,0
1,78,316,9,0,0
1,78,317,9,15,0
1,78,318,9,0,0
1,78,319,9,9,0
1,78,320,9,9,0
1,78,321,9,9,0
1,78,322,9,0,0
1,78,323,9,15,0
1,78,324,9,0,0
1,78,325,9,9,0
1,78,326,9,9,0
1,78,327,9,9,0
1,79,80,9,16,0
1,79,81,9,8,0
1,79,82,9,0,0
1,79,83,9,9,0
1,79,84,9,16,0
1,79,85,9,8,0
1,79,86,9,0,0
1,79,87,9,9,0
1,79,88,9,11,0
1,79,89,9,8,0
1,79,90,9,0,0
1,79,91,9,9,0
1,79,92,9,17,0
1,79,93,9,0,0
1,79,94,9,9,0
1,79,95,9,0,0
1,79,96,9,9,0
1,79,97,9,17,0
1,79,98,9,0,0
1,79,99,9,9,0
1,79,100,9,9,0
1,79,101,9,16,0
1,79,102,9,8,0
1,79,103,9,0,0
1,79,104,9,9,0
1,79,105,9,16,0
1,79,106,9,8,0
1,79,107,9,0,0
1,79,108,9,9,0
1,79,109,9,11,0
1,79,110,9,8,0
1,79,111,9,0,0
1,79,112,9,9,0
1,79,113,9,17,0
1,79,114,9,0,0
1,79,115,9,9,0
1,79,116,9,0,0
1,79,117,9,9,0
1,79,118,9,17,0
1,79,119,9,0,0
1,79,120,9,9,0
1,79,121,9,9,0
1,79,122,9,16,0
1,79,123,9,8,0
1,79,124,9,0,0
1,79,125,9,9,0
1,79,126,9,16,0
1,79,127,9,8,0
1,79,128,9,0,0
1,79,129,9,9,0
1,79,130,9,11,0
1,79,131,9,8,0
1,79,132,9,0,0
1,79,133,9,9,0
1,79,134,9,17,0
1,79,135,9,0,0
1,79,136,9,9,0
1,79,137,9,0,0
1,79,138,9,9,0
1,79,139,9,17,0
1,79,140,9,0,0
1,79,141,9,9,0
1,79,142,9,9,0
1,79,143,9,16,0
1,79,144,9,8,0
1,79,145,9,0,0
1,79,146,9,9,0
1,79,147,9,16,0
1,79,148,9,8,0
1,79,149,9,0,0
1,79,150,9,9,0
1,79,151,9,11,0
1,79,152,9,8,0
1,79,153,9,0,0
1,79,154,9,9,0
1,79,155,9,17,0
1,79,156,9,0,0
1,79,157,9,9,0
1,79,158,9,0,0
1,79,159,9,9,0
1,79,160,9,17,0
1,79,161,9,0,0
1,79,162,9,9,0
1,79,163,9,9,0
1,79,164,9,16,0
1,79,165,9,8,0
1,79,166,9,0,0
1,79,167,9,9,0
1,79,168,9,16,0
1,79,169,9,8,0
1,79,170,9,0,0
1,79,171,9,9,0
1,79,172,9,11,0
1,79,173,9,8,0
1,79,174,9,0,0
1,79,175,9,9,0
1,79,176,9,17,0
1,79,177,9,0,0
1,79,178,9,9,0
1,79,179,9,0,0
1,79,180,9,9,0
1,79,181,9,17,0
1,79,182,9,0,0
1,79,183,9,9,0
1,79,184,9,9,0
1,79,185,9,16,0
1,79,186,9,8,0
1,79,187,9,0,0
1,79,188,9,9,0
1,79,189,9,16,0
1,79,190,9,8,0
1,79,191,9,0,0
1,79,192,9,9,0
1,79,193,9,11,0
1,79,194,9,8,0
1,79,195,9,0,0
1,79,196,9,9,0
1,79,197,9,17,0
1,79,198,9,0,0
1,79,199,9,9,0
1,79,200,9,0,0
1,79,201,9,9,0
1,79,202,9,17,0
1,79,203,9,0,0
1,79,204,9,9,0
1,79,205,9,9,0
1,79,206,9,16,0
1,79,207,9,8,0
1,79,208,9,0,0
1,79,209,9,9,0
1,79,210,9,16,0
1,79,211,9,8,0
1,79,212,9,0,0
1,79,213,9,9,0
1,79,214,9,11,0
1,79,215,9,8,0
1,79,216,9,0,0
1,79,217,9,9,0
1,79,218,9,17,0
1,79,219,9,0,0
1,79,220,9,9,0
1,79,221,9,0,0
1,79,222,9,9,0
1,79,223,9,17,0
1,79,224,9,0,0
1,79,225,9,9,0
1,79,226,9,9,0
1,79,227,9,16,0
1,79,228,9,8,0
1,79,229,9,0,0
1,79,230,9,9,0
1,79,231,9,16,0
1,79,232,9,8,0
1,79,233,9,0,0
1,79,234,9,9,0
1,79,235,9,11,0
1,79,236,9,8,0
1,79,237,9,0,0
1,79,238,9,9,0
1,79,239,9,17,0
1,79,240,9,0,0
1,79,241,9,9,0
1,79,242,9,0,0
1,79,243,9,9,0
1,79,244,9,17,0
1,79,245,9,0,0
1,79,246,9,9,0
1,79,247,9,9,0
1,79,248,9,16,0
1,79,249,9,8,0
1,79,250,9,0,0
1,79,251,9,9,0
1,79,252,9,16,0
1,79,253,9,8,0
1,79,254,9,0,0
1,79,255,9,9,0
1,79,256,9,11,0
1,79,257,9,8,0
1,79,258,9,0,0
1,79,259,9,9,0
1,79,260,9,16,0
1,79,261,9,8,0
1,79,262,9,0,0
1,79,263,9,15,0
1,79,264,9,0,0
1,79,265,9,9,0
1,79,266,9,9,0
1,79,267,9,9,0
1,79,268,9,0,0
1,79,269,9,15,0
1,79,270,9,0,0
1,79,271,9,9,0
1,79,272,9,9,0
1,79,273,9,9,0
1,79,274,9,0,0
1,79,275,9,15,0
1,79,276,9,0,0
1,79,277,9,9,0
1,79,278,9,9,0
1,79,279,9,9,0
1,79,280,9,0,0
1,79,281,9,15,0
1,79,282,9,0,0
1,79,283,9,9,0
1,79,284,9,9,0
1,79,285,9,9,0
1,79,286,9,0,0
1,79,287,9,15,0
1,79,288,9,0,0
1,79,289,9,9,0
1,79,290,9,9,0
1,79,291,9,9,0
1,79,292,9,0,0
1,79,293,9,15,0
1,79,294,9,0,0
1,79,295,9,9,0
1,79,296,9,9,0
1,79,297,9,9,0
1,79,298,9,0,0
1,79,299,9,15,0
1,79,300,9,0,0
1,79,301,9,9,0
1,79,302,9,9,0
1,79,303,9,9,0
1,79,304,9,0,0
1,79,305,9,15,0
1,79,306,9,0,0
1,79,307,9,9,0
1,79,308,9,9,0
1,79,309,9,9,0
1,79,310,9,0,0
1,79,311,9,15,0
1,79,312,9,0,0
1,79,313,9,9,0
1,79,314,9,9,0
1,79,315,9,9,0
1,79,316,9,0,0
1,79,317,9,15,0
1,79,318,9,0,0
1,79,319,9,9,0
1,79,320,9,9,0
1,79,321,9,9,0
1,79,322,9,0,0
1,79,323,9,15,0
1,79,324,9,0,0
1,79,325,9,9,0
1,79,326,9,9,0
1,79,327,9,9,0
1,80,81,16,8,1
1,80,82,16,0,0
1,80,83,16,9,0
1,80,84,16,16,0
1,80,85,16,8,0
1,80,86,16,0,0
1,80,87,16,9,0
1,80,88,16,11,0
1,80,89,16,8,0
1,80,90,16,0,0
1,80,91,16,9,0
1,80,92,16,17,0
1,80,93,16,0,0
1,80,94,16,9,0
1,80,95,16,0,0
1,80,96,16,9,0
1,80,97,16,17,0
1,80,98,16,0,0
1,80,99,16,9,0
1,80,100,16,9,0
1,80,101,16,16,0
1,80,102,16,8,0
1,80,103,16,0,0
1,80,104,16,9,0
1,80,105,16,16,0
1,80,106,16,8,0
1,80,107,16,0,0
1,80,108,16,9,0
1,80,109,16,11,0
1,80,110,16,8,0
1,80,111,16,0,0
1,80,112,16,9,0
1,80,113,16,17,0
1,80,114,16,0,0
1,80,115,16,9,0
1,80,116,16,0,0
1,80,117,16,9,0
1,80,118,16,17,0
1,80,119,16,0,0
1,80,120,16,9,0
1,80,121,16,9,0
1,80,122,16,16,0
1,80,123,16,8,0
1,80,124,16,0,0
1,80,125,16,9,0
1,80,126,16,16,0
1,80,127,16,8,0
1,80,128,16,0,0
1,80,129,16,9,0
1,80,130,16,11,0
1,80,131,16,8,0
1,80,132,16,0,0
1,80,133,16,9,0
1,80,134,16,17,0
1,80,135,16,0,0
1,80,136,16,9,0
1,80,137,16,0,0
1,80,138,16,9,0
1,80,139,16,17,0
1,80,140,16,0,0
1,80,141,16,9,0
1,80,142,16,9,0
1,80,143,16,16,0
1,80,144,16,8,0
1,80,145,16,0,0
1,80,146,16,9,0
1,80,147,16,16,0
1,80,148,16,8,0
1,80,149,16,0,0
1,80,150,16,9,0
1,80,151,16,11,0
1,80,152,16,8,0
1,80,153,16,0,0
1,80,154,16,9,0
1,80,155,16,17,0
1,80,156,16,0,0
1,80,157,16,9,0
1,80,158,16,0,0
1,80,159,16,9,0
1,80,160,16,17,0
1,80,161,16,0,0
1,80,162,16,9,0
1,80,163,16,9,0
1,80,164,16,16,0
1,80,165,16,8,0
1,80,166,16,0,0
1,80,167,16,9,0
1,80,168,16,16,0
1,80,169,16,8,0
1,80,170,16,0,0
1,80,171,16,9,0
1,80,172,16,11,0
1,80,173,16,8,0
1,80,174,16,0,0
1,80,175,16,9,0
1,80,176,16,17,0
1,80,177,16,0,0
1,80,178,16,9,0
1,80,179,16,0,0
1,80,180,16,9,0
1,80,181,16,17,0
1,80,182,16,0,0
1,80,183,16,9,0
1,80,184,16,9,0
1,80,185,16,16,0
1,80,186,16,8,0
1,80,187,16,0,0
1,80,188,16,9,0
1,80,189,16,16,0
1,80,190,16,8,0
1,80,191,16,0,0
1,80,192,16,9,0
1,80,193,16,11,0
1,80,194,16,8,0
1,80,195,16,0,0
1,80,196,16,9,0
1,80,197,16,17,0
1,80,198,16,0,0
1,80,199,16,9,0
1,80,200,16,0,0
1,80,201,16,9,0
1,80,202,16,17,0
1,80,203,16,0,0
1,80,204,16,9,0
1,80,205,16,9,0
1,80,206,16,16,0
1,80,207,16,8,0
1,80,208,16,0,0
1,80,209,16,9,0
1,80,210,16,16,0
1,80,211,16,8,0
1,80,212,16,0,0
1,80,213,16,9,0
1,80,214,16,11,0
1,80,215,16,8,0
1,80,216,16,0,0
1,80,217,16,9,0
1,80,218,16,17,0
1,80,219,16,0,0
1,80,220,16,9,0
1,80,221,16,0,0
1,80,222,16,9,0
1,80,223,16,17,0
1,80,224,16,0,0
1,80,225,16,9,0
1,80,226,16,9,0
1,80,227,16,16,0
1,80,228,16,8,0
1,80,229,16,0,0
1,80,230,16,9,0
1,80,231,16,16,0
1,80,232,16,8,0
1,80,233,16,0,0
1,80,234,16,9,0
1,80,235,16,11,0
1,80,236,16,8,0
1,80,237,16,0,0
1,80,238,16,9,0
1,80,239,16,17,0
1,80,240,16,0,0
1,80,241,16,9,0
1,80,242,16,0,0
1,80,243,16,9,0
1,80,244,16,17,0
1,80,245,16,0,0
1,80,246,16,9,0
1,80,247,16,9,0
1,80,248,16,16,0
1,80,249,16,8,0
1,80,250,16,0,0
1,80,251,16,9,0
1,80,252,16,16,0
1,80,253,16,8,0
1,80,254,16,0,0
1,80,255,16,9,0
1,80,256,16,11,0
1,80,257,16,8,0
1,80,258,16,0,0
1,80,259,16,9,0
1,80,260,16,16,0
1,80,261,16,8,0
1,80,262,16,0,0
1,80,263,16,15,0
1,80,264,16,0,0
1,80,265,16,9,0
1,80,266,16,9,0
1,80,267,16,9,0
1,80,268,16,0,0
1,80,269,16,15,0
1,80,270,16,0,0
1,80,271,16,9,0
1,80,272,16,9,0
1,80,273,16,9,0
1,80,274,16,0,0
1,80,275,16,15,0
1,80,276,16,0,0
1,80,277,16,9,0
1,80,278,16,9,0
1,80,279,16,9,0
1,80,280,16,0,0
1,80,281,16,15,0
1,80,282,16,0,0
1,80,283,16,9,0
1,80,284,16,9,0
1,80,285,16,9,0
1,80,286,16,0,0
1,80,287,16,15,0
1,80,288,16,0,0
1,80,289,16,9,0
1,80,290,16,9,0
1,80,291,16,9,0
1,80,292,16,0,0
1,80,293,16,15,0
1,80,294,16,0,0
1,80,295,16,9,0
1,80,296,16,9,0
1,80,297,16,9,0
1,80,298,16,0,0
1,80,299,16,15,0
1,80,300,16,0,0
1,80,301,16,9,0
1,80,302,16,9,0
1,80,303,16,9,0
1,80,304,16,0,0
1,80,305,16,15,0
1,80,306,16,0,0
1,80,307,16,9,0
1,80,308,16,9,0
1,80,309,16,9,0
1,80,310,16,0,0
1,80,311,16,15,0
1,80,312,16,0,0
1,80,313,16,9,0
1,80,314,16,9,0
1,80,315,16,9,0
1,80,316,16,0,0
1,80,317,16,15,0
1,80,318,16,0,0
1,80,319,16,9,0
1,80,320,16,9,0
1,80,321,16,9,0
1,80,322,16,0,0
1,80,323,16,15,0
1,80,324,16,0,0
1,80,325,16,9,0
1,80,326,16,9,0
1,80,327,16,9,0
1,81,82,8,0,0
1,81,83,8,9,0
1,81,84,8,16,0
1,81,85,8,8,0
1,81,86,8,0,0
1,81,87,8,9,0
1,81,88,8,11,0
1,81,89,8,8,0
1,81,90,8,0,0
1,81,91,8,9,0
1,81,92,8,17,0
1,81,93,8,0,0
1,81,94,8,9,0
1,81,95,8,0,0
1,81,96,8,9,0
1,81,97,8,17,0
1,81,98,8,0,0
1,81,99,8,9,0
1,81,100,8,9,0
1,81,101,8,16,0
1,81,102,8,8,0
1,81,103,8,0,0
1,81,104,8,9,0
1,81,105,8,16,0
1,81,106,8,8,0
1,81,107,8,0,0
1,81,108,8,9,0
1,81,109,8,11,0
1,81,110,8,8,0
1,81,111,8,0,0
1,81,112,8,9,0
1,81,113,8,17,0
1,81,114,8,0,0
1,81,115,8,9,0
1,81,116,8,0,0
1,81,117,8,9,0
1,81,118,8,17,0
1,81,119,8,0,0
1,81,120,8,9,0
1,81,121,8,9,0
1,81,122,8,16,0
1,81,123,8,8,0
1,81,124,8,0,0
1,81,125,8,9,0
1,81,126,8,16,0
1,81,127,8,8,0
1,81,128,8,0,0
1,81,129,8,9,0
1,81,130,8,11,0
1,81,131,8,8,0
1,81,132,8,0,0
1,81,133,8,9,0
1,81,134,8,17,0
1,81,135,8,0,0
1,81,136,8,9,0
1,81,137,8,0,0
1,81,138,8,9,0
1,81,139,8,17,0
1,81,140,8,0,0
1,81,141,8,9,0
1,81,142,8,9,0
1,81,143,8,16,0
1,81,144,8,8,0
1,81,145,8,0,0
1,81,146,8,9,0
1,81,147,8,16,0
1,81,148,8,8,0
1,81,149,8,0,0
1,81,150,8,9,0
1,81,151,8,11,0
1,81,152,8,8,0
1,81,153,8,0,0
1,81,154,8,9,0
1,81,155,8,17,0
1,81,156,8,0,0
1,81,157,8,9,0
1,81,158,8,0,0
1,81,159,8,9,0
1,81,160,8,17,0
1,81,161,8,0,0
1,81,162,8,9,0
1,81,163,8,9,0
1,81,164,8,16,0
1,81,165,8,8,0
1,81,166,8,0,0
1,81,167,8,9,0
1,81,168,8,16,0
1,81,169,8,8,0
1,81,170,8,0,0
1,81,171,8,9,0
1,81,172,8,11,0
1,81,173,8,8,0
1,81,174,8,0,0
1,81,175,8,9,0
1,81,176,8,17,0
1,81,177,8,0,0
1,81,178,8,9,0
1,81,179,8,0,0
1,81,180,8,9,0
1,81,181,8,17,0
1,81,182,8,0,0
1,81,183,8,9,0
1,81,184,8,9,0
1,81,185,8,16,0
1,81,186,8,8,0
1,81,187,8,0,0
1,81,188,8,9,0
1,81,189,8,16,0
1,81,190,8,8,0
1,81,191,8,0,0
1,81,192,8,9,0
1,81,193,8,11,0
1,81,194,8,8,0
1,81,195,8,0,0
1,81,196,8,9,0
1,81,197,8,17,0
1,81,198,8,0,0
1,81,199,8,9,0
1,81,200,8,0,0
1,81,201,8,9,0
1,81,202,8,17,0
1,81,203,8,0,0
1,81,204,8,9,0
1,81,205,8,9,0
1,81,206,8,16,0
1,81,207,8,8,0
1,81,208,8,0,0
1,81,209,8,9,0
1,81,210,8,16,0
1,81,211,8,8,0
1,81,212,8,0,0
1,81,213,8,9,0
1,81,214,8,11,0
1,81,215,8,8,0
1,81,216,8,0,0
1,81,217,8,9,0
1,81,218,8,17,0
1,81,219,8,0,0
1,81,220,8,9,0
1,81,221,8,0,0
1,81,222,8,9,0
1,81,223,8,17,0
1,81,224,8,0,0
1,81,225,8,9,0
1,81,226,8,9,0
1,81,227,8,16,0
1,81,228,8,8,0
1,81,229,8,0,0
1,81,230,8,9,0
1,81,231,8,16,0
1,81,232,8,8,0
1,81,233,8,0,0
1,81,234,8,9,0
1,81,235,8,11,0
1,81,236,8,8,0
1,81,237,8,0,0
1,81,238,8,9,0
1,81,239,8,17,0
1,81,240,8,0,0
1,81,241,8,9,0
1,81,242,8,0,0
1,81,243,8,9,0
1,81,244,8,17,0
1,81,245,8,0,0
1,81,246,8,9,0
1,81,247,8,9,0
1,81,248,8,16,0
1,81,249,8,8,0
1,81,250,8,0,0
1,81,251,8,9,0
1,81,252,8,16,0
1,81,253,8,8,0
1,81,254,8,0,0
1,81,255,8,9,0
1,81,256,8,11,0
1,81,257,8,8,0
1,81,258,8,0,0
1,81,259,8,9,0
1,81,260,8,16,0
1,81,261,8,8,0
1,81,262,8,0,0
1,81,263,8,15,0
1,81,264,8,0,0
1,81,265,8,9,0
1,81,266,8,9,0
1,81,267,8,9,0
1,81,268,8,0,0
1,81,269,8,15,0
1,81,270,8,0,0
1,81,271,8,9,0
1,81,272,8,9,0
1,81,273,8,9,0
1,81,274,8,0,0
1,81,275,8,15,0
1,81,276,8,0,0
1,81,277,8,9,0
1,81,278,8,9,0
1,81,279,8,9,0
1,81,280,8,0,0
1,81,281,8,15,0
1,81,282,8,0,0
1,81,283,8,9,0
1,81,284,8,9,0
1,81,285,8,9,0
1,81,286,8,0,0
1,81,287,8,15,0
1,81,288,8,0,0
1,81,289,8,9,0
1,81,290,8,9,0
1,81,291,8,9,0
1,81,292,8,0,0
1,81,293,8,15,0
1,81,294,8,0,0
1,81,295,8,9,0
1,81,296,8,9,0
1,81,297,8,9,0
1,81,298,8,0,0
1,81,299,8,15,0
1,81,300,8,0,0
1,81,301,8,9,0
1,81,302,8,9,0
1,81,303,8,9,0
1,81,304,8,0,0
1,81,305,8,15,0
1,81,306,8,0,0
1,81,307,8,9,0
1,81,308,8,9,0
1,81,309,8,9,0
1,81,310,8,0,0
1,81,311,8,15,0
1,81,312,8,0,0
1,81,313,8,9,0
1,81,314,8,9,0
1,81,315,8,9,0
1,81,316,8,0,0
1,81,317,8,15,0
1,81,318,8,0,0
1,81,319,8,9,0
1,81,320,8,9,0
1,81,321,8,9,0
1,81,322,8,0,0
1,81,323,8,15,0
1,81,324,8,0,0
1,81,325,8,9,0
1,81,326,8,9,0
1,81,327,8,9,0
1,82,83,0,9,1
1,82,84,0,16,1
1,82,85,0,8,0
1,82,86,0,0,1
1,82,87,0,9,0
1,82,88,0,11,0
1,82,89,0,8,0
1,82,90,0,0,0
1,82,91,0,9,0
1,82,92,0,17,0
1,82,93,0,0,0
1,82,94,0,9,0
1,82,95,0,0,0
1,82,96,0,9,0
1,82,97,0,17,0
1,82,98,0,0,0
1,82,99,0,9,0
1,82,100,0,9,0
1,82,101,0,16,0
1,82,102,0,8,0
1,82,103,0,0,0
1,82,104,0,9,0
1,82,105,0,16,0
1,82,106,0,8,0
1,82,107,0,0,0
1,82,108,0,9,0
1,82,109,0,11,0
1,82,110,0,8,0
1,82,111,0,0,0
1,82,112,0,9,0
1,82,113,0,17,0
1,82,114,0,0,0
1,82,115,0,9,0
1,82,116,0,0,0
1,82,117,0,9,0
1,82,118,0,17,0
1,82,119,0,0,0
1,82,120,0,9,0
1,82,121,0,9,0
1,82,122,0,16,0
1,82,123,0,8,0
1,82,124,0,0,0
1,82,125,0,9,0
1,82,126,0,16,0
1,82,127,0,8,0
1,82,128,0,0,0
1,82,129,0,9,0
1,82,130,0,11,0
1,82,131,0,8,0
1,82,132,0,0,0
1,82,133,0,9,0
1,82,134,0,17,0
1,82,135,0,0,0
1,82,136,0,9,0
1,82,137,0,0,0
1,82,138,0,9,0
1,82,139,0,17,0
1,82,140,0,0,0
1,82,141,0,9,0
1,82,142,0,9,0
1,82,143,0,16,0
1,82,144,0,8,0
1,82,145,0,0,0
1,82,146,0,9,0
1,82,147,0,16,0
1,82,148,0,8,0
1,82,149,0,0,0
1,82,150,0,9,0
1,82,151,0,11,0
1,82,152,0,8,0
1,82,153,0,0,0
1,82,154,0,9,0
1,82,155,0,17,0
1,82,156,0,0,0
1,82,157,0,9,0
1,82,158,0,0,0
1,82,159,0,9,0
1,82,160,0,17,0
1,82,161,0,0,0
1,82,162,0,9,0
1,82,163,0,9,0
1,82,164,0,16,0
1,82,165,0,8,0
1,82,166,0,0,0
1,82,167,0,9,0
1,82,168,0,16,0
1,82,169,0,8,0
1,82,170,0,0,0
1,82,171,0,9,0
1,82,172,0,11,0
1,82,173,0,8,0
1,82,174,0,0,0
1,82,175,0,9,0
1,82,176,0,17,0
1,82,177,0,0,0
1,82,178,0,9,0
1,82,179,0,0,0
1,82,180,0,9,0
1,82,181,0,17,0
1,82,182,0,0,0
1,82,183,0,9,0
1,82,184,0,9,0
1,82,185,0,16,0
1,82,186,0,8,0
1,82,187,0,0,0
1,82,188,0,9,0
1,82,189,0,16,0
1,82,190,0,8,0
1,82,191,0,0,0
1,82,192,0,9,0
1,82,193,0,11,0
1,82,194,0,8,0
1,82,195,0,0,0
1,82,196,0,9,0
1,82,197,0,17,0
1,82,198,0,0,0
1,82,199,0,9,0
1,82,200,0,0,0
1,82,201,0,9,0
1,82,202,0,17,0
1,82,203,0,0,0
1,82,204,0,9,0
1,82,205,0,9,0
1,82,206,0,16,0
1,82,207,0,8,0
1,82,208,0,0,0
1,82,209,0,9,0
1,82,210,0,16,0
1,82,211,0,8,0
1,82,212,0,0,0
1,82,213,0,9,0
1,82,214,0,11,0
1,82,215,0,8,0
1,82,216,0,0,0
1,82,217,0,9,0
1,82,218,0,17,0
1,82,219,0,0,0
1,82,220,0,9,0
1,82,221,0,0,0
1,82,222,0,9,0
1,82,223,0,17,0
1,82,224,0,0,0
1,82,225,0,9,0
1,82,226,0,9,0
1,82,227,0,16,0
1,82,228,0,8,0
1,82,229,0,0,0
1,82,230,0,9,0
1,82,231,0,16,0
1,82,232,0,8,0
1,82,233,0,0,0
1,82,234,0,9,0
1,82,235,0,11,0
1,82,236,0,8,0
1,82,237,0,0,0
1,82,238,0,9,0
1,82,239,0,17,0
1,82,240,0,0,0
1,82,241,0,9,0
1,82,242,0,0,0
1,82,243,0,9,0
1,82,244,0,17,0
1,82,245,0,0,0
1,82,246,0,9,0
1,82,247,0,9,0
1,82,248,0,16,0
1,82,249,0,8,0
1,82,250,0,0,0
1,82,251,0,9,0
1,82,252,0,16,0
1,82,253,0,8,0
1,82,254,0,0,0
1,82,255,0,9,0
1,82,256,0,11,0
1,82,257,0,8,0
1,82,258,0,0,0
1,82,259,0,9,0
1,82,260,0,16,0
1,82,261,0,8,0
1,82,262,0,0,0
1,82,263,0,15,0
1,82,264,0,0,0
1,82,265,0,9,0
1,82,266,0,9,0
1,82,267,0,9,0
1,82,268,0,0,0
1,82,269,0,15,0
1,82,270,0,0,0
1,82,271,0,9,0
1,82,272,0,9,0
1,82,273,0,9,0
1,82,274,0,0,0
1,82,275,0,15,0
1,82,276,0,0,0
1,82,277,0,9,0
1,82,278,0,9,0
1,82,279,0,9,0
1,82,280,0,0,0
1,82,281,0,15,0
1,82,282,0,0,0
1,82,283,0,9,0
1,82,284,0,9,0
1,82,285,0,9,0
1,82,286,0,0,0
1,82,287,0,15,0
1,82,288,0,0,0
1,82,289,0,9,0
1,82,290,0,9,0
1,82,291,0,9,0
1,82,292,0,0,0
1,82,293,0,15,0
1,82,294,0,0,0
1,82,295,0,9,0
1,82,296,0,9,0
1,82,297,0,9,0
1,82,298,0,0,0
1,82,299,0,15,0
1,82,300,0,0,0
1,82,301,0,9,0
1,82,302,0,9,0
1,82,303,0,9,0
1,82,304,0,0,0
1,82,305,0,15,0
1,82,306,0,0,0
1,82,307,0,9,0
1,82,308,0,9,0
1,82,309,0,9,0
1,82,310,0,0,0
1,82,311,0,15,0
1,82,312,0,0,0
1,82,313,0,9,0
1,82,314,0,9,0
1,82,315,0,9,0
1,82,316,0,0,0
1,82,317,0,15,0
1,82,318,0,0,0
1,82,319,0,9,0
1,82,320,0,9,0
1,82,321,0,9,0
1,82,322,0,0,0
1,82,323,0,15,0
1,82,324,0,0,0
1,82,325,0,9,0
1,82,326,0,9,0
1,82,327,0,9,0
1,83,84,9,16,0
1,83,85,9,8,0
1,83,86,9,0,0
1,83,87,9,9,0
1,83,88,9,11,0
1,83,89,9,8,0
1,83,90,9,0,0
1,83,91,9,9,0
1,83,92,9,17,0
1,83,93,9,0,0
1,83,94,9,9,0
1,83,95,9,0,0
1,83,96,9,9,0
1,83,97,9,17,0
1,83,98,9,0,0
1,83,99,9,9,0
1,83,100,9,9,0
1,83,101,9,16,0
1,83,102,9,8,0
1,83,103,9,0,0
1,83,104,9,9,0
1,83,105,9,16,0
1,83,106,9,8,0
1,83,107,9,0,0
1,83,108,9,9,0
1,83,109,9,11,0
1,83,110,9,8,0
1,83,111,9,0,0
1,83,112,9,9,0
1,83,113,9,17,0
1,83,114,9,0,0
1,83,115,9,9,0
1,83,116,9,0,0
1,83,117,9,9,0
1,83,118,9,17,0
1,83,119,9,0,0
1,83,120,9,9,0
1,83,121,9,9,0
1,83,122,9,16,0
1,83,123,9,8,0
1,83,124,9,0,0
1,83,125,9,9,0
1,83,126,9,16,0
1,83,127,9,8,0
1,83,128,9,0,0
1,83,129,9,9,0
1,83,130,9,11,0
1,83,131,9,8,0
1,83,132,9,0,0
1,83,133,9,9,0
1,83,134,9,17,0
1,83,135,9,0,0
1,83,136,9,9,0
1,83,137,9,0,0
1,83,138,9,9,0
1,83,139,9,17,0
1,83,140,9,0,0
1,83,141,9,9,0
1,83,142,9,9,0
1,83,143,9,16,0
1,83,144,9,8,0
1,83,145,9,0,0
1,83,146,9,9,0
1,83,147,9,16,0
1,83,148,9,8,0
1,83,149,9,0,0
1,83,150,9,9,0
1,83,151,9,11,0
1,83,152,9,8,0
1,83,153,9,0,0
1,83,154,9,9,0
1,83,155,9,17,0
1,83,156,9,0,0
1,83,157,9,9,0
1,83,158,9,0,0
1,83,159,9,9,0
1,83,160,9,17,0
1,83,161,9,0,0
1,83,162,9,9,0
1,83,163,9,9,0
1,83,164,9,16,0
1,83,165,9,8,0
1,83,166,9,0,0
1,83,167,9,9,0
1,83,168,9,16,0
1,83,169,9,8,0
1,83,170,9,0,0
1,83,171,9,9,0
1,83,172,9,11,0
1,83,173,9,8,0
1,83,174,9,0,0
1,83,175,9,9,0
1,83,176,9,17,0
1,83,177,9,0,0
1,83,178,9,9,0
1,83,179,9,0,0
1,83,180,9,9,0
1,83,181,9,17,0
1,83,182,9,0,0
1,83,183,9,9,0
1,83,184,9,9,0
1,83,185,9,16,0
1,83,186,9,8,0
1,83,187,9,0,0
1,83,188,9,9,0
1,83,189,9,16,0
1,83,190,9,8,0
1,83,191,9,0,0
1,83,192,9,9,0
1,83,193,9,11,0
1,83,194,9,8,0
1,83,195,9,0,0
1,83,196,9,9,0
1,83,197,9,17,0
1,83,198,9,0,0
1,83,199,9,9,0
1,83,200,9,0,0
1,83,201,9,9,0
1,83,202,9,17,0
1,83,203,9,0,0
1,83,204,9,9,0
1,83,205,9,9,0
1,83,206,9,16,0
1,83,207,9,8,0
1,83,208,9,0,0
1,83,209,9,9,0
1,83,210,9,16,0
1,83,211,9,8,0
1,83,212,9,0,0
1,83,213,9,9,0
1,83,214,9,11,0
1,83,215,9,8,0
1,83,216,9,0,0
1,83,217,9,9,0
1,83,218,9,17,0
1,83,219,9,0,0
1,83,220,9,9,0
1,83,221,9,0,0
1,83,222,9,9,0
1,83,223,9,17,0
1,83,224,9,0,0
1,83,225,9,9,0
1,83,226,9,9,0
1,83,227,9,16,0
1,83,228,9,8,0
1,83,229,9,0,0
1,83,230,9,9,0
1,83,231,9,16,0
1,83,232,9,8,0
1,83,233,9,0,0
1,83,234,9,9,0
1,83,235,9,11,0
1,83,236,9,8,0
1,83,237,9,0,0
1,83,238,9,9,0
1,83,239,9,17,0
1,83,240,9,0,0
1,83,241,9,9,0
1,83,242,9,0,0
1,83,243,9,9,0
1,83,244,9,17,0
1,83,245,9,0,0
1,83,246,9,9,0
1,83,247,9,9,0
1,83,248,9,16,0
1,83,249,9,8,0
1,83,250,9,0,0
1,83,251,9,9,0
1,83,252,9,16,0
1,83,253,9,8,0
1,83,254,9,0,0
1,83,255,9,9,0
1,83,256,9,11,0
1,83,257,9,8,0
1,83,258,9,0,0
1,83,259,9,9,0
1,83,260,9,16,0
1,83,261,9,8,0
1,83,262,9,0,0
1,83,263,9,15,0
1,83,264,9,0,0
1,83,265,9,9,0
1,83,266,9,9,0
1,83,267,9,9,0
1,83,268,9,0,0
1,83,269,9,15,0
1,83,270,9,0,0
1,83,271,9,9,0
1,83,272,9,9,0
1,83,273,9,9,0
1,83,274,9,0,0
1,83,275,9,15,0
1,83,276,9,0,0
1,83,277,9,9,0
1,83,278,9,9,0
1,83,279,9,9,0
1,83,280,9,0,0
1,83,281,9,15,0
1,83,282,9,0,0
1,83,283,9,9,0
1,83,284,9,9,0
1,83,285,9,9,0
1,83,286,9,0,0
1,83,287,9,15,0
1,83,288,9,0,0
1,83,289,9,9,0
1,83,290,9,9,0
1,83,291,9,9,0
1,83,292,9,0,0
1,83,293,9,15,0
1,83,294,9,0,0
1,83,295,9,9,0
1,83,296,9,9,0
1,83,297,9,9,0
1,83,298,9,0,0
1,83,299,9,15,0
1,83,300,9,0,0
1,83,301,9,9,0
1,83,302,9,9,0
1,83,303,9,9,0
1,83,304,9,0,0
1,83,305,9,15,0
1,83,306,9,0,0
1,83,307,9,9,0
1,83,308,9,9,0
1,83,309,9,9,0
1,83,310,9,0,0
1,83,311,9,15,0
1,83,312,9,0,0
1,83,313,9,9,0
1,83,314,9,9,0
1,83,315,9,9,0
1,83,316,9,0,0
1,83,317,9,15,0
1,83,318,9,0,0
1,83,319,9,9,0
1,83,320,9,9,0
1,83,321,9,9,0
1,83,322,9,0,0
1,83,323,9,15,0
1,83,324,9,0,0
1,83,325,9,9,0
1,83,326,9,9,0
1,83,327,9,9,0
1,84,85,16,8,1
1,84,86,16,0,0
1,84,87,16,9,0
1,84,88,16,11,0
1,84,89,16,8,0
1,84,90,16,0,0
1,84,91,16,9,0
1,84,92,16,17,0
1,84,93,16,0,0
1,84,94,16,9,0
1,84,95,16,0,0
1,84,96,16,9,0
1,84,97,16,17,0
1,84,98,16,0,0
1,84,99,16,9,0
1,84,100,16,9,0
1,84,101,16,16,0
1,84,102,16,8,0
1,84,103,16,0,0
1,84,104,16,9,0
1,84,105,16,16,0
1,84,106,16,8,0
1,84,107,16,0,0
1,84,108,16,9,0
1,84,109,16,11,0
1,84,110,16,8,0
1,84,111,16,0,0
1,84,112,16,9,0
1,84,113,16,17,0
1,84,114,16,0,0
1,84,115,16,9,0
1,84,116,16,0,0
1,84,117,16,9,0
1,84,118,16,17,0
1,84,119,16,0,0
1,84,120,16,9,0
1,84,121,16,9,0
1,84,122,16,16,0
1,84,123,16,8,0
1,84,124,16,0,0
1,84,125,16,9,0
1,84,126,16,16,0
1,84,127,16,8,0
1,84,128,16,0,0
1,84,129,16,9,0
1,84,130,16,11,0
1,84,131,16,8,0
1,84,132,16,0,0
1,84,133,16,9,0
1,84,134,16,17,0
1,84,135,16,0,0
1,84,136,16,9,0
1,84,137,16,0,0
1,84,138,16,9,0
1,84,139,16,17,0
1,84,140,16,0,0
1,84,141,16,9,0
1,84,142,16,9,0
1,84,143,16,16,0
1,84,144,16,8,0
1,84,145,16,0,0
1,84,146,16,9,0
1,84,147,16,16,0
1,84,148,16,8,0
1,84,149,16,0,0
1,84,150,16,9,0
1,84,151,16,11,0
1,84,152,16,8,0
1,84,153,16,0,0
1,84,154,16,9,0
1,84,155,16,17,0
1,84,156,16,0,0
1,84,157,16,9,0
1,84,158,16,0,0
1,84,159,16,9,0
1,84,160,16,17,0
1,84,161,16,0,0
1,84,162,16,9,0
1,84,163,16,9,0
1,84,164,16,16,0
1,84,165,16,8,0
1,84,166,16,0,0
1,84,167,16,9,0
1,84,168,16,16,0
1,84,169,16,8,0
1,84,170,16,0,0
1,84,171,16,9,0
1,84,172,16,11,0
1,84,173,16,8,0
1,84,174,16,0,0
1,84,175,16,9,0
1,84,176,16,17,0
1,84,177,16,0,0
1,84,178,16,9,0
1,84,179,16,0,0
1,84,180,16,9,0
1,84,181,16,17,0
1,84,182,16,0,0
1,84,183,16,9,0
1,84,184,16,9,0
1,84,185,16,16,0
1,84,186,16,8,0
1,84,187,16,0,0
1,84,188,16,9,0
1,84,189,16,16,0
1,84,190,16,8,0
1,84,191,16,0,0
1,84,192,16,9,0
1,84,193,16,11,0
1,84,194,16,8,0
1,84,195,16,0,0
1,84,196,16,9,0
1,84,197,16,17,0
1,84,198,16,0,0
1,84,199,16,9,0
1,84,200,16,0,0
1,84,201,16,9,0
1,84,202,16,17,0
1,84,203,16,0,0
1,84,204,16,9,0
1,84,205,16,9,0
1,84,206,16,16,0
1,84,207,16,8,0
1,84,208,16,0,0
1,84,209,16,9,0
1,84,210,16,16,0
1,84,211,16,8,0
1,84,212,16,0,0
1,84,213,16,9,0
1,84,214,16,11,0
1,84,215,16,8,0
1,84,216,16,0,0
1,84,217,16,9,0
1,84,218,16,17,0
1,84,219,16,0,0
1,84,220,16,9,0
1,84,221,16,0,0
1,84,222,16,9,0
1,84,223,16,17,0
1,84,224,16,0,0
1,84,225,16,9,0
1,84,226,16,9,0
1,84,227,16,16,0
1,84,228,16,8,0
1,84,229,16,0,0
1,84,230,16,9,0
1,84,231,16,16,0
1,84,232,16,8,0
1,84,233,16,0,0
1,84,234,16,9,0
1,84,235,16,11,0
1,84,236,16,8,0
1,84,237,16,0,0
1,84,238,16,9,0
1,84,239,16,17,0
1,84,240,16,0,0
1,84,241,16,9,0
1,84,242,16,0,0
1,84,243,16,9,0
1,84,244,16,17,0
1,84,245,16,0,0
1,84,246,16,9,0
1,84,247,16,9,0
1,84,248,16,16,0
1,84,249,16,8,0
1,84,250,16,0,0
1,84,251,16,9,0
1,84,252,16,16,0
1,84,253,16,8,0
1,84,254,16,0,0
1,84,255,16,9,0
1,84,256,16,11,0
1,84,257,16,8,0
1,84,258,16,0,0
1,84,259,16,9,0
1,84,260,16,16,0
1,84,261,16,8,0
1,84,262,16,0,0
1,84,263,16,15,0
1,84,264,16,0,0
1,84,265,16,9,0
1,84,266,16,9,0
1,84,267,16,9,0
1,84,268,16,0,0
1,84,269,16,15,0
1,84,270,16,0,0
1,84,271,16,9,0
1,84,272,16,9,0
1,84,273,16,9,0
1,84,274,16,0,0
1,84,275,16,15,0
1,84,276,16,0,0
1,84,277,16,9,0
1,84,278,16,9,0
1,84,279,16,9,0
1,84,280,16,0,0
1,84,281,16,15,0
1,84,282,16,0,0
1,84,283,16,9,0
1,84,284,16,9,0
1,84,285,16,9,0
1,84,286,16,0,0
1,84,287,16,15,0
1,84,288,16,0,0
1,84,289,16,9,0
1,84,290,16,9,0
1,84,291,16,9,0
1,84,292,16,0,0
1,84,293,16,15,0
1,84,294,16,0,0
1,84,295,16,9,0
1,84,296,16,9,0
1,84,297,16,9,0
1,84,298,16,0,0
1,84,299,16,15,0
1,84,300,16,0,0
1,84,301,16,9,0
1,84,302,16,9,0
1,84,303,16,9,0
1,84,304,16,0,0
1,84,305,16,15,0
1,84,306,16,0,0
1,84,307,16,9,0
1,84,308,16,9,0
1,84,309,16,9,0
1,84,310,16,0,0
1,84,311,16,15,0
1,84,312,16,0,0
1,84,313,16,9,0
1,84,314,16,9,0
1,84,315,16,9,0
1,84,316,16,0,0
1,84,317,16,15,0
1,84,318,16,0,0
1,84,319,16,9,0
1,84,320,16,9,0
1,84,321,16,9,0
1,84,322,16,0,0
1,84,323,16,15,0
1,84,324,16,0,0
1,84,325,16,9,0
1,84,326,16,9,0
1,84,327,16,9,0
1,85,86,8,0,0
1,85,87,8,9,0
1,85,88,8,11,0
1,85,89,8,8,0
1,85,90,8,0,0
1,85,91,8,9,0
1,85,92,8,17,0
1,85,93,8,0,0
1,85,94,8,9,0
1,85,95,8,0,0
1,85,96,8,9,0
1,85,97,8,17,0
1,85,98,8,0,0
1,85,99,8,9,0
1,85,100,8,9,0
1,85,101,8,16,0
1,85,102,8,8,0
1,85,103,8,0,0
1,85,104,8,9,0
1,85,105,8,16,0
1,85,106,8,8,0
1,85,107,8,0,0
1,85,108,8,9,0
1,85,109,8,11,0
1,85,110,8,8,0
1,85,111,8,0,0
1,85,112,8,9,0
1,85,113,8,17,0
1,85,114,8,0,0
1,85,115,8,9,0
1,85,116,8,0,0
1,85,117,8,9,0
1,85,118,8,17,0
1,85,119,8,0,0
1,85,120,8,9,0
1,85,121,8,9,0
1,85,122,8,16,0
1,85,123,8,8,0
1,85,124,8,0,0
1,85,125,8,9,0
1,85,126,8,16,0
1,85,127,8,8,0
1,85,128,8,0,0
1,85,129,8,9,0
1,85,130,8,11,0
1,85,131,8,8,0
1,85,132,8,0,0
1,85,133,8,9,0
1,85,134,8,17,0
1,85,135,8,0,0
1,85,136,8,9,0
1,85,137,8,0,0
1,85,138,8,9,0
1,85,139,8,17,0
1,85,140,8,0,0
1,85,141,8,9,0
1,85,142,8,9,0
1,85,143,8,16,0
1,85,144,8,8,0
1,85,145,8,0,0
1,85,146,8,9,0
1,85,147,8,16,0
1,85,148,8,8,0
1,85,149,8,0,0
1,85,150,8,9,0
1,85,151,8,11,0
1,85,152,8,8,0
1,85,153,8,0,0
1,85,154,8,9,0
1,85,155,8,17,0
1,85,156,8,0,0
1,85,157,8,9,0
1,85,158,8,0,0
1,85,159,8,9,0
1,85,160,8,17,0
1,85,161,8,0,0
1,85,162,8,9,0
1,85,163,8,9,0
1,85,164,8,16,0
1,85,165,8,8,0
1,85,166,8,0,0
1,85,167,8,9,0
1,85,168,8,16,0
1,85,169,8,8,0
1,85,170,8,0,0
1,85,171,8,9,0
1,85,172,8,11,0
1,85,173,8,8,0
1,85,174,8,0,0
1,85,175,8,9,0
1,85,176,8,17,0
1,85,177,8,0,0
1,85,178,8,9,0
1,85,179,8,0,0
1,85,180,8,9,0
1,85,181,8,17,0
1,85,182,8,0,0
1,85,183,8,9,0
1,85,184,8,9,0
1,85,185,8,16,0
1,85,186,8,8,0
1,85,187,8,0,0
1,85,188,8,9,0
1,85,189,8,16,0
1,85,190,8,8,0
1,85,191,8,0,0
1,85,192,8,9,0
1,85,193,8,11,0
1,85,194,8,8,0
1,85,195,8,0,0
1,85,196,8,9,0
1,85,197,8,17,0
1,85,198,8,0,0
1,85,199,8,9,0
1,85,200,8,0,0
1,85,201,8,9,0
1,85,202,8,17,0
1,85,203,8,0,0
1,85,204,8,9,0
1,85,205,8,9,0
1,85,206,8,16,0
1,85,207,8,8,0
1,85,208,8,0,0
1,85,209,8,9,0
1,85,210,8,16,0
1,85,211,8,8,0
1,85,212,8,0,0
1,85,213,8,9,0
1,85,214,8,11,0
1,85,215,8,8,0
1,85,216,8,0,0
1,85,217,8,9,0
1,85,218,8,17,0
1,85,219,8,0,0
1,85,220,8,9,0
1,85,221,8,0,0
1,85,222,8,9,0
1,85,223,8,17,0
1,85,224,8,0,0
1,85,225,8,9,0
1,85,226,8,9,0
1,85,227,8,16,0
1,85,228,8,8,0
1,85,229,8,0,0
1,85,230,8,9,0
1,85,231,8,16,0
1,85,232,8,8,0
1,85,233,8,0,0
1,85,234,8,9,0
1,85,235,8,11,0
1,85,236,8,8,0
1,85,237,8,0,0
1,85,238,8,9,0
1,85,239,8,17,0
1,85,240,8,0,0
1,85,241,8,9,0
1,85,242,8,0,0
1,85,243,8,9,0
1,85,244,8,17,0
1,85,245,8,0,0
1,85,246,8,9,0
1,85,247,8,9,0
1,85,248,8,16,0
1,85,249,8,8,0
1,85,250,8,0,0
1,85,251,8,9,0
1,85,252,8,16,0
1,85,253,8,8,0
1,85,254,8,0,0
1,85,255,8,9,0
1,85,256,8,11,0
1,85,257,8,8,0
1,85,258,8,0,0
1,85,259,8,9,0
1,85,260,8,16,0
1,85,261,8,8,0
1,85,262,8,0,0
1,85,263,8,15,0
1,85,264,8,0,0
1,85,265,8,9,0
1,85,266,8,9,0
1,85,267,8,9,0
1,85,268,8,0,0
1,85,269,8,15,0
1,85,270,8,0,0
1,85,271,8,9,0
1,85,272,8,9,0
1,85,273,8,9,0
1,85,274,8,0,0
1,85,275,8,15,0
1,85,276,8,0,0
1,85,277,8,9,0
1,85,278,8,9,0
1,85,279,8,9,0
1,85,280,8,0,0
1,85,281,8,15,0
1,85,282,8,0,0
1,85,283,8,9,0
1,85,284,8,9,0
1,85,285,8,9,0
1,85,286,8,0,0
1,85,287,8,15,0
1,85,288,8,0,0
1,85,289,8,9,0
1,85,290,8,9,0
1,85,291,8,9,0
1,85,292,8,0,0
1,85,293,8,15,0
1,85,294,8,0,0
1,85,295,8,9,0
1,85,296,8,9,0
1,85,297,8,9,0
1,85,298,8,0,0
1,85,299,8,15,0
1,85,300,8,0,0
1,85,301,8,9,0
1,85,302,8,9,0
1,85,303,8,9,0
1,85,304,8,0,0
1,85,305,8,15,0
1,85,306,8,0,0
1,85,307,8,9,0
1,85,308,8,9,0
1,85,309,8,9,0
1,85,310,8,0,0
1,85,311,8,15,0
1,85,312,8,0,0
1,85,313,8,9,0
1,85,314,8,9,0
1,85,315,8,9,0
1,85,316,8,0,0
1,85,317,8,15,0
1,85,318,8,0,0
1,85,319,8,9,0
1,85,320,8,9,0
1,85,321,8,9,0
1,85,322,8,0,0
1,85,323,8,15,0
1,85,324,8,0,0
1,85,325,8,9,0
1,85,326,8,9,0
1,85,327,8,9,0
1,86,87,0,9,1
1,86,88,0,11,1
1,86,89,0,8,0
1,86,90,0,0,1
1,86,91,0,9,0
1,86,92,0,17,0
1,86,93,0,0,0
1,86,94,0,9,0
1,86,95,0,0,0
1,86,96,0,9,0
1,86,97,0,17,0
1,86,98,0,0,0
1,86,99,0,9,0
1,86,100,0,9,0
1,86,101,0,16,0
1,86,102,0,8,0
1,86,103,0,0,0
1,86,104,0,9,0
1,86,105,0,16,0
1,86,106,0,8,0
1,86,107,0,0,0
1,86,108,0,9,0
1,86,109,0,11,0
1,86,110,0,8,0
1,86,111,0,0,0
1,86,112,0,9,0
1,86,113,0,17,0
1,86,114,0,0,0
1,86,115,0,9,0
1,86,116,0,0,0
1,86,117,0,9,0
1,86,118,0,17,0
1,86,119,0,0,0
1,86,120,0,9,0
1,86,121,0,9,0
1,86,122,0,16,0
1,86,123,0,8,0
1,86,124,0,0,0
1,86,125,0,9,0
1,86,126,0,16,0
1,86,127,0,8,0
1,86,128,0,0,0
1,86,129,0,9,0
1,86,130,0,11,0
1,86,131,0,8,0
1,86,132,0,0,0
1,86,133,0,9,0
1,86,134,0,17,0
1,86,135,0,0,0
1,86,136,0,9,0
1,86,137,0,0,0
1,86,138,0,9,0
1,86,139,0,17,0
1,86,140,0,0,0
1,86,141,0,9,0
1,86,142,0,9,0
1,86,143,0,16,0
1,86,144,0,8,0
1,86,145,0,0,0
1,86,146,0,9,0
1,86,147,0,16,0
1,86,148,0,8,0
1,86,149,0,0,0
1,86,150,0,9,0
1,86,151,0,11,0
1,86,152,0,8,0
1,86,153,0,0,0
1,86,154,0,9,0
1,86,155,0,17,0
1,86,156,0,0,0
1,86,157,0,9,0
1,86,158,0,0,0
1,86,159,0,9,0
1,86,160,0,17,0
1,86,161,0,0,0
1,86,162,0,9,0
1,86,163,0,9,0
1,86,164,0,16,0
1,86,165,0,8,0
1,86,166,0,0,0
1,86,167,0,9,0
1,86,168,0,16,0
1,86,169,0,8,0
1,86,170,0,0,0
1,86,171,0,9,0
1,86,172,0,11,0
1,86,173,0,8,0
1,86,174,0,0,0
1,86,175,0,9,0
1,86,176,0,17,0
1,86,177,0,0,0
1,86,178,0,9,0
1,86,179,0,0,0
1,86,180,0,9,0
1,86,181,0,17,0
1,86,182,0,0,0
1,86,183,0,9,0
1,86,184,0,9,0
1,86,185,0,16,0
1,86,186,0,8,0
1,86,187,0,0,0
1,86,188,0,9,0
1,86,189,0,16,0
1,86,190,0,8,0
1,86,191,0,0,0
1,86,192,0,9,0
1,86,193,0,11,0
1,86,194,0,8,0
1,86,195,0,0,0
1,86,196,0,9,0
1,86,197,0,17,0
1,86,198,0,0,0
1,86,199,0,9,0
1,86,200,0,0,0
1,86,201,0,9,0
1,86,202,0,17,0
1,86,203,0,0,0
1,86,204,0,9,0
1,86,205,0,9,0
1,86,206,0,16,0
1,86,207,0,8,0
1,86,208,0,0,0
1,86,209,0,9,0
1,86,210,0,16,0
1,86,211,0,8,0
1,86,212,0,0,0
1,86,213,0,9,0
1,86,214,0,11,0
1,86,215,0,8,0
1,86,216,0,0,0
1,86,217,0,9,0
1,86,218,0,17,0
1,86,219,0,0,0
1,86,220,0,9,0
1,86,221,0,0,0
1,86,222,0,9,0
1,86,223,0,17,0
1,86,224,0,0,0
1,86,225,0,9,0
1,86,226,0,9,0
1,86,227,0,16,0
1,86,228,0,8,0
1,86,229,0,0,0
1,86,230,0,9,0
1,86,231,0,16,0
1,86,232,0,8,0
1,86,233,0,0,0
1,86,234,0,9,0
1,86,235,0,11,0
1,86,236,0,8,0
1,86,237,0,0,0
1,86,238,0,9,0
1,86,239,0,17,0
1,86,240,0,0,0
1,86,241,0,9,0
1,86,242,0,0,0
1,86,243,0,9,0
1,86,244,0,17,0
1,86,245,0,0,0
1,86,246,0,9,0
1,86,247,0,9,0
1,86,248,0,16,0
1,86,249,0,8,0
1,86,250,0,0,0
1,86,251,0,9,0
1,86,252,0,16,0
1,86,253,0,8,0
1,86,254,0,0,0
1,86,255,0,9,0
1,86,256,0,11,0
1,86,257,0,8,0
1,86,258,0,0,0
1,86,259,0,9,0
1,86,260,0,16,0
1,86,261,0,8,0
1,86,262,0,0,0
1,86,263,0,15,0
1,86,264,0,0,0
1,86,265,0,9,0
1,86,266,0,9,0
1,86,267,0,9,0
1,86,268,0,0,0
1,86,269,0,15,0
1,86,270,0,0,0
1,86,271,0,9,0
1,86,272,0,9,0
1,86,273,0,9,0
1,86,274,0,0,0
1,86,275,0,15,0
1,86,276,0,0,0
1,86,277,0,9,0
1,86,278,0,9,0
1,86,279,0,9,0
1,86,280,0,0,0
1,86,281,0,15,0
1,86,282,0,0,0
1,86,283,0,9,0
1,86,284,0,9,0
1,86,285,0,9,0
1,86,286,0,0,0
1,86,287,0,15,0
1,86,288,0,0,0
1,86,289,0,9,0
1,86,290,0,9,0
1,86,291,0,9,0
1,86,292,0,0,0
1,86,293,0,15,0
1,86,294,0,0,0
1,86,295,0,9,0
1,86,296,0,9,0
1,86,297,0,9,0
1,86,298,0,0,0
1,86,299,0,15,0
1,86,300,0,0,0
1,86,301,0,9,0
1,86,302,0,9,0
1,86,303,0,9,0
1,86,304,0,0,0
1,86,305,0,15,0
1,86,306,0,0,0
1,86,307,0,9,0
1,86,308,0,9,0
1,86,309,0,9,0
1,86,310,0,0,0
1,86,311,0,15,0
1,86,312,0,0,0
1,86,313,0,9,0
1,86,314,0,9,0
1,86,315,0,9,0
1,86,316,0,0,0
1,86,317,0,15,0
1,86,318,0,0,0
1,86,319,0,9,0
1,86,320,0,9,0
1,86,321,0,9,0
1,86,322,0,0,0
1,86,323,0,15,0
1,86,324,0,0,0
1,86,325,0,9,0
1,86,326,0,9,0
1,86,327,0,9,0
1,87,88,9,11,0
1,87,89,9,8,0
1,87,90,9,0,0
1,87,91,9,9,0
1,87,92,9,17,0
1,87,93,9,0,0
1,87,94,9,9,0
1,87,95,9,0,0
1,87,96,9,9,0
1,87,97,9,17,0
1,87,98,9,0,0
1,87,99,9,9,0
1,87,100,9,9,0
1,87,101,9,16,0
1,87,102,9,8,0
1,87,103,9,0,0
1,87,104,9,9,0
1,87,105,9,16,0
1,87,106,9,8,0
1,87,107,9,0,0
1,87,108,9,9,0
1,87,109,9,11,0
1,87,110,9,8,0
1,87,111,9,0,0
1,87,112,9,9,0
1,87,113,9,17,0
1,87,114,9,0,0
1,87,115,9,9,0
1,87,116,9,0,0
1,87,117,9,9,0
1,87,118,9,17,0
1,87,119,9,0,0
1,87,120,9,9,0
1,87,121,9,9,0
1,87,122,9,16,0
1,87,123,9,8,0
1,87,124,9,0,0
1,87,125,9,9,0
1,87,126,9,16,0
1,87,127,9,8,0
1,87,128,9,0,0
1,87,129,9,9,0
1,87,130,9,11,0
1,87,131,9,8,0
1,87,132,9,0,0
1,87,133,9,9,0
1,87,134,9,17,0
1,87,135,9,0,0
1,87,136,9,9,0
1,87,137,9,0,0
1,87,138,9,9,0
1,87,139,9,17,0
1,87,140,9,0,0
1,87,141,9,9,0
1,87,142,9,9,0
1,87,143,9,16,0
1,87,144,9,8,0
1,87,145,9,0,0
1,87,146,9,9,0
1,87,147,9,16,0
1,87,148,9,8,0
1,87,149,9,0,0
1,87,150,9,9,0
1,87,151,9,11,0
1,87,152,9,8,0
1,87,153,9,0,0
1,87,154,9,9,0
1,87,155,9,17,0
1,87,156,9,0,0
1,87,157,9,9,0
1,87,158,9,0,0
1,87,159,9,9,0
1,87,160,9,17,0
1,87,161,9,0,0
1,87,162,9,9,0
1,87,163,9,9,0
1,87,164,9,16,0
1,87,165,9,8,0
1,87,166,9,0,0
1,87,167,9,9,0
1,87,168,9,16,0
1,87,169,9,8,0
1,87,170,9,0,0
1,87,171,9,9,0
1,87,172,9,11,0
1,87,173,9,8,0
1,87,174,9,0,0
1,87,175,9,9,0
1,87,176,9,17,0
1,87,177,9,0,0
1,87,178,9,9,0
1,87,179,9,0,0
1,87,180,9,9,0
1,87,181,9,17,0
1,87,182,9,0,0
1,87,183,9,9,0
1,87,184,9,9,0
1,87,185,9,16,0
1,87,186,9,8,0
1,87,187,9,0,0
1,87,188,9,9,0
1,87,189,9,16,0
1,87,190,9,8,0
1,87,191,9,0,0
1,87,192,9,9,0
1,87,193,9,11,0
1,87,194,9,8,0
1,87,195,9,0,0
1,87,196,9,9,0
1,87,197,9,17,0
1,87,198,9,0,0
1,87,199,9,9,0
1,87,200,9,0,0
1,87,201,9,9,0
1,87,202,9,17,0
1,87,203,9,0,0
1,87,204,9,9,0
1,87,205,9,9,0
1,87,206,9,16,0
1,87,207,9,8,0
1,87,208,9,0,0
1,87,209,9,9,0
1,87,210,9,16,0
1,87,211,9,8,0
1,87,212,9,0,0
1,87,213,9,9,0
1,87,214,9,11,0
1,87,215,9,8,0
1,87,216,9,0,0
1,87,217,9,9,0
1,87,218,9,17,0
1,87,219,9,0,0
1,87,220,9,9,0
1,87,221,9,0,0
1,87,222,9,9,0
1,87,223,9,17,0
1,87,224,9,0,0
1,87,225,9,9,0
1,87,226,9,9,0
1,87,227,9,16,0
1,87,228,9,8,0
1,87,229,9,0,0
1,87,230,9,9,0
1,87,231,9,16,0
1,87,232,9,8,0
1,87,233,9,0,0
1,87,234,9,9,0
1,87,235,9,11,0
1,87,236,9,8,0
1,87,237,9,0,0
1,87,238,9,9,0
1,87,239,9,17,0
1,87,240,9,0,0
1,87,241,9,9,0
1,87,242,9,0,0
1,87,243,9,9,0
1,87,244,9,17,0
1,87,245,9,0,0
1,87,246,9,9,0
1,87,247,9,9,0
1,87,248,9,16,0
1,87,249,9,8,0
1,87,250,9,0,0
1,87,251,9,9,0
1,87,252,9,16,0
1,87,253,9,8,0
1,87,254,9,0,0
1,87,255,9,9,0
1,87,256,9,11,0
1,87,257,9,8,0
1,87,258,9,0,0
1,87,259,9,9,0
1,87,260,9,16,0
1,87,261,9,8,0
1,87,262,9,0,0
1,87,263,9,15,0
1,87,264,9,0,0
1,87,265,9,9,0
1,87,266,9,9,0
1,87,267,9,9,0
1,87,268,9,0,0
1,87,269,9,15,0
1,87,270,9,0,0
1,87,271,9,9,0
1,87,272,9,9,0
1,87,273,9,9,0
1,87,274,9,0,0
1,87,275,9,15,0
1,87,276,9,0,0
1,87,277,9,9,0
1,87,278,9,9,0
1,87,279,9,9,0
1,87,280,9,0,0
1,87,281,9,15,0
1,87,282,9,0,0
1,87,283,9,9,0
1,87,284,9,9,0
1,87,285,9,9,0
1,87,286,9,0,0
1,87,287,9,15,0
1,87,288,9,0,0
1,87,289,9,9,0
1,87,290,9,9,0
1,87,291,9,9,0
1,87,292,9,0,0
1,87,293,9,15,0
1,87,294,9,0,0
1,87,295,9,9,0
1,87,296,9,9,0
1,87,297,9,9,0
1,87,298,9,0,0
1,87,299,9,15,0
1,87,300,9,0,0
1,87,301,9,9,0
1,87,302,9,9,0
1,87,303,9,9,0
1,87,304,9,0,0
1,87,305,9,15,0
1,87,306,9,0,0
1,87,307,9,9,0
1,87,308,9,9,0
1,87,309,9,9,0
1,87,310,9,0,0
1,87,311,9,15,0
1,87,312,9,0,0
1,87,313,9,9,0
1,87,314,9,9,0
1,87,315,9,9,0
1,87,316,9,0,0
1,87,317,9,15,0
1,87,318,9,0,0
1,87,319,9,9,0
1,87,320,9,9,0
1,87,321,9,9,0
1,87,322,9,0,0
1,87,323,9,15,0
1,87,324,9,0,0
1,87,325,9,9,0
1,87,326,9,9,0
1,87,327,9,9,0
1,88,89,11,8,1
1,88,90,11,0,0
1,88,91,11,9,0
1,88,92,11,17,0
1,88,93,11,0,0
1,88,94,11,9,0
1,88,95,11,0,0
1,88,96,11,9,0
1,88,97,11,17,0
1,88,98,11,0,0
1,88,99,11,9,0
1,88,100,11,9,0
1,88,101,11,16,0
1,88,102,11,8,0
1,88,103,11,0,0
1,88,104,11,9,0
1,88,105,11,16,0
1,88,106,11,8,0
1,88,107,11,0,0
1,88,108,11,9,0
1,88,109,11,11,0
1,88,110,11,8,0
1,88,111,11,0,0
1,88,112,11,9,0
1,88,113,11,17,0
1,88,114,11,0,0
1,88,115,11,9,0
1,88,116,11,0,0
1,88,117,11,9,0
1,88,118,11,17,0
1,88,119,11,0,0
1,88,120,11,9,0
1,88,121,11,9,0
1,88,122,11,16,0
1,88,123,11,8,0
1,88,124,11,0,0
1,88,125,11,9,0
1,88,126,11,16,0
1,88,127,11,8,0
1,88,128,11,0,0
1,88,129,11,9,0
1,88,130,11,11,0
1,88,131,11,8,0
1,88,132,11,0,0
1,88,133,11,9,0
1,88,134,11,17,0
1,88,135,11,0,0
1,88,136,11,9,0
1,88,137,11,0,0
1,88,138,11,9,0
1,88,139,11,17,0
1,88,140,11,0,0
1,88,141,11,9,0
1,88,142,11,9,0
1,88,143,11,16,0
1,88,144,11,8,0
1,88,145,11,0,0
1,88,146,11,9,0
1,88,147,11,16,0
1,88,148,11,8,0
1,88,149,11,0,0
1,88,150,11,9,0
1,88,151,11,11,0
1,88,152,11,8,0
1,88,153,11,0,0
1,88,154,11,9,0
1,88,155,11,17,0
1,88,156,11,0,0
1,88,157,11,9,0
1,88,158,11,0,0
1,88,159,11,9,0
1,88,160,11,17,0
1,88,161,11,0,0
1,88,162,11,9,0
1,88,163,11,9,0
1,88,164,11,16,0
1,88,165,11,8,0
1,88,166,11,0,0
1,88,167,11,9,0
1,88,168,11,16,0
1,88,169,11,8,0
1,88,170,11,0,0
1,88,171,11,9,0
1,88,172,11,11,0
1,88,173,11,8,0
1,88,174,11,0,0
1,88,175,11,9,0
1,88,176,11,17,0
1,88,177,11,0,0
1,88,178,11,9,0
1,88,179,11,0,0
1,88,180,11,9,0
1,88,181,11,17,0
1,88,182,11,0,0
1,88,183,11,9,0
1,88,184,11,9,0
1,88,185,11,16,0
1,88,186,11,8,0
1,88,187,11,0,0
1,88,188,11,9,0
1,88,189,11,16,0
1,88,190,11,8,0
1,88,191,11,0,0
1,88,192,11,9,0
1,88,193,11,11,0
1,88,194,11,8,0
1,88,195,11,0,0
1,88,196,11,9,0
1,88,197,11,17,0
1,88,198,11,0,0
1,88,199,11,9,0
1,88,200,11,0,0
1,88,201,11,9,0
1,88,202,11,17,0
1,88,203,11,0,0
1,88,204,11,9,0
1,88,205,11,9,0
1,88,206,11,16,0
1,88,207,11,8,0
1,88,208,11,0,0
1,88,209,11,9,0
1,88,210,11,16,0
1,88,211,11,8,0
1,88,212,11,0,0
1,88,213,11,9,0
1,88,214,11,11,0
1,88,215,11,8,0
1,88,216,11,0,0
1,88,217,11,9,0
1,88,218,11,17,0
1,88,219,11,0,0
1,88,220,11,9,0
1,88,221,11,0,0
1,88,222,11,9,0
1,88,223,11,17,0
1,88,224,11,0,0
1,88,225,11,9,0
1,88,226,11,9,0
1,88,227,11,16,0
1,88,228,11,8,0
1,88,229,11,0,0
1,88,230,11,9,0
1,88,231,11,16,0
1,88,232,11,8,0
1,88,233,11,0,0
1,88,234,11,9,0
1,88,235,11,11,0
1,88,236,11,8,0
1,88,237,11,0,0
1,88,238,11,9,0
1,88,239,11,17,0
1,88,240,11,0,0
1,88,241,11,9,0
1,88,242,11,0,0
1,88,243,11,9,0
1,88,244,11,17,0
1,88,245,11,0,0
1,88,246,11,9,0
1,88,247,11,9,0
1,88,248,11,16,0
1,88,249,11,8,0
1,88,250,11,0,0
1,88,251,11,9,0
1,88,252,11,16,0
1,88,253,11,8,0
1,88,254,11,0,0
1,88,255,11,9,0
1,88,256,11,11,0
1,88,257,11,8,0
1,88,258,11,0,0
1,88,259,11,9,0
1,88,260,11,16,0
1,88,261,11,8,0
1,88,262,11,0,0
1,88,263,11,15,0
1,88,264,11,0,0
1,88,265,11,9,0
1,88,266,11,9,0
1,88,267,11,9,0
1,88,268,11,0,0
1,88,269,11,15,0
1,88,270,11,0,0
1,88,271,11,9,0
1,88,272,11,9,0
1,88,273,11,9,0
1,88,274,11,0,0
1,88,275,11,15,0
1,88,276,11,0,0
1,88,277,11,9,0
1,88,278,11,9,0
1,88,279,11,9,0
1,88,280,11,0,0
1,88,281,11,15,0
1,88,282,11,0,0
1,88,283,11,9,0
1,88,284,11,9,0
1,88,285,11,9,0
1,88,286,11,0,0
1,88,287,11,15,0
1,88,288,11,0,0
1,88,289,11,9,0
1,88,290,11,9,0
1,88,291,11,9,0
1,88,292,11,0,0
1,88,293,11,15,0
1,88,294,11,0,0
1,88,295,11,9,0
1,88,296,11,9,0
1,88,297,11,9,0
1,88,298,11,0,0
1,88,299,11,15,0
1,88,300,11,0,0
1,88,301,11,9,0
1,88,302,11,9,0
1,88,303,11,9,0
1,88,304,11,0,0
1,88,305,11,15,0
1,88,306,11,0,0
1,88,307,11,9,0
1,88,308,11,9,0
1,88,309,11,9,0
1,88,310,11,0,1
1,88,311,11,15,0
1,88,312,11,0,0
1,88,313,11,9,0
1,88,314,11,9,0
1,88,315,11,9,0
1,88,316,11,0,0
1,88,317,11,15,0
1,88,318,11,0,0
1,88,319,11,9,0
1,88,320,11,9,0
1,88,321,11,9,0
1,88,322,11,0,0
1,88,323,11,15,0
1,88,324,11,0,0
1,88,325,11,9,0
1,88,326,11,9,0
1,88,327,11,9,0
1,89,90,8,0,0
1,89,91,8,9,0
1,89,92,8,17,0
1,89,93,8,0,0
1,89,94,8,9,0
1,89,95,8,0,0
1,89,96,8,9,0
1,89,97,8,17,0
1,89,98,8,0,0
1,89,99,8,9,0
1,89,100,8,9,0
1,89,101,8,16,0
1,89,102,8,8,0
1,89,103,8,0,0
1,89,104,8,9,0
1,89,105,8,16,0
1,89,106,8,8,0
1,89,107,8,0,0
1,89,108,8,9,0
1,89,109,8,11,0
1,89,110,8,8,0
1,89,111,8,0,0
1,89,112,8,9,0
1,89,113,8,17,0
1,89,114,8,0,0
1,89,115,8,9,0
1,89,116,8,0,0
1,89,117,8,9,0
1,89,118,8,17,0
1,89,119,8,0,0
1,89,120,8,9,0
1,89,121,8,9,0
1,89,122,8,16,0
1,89,123,8,8,0
1,89,124,8,0,0
1,89,125,8,9,0
1,89,126,8,16,0
1,89,127,8,8,0
1,89,128,8,0,0
1,89,129,8,9,0
1,89,130,8,11,0
1,89,131,8,8,0
1,89,132,8,0,0
1,89,133,8,9,0
1,89,134,8,17,0
1,89,135,8,0,0
1,89,136,8,9,0
1,89,137,8,0,0
1,89,138,8,9,0
1,89,139,8,17,0
1,89,140,8,0,0
1,89,141,8,9,0
1,89,142,8,9,0
1,89,143,8,16,0
1,89,144,8,8,0
1,89,145,8,0,0
1,89,146,8,9,0
1,89,147,8,16,0
1,89,148,8,8,0
1,89,149,8,0,0
1,89,150,8,9,0
1,89,151,8,11,0
1,89,152,8,8,0
1,89,153,8,0,0
1,89,154,8,9,0
1,89,155,8,17,0
1,89,156,8,0,0
1,89,157,8,9,0
1,89,158,8,0,0
1,89,159,8,9,0
1,89,160,8,17,0
1,89,161,8,0,0
1,89,162,8,9,0
1,89,163,8,9,0
1,89,164,8,16,0
1,89,165,8,8,0
1,89,166,8,0,0
1,89,167,8,9,0
1,89,168,8,16,0
1,89,169,8,8,0
1,89,170,8,0,0
1,89,171,8,9,0
1,89,172,8,11,0
1,89,173,8,8,0
1,89,174,8,0,0
1,89,175,8,9,0
1,89,176,8,17,0
1,89,177,8,0,0
1,89,178,8,9,0
1,89,179,8,0,0
1,89,180,8,9,0
1,89,181,8,17,0
1,89,182,8,0,0
1,89,183,8,9,0
1,89,184,8,9,0
1,89,185,8,16,0
1,89,186,8,8,0
1,89,187,8,0,0
1,89,188,8,9,0
1,89,189,8,16,0
1,89,190,8,8,0
1,89,191,8,0,0
1,89,192,8,9,0
1,89,193,8,11,0
1,89,194,8,8,0
1,89,195,8,0,0
1,89,196,8,9,0
1,89,197,8,17,0
1,89,198,8,0,0
1,89,199,8,9,0
1,89,200,8,0,0
1,89,201,8,9,0
1,89,202,8,17,0
1,89,203,8,0,0
1,89,204,8,9,0
1,89,205,8,9,0
1,89,206,8,16,0
1,89,207,8,8,0
1,89,208,8,0,0
1,89,209,8,9,0
1,89,210,8,16,0
1,89,211,8,8,0
1,89,212,8,0,0
1,89,213,8,9,0
1,89,214,8,11,0
1,89,215,8,8,0
1,89,216,8,0,0
1,89,217,8,9,0
1,89,218,8,17,0
1,89,219,8,0,0
1,89,220,8,9,0
1,89,221,8,0,0
1,89,222,8,9,0
1,89,223,8,17,0
1,89,224,8,0,0
1,89,225,8,9,0
1,89,226,8,9,0
1,89,227,8,16,0
1,89,228,8,8,0
1,89,229,8,0,0
1,89,230,8,9,0
1,89,231,8,16,0
1,89,232,8,8,0
1,89,233,8,0,0
1,89,234,8,9,0
1,89,235,8,11,0
1,89,236,8,8,0
1,89,237,8,0,0
1,89,238,8,9,0
1,89,239,8,17,0
1,89,240,8,0,0
1,89,241,8,9,0
1,89,242,8,0,0
1,89,243,8,9,0
1,89,244,8,17,0
1,89,245,8,0,0
1,89,246,8,9,0
1,89,247,8,9,0
1,89,248,8,16,0
1,89,249,8,8,0
1,89,250,8,0,0
1,89,251,8,9,0
1,89,252,8,16,0
1,89,253,8,8,0
1,89,254,8,0,0
1,89,255,8,9,0
1,89,256,8,11,0
1,89,257,8,8,0
1,89,258,8,0,0
1,89,259,8,9,0
1,89,260,8,16,0
1,89,261,8,8,0
1,89,262,8,0,0
1,89,263,8,15,0
1,89,264,8,0,0
1,89,265,8,9,0
1,89,266,8,9,0
1,89,267,8,9,0
1,89,268,8,0,0
1,89,269,8,15,0
1,89,270,8,0,0
1,89,271,8,9,0
1,89,272,8,9,0
1,89,273,8,9,0
1,89,274,8,0,0
1,89,275,8,15,0
1,89,276,8,0,0
1,89,277,8,9,0
1,89,278,8,9,0
1,89,279,8,9,0
1,89,280,8,0,0
1,89,281,8,15,0
1,89,282,8,0,0
1,89,283,8,9,0
1,89,284,8,9,0
1,89,285,8,9,0
1,89,286,8,0,0
1,89,287,8,15,0
1,89,288,8,0,0
1,89,289,8,9,0
1,89,290,8,9,0
1,89,291,8,9,0
1,89,292,8,0,0
1,89,293,8,15,0
1,89,294,8,0,0
1,89,295,8,9,0
1,89,296,8,9,0
1,89,297,8,9,0
1,89,298,8,0,0
1,89,299,8,15,0
1,89,300,8,0,0
1,89,301,8,9,0
1,89,302,8,9,0
1,89,303,8,9,0
1,89,304,8,0,0
1,89,305,8,15,0
1,89,306,8,0,0
1,89,307,8,9,0
1,89,308,8,9,0
1,89,309,8,9,0
1,89,310,8,0,0
1,89,311,8,15,0
1,89,312,8,0,0
1,89,313,8,9,0
1,89,314,8,9,0
1,89,315,8,9,0
1,89,316,8,0,0
1,89,317,8,15,0
1,89,318,8,0,0
1,89,319,8,9,0
1,89,320,8,9,0
1,89,321,8,9,0
1,89,322,8,0,0
1,89,323,8,15,0
1,89,324,8,0,0
1,89,325,8,9,0
1,89,326,8,9,0
1,89,327,8,9,0
1,90,91,0,9,1
1,90,92,0,17,1
1,90,93,0,0,0
1,90,94,0,9,0
1,90,95,0,0,0
1,90,96,0,9,0
1,90,97,0,17,0
1,90,98,0,0,0
1,90,99,0,9,0
1,90,100,0,9,0
1,90,101,0,16,0
1,90,102,0,8,0
1,90,103,0,0,0
1,90,104,0,9,0
1,90,105,0,16,0
1,90,106,0,8,0
1,90,107,0,0,0
1,90,108,0,9,0
1,90,109,0,11,0
1,90,110,0,8,0
1,90,111,0,0,0
1,90,112,0,9,0
1,90,113,0,17,0
1,90,114,0,0,0
1,90,115,0,9,0
1,90,116,0,0,0
1,90,117,0,9,0
1,90,118,0,17,0
1,90,119,0,0,0
1,90,120,0,9,0
1,90,121,0,9,0
1,90,122,0,16,0
1,90,123,0,8,0
1,90,124,0,0,0
1,90,125,0,9,0
1,90,126,0,16,0
1,90,127,0,8,0
1,90,128,0,0,0
1,90,129,0,9,0
1,90,130,0,11,0
1,90,131,0,8,0
1,90,132,0,0,0
1,90,133,0,9,0
1,90,134,0,17,0
1,90,135,0,0,0
1,90,136,0,9,0
1,90,137,0,0,0
1,90,138,0,9,0
1,90,139,0,17,0
1,90,140,0,0,0
1,90,141,0,9,0
1,90,142,0,9,0
1,90,143,0,16,0
1,90,144,0,8,0
1,90,145,0,0,0
1,90,146,0,9,0
1,90,147,0,16,0
1,90,148,0,8,0
1,90,149,0,0,0
1,90,150,0,9,0
1,90,151,0,11,0
1,90,152,0,8,0
1,90,153,0,0,0
1,90,154,0,9,0
1,90,155,0,17,0
1,90,156,0,0,0
1,90,157,0,9,0
1,90,158,0,0,0
1,90,159,0,9,0
1,90,160,0,17,0
1,90,161,0,0,0
1,90,162,0,9,0
1,90,163,0,9,0
1,90,164,0,16,0
1,90,165,0,8,0
1,90,166,0,0,0
1,90,167,0,9,0
1,90,168,0,16,0
1,90,169,0,8,0
1,90,170,0,0,0
1,90,171,0,9,0
1,90,172,0,11,0
1,90,173,0,8,0
1,90,174,0,0,0
1,90,175,0,9,0
1,90,176,0,17,0
1,90,177,0,0,0
1,90,178,0,9,0
1,90,179,0,0,0
1,90,180,0,9,0
1,90,181,0,17,0
1,90,182,0,0,0
1,90,183,0,9,0
1,90,184,0,9,0
1,90,185,0,16,0
1,90,186,0,8,0
1,90,187,0,0,0
1,90,188,0,9,0
1,90,189,0,16,0
1,90,190,0,8,0
1,90,191,0,0,0
1,90,192,0,9,0
1,90,193,0,11,0
1,90,194,0,8,0
1,90,195,0,0,0
1,90,196,0,9,0
1,90,197,0,17,0
1,90,198,0,0,0
1,90,199,0,9,0
1,90,200,0,0,0
1,90,201,0,9,0
1,90,202,0,17,0
1,90,203,0,0,0
1,90,204,0,9,0
1,90,205,0,9,0
1,90,206,0,16,0
1,90,207,0,8,0
1,90,208,0,0,0
1,90,209,0,9,0
1,90,210,0,16,0
1,90,211,0,8,0
1,90,212,0,0,0
1,90,213,0,9,0
1,90,214,0,11,0
1,90,215,0,8,0
1,90,216,0,0,0
1,90,217,0,9,0
1,90,218,0,17,0
1,90,219,0,0,0
1,90,220,0,9,0
1,90,221,0,0,0
1,90,222,0,9,0
1,90,223,0,17,0
1,90,224,0,0,0
1,90,225,0,9,0
1,90,226,0,9,0
1,90,227,0,16,0
1,90,228,0,8,0
1,90,229,0,0,0
1,90,230,0,9,0
1,90,231,0,16,0
1,90,232,0,8,0
1,90,233,0,0,0
1,90,234,0,9,0
1,90,235,0,11,0
1,90,236,0,8,0
1,90,237,0,0,0
1,90,238,0,9,0
1,90,239,0,17,0
1,90,240,0,0,0
1,90,241,0,9,0
1,90,242,0,0,0
1,90,243,0,9,0
1,90,244,0,17,0
1,90,245,0,0,0
1,90,246,0,9,0
1,90,247,0,9,0
1,90,248,0,16,0
1,90,249,0,8,0
1,90,250,0,0,0
1,90,251,0,9,0
1,90,252,0,16,0
1,90,253,0,8,0
1,90,254,0,0,0
1,90,255,0,9,0
1,90,256,0,11,0
1,90,257,0,8,0
1,90,258,0,0,0
1,90,259,0,9,0
1,90,260,0,16,0
1,90,261,0,8,0
1,90,262,0,0,0
1,90,263,0,15,0
1,90,264,0,0,0
1,90,265,0,9,0
1,90,266,0,9,0
1,90,267,0,9,0
1,90,268,0,0,0
1,90,269,0,15,0
1,90,270,0,0,0
1,90,271,0,9,0
1,90,272,0,9,0
1,90,273,0,9,0
1,90,274,0,0,0
1,90,275,0,15,0
1,90,276,0,0,0
1,90,277,0,9,0
1,90,278,0,9,0
1,90,279,0,9,0
1,90,280,0,0,0
1,90,281,0,15,0
1,90,282,0,0,0
1,90,283,0,9,0
1,90,284,0,9,0
1,90,285,0,9,0
1,90,286,0,0,0
1,90,287,0,15,0
1,90,288,0,0,0
1,90,289,0,9,0
1,90,290,0,9,0
1,90,291,0,9,0
1,90,292,0,0,0
1,90,293,0,15,0
1,90,294,0,0,0
1,90,295,0,9,0
1,90,296,0,9,0
1,90,297,0,9,0
1,90,298,0,0,0
1,90,299,0,15,0
1,90,300,0,0,0
1,90,301,0,9,0
1,90,302,0,9,0
1,90,303,0,9,0
1,90,304,0,0,0
1,90,305,0,15,0
1,90,306,0,0,0
1,90,307,0,9,0
1,90,308,0,9,0
1,90,309,0,9,0
1,90,310,0,0,0
1,90,311,0,15,0
1,90,312,0,0,0
1,90,313,0,9,0
1,90,314,0,9,0
1,90,315,0,9,0
1,90,316,0,0,0
1,90,317,0,15,0
1,90,318,0,0,0
1,90,319,0,9,0
1,90,320,0,9,0
1,90,321,0,9,0
1,90,322,0,0,0
1,90,323,0,15,0
1,90,324,0,0,0
1,90,325,0,9,0
1,90,326,0,9,0
1,90,327,0,9,0
1,91,92,9,17,0
1,91,93,9,0,0
1,91,94,9,9,0
1,91,95,9,0,0
1,91,96,9,9,0
1,91,97,9,17,0
1,91,98,9,0,0
1,91,99,9,9,0
1,91,100,9,9,0
1,91,101,9,16,0
1,91,102,9,8,0
1,91,103,9,0,0
1,91,104,9,9,0
1,91,105,9,16,0
1,91,106,9,8,0
1,91,107,9,0,0
1,91,108,9,9,0
1,91,109,9,11,0
1,91,110,9,8,0
1,91,111,9,0,0
1,91,112,9,9,0
1,91,113,9,17,0
1,91,114,9,0,0
1,91,115,9,9,0
1,91,116,9,0,0
1,91,117,9,9,0
1,91,118,9,17,0
1,91,119,9,0,0
1,91,120,9,9,0
1,91,121,9,9,0
1,91,122,9,16,0
1,91,123,9,8,0
1,91,124,9,0,0
1,91,125,9,9,0
1,91,126,9,16,0
1,91,127,9,8,0
1,91,128,9,0,0
1,91,129,9,9,0
1,91,130,9,11,0
1,91,131,9,8,0
1,91,132,9,0,0
1,91,133,9,9,0
1,91,134,9,17,0
1,91,135,9,0,0
1,91,136,9,9,0
1,91,137,9,0,0
1,91,138,9,9,0
1,91,139,9,17,0
1,91,140,9,0,0
1,91,141,9,9,0
1,91,142,9,9,0
1,91,143,9,16,0
1,91,144,9,8,0
1,91,145,9,0,0
1,91,146,9,9,0
1,91,147,9,16,0
1,91,148,9,8,0
1,91,149,9,0,0
1,91,150,9,9,0
1,91,151,9,11,0
1,91,152,9,8,0
1,91,153,9,0,0
1,91,154,9,9,0
1,91,155,9,17,0
1,91,156,9,0,0
1,91,157,9,9,0
1,91,158,9,0,0
1,91,159,9,9,0
1,91,160,9,17,0
1,91,161,9,0,0
1,91,162,9,9,0
1,91,163,9,9,0
1,91,164,9,16,0
1,91,165,9,8,0
1,91,166,9,0,0
1,91,167,9,9,0
1,91,168,9,16,0
1,91,169,9,8,0
1,91,170,9,0,0
1,91,171,9,9,0
1,91,172,9,11,0
1,91,173,9,8,0
1,91,174,9,0,0
1,91,175,9,9,0
1,91,176,9,17,0
1,91,177,9,0,0
1,91,178,9,9,0
1,91,179,9,0,0
1,91,180,9,9,0
1,91,181,9,17,0
1,91,182,9,0,0
1,91,183,9,9,0
1,91,184,9,9,0
1,91,185,9,16,0
1,91,186,9,8,0
1,91,187,9,0,0
1,91,188,9,9,0
1,91,189,9,16,0
1,91,190,9,8,0
1,91,191,9,0,0
1,91,192,9,9,0
1,91,193,9,11,0
1,91,194,9,8,0
1,91,195,9,0,0
1,91,196,9,9,0
1,91,197,9,17,0
1,91,198,9,0,0
1,91,199,9,9,0
1,91,200,9,0,0
1,91,201,9,9,0
1,91,202,9,17,0
1,91,203,9,0,0
1,91,204,9,9,0
1,91,205,9,9,0
1,91,206,9,16,0
1,91,207,9,8,0
1,91,208,9,0,0
1,91,209,9,9,0
1,91,210,9,16,0
1,91,211,9,8,0
1,91,212,9,0,0
1,91,213,9,9,0
1,91,214,9,11,0
1,91,215,9,8,0
1,91,216,9,0,0
1,91,217,9,9,0
1,91,218,9,17,0
1,91,219,9,0,0
1,91,220,9,9,0
1,91,221,9,0,0
1,91,222,9,9,0
1,91,223,9,17,0
1,91,224,9,0,0
1,91,225,9,9,0
1,91,226,9,9,0
1,91,227,9,16,0
1,91,228,9,8,0
1,91,229,9,0,0
1,91,230,9,9,0
1,91,231,9,16,0
1,91,232,9,8,0
1,91,233,9,0,0
1,91,234,9,9,0
1,91,235,9,11,0
1,91,236,9,8,0
1,91,237,9,0,0
1,91,238,9,9,0
1,91,239,9,17,0
1,91,240,9,0,0
1,91,241,9,9,0
1,91,242,9,0,0
1,91,243,9,9,0
1,91,244,9,17,0
1,91,245,9,0,0
1,91,246,9,9,0
1,91,247,9,9,0
1,91,248,9,16,0
1,91,249,9,8,0
1,91,250,9,0,0
1,91,251,9,9,0
1,91,252,9,16,0
1,91,253,9,8,0
1,91,254,9,0,0
1,91,255,9,9,0
1,91,256,9,11,0
1,91,257,9,8,0
1,91,258,9,0,0
1,91,259,9,9,0
1,91,260,9,16,0
1,91,261,9,8,0
1,91,262,9,0,0
1,91,263,9,15,0
1,91,264,9,0,0
1,91,265,9,9,0
1,91,266,9,9,0
1,91,267,9,9,0
1,91,268,9,0,0
1,91,269,9,15,0
1,91,270,9,0,0
1,91,271,9,9,0
1,91,272,9,9,0
1,91,273,9,9,0
1,91,274,9,0,0
1,91,275,9,15,0
1,91,276,9,0,0
1,91,277,9,9,0
1,91,278,9,9,0
1,91,279,9,9,0
1,91,280,9,0,0
1,91,281,9,15,0
1,91,282,9,0,0
1,91,283,9,9,0
1,91,284,9,9,0
1,91,285,9,9,0
1,91,286,9,0,0
1,91,287,9,15,0
1,91,288,9,0,0
1,91,289,9,9,0
1,91,290,9,9,0
1,91,291,9,9,0
1,91,292,9,0,0
1,91,293,9,15,0
1,91,294,9,0,0
1,91,295,9,9,0
1,91,296,9,9,0
1,91,297,9,9,0
1,91,298,9,0,0
1,91,299,9,15,0
1,91,300,9,0,0
1,91,301,9,9,0
1,91,302,9,9,0
1,91,303,9,9,0
1,91,304,9,0,0
1,91,305,9,15,0
1,91,306,9,0,0
1,91,307,9,9,0
1,91,308,9,9,0
1,91,309,9,9,0
1,91,310,9,0,0
1,91,311,9,15,0
1,91,312,9,0,0
1,91,313,9,9,0
1,91,314,9,9,0
1,91,315,9,9,0
1,91,316,9,0,0
1,91,317,9,15,0
1,91,318,9,0,0
1,91,319,9,9,0
1,91,320,9,9,0
1,91,321,9,9,0
1,91,322,9,0,0
1,91,323,9,15,0
1,91,324,9,0,0
1,91,325,9,9,0
1,91,326,9,9,0
1,91,327,9,9,0
1,92,93,17,0,1
1,92,94,17,9,0
1,92,95,17,0,0
1,92,96,17,9,0
1,92,97,17,17,0
1,92,98,17,0,0
1,92,99,17,9,0
1,92,100,17,9,0
1,92,101,17,16,0
1,92,102,17,8,0
1,92,103,17,0,0
1,92,104,17,9,0
1,92,105,17,16,0
1,92,106,17,8,0
1,92,107,17,0,0
1,92,108,17,9,0
1,92,109,17,11,0
1,92,110,17,8,0
1,92,111,17,0,0
1,92,112,17,9,0
1,92,113,17,17,0
1,92,114,17,0,0
1,92,115,17,9,0
1,92,116,17,0,0
1,92,117,17,9,0
1,92,118,17,17,0
1,92,119,17,0,0
1,92,120,17,9,0
1,92,121,17,9,0
1,92,122,17,16,0
1,92,123,17,8,0
1,92,124,17,0,0
1,92,125,17,9,0
1,92,126,17,16,0
1,92,127,17,8,0
1,92,128,17,0,0
1,92,129,17,9,0
1,92,130,17,11,0
1,92,131,17,8,0
1,92,132,17,0,0
1,92,133,17,9,0
1,92,134,17,17,0
1,92,135,17,0,0
1,92,136,17,9,0
1,92,137,17,0,0
1,92,138,17,9,0
1,92,139,17,17,0
1,92,140,17,0,0
1,92,141,17,9,0
1,92,142,17,9,0
1,92,143,17,16,0
1,92,144,17,8,0
1,92,145,17,0,0
1,92,146,17,9,0
1,92,147,17,16,0
1,92,148,17,8,0
1,92,149,17,0,0
1,92,150,17,9,0
1,92,151,17,11,0
1,92,152,17,8,0
1,92,153,17,0,0
1,92,154,17,9,0
1,92,155,17,17,0
1,92,156,17,0,0
1,92,157,17,9,0
1,92,158,17,0,0
1,92,159,17,9,0
1,92,160,17,17,0
1,92,161,17,0,0
1,92,162,17,9,0
1,92,163,17,9,0
1,92,164,17,16,0
1,92,165,17,8,0
1,92,166,17,0,0
1,92,167,17,9,0
1,92,168,17,16,0
1,92,169,17,8,0
1,92,170,17,0,0
1,92,171,17,9,0
1,92,172,17,11,0
1,92,173,17,8,0
1,92,174,17,0,0
1,92,175,17,9,0
1,92,176,17,17,0
1,92,177,17,0,0
1,92,178,17,9,0
1,92,179,17,0,0
1,92,180,17,9,0
1,92,181,17,17,0
1,92,182,17,0,0
1,92,183,17,9,0
1,92,184,17,9,0
1,92,185,17,16,0
1,92,186,17,8,0
1,92,187,17,0,0
1,92,188,17,9,0
1,92,189,17,16,0
1,92,190,17,8,0
1,92,191,17,0,0
1,92,192,17,9,0
1,92,193,17,11,0
1,92,194,17,8,0
1,92,195,17,0,0
1,92,196,17,9,0
1,92,197,17,17,0
1,92,198,17,0,0
1,92,199,17,9,0
1,92,200,17,0,0
1,92,201,17,9,0
1,92,202,17,17,0
1,92,203,17,0,0
1,92,204,17,9,0
1,92,205,17,9,0
1,92,206,17,16,0
1,92,207,17,8,0
1,92,208,17,0,0
1,92,209,17,9,0
1,92,210,17,16,0
1,92,211,17,8,0
1,92,212,17,0,0
1,92,213,17,9,0
1,92,214,17,11,0
1,92,215,17,8,0
1,92,216,17,0,0
1,92,217,17,9,0
1,92,218,17,17,0
1,92,219,17,0,0
1,92,220,17,9,0
1,92,221,17,0,0
1,92,222,17,9,0
1,92,223,17,17,0
1,92,224,17,0,0
1,92,225,17,9,0
1,92,226,17,9,0
1,92,227,17,16,0
1,92,228,17,8,0
1,92,229,17,0,0
1,92,230,17,9,0
1,92,231,17,16,0
1,92,232,17,8,0
1,92,233,17,0,0
1,92,234,17,9,0
1,92,235,17,11,0
1,92,236,17,8,0
1,92,237,17,0,0
1,92,238,17,9,0
1,92,239,17,17,0
1,92,240,17,0,0
1,92,241,17,9,0
1,92,242,17,0,0
1,92,243,17,9,0
1,92,244,17,17,0
1,92,245,17,0,0
1,92,246,17,9,0
1,92,247,17,9,0
1,92,248,17,16,0
1,92,249,17,8,0
1,92,250,17,0,0
1,92,251,17,9,0
1,92,252,17,16,0
1,92,253,17,8,0
1,92,254,17,0,0
1,92,255,17,9,0
1,92,256,17,11,0
1,92,257,17,8,0
1,92,258,17,0,0
1,92,259,17,9,0
1,92,260,17,16,0
1,92,261,17,8,0
1,92,262,17,0,0
1,92,263,17,15,0
1,92,264,17,0,0
1,92,265,17,9,0
1,92,266,17,9,0
1,92,267,17,9,0
1,92,268,17,0,0
1,92,269,17,15,0
1,92,270,17,0,0
1,92,271,17,9,0
1,92,272,17,9,0
1,92,273,17,9,0
1,92,274,17,0,0
1,92,275,17,15,0
1,92,276,17,0,0
1,92,277,17,9,0
1,92,278,17,9,0
1,92,279,17,9,0
1,92,280,17,0,0
1,92,281,17,15,0
1,92,282,17,0,0
1,92,283,17,9,0
1,92,284,17,9,0
1,92,285,17,9,0
1,92,286,17,0,0
1,92,287,17,15,0
1,92,288,17,0,0
1,92,289,17,9,0
1,92,290,17,9,0
1,92,291,17,9,0
1,92,292,17,0,0
1,92,293,17,15,0
1,92,294,17,0,0
1,92,295,17,9,0
1,92,296,17,9,0
1,92,297,17,9,0
1,92,298,17,0,0
1,92,299,17,15,0
1,92,300,17,0,0
1,92,301,17,9,0
1,92,302,17,9,0
1,92,303,17,9,0
1,92,304,17,0,0
1,92,305,17,15,0
1,92,306,17,0,0
1,92,307,17,9,0
1,92,308,17,9,0
1,92,309,17,9,0
1,92,310,17,0,0
1,92,311,17,15,0
1,92,312,17,0,0
1,92,313,17,9,0
1,92,314,17,9,0
1,92,315,17,9,0
1,92,316,17,0,0
1,92,317,17,15,0
1,92,318,17,0,0
1,92,319,17,9,0
1,92,320,17,9,0
1,92,321,17,9,0
1,92,322,17,0,0
1,92,323,17,15,0
1,92,324,17,0,0
1,92,325,17,9,0
1,92,326,17,9,0
1,92,327,17,9,0
1,93,94,0,9,1
1,93,95,0,0,1
1,93,96,0,9,0
1,93,97,0,17,0
1,93,98,0,0,0
1,93,99,0,9,0
1,93,100,0,9,0
1,93,101,0,16,0
1,93,102,0,8,0
1,93,103,0,0,1
1,93,104,0,9,0
1,93,105,0,16,0
1,93,106,0,8,0
1,93,107,0,0,0
1,93,108,0,9,0
1,93,109,0,11,0
1,93,110,0,8,0
1,93,111,0,0,0
1,93,112,0,9,0
1,93,113,0,17,0
1,93,114,0,0,0
1,93,115,0,9,0
1,93,116,0,0,0
1,93,117,0,9,0
1,93,118,0,17,0
1,93,119,0,0,0
1,93,120,0,9,0
1,93,121,0,9,0
1,93,122,0,16,0
1,93,123,0,8,0
1,93,124,0,0,0
1,93,125,0,9,0
1,93,126,0,16,0
1,93,127,0,8,0
1,93,128,0,0,0
1,93,129,0,9,0
1,93,130,0,11,0
1,93,131,0,8,0
1,93,132,0,0,0
1,93,133,0,9,0
1,93,134,0,17,0
1,93,135,0,0,0
1,93,136,0,9,0
1,93,137,0,0,0
1,93,138,0,9,0
1,93,139,0,17,0
1,93,140,0,0,0
1,93,141,0,9,0
1,93,142,0,9,0
1,93,143,0,16,0
1,93,144,0,8,0
1,93,145,0,0,0
1,93,146,0,9,0
1,93,147,0,16,0
1,93,148,0,8,0
1,93,149,0,0,0
1,93,150,0,9,0
1,93,151,0,11,0
1,93,152,0,8,0
1,93,153,0,0,0
1,93,154,0,9,0
1,93,155,0,17,0
1,93,156,0,0,0
1,93,157,0,9,0
1,93,158,0,0,0
1,93,159,0,9,0
1,93,160,0,17,0
1,93,161,0,0,0
1,93,162,0,9,0
1,93,163,0,9,0
1,93,164,0,16,0
1,93,165,0,8,0
1,93,166,0,0,0
1,93,167,0,9,0
1,93,168,0,16,0
1,93,169,0,8,0
1,93,170,0,0,0
1,93,171,0,9,0
1,93,172,0,11,0
1,93,173,0,8,0
1,93,174,0,0,0
1,93,175,0,9,0
1,93,176,0,17,0
1,93,177,0,0,0
1,93,178,0,9,0
1,93,179,0,0,0
1,93,180,0,9,0
1,93,181,0,17,0
1,93,182,0,0,0
1,93,183,0,9,0
1,93,184,0,9,0
1,93,185,0,16,0
1,93,186,0,8,0
1,93,187,0,0,0
1,93,188,0,9,0
1,93,189,0,16,0
1,93,190,0,8,0
1,93,191,0,0,0
1,93,192,0,9,0
1,93,193,0,11,0
1,93,194,0,8,0
1,93,195,0,0,0
1,93,196,0,9,0
1,93,197,0,17,0
1,93,198,0,0,0
1,93,199,0,9,0
1,93,200,0,0,0
1,93,201,0,9,0
1,93,202,0,17,0
1,93,203,0,0,0
1,93,204,0,9,0
1,93,205,0,9,0
1,93,206,0,16,0
1,93,207,0,8,0
1,93,208,0,0,0
1,93,209,0,9,0
1,93,210,0,16,0
1,93,211,0,8,0
1,93,212,0,0,0
1,93,213,0,9,0
1,93,214,0,11,0
1,93,215,0,8,0
1,93,216,0,0,0
1,93,217,0,9,0
1,93,218,0,17,0
1,93,219,0,0,0
1,93,220,0,9,0
1,93,221,0,0,0
1,93,222,0,9,0
1,93,223,0,17,0
1,93,224,0,0,0
1,93,225,0,9,0
1,93,226,0,9,0
1,93,227,0,16,0
1,93,228,0,8,0
1,93,229,0,0,0
1,93,230,0,9,0
1,93,231,0,16,0
1,93,232,0,8,0
1,93,233,0,0,0
1,93,234,0,9,0
1,93,235,0,11,0
1,93,236,0,8,0
1,93,237,0,0,0
1,93,238,0,9,0
1,93,239,0,17,0
1,93,240,0,0,0
1,93,241,0,9,0
1,93,242,0,0,0
1,93,243,0,9,0
1,93,244,0,17,0
1,93,245,0,0,0
1,93,246,0,9,0
1,93,247,0,9,0
1,93,248,0,16,0
1,93,249,0,8,0
1,93,250,0,0,0
1,93,251,0,9,0
1,93,252,0,16,0
1,93,253,0,8,0
1,93,254,0,0,0
1,93,255,0,9,0
1,93,256,0,11,0
1,93,257,0,8,0
1,93,258,0,0,0
1,93,259,0,9,0
1,93,260,0,16,0
1,93,261,0,8,0
1,93,262,0,0,0
1,93,263,0,15,0
1,93,264,0,0,0
1,93,265,0,9,0
1,93,266,0,9,0
1,93,267,0,9,0
1,93,268,0,0,0
1,93,269,0,15,0
1,93,270,0,0,0
1,93,271,0,9,0
1,93,272,0,9,0
1,93,273,0,9,0
1,93,274,0,0,0
1,93,275,0,15,0
1,93,276,0,0,0
1,93,277,0,9,0
1,93,278,0,9,0
1,93,279,0,9,0
1,93,280,0,0,0
1,93,281,0,15,0
1,93,282,0,0,0
1,93,283,0,9,0
1,93,284,0,9,0
1,93,285,0,9,0
1,93,286,0,0,0
1,93,287,0,15,0
1,93,288,0,0,0
1,93,289,0,9,0
1,93,290,0,9,0
1,93,291,0,9,0
1,93,292,0,0,0
1,93,293,0,15,0
1,93,294,0,0,0
1,93,295,0,9,0
1,93,296,0,9,0
1,93,297,0,9,0
1,93,298,0,0,0
1,93,299,0,15,0
1,93,300,0,0,0
1,93,301,0,9,0
1,93,302,0,9,0
1,93,303,0,9,0
1,93,304,0,0,0
1,93,305,0,15,0
1,93,306,0,0,0
1,93,307,0,9,0
1,93,308,0,9,0
1,93,309,0,9,0
1,93,310,0,0,0
1,93,311,0,15,0
1,93,312,0,0,0
1,93,313,0,9,0
1,93,314,0,9,0
1,93,315,0,9,0
1,93,316,0,0,0
1,93,317,0,15,0
1,93,318,0,0,0
1,93,319,0,9,0
1,93,320,0,9,0
1,93,321,0,9,0
1,93,322,0,0,0
1,93,323,0,15,0
1,93,324,0,0,0
1,93,325,0,9,0
1,93,326,0,9,0
1,93,327,0,9,0
1,94,95,9,0,0
1,94,96,9,9,0
1,94,97,9,17,0
1,94,98,9,0,0
1,94,99,9,9,0
1,94,100,9,9,0
1,94,101,9,16,0
1,94,102,9,8,0
1,94,103,9,0,0
1,94,104,9,9,0
1,94,105,9,16,0
1,94,106,9,8,0
1,94,107,9,0,0
1,94,108,9,9,0
1,94,109,9,11,0
1,94,110,9,8,0
1,94,111,9,0,0
1,94,112,9,9,0
1,94,113,9,17,0
1,94,114,9,0,0
1,94,115,9,9,0
1,94,116,9,0,0
1,94,117,9,9,0
1,94,118,9,17,0
1,94,119,9,0,0
1,94,120,9,9,0
1,94,121,9,9,0
1,94,122,9,16,0
1,94,123,9,8,0
1,94,124,9,0,0
1,94,125,9,9,0
1,94,126,9,16,0
1,94,127,9,8,0
1,94,128,9,0,0
1,94,129,9,9,0
1,94,130,9,11,0
1,94,131,9,8,0
1,94,132,9,0,0
1,94,133,9,9,0
1,94,134,9,17,0
1,94,135,9,0,0
1,94,136,9,9,0
1,94,137,9,0,0
1,94,138,9,9,0
1,94,139,9,17,0
1,94,140,9,0,0
1,94,141,9,9,0
1,94,142,9,9,0
1,94,143,9,16,0
1,94,144,9,8,0
1,94,145,9,0,0
1,94,146,9,9,0
1,94,147,9,16,0
1,94,148,9,8,0
1,94,149,9,0,0
1,94,150,9,9,0
1,94,151,9,11,0
1,94,152,9,8,0
1,94,153,9,0,0
1,94,154,9,9,0
1,94,155,9,17,0
1,94,156,9,0,0
1,94,157,9,9,0
1,94,158,9,0,0
1,94,159,9,9,0
1,94,160,9,17,0
1,94,161,9,0,0
1,94,162,9,9,0
1,94,163,9,9,0
1,94,164,9,16,0
1,94,165,9,8,0
1,94,166,9,0,0
1,94,167,9,9,0
1,94,168,9,16,0
1,94,169,9,8,0
1,94,170,9,0,0
1,94,171,9,9,0
1,94,172,9,11,0
1,94,173,9,8,0
1,94,174,9,0,0
1,94,175,9,9,0
1,94,176,9,17,0
1,94,177,9,0,0
1,94,178,9,9,0
1,94,179,9,0,0
1,94,180,9,9,0
1,94,181,9,17,0
1,94,182,9,0,0
1,94,183,9,9,0
1,94,184,9,9,0
1,94,185,9,16,0
1,94,186,9,8,0
1,94,187,9,0,0
1,94,188,9,9,0
1,94,189,9,16,0
1,94,190,9,8,0
1,94,191,9,0,0
1,94,192,9,9,0
1,94,193,9,11,0
1,94,194,9,8,0
1,94,195,9,0,0
1,94,196,9,9,0
1,94,197,9,17,0
1,94,198,9,0,0
1,94,199,9,9,0
1,94,200,9,0,0
1,94,201,9,9,0
1,94,202,9,17,0
1,94,203,9,0,0
1,94,204,9,9,0
1,94,205,9,9,0
1,94,206,9,16,0
1,94,207,9,8,0
1,94,208,9,0,0
1,94,209,9,9,0
1,94,210,9,16,0
1,94,211,9,8,0
1,94,212,9,0,0
1,94,213,9,9,0
1,94,214,9,11,0
1,94,215,9,8,0
1,94,216,9,0,0
1,94,217,9,9,0
1,94,218,9,17,0
1,94,219,9,0,0
1,94,220,9,9,0
1,94,221,9,0,0
1,94,222,9,9,0
1,94,223,9,17,0
1,94,224,9,0,0
1,94,225,9,9,0
1,94,226,9,9,0
1,94,227,9,16,0
1,94,228,9,8,0
1,94,229,9,0,0
1,94,230,9,9,0
1,94,231,9,16,0
1,94,232,9,8,0
1,94,233,9,0,0
1,94,234,9,9,0
1,94,235,9,11,0
1,94,236,9,8,0
1,94,237,9,0,0
1,94,238,9,9,0
1,94,239,9,17,0
1,94,240,9,0,0
1,94,241,9,9,0
1,94,242,9,0,0
1,94,243,9,9,0
1,94,244,9,17,0
1,94,245,9,0,0
1,94,246,9,9,0
1,94,247,9,9,0
1,94,248,9,16,0
1,94,249,9,8,0
1,94,250,9,0,0
1,94,251,9,9,0
1,94,252,9,16,0
1,94,253,9,8,0
1,94,254,9,0,0
1,94,255,9,9,0
1,94,256,9,11,0
1,94,257,9,8,0
1,94,258,9,0,0
1,94,259,9,9,0
1,94,260,9,16,0
1,94,261,9,8,0
1,94,262,9,0,0
1,94,263,9,15,0
1,94,264,9,0,0
1,94,265,9,9,0
1,94,266,9,9,0
1,94,267,9,9,0
1,94,268,9,0,0
1,94,269,9,15,0
1,94,270,9,0,0
1,94,271,9,9,0
1,94,272,9,9,0
1,94,273,9,9,0
1,94,274,9,0,0
1,94,275,9,15,0
1,94,276,9,0,0
1,94,277,9,9,0
1,94,278,9,9,0
1,94,279,9,9,0
1,94,280,9,0,0
1,94,281,9,15,0
1,94,282,9,0,0
1,94,283,9,9,0
1,94,284,9,9,0
1,94,285,9,9,0
1,94,286,9,0,0
1,94,287,9,15,0
1,94,288,9,0,0
1,94,289,9,9,0
1,94,290,9,9,0
1,94,291,9,9,0
1,94,292,9,0,0
1,94,293,9,15,0
1,94,294,9,0,0
1,94,295,9,9,0
1,94,296,9,9,0
1,94,297,9,9,0
1,94,298,9,0,0
1,94,299,9,15,0
1,94,300,9,0,0
1,94,301,9,9,0
1,94,302,9,9,0
1,94,303,9,9,0
1,94,304,9,0,0
1,94,305,9,15,0
1,94,306,9,0,0
1,94,307,9,9,0
1,94,308,9,9,0
1,94,309,9,9,0
1,94,310,9,0,0
1,94,311,9,15,0
1,94,312,9,0,0
1,94,313,9,9,0
1,94,314,9,9,0
1,94,315,9,9,0
1,94,316,9,0,0
1,94,317,9,15,0
1,94,318,9,0,0
1,94,319,9,9,0
1,94,320,9,9,0
1,94,321,9,9,0
1,94,322,9,0,0
1,94,323,9,15,0
1,94,324,9,0,0
1,94,325,9,9,0
1,94,326,9,9,0
1,94,327,9,9,0
1,95,96,0,9,1
1,95,97,0,17,1
1,95,98,0,0,1
1,95,99,0,9,0
1,95,100,0,9,0
1,95,101,0,16,0
1,95,102,0,8,0
1,95,103,0,0,0
1,95,104,0,9,0
1,95,105,0,16,0
1,95,106,0,8,0
1,95,107,0,0,0
1,95,108,0,9,0
1,95,109,0,11,0
1,95,110,0,8,0
1,95,111,0,0,0
1,95,112,0,9,0
1,95,113,0,17,0
1,95,114,0,0,0
1,95,115,0,9,0
1,95,116,0,0,0
1,95,117,0,9,0
1,95,118,0,17,0
1,95,119,0,0,0
1,95,120,0,9,0
1,95,121,0,9,0
1,95,122,0,16,0
1,95,123,0,8,0
1,95,124,0,0,0
1,95,125,0,9,0
1,95,126,0,16,0
1,95,127,0,8,0
1,95,128,0,0,0
1,95,129,0,9,0
1,95,130,0,11,0
1,95,131,0,8,0
1,95,132,0,0,0
1,95,133,0,9,0
1,95,134,0,17,0
1,95,135,0,0,0
1,95,136,0,9,0
1,95,137,0,0,0
1,95,138,0,9,0
1,95,139,0,17,0
1,95,140,0,0,0
1,95,141,0,9,0
1,95,142,0,9,0
1,95,143,0,16,0
1,95,144,0,8,0
1,95,145,0,0,0
1,95,146,0,9,0
1,95,147,0,16,0
1,95,148,0,8,0
1,95,149,0,0,0
1,95,150,0,9,0
1,95,151,0,11,0
1,95,152,0,8,0
1,95,153,0,0,0
1,95,154,0,9,0
1,95,155,0,17,0
1,95,156,0,0,0
1,95,157,0,9,0
1,95,158,0,0,0
1,95,159,0,9,0
1,95,160,0,17,0
1,95,161,0,0,0
1,95,162,0,9,0
1,95,163,0,9,0
1,95,164,0,16,0
1,95,165,0,8,0
1,95,166,0,0,0
1,95,167,0,9,0
1,95,168,0,16,0
1,95,169,0,8,0
1,95,170,0,0,0
1,95,171,0,9,0
1,95,172,0,11,0
1,95,173,0,8,0
1,95,174,0,0,0
1,95,175,0,9,0
1,95,176,0,17,0
1,95,177,0,0,0
1,95,178,0,9,0
1,95,179,0,0,0
1,95,180,0,9,0
1,95,181,0,17,0
1,95,182,0,0,0
1,95,183,0,9,0
1,95,184,0,9,0
1,95,185,0,16,0
1,95,186,0,8,0
1,95,187,0,0,0
1,95,188,0,9,0
1,95,189,0,16,0
1,95,190,0,8,0
1,95,191,0,0,0
1,95,192,0,9,0
1,95,193,0,11,0
1,95,194,0,8,0
1,95,195,0,0,0
1,95,196,0,9,0
1,95,197,0,17,0
1,95,198,0,0,0
1,95,199,0,9,0
1,95,200,0,0,0
1,95,201,0,9,0
1,95,202,0,17,0
1,95,203,0,0,0
1,95,204,0,9,0
1,95,205,0,9,0
1,95,206,0,16,0
1,95,207,0,8,0
1,95,208,0,0,0
1,95,209,0,9,0
1,95,210,0,16,0
1,95,211,0,8,0
1,95,212,0,0,0
1,95,213,0,9,0
1,95,214,0,11,0
1,95,215,0,8,0
1,95,216,0,0,0
1,95,217,0,9,0
1,95,218,0,17,0
1,95,219,0,0,0
1,95,220,0,9,0
1,95,221,0,0,0
1,95,222,0,9,0
1,95,223,0,17,0
1,95,224,0,0,0
1,95,225,0,9,0
1,95,226,0,9,0
1,95,227,0,16,0
1,95,228,0,8,0
1,95,229,0,0,0
1,95,230,0,9,0
1,95,231,0,16,0
1,95,232,0,8,0
1,95,233,0,0,0
1,95,234,0,9,0
1,95,235,0,11,0
1,95,236,0,8,0
1,95,237,0,0,0
1,95,238,0,9,0
1,95,239,0,17,0
1,95,240,0,0,0
1,95,241,0,9,0
1,95,242,0,0,0
1,95,243,0,9,0
1,95,244,0,17,0
1,95,245,0,0,0
1,95,246,0,9,0
1,95,247,0,9,0
1,95,248,0,16,0
1,95,249,0,8,0
1,95,250,0,0,0
1,95,251,0,9,0
1,95,252,0,16,0
1,95,253,0,8,0
1,95,254,0,0,0
1,95,255,0,9,0
1,95,256,0,11,0
1,95,257,0,8,0
1,95,258,0,0,0
1,95,259,0,9,0
1,95,260,0,16,0
1,95,261,0,8,0
1,95,262,0,0,0
1,95,263,0,15,0
1,95,264,0,0,0
1,95,265,0,9,0
1,95,266,0,9,0
1,95,267,0,9,0
1,95,268,0,0,0
1,95,269,0,15,0
1,95,270,0,0,0
1,95,271,0,9,0
1,95,272,0,9,0
1,95,273,0,9,0
1,95,274,0,0,0
1,95,275,0,15,0
1,95,276,0,0,0
1,95,277,0,9,0
1,95,278,0,9,0
1,95,279,0,9,0
1,95,280,0,0,0
1,95,281,0,15,0
1,95,282,0,0,0
1,95,283,0,9,0
1,95,284,0,9,0
1,95,285,0,9,0
1,95,286,0,0,0
1,95,287,0,15,0
1,95,288,0,0,0
1,95,289,0,9,0
1,95,290,0,9,0
1,95,291,0,9,0
1,95,292,0,0,0
1,95,293,0,15,0
1,95,294,0,0,0
1,95,295,0,9,0
1,95,296,0,9,0
1,95,297,0,9,0
1,95,298,0,0,0
1,95,299,0,15,0
1,95,300,0,0,0
1,95,301,0,9,0
1,95,302,0,9,0
1,95,303,0,9,0
1,95,304,0,0,0
1,95,305,0,15,0
1,95,306,0,0,0
1,95,307,0,9,0
1,95,308,0,9,0
1,95,309,0,9,0
1,95,310,0,0,0
1,95,311,0,15,0
1,95,312,0,0,0
1,95,313,0,9,0
1,95,314,0,9,0
1,95,315,0,9,0
1,95,316,0,0,0
1,95,317,0,15,0
1,95,318,0,0,0
1,95,319,0,9,0
1,95,320,0,9,0
1,95,321,0,9,0
1,95,322,0,0,0
1,95,323,0,15,0
1,95,324,0,0,0
1,95,325,0,9,0
1,95,326,0,9,0
1,95,327,0,9,0
1,96,97,9,17,0
1,96,98,9,0,0
1,96,99,9,9,0
1,96,100,9,9,0
1,96,101,9,16,0
1,96,102,9,8,0
1,96,103,9,0,0
1,96,104,9,9,0
1,96,105,9,16,0
1,96,106,9,8,0
1,96,107,9,0,0
1,96,108,9,9,0
1,96,109,9,11,0
1,96,110,9,8,0
1,96,111,9,0,0
1,96,112,9,9,0
1,96,113,9,17,0
1,96,114,9,0,0
1,96,115,9,9,0
1,96,116,9,0,0
1,96,117,9,9,0
1,96,118,9,17,0
1,96,119,9,0,0
1,96,120,9,9,0
1,96,121,9,9,0
1,96,122,9,16,0
1,96,123,9,8,0
1,96,124,9,0,0
1,96,125,9,9,0
1,96,126,9,16,0
1,96,127,9,8,0
1,96,128,9,0,0
1,96,129,9,9,0
1,96,130,9,11,0
1,96,131,9,8,0
1,96,132,9,0,0
1,96,133,9,9,0
1,96,134,9,17,0
1,96,135,9,0,0
1,96,136,9,9,0
1,96,137,9,0,0
1,96,138,9,9,0
1,96,139,9,17,0
1,96,140,9,0,0
1,96,141,9,9,0
1,96,142,9,9,0
1,96,143,9,16,0
1,96,144,9,8,0
1,96,145,9,0,0
1,96,146,9,9,0
1,96,147,9,16,0
1,96,148,9,8,0
1,96,149,9,0,0
1,96,150,9,9,0
1,96,151,9,11,0
1,96,152,9,8,0
1,96,153,9,0,0
1,96,154,9,9,0
1,96,155,9,17,0
1,96,156,9,0,0
1,96,157,9,9,0
1,96,158,9,0,0
1,96,159,9,9,0
1,96,160,9,17,0
1,96,161,9,0,0
1,96,162,9,9,0
1,96,163,9,9,0
1,96,164,9,16,0
1,96,165,9,8,0
1,96,166,9,0,0
1,96,167,9,9,0
1,96,168,9,16,0
1,96,169,9,8,0
1,96,170,9,0,0
1,96,171,9,9,0
1,96,172,9,11,0
1,96,173,9,8,0
1,96,174,9,0,0
1,96,175,9,9,0
1,96,176,9,17,0
1,96,177,9,0,0
1,96,178,9,9,0
1,96,179,9,0,0
1,96,180,9,9,0
1,96,181,9,17,0
1,96,182,9,0,0
1,96,183,9,9,0
1,96,184,9,9,0
1,96,185,9,16,0
1,96,186,9,8,0
1,96,187,9,0,0
1,96,188,9,9,0
1,96,189,9,16,0
1,96,190,9,8,0
1,96,191,9,0,0
1,96,192,9,9,0
1,96,193,9,11,0
1,96,194,9,8,0
1,96,195,9,0,0
1,96,196,9,9,0
1,96,197,9,17,0
1,96,198,9,0,0
1,96,199,9,9,0
1,96,200,9,0,0
1,96,201,9,9,0
1,96,202,9,17,0
1,96,203,9,0,0
1,96,204,9,9,0
1,96,205,9,9,0
1,96,206,9,16,0
1,96,207,9,8,0
1,96,208,9,0,0
1,96,209,9,9,0
1,96,210,9,16,0
1,96,211,9,8,0
1,96,212,9,0,0
1,96,213,9,9,0
1,96,214,9,11,0
1,96,215,9,8,0
1,96,216,9,0,0
1,96,217,9,9,0
1,96,218,9,17,0
1,96,219,9,0,0
1,96,220,9,9,0
1,96,221,9,0,0
1,96,222,9,9,0
1,96,223,9,17,0
1,96,224,9,0,0
1,96,225,9,9,0
1,96,226,9,9,0
1,96,227,9,16,0
1,96,228,9,8,0
1,96,229,9,0,0
1,96,230,9,9,0
1,96,231,9,16,0
1,96,232,9,8,0
1,96,233,9,0,0
1,96,234,9,9,0
1,96,235,9,11,0
1,96,236,9,8,0
1,96,237,9,0,0
1,96,238,9,9,0
1,96,239,9,17,0
1,96,240,9,0,0
1,96,241,9,9,0
1,96,242,9,0,0
1,96,243,9,9,0
1,96,244,9,17,0
1,96,245,9,0,0
1,96,246,9,9,0
1,96,247,9,9,0
1,96,248,9,16,0
1,96,249,9,8,0
1,96,250,9,0,0
1,96,251,9,9,0
1,96,252,9,16,0
1,96,253,9,8,0
1,96,254,9,0,0
1,96,255,9,9,0
1,96,256,9,11,0
1,96,257,9,8,0
1,96,258,9,0,0
1,96,259,9,9,0
1,96,260,9,16,0
1,96,261,9,8,0
1,96,262,9,0,0
1,96,263,9,15,0
1,96,264,9,0,0
1,96,265,9,9,0
1,96,266,9,9,0
1,96,267,9,9,0
1,96,268,9,0,0
1,96,269,9,15,0
1,96,270,9,0,0
1,96,271,9,9,0
1,96,272,9,9,0
1,96,273,9,9,0
1,96,274,9,0,0
1,96,275,9,15,0
1,96,276,9,0,0
1,96,277,9,9,0
1,96,278,9,9,0
1,96,279,9,9,0
1,96,280,9,0,0
1,96,281,9,15,0
1,96,282,9,0,0
1,96,283,9,9,0
1,96,284,9,9,0
1,96,285,9,9,0
1,96,286,9,0,0
1,96,287,9,15,0
1,96,288,9,0,0
1,96,289,9,9,0
1,96,290,9,9,0
1,96,291,9,9,0
1,96,292,9,0,0
1,96,293,9,15,0
1,96,294,9,0,0
1,96,295,9,9,0
1,96,296,9,9,0
1,96,297,9,9,0
1,96,298,9,0,0
1,96,299,9,15,0
1,96,300,9,0,0
1,96,301,9,9,0
1,96,302,9,9,0
1,96,303,9,9,0
1,96,304,9,0,0
1,96,305,9,15,0
1,96,306,9,0,0
1,96,307,9,9,0
1,96,308,9,9,0
1,96,309,9,9,0
1,96,310,9,0,0
1,96,311,9,15,0
1,96,312,9,0,0
1,96,313,9,9,0
1,96,314,9,9,0
1,96,315,9,9,0
1,96,316,9,0,0
1,96,317,9,15,0
1,96,318,9,0,0
1,96,319,9,9,0
1,96,320,9,9,0
1,96,321,9,9,0
1,96,322,9,0,0
1,96,323,9,15,0
1,96,324,9,0,0
1,96,325,9,9,0
1,96,326,9,9,0
1,96,327,9,9,0
1,97,98,17,0,0
1,97,99,17,9,0
1,97,100,17,9,0
1,97,101,17,16,0
1,97,102,17,8,0
1,97,103,17,0,0
1,97,104,17,9,0
1,97,105,17,16,0
1,97,106,17,8,0
1,97,107,17,0,0
1,97,108,17,9,0
1,97,109,17,11,0
1,97,110,17,8,0
1,97,111,17,0,1
1,97,112,17,9,0
1,97,113,17,17,0
1,97,114,17,0,0
1,97,115,17,9,0
1,97,116,17,0,0
1,97,117,17,9,0
1,97,118,17,17,0
1,97,119,17,0,0
1,97,120,17,9,0
1,97,121,17,9,0
1,97,122,17,16,0
1,97,123,17,8,0
1,97,124,17,0,0
1,97,125,17,9,0
1,97,126,17,16,0
1,97,127,17,8,0
1,97,128,17,0,0
1,97,129,17,9,0
1,97,130,17,11,0
1,97,131,17,8,0
1,97,132,17,0,0
1,97,133,17,9,0
1,97,134,17,17,0
1,97,135,17,0,0
1,97,136,17,9,0
1,97,137,17,0,0
1,97,138,17,9,0
1,97,139,17,17,0
1,97,140,17,0,0
1,97,141,17,9,0
1,97,142,17,9,0
1,97,143,17,16,0
1,97,144,17,8,0
1,97,145,17,0,0
1,97,146,17,9,0
1,97,147,17,16,0
1,97,148,17,8,0
1,97,149,17,0,0
1,97,150,17,9,0
1,97,151,17,11,0
1,97,152,17,8,0
1,97,153,17,0,0
1,97,154,17,9,0
1,97,155,17,17,0
1,97,156,17,0,0
1,97,157,17,9,0
1,97,158,17,0,0
1,97,159,17,9,0
1,97,160,17,17,0
1,97,161,17,0,0
1,97,162,17,9,0
1,97,163,17,9,0
1,97,164,17,16,0
1,97,165,17,8,0
1,97,166,17,0,0
1,97,167,17,9,0
1,97,168,17,16,0
1,97,169,17,8,0
1,97,170,17,0,0
1,97,171,17,9,0
1,97,172,17,11,0
1,97,173,17,8,0
1,97,174,17,0,0
1,97,175,17,9,0
1,97,176,17,17,0
1,97,177,17,0,0
1,97,178,17,9,0
1,97,179,17,0,0
1,97,180,17,9,0
1,97,181,17,17,0
1,97,182,17,0,0
1,97,183,17,9,0
1,97,184,17,9,0
1,97,185,17,16,0
1,97,186,17,8,0
1,97,187,17,0,0
1,97,188,17,9,0
1,97,189,17,16,0
1,97,190,17,8,0
1,97,191,17,0,0
1,97,192,17,9,0
1,97,193,17,11,0
1,97,194,17,8,0
1,97,195,17,0,0
1,97,196,17,9,0
1,97,197,17,17,0
1,97,198,17,0,0
1,97,199,17,9,0
1,97,200,17,0,0
1,97,201,17,9,0
1,97,202,17,17,0
1,97,203,17,0,0
1,97,204,17,9,0
1,97,205,17,9,0
1,97,206,17,16,0
1,97,207,17,8,0
1,97,208,17,0,0
1,97,209,17,9,0
1,97,210,17,16,0
1,97,211,17,8,0
1,97,212,17,0,0
1,97,213,17,9,0
1,97,214,17,11,0
1,97,215,17,8,0
1,97,216,17,0,0
1,97,217,17,9,0
1,97,218,17,17,0
1,97,219,17,0,0
1,97,220,17,9,0
1,97,221,17,0,0
1,97,222,17,9,0
1,97,223,17,17,0
1,97,224,17,0,0
1,97,225,17,9,0
1,97,226,17,9,0
1,97,227,17,16,0
1,97,228,17,8,0
1,97,229,17,0,0
1,97,230,17,9,0
1,97,231,17,16,0
1,97,232,17,8,0
1,97,233,17,0,0
1,97,234,17,9,0
1,97,235,17,11,0
1,97,236,17,8,0
1,97,237,17,0,0
1,97,238,17,9,0
1,97,239,17,17,0
1,97,240,17,0,0
1,97,241,17,9,0
1,97,242,17,0,0
1,97,243,17,9,0
1,97,244,17,17,0
1,97,245,17,0,0
1,97,246,17,9,0
1,97,247,17,9,0
1,97,248,17,16,0
1,97,249,17,8,0
1,97,250,17,0,0
1,97,251,17,9,0
1,97,252,17,16,0
1,97,253,17,8,0
1,97,254,17,0,0
1,97,255,17,9,0
1,97,256,17,11,0
1,97,257,17,8,0
1,97,258,17,0,0
1,97,259,17,9,0
1,97,260,17,16,0
1,97,261,17,8,0
1,97,262,17,0,0
1,97,263,17,15,0
1,97,264,17,0,0
1,97,265,17,9,0
1,97,266,17,9,0
1,97,267,17,9,0
1,97,268,17,0,0
1,97,269,17,15,0
1,97,270,17,0,0
1,97,271,17,9,0
1,97,272,17,9,0
1,97,273,17,9,0
1,97,274,17,0,0
1,97,275,17,15,0
1,97,276,17,0,0
1,97,277,17,9,0
1,97,278,17,9,0
1,97,279,17,9,0
1,97,280,17,0,0
1,97,281,17,15,0
1,97,282,17,0,0
1,97,283,17,9,0
1,97,284,17,9,0
1,97,285,17,9,0
1,97,286,17,0,0
1,97,287,17,15,0
1,97,288,17,0,0
1,97,289,17,9,0
1,97,290,17,9,0
1,97,291,17,9,0
1,97,292,17,0,0
1,97,293,17,15,0
1,97,294,17,0,0
1,97,295,17,9,0
1,97,296,17,9,0
1,97,297,17,9,0
1,97,298,17,0,0
1,97,299,17,15,0
1,97,300,17,0,0
1,97,301,17,9,0
1,97,302,17,9,0
1,97,303,17,9,0
1,97,304,17,0,0
1,97,305,17,15,0
1,97,306,17,0,0
1,97,307,17,9,0
1,97,308,17,9,0
1,97,309,17,9,0
1,97,310,17,0,0
1,97,311,17,15,0
1,97,312,17,0,0
1,97,313,17,9,0
1,97,314,17,9,0
1,97,315,17,9,0
1,97,316,17,0,0
1,97,317,17,15,0
1,97,318,17,0,0
1,97,319,17,9,0
1,97,320,17,9,0
1,97,321,17,9,0
1,97,322,17,0,0
1,97,323,17,15,0
1,97,324,17,0,0
1,97,325,17,9,0
1,97,326,17,9,0
1,97,327,17,9,0
1,98,99,0,9,1
1,98,100,0,9,1
1,98,101,0,16,1
1,98,102,0,8,0
1,98,103,0,0,0
1,98,104,0,9,0
1,98,105,0,16,0
1,98,106,0,8,0
1,98,107,0,0,0
1,98,108,0,9,0
1,98,109,0,11,0
1,98,110,0,8,0
1,98,111,0,0,0
1,98,112,0,9,0
1,98,113,0,17,0
1,98,114,0,0,0
1,98,115,0,9,0
1,98,116,0,0,0
1,98,117,0,9,0
1,98,118,0,17,0
1,98,119,0,0,0
1,98,120,0,9,0
1,98,121,0,9,0
1,98,122,0,16,0
1,98,123,0,8,0
1,98,124,0,0,0
1,98,125,0,9,0
1,98,126,0,16,0
1,98,127,0,8,0
1,98,128,0,0,0
1,98,129,0,9,0
1,98,130,0,11,0
1,98,131,0,8,0
1,98,132,0,0,0
1,98,133,0,9,0
1,98,134,0,17,0
1,98,135,0,0,0
1,98,136,0,9,0
1,98,137,0,0,0
1,98,138,0,9,0
1,98,139,0,17,0
1,98,140,0,0,0
1,98,141,0,9,0
1,98,142,0,9,0
1,98,143,0,16,0
1,98,144,0,8,0
1,98,145,0,0,0
1,98,146,0,9,0
1,98,147,0,16,0
1,98,148,0,8,0
1,98,149,0,0,0
1,98,150,0,9,0
1,98,151,0,11,0
1,98,152,0,8,0
1,98,153,0,0,0
1,98,154,0,9,0
1,98,155,0,17,0
1,98,156,0,0,0
1,98,157,0,9,0
1,98,158,0,0,0
1,98,159,0,9,0
1,98,160,0,17,0
1,98,161,0,0,0
1,98,162,0,9,0
1,98,163,0,9,0
1,98,164,0,16,0
1,98,165,0,8,0
1,98,166,0,0,0
1,98,167,0,9,0
1,98,168,0,16,0
1,98,169,0,8,0
1,98,170,0,0,0
1,98,171,0,9,0
1,98,172,0,11,0
1,98,173,0,8,0
1,98,174,0,0,0
1,98,175,0,9,0
1,98,176,0,17,0
1,98,177,0,0,0
1,98,178,0,9,0
1,98,179,0,0,0
1,98,180,0,9,0
1,98,181,0,17,0
1,98,182,0,0,0
1,98,183,0,9,0
1,98,184,0,9,0
1,98,185,0,16,0
1,98,186,0,8,0
1,98,187,0,0,0
1,98,188,0,9,0
1,98,189,0,16,0
1,98,190,0,8,0
1,98,191,0,0,0
1,98,192,0,9,0
1,98,193,0,11,0
1,98,194,0,8,0
1,98,195,0,0,0
1,98,196,0,9,0
1,98,197,0,17,0
1,98,198,0,0,0
1,98,199,0,9,0
1,98,200,0,0,0
1,98,201,0,9,0
1,98,202,0,17,0
1,98,203,0,0,0
1,98,204,0,9,0
1,98,205,0,9,0
1,98,206,0,16,0
1,98,207,0,8,0
1,98,208,0,0,0
1,98,209,0,9,0
1,98,210,0,16,0
1,98,211,0,8,0
1,98,212,0,0,0
1,98,213,0,9,0
1,98,214,0,11,0
1,98,215,0,8,0
1,98,216,0,0,0
1,98,217,0,9,0
1,98,218,0,17,0
1,98,219,0,0,0
1,98,220,0,9,0
1,98,221,0,0,0
1,98,222,0,9,0
1,98,223,0,17,0
1,98,224,0,0,0
1,98,225,0,9,0
1,98,226,0,9,0
1,98,227,0,16,0
1,98,228,0,8,0
1,98,229,0,0,0
1,98,230,0,9,0
1,98,231,0,16,0
1,98,232,0,8,0
1,98,233,0,0,0
1,98,234,0,9,0
1,98,235,0,11,0
1,98,236,0,8,0
1,98,237,0,0,0
1,98,238,0,9,0
1,98,239,0,17,0
1,98,240,0,0,0
1,98,241,0,9,0
1,98,242,0,0,0
1,98,243,0,9,0
1,98,244,0,17,0
1,98,245,0,0,0
1,98,246,0,9,0
1,98,247,0,9,0
1,98,248,0,16,0
1,98,249,0,8,0
1,98,250,0,0,0
1,98,251,0,9,0
1,98,252,0,16,0
1,98,253,0,8,0
1,98,254,0,0,0
1,98,255,0,9,0
1,98,256,0,11,0
1,98,257,0,8,0
1,98,258,0,0,0
1,98,259,0,9,0
1,98,260,0,16,0
1,98,261,0,8,0
1,98,262,0,0,0
1,98,263,0,15,0
1,98,264,0,0,0
1,98,265,0,9,0
1,98,266,0,9,0
1,98,267,0,9,0
1,98,268,0,0,0
1,98,269,0,15,0
1,98,270,0,0,0
1,98,271,0,9,0
1,98,272,0,9,0
1,98,273,0,9,0
1,98,274,0,0,0
1,98,275,0,15,0
1,98,276,0,0,0
1,98,277,0,9,0
1,98,278,0,9,0
1,98,279,0,9,0
1,98,280,0,0,0
1,98,281,0,15,0
1,98,282,0,0,0
1,98,283,0,9,0
1,98,284,0,9,0
1,98,285,0,9,0
1,98,286,0,0,0
1,98,287,0,15,0
1,98,288,0,0,0
1,98,289,0,9,0
1,98,290,0,9,0
1,98,291,0,9,0
1,98,292,0,0,0
1,98,293,0,15,0
1,98,294,0,0,0
1,98,295,0,9,0
1,98,296,0,9,0
1,98,297,0,9,0
1,98,298,0,0,0
1,98,299,0,15,0
1,98,300,0,0,0
1,98,301,0,9,0
1,98,302,0,9,0
1,98,303,0,9,0
1,98,304,0,0,0
1,98,305,0,15,0
1,98,306,0,0,0
1,98,307,0,9,0
1,98,308,0,9,0
1,98,309,0,9,0
1,98,310,0,0,0
1,98,311,0,15,0
1,98,312,0,0,0
1,98,313,0,9,0
1,98,314,0,9,0
1,98,315,0,9,0
1,98,316,0,0,0
1,98,317,0,15,0
1,98,318,0,0,0
1,98,319,0,9,0
1,98,320,0,9,0
1,98,321,0,9,0
1,98,322,0,0,0
1,98,323,0,15,0
1,98,324,0,0,0
1,98,325,0,9,0
1,98,326,0,9,0
1,98,327,0,9,0
1,99,100,9,9,0
1,99,101,9,16,0
1,99,102,9,8,0
1,99,103,9,0,0
1,99,104,9,9,0
1,99,105,9,16,0
1,99,106,9,8,0
1,99,107,9,0,0
1,99,108,9,9,0
1,99,109,9,11,0
1,99,110,9,8,0
1,99,111,9,0,0
1,99,112,9,9,0
1,99,113,9,17,0
1,99,114,9,0,0
1,99,115,9,9,0
1,99,116,9,0,0
1,99,117,9,9,0
1,99,118,9,17,0
1,99,119,9,0,0
1,99,120,9,9,0
1,99,121,9,9,0
1,99,122,9,16,0
1,99,123,9,8,0
1,99,124,9,0,0
1,99,125,9,9,0
1,99,126,9,16,0
1,99,127,9,8,0
1,99,128,9,0,0
1,99,129,9,9,0
1,99,130,9,11,0
1,99,131,9,8,0
1,99,132,9,0,0
1,99,133,9,9,0
1,99,134,9,17,0
1,99,135,9,0,0
1,99,136,9,9,0
1,99,137,9,0,0
1,99,138,9,9,0
1,99,139,9,17,0
1,99,140,9,0,0
1,99,141,9,9,0
1,99,142,9,9,0
1,99,143,9,16,0
1,99,144,9,8,0
1,99,145,9,0,0
1,99,146,9,9,0
1,99,147,9,16,0
1,99,148,9,8,0
1,99,149,9,0,0
1,99,150,9,9,0
1,99,151,9,11,0
1,99,152,9,8,0
1,99,153,9,0,0
1,99,154,9,9,0
1,99,155,9,17,0
1,99,156,9,0,0
1,99,157,9,9,0
1,99,158,9,0,0
1,99,159,9,9,0
1,99,160,9,17,0
1,99,161,9,0,0
1,99,162,9,9,0
1,99,163,9,9,0
1,99,164,9,16,0
1,99,165,9,8,0
1,99,166,9,0,0
1,99,167,9,9,0
1,99,168,9,16,0
1,99,169,9,8,0
1,99,170,9,0,0
1,99,171,9,9,0
1,99,172,9,11,0
1,99,173,9,8,0
1,99,174,9,0,0
1,99,175,9,9,0
1,99,176,9,17,0
1,99,177,9,0,0
1,99,178,9,9,0
1,99,179,9,0,0
1,99,180,9,9,0
1,99,181,9,17,0
1,99,182,9,0,0
1,99,183,9,9,0
1,99,184,9,9,0
1,99,185,9,16,0
1,99,186,9,8,0
1,99,187,9,0,0
1,99,188,9,9,0
1,99,189,9,16,0
1,99,190,9,8,0
1,99,191,9,0,0
1,99,192,9,9,0
1,99,193,9,11,0
1,99,194,9,8,0
1,99,195,9,0,0
1,99,196,9,9,0
1,99,197,9,17,0
1,99,198,9,0,0
1,99,199,9,9,0
1,99,200,9,0,0
1,99,201,9,9,0
1,99,202,9,17,0
1,99,203,9,0,0
1,99,204,9,9,0
1,99,205,9,9,0
1,99,206,9,16,0
1,99,207,9,8,0
1,99,208,9,0,0
1,99,209,9,9,0
1,99,210,9,16,0
1,99,211,9,8,0
1,99,212,9,0,0
1,99,213,9,9,0
1,99,214,9,11,0
1,99,215,9,8,0
1,99,216,9,0,0
1,99,217,9,9,0
1,99,218,9,17,0
1,99,219,9,0,0
1,99,220,9,9,0
1,99,221,9,0,0
1,99,222,9,9,0
1,99,223,9,17,0
1,99,224,9,0,0
1,99,225,9,9,0
1,99,226,9,9,0
1,99,227,9,16,0
1,99,228,9,8,0
1,99,229,9,0,0
1,99,230,9,9,0
1,99,231,9,16,0
1,99,232,9,8,0
1,99,233,9,0,0
1,99,234,9,9,0
1,99,235,9,11,0
1,99,236,9,8,0
1,99,237,9,0,0
1,99,238,9,9,0
1,99,239,9,17,0
1,99,240,9,0,0
1,99,241,9,9,0
1,99,242,9,0,0
1,99,243,9,9,0
1,99,244,9,17,0
1,99,245,9,0,0
1,99,246,9,9,0
1,99,247,9,9,0
1,99,248,9,16,0
1,99,249,9,8,0
1,99,250,9,0,0
1,99,251,9,9,0
1,99,252,9,16,0
1,99,253,9,8,0
1,99,254,9,0,0
1,99,255,9,9,0
1,99,256,9,11,0
1,99,257,9,8,0
1,99,258,9,0,0
1,99,259,9,9,0
1,99,260,9,16,0
1,99,261,9,8,0
1,99,262,9,0,0
1,99,263,9,15,0
1,99,264,9,0,0
1,99,265,9,9,0
1,99,266,9,9,0
1,99,267,9,9,0
1,99,268,9,0,0
1,99,269,9,15,0
1,99,270,9,0,0
1,99,271,9,9,0
1,99,272,9,9,0
1,99,273,9,9,0
1,99,274,9,0,0
1,99,275,9,15,0
1,99,276,9,0,0
1,99,277,9,9,0
1,99,278,9,9,0
1,99,279,9,9,0
1,99,280,9,0,0
1,99,281,9,15,0
1,99,282,9,0,0
1,99,283,9,9,0
1,99,284,9,9,0
1,99,285,9,9,0
1,99,286,9,0,0
1,99,287,9,15,0
1,99,288,9,0,0
1,99,289,9,9,0
1,99,290,9,9,0
1,99,291,9,9,0
1,99,292,9,0,0
1,99,293,9,15,0
1,99,294,9,0,0
1,99,295,9,9,0
1,99,296,9,9,0
1,99,297,9,9,0
1,99,298,9,0,0
1,99,299,9,15,0
1,99,300,9,0,0
1,99,301,9,9,0
1,99,302,9,9,0
1,99,303,9,9,0
1,99,304,9,0,0
1,99,305,9,15,0
1,99,306,9,0,0
1,99,307,9,9,0
1,99,308,9,9,0
1,99,309,9,9,0
1,99,310,9,0,0
1,99,311,9,15,0
1,99,312,9,0,0
1,99,313,9,9,0
1,99,314,9,9,0
1,99,315,9,9,0
1,99,316,9,0,0
1,99,317,9,15,0
1,99,318,9,0,0
1,99,319,9,9,0
1,99,320,9,9,0
1,99,321,9,9,0
1,99,322,9,0,0
1,99,323,9,15,0
1,99,324,9,0,0
1,99,325,9,9,0
1,99,326,9,9,0
1,99,327,9,9,0
1,100,101,9,16,0
1,100,102,9,8,0
1,100,103,9,0,0
1,100,104,9,9,0
1,100,105,9,16,0
1,100,106,9,8,0
1,100,107,9,0,0
1,100,108,9,9,0
1,100,109,9,11,0
1,100,110,9,8,0
1,100,111,9,0,0
1,100,112,9,9,0
1,100,113,9,17,0
1,100,114,9,0,0
1,100,115,9,9,0
1,100,116,9,0,0
1,100,117,9,9,0
1,100,118,9,17,0
1,100,119,9,0,0
1,100,120,9,9,0
1,100,121,9,9,0
1,100,122,9,16,0
1,100,123,9,8,0
1,100,124,9,0,0
1,100,125,9,9,0
1,100,126,9,16,0
1,100,127,9,8,0
1,100,128,9,0,0
1,100,129,9,9,0
1,100,130,9,11,0
1,100,131,9,8,0
1,100,132,9,0,0
1,100,133,9,9,0
1,100,134,9,17,0
1,100,135,9,0,0
1,100,136,9,9,0
1,100,137,9,0,0
1,100,138,9,9,0
1,100,139,9,17,0
1,100,140,9,0,0
1,100,141,9,9,0
1,100,142,9,9,0
1,100,143,9,16,0
1,100,144,9,8,0
1,100,145,9,0,0
1,100,146,9,9,0
1,100,147,9,16,0
1,100,148,9,8,0
1,100,149,9,0,0
1,100,150,9,9,0
1,100,151,9,11,0
1,100,152,9,8,0
1,100,153,9,0,0
1,100,154,9,9,0
1,100,155,9,17,0
1,100,156,9,0,0
1,100,157,9,9,0
1,100,158,9,0,0
1,100,159,9,9,0
1,100,160,9,17,0
1,100,161,9,0,0
1,100,162,9,9,0
1,100,163,9,9,0
1,100,164,9,16,0
1,100,165,9,8,0
1,100,166,9,0,0
1,100,167,9,9,0
1,100,168,9,16,0
1,100,169,9,8,0
1,100,170,9,0,0
1,100,171,9,9,0
1,100,172,9,11,0
1,100,173,9,8,0
1,100,174,9,0,0
1,100,175,9,9,0
1,100,176,9,17,0
1,100,177,9,0,0
1,100,178,9,9,0
1,100,179,9,0,0
1,100,180,9,9,0
1,100,181,9,17,0
1,100,182,9,0,0
1,100,183,9,9,0
1,100,184,9,9,0
1,100,185,9,16,0
1,100,186,9,8,0
1,100,187,9,0,0
1,100,188,9,9,0
1,100,189,9,16,0
1,100,190,9,8,0
1,100,191,9,0,0
1,100,192,9,9,0
1,100,193,9,11,0
1,100,194,9,8,0
1,100,195,9,0,0
1,100,196,9,9,0
1,100,197,9,17,0
1,100,198,9,0,0
1,100,199,9,9,0
1,100,200,9,0,0
1,100,201,9,9,0
1,100,202,9,17,0
1,100,203,9,0,0
1,100,204,9,9,0
1,100,205,9,9,0
1,100,206,9,16,0
1,100,207,9,8,0
1,100,208,9,0,0
1,100,209,9,9,0
1,100,210,9,16,0
1,100,211,9,8,0
1,100,212,9,0,0
1,100,213,9,9,0
1,100,214,9,11,0
1,100,215,9,8,0
1,100,216,9,0,0
1,100,217,9,9,0
1,100,218,9,17,0
1,100,219,9,0,0
1,100,220,9,9,0
1,100,221,9,0,0
1,100,222,9,9,0
1,100,223,9,17,0
1,100,224,9,0,0
1,100,225,9,9,0
1,100,226,9,9,0
1,100,227,9,16,0
1,100,228,9,8,0
1,100,229,9,0,0
1,100,230,9,9,0
1,100,231,9,16,0
1,100,232,9,8,0
1,100,233,9,0,0
1,100,234,9,9,0
1,100,235,9,11,0
1,100,236,9,8,0
1,100,237,9,0,0
1,100,238,9,9,0
1,100,239,9,17,0
1,100,240,9,0,0
1,100,241,9,9,0
1,100,242,9,0,0
1,100,243,9,9,0
1,100,244,9,17,0
1,100,245,9,0,0
1,100,246,9,9,0
1,100,247,9,9,0
1,100,248,9,16,0
1,100,249,9,8,0
1,100,250,9,0,0
1,100,251,9,9,0
1,100,252,9,16,0
1,100,253,9,8,0
1,100,254,9,0,0
1,100,255,9,9,0
1,100,256,9,11,0
1,100,257,9,8,0
1,100,258,9,0,0
1,100,259,9,9,0
1,100,260,9,16,0
1,100,261,9,8,0
1,100,262,9,0,0
1,100,263,9,15,0
1,100,264,9,0,0
1,100,265,9,9,0
1,100,266,9,9,0
1,100,267,9,9,0
1,100,268,9,0,0
1,100,269,9,15,0
1,100,270,9,0,0
1,100,271,9,9,0
1,100,272,9,9,0
1,100,273,9,9,0
1,100,274,9,0,0
1,100,275,9,15,0
1,100,276,9,0,0
1,100,277,9,9,0
1,100,278,9,9,0
1,100,279,9,9,0
1,100,280,9,0,0
1,100,281,9,15,0
1,100,282,9,0,0
1,100,283,9,9,0
1,100,284,9,9,0
1,100,285,9,9,0
1,100,286,9,0,0
1,100,287,9,15,0
1,100,288,9,0,0
1,100,289,9,9,0
1,100,290,9,9,0
1,100,291,9,9,0
1,100,292,9,0,0
1,100,293,9,15,0
1,100,294,9,0,0
1,100,295,9,9,0
1,100,296,9,9,0
1,100,297,9,9,0
1,100,298,9,0,0
1,100,299,9,15,0
1,100,300,9,0,0
1,100,301,9,9,0
1,100,302,9,9,0
1,100,303,9,9,0
1,100,304,9,0,0
1,100,305,9,15,0
1,100,306,9,0,0
1,100,307,9,9,0
1,100,308,9,9,0
1,100,309,9,9,0
1,100,310,9,0,0
1,100,311,9,15,0
1,100,312,9,0,0
1,100,313,9,9,0
1,100,314,9,9,0
1,100,315,9,9,0
1,100,316,9,0,0
1,100,317,9,15,0
1,100,318,9,0,0
1,100,319,9,9,0
1,100,320,9,9,0
1,100,321,9,9,0
1,100,322,9,0,0
1,100,323,9,15,0
1,100,324,9,0,0
1,100,325,9,9,0
1,100,326,9,9,0
1,100,327,9,9,0
1,101,102,16,8,1
1,101,103,16,0,0
1,101,104,16,9,0
1,101,105,16,16,0
1,101,106,16,8,0
1,101,107,16,0,0
1,101,108,16,9,0
1,101,109,16,11,0
1,101,110,16,8,0
1,101,111,16,0,0
1,101,112,16,9,0
1,101,113,16,17,0
1,101,114,16,0,0
1,101,115,16,9,0
1,101,116,16,0,0
1,101,117,16,9,0
1,101,118,16,17,0
1,101,119,16,0,0
1,101,120,16,9,0
1,101,121,16,9,0
1,101,122,16,16,0
1,101,123,16,8,0
1,101,124,16,0,0
1,101,125,16,9,0
1,101,126,16,16,0
1,101,127,16,8,0
1,101,128,16,0,0
1,101,129,16,9,0
1,101,130,16,11,0
1,101,131,16,8,0
1,101,132,16,0,0
1,101,133,16,9,0
1,101,134,16,17,0
1,101,135,16,0,0
1,101,136,16,9,0
1,101,137,16,0,0
1,101,138,16,9,0
1,101,139,16,17,0
1,101,140,16,0,0
1,101,141,16,9,0
1,101,142,16,9,0
1,101,143,16,16,0
1,101,144,16,8,0
1,101,145,16,0,0
1,101,146,16,9,0
1,101,147,16,16,0
1,101,148,16,8,0
1,101,149,16,0,0
1,101,150,16,9,0
1,101,151,16,11,0
1,101,152,16,8,0
1,101,153,16,0,0
1,101,154,16,9,0
1,101,155,16,17,0
1,101,156,16,0,0
1,101,157,16,9,0
1,101,158,16,0,0
1,101,159,16,9,0
1,101,160,16,17,0
1,101,161,16,0,0
1,101,162,16,9,0
1,101,163,16,9,0
1,101,164,16,16,0
1,101,165,16,8,0
1,101,166,16,0,0
1,101,167,16,9,0
1,101,168,16,16,0
1,101,169,16,8,0
1,101,170,16,0,0
1,101,171,16,9,0
1,101,172,16,11,0
1,101,173,16,8,0
1,101,174,16,0,0
1,101,175,16,9,0
1,101,176,16,17,0
1,101,177,16,0,0
1,101,178,16,9,0
1,101,179,16,0,0
1,101,180,16,9,0
1,101,181,16,17,0
1,101,182,16,0,0
1,101,183,16,9,0
1,101,184,16,9,0
1,101,185,16,16,0
1,101,186,16,8,0
1,101,187,16,0,0
1,101,188,16,9,0
1,101,189,16,16,0
1,101,190,16,8,0
1,101,191,16,0,0
1,101,192,16,9,0
1,101,193,16,11,0
1,101,194,16,8,0
1,101,195,16,0,0
1,101,196,16,9,0
1,101,197,16,17,0
1,101,198,16,0,0
1,101,199,16,9,0
1,101,200,16,0,0
1,101,201,16,9,0
1,101,202,16,17,0
1,101,203,16,0,0
1,101,204,16,9,0
1,101,205,16,9,0
1,101,206,16,16,0
1,101,207,16,8,0
1,101,208,16,0,0
1,101,209,16,9,0
1,101,210,16,16,0
1,101,211,16,8,0
1,101,212,16,0,0
1,101,213,16,9,0
1,101,214,16,11,0
1,101,215,16,8,0
1,101,216,16,0,0
1,101,217,16,9,0
1,101,218,16,17,0
1,101,219,16,0,0
1,101,220,16,9,0
1,101,221,16,0,0
1,101,222,16,9,0
1,101,223,16,17,0
1,101,224,16,0,0
1,101,225,16,9,0
1,101,226,16,9,0
1,101,227,16,16,0
1,101,228,16,8,0
1,101,229,16,0,0
1,101,230,16,9,0
1,101,231,16,16,0
1,101,232,16,8,0
1,101,233,16,0,0
1,101,234,16,9,0
1,101,235,16,11,0
1,101,236,16,8,0
1,101,237,16,0,0
1,101,238,16,9,0
1,101,239,16,17,0
1,101,240,16,0,0
1,101,241,16,9,0
1,101,242,16,0,0
1,101,243,16,9,0
1,101,244,16,17,0
1,101,245,16,0,0
1,101,246,16,9,0
1,101,247,16,9,0
1,101,248,16,16,0
1,101,249,16,8,0
1,101,250,16,0,0
1,101,251,16,9,0
1,101,252,16,16,0
1,101,253,16,8,0
1,101,254,16,0,0
1,101,255,16,9,0
1,101,256,16,11,0
1,101,257,16,8,0
1,101,258,16,0,0
1,101,259,16,9,0
1,101,260,16,16,0
1,101,261,16,8,0
1,101,262,16,0,0
1,101,263,16,15,0
1,101,264,16,0,0
1,101,265,16,9,0
1,101,266,16,9,0
1,101,267,16,9,0
1,101,268,16,0,0
1,101,269,16,15,0
1,101,270,16,0,0
1,101,271,16,9,0
1,101,272,16,9,0
1,101,273,16,9,0
1,101,274,16,0,0
1,101,275,16,15,0
1,101,276,16,0,0
1,101,277,16,9,0
1,101,278,16,9,0
1,101,279,16,9,0
1,101,280,16,0,0
1,101,281,16,15,0
1,101,282,16,0,0
1,101,283,16,9,0
1,101,284,16,9,0
1,101,285,16,9,0
1,101,286,16,0,0
1,101,287,16,15,0
1,101,288,16,0,0
1,101,289,16,9,0
1,101,290,16,9,0
1,101,291,16,9,0
1,101,292,16,0,0
1,101,293,16,15,0
1,101,294,16,0,0
1,101,295,16,9,0
1,101,296,16,9,0
1,101,297,16,9,0
1,101,298,16,0,0
1,101,299,16,15,0
1,101,300,16,0,0
1,101,301,16,9,0
1,101,302,16,9,0
1,101,303,16,9,0
1,101,304,16,0,0
1,101,305,16,15,0
1,101,306,16,0,0
1,101,307,16,9,0
1,101,308,16,9,0
1,101,309,16,9,0
1,101,310,16,0,0
1,101,311,16,15,0
1,101,312,16,0,0
1,101,313,16,9,0
1,101,314,16,9,0
1,101,315,16,9,0
1,101,316,16,0,0
1,101,317,16,15,0
1,101,318,16,0,0
1,101,319,16,9,0
1,101,320,16,9,0
1,101,321,16,9,0
1,101,322,16,0,0
1,101,323,16,15,0
1,101,324,16,0,0
1,101,325,16,9,0
1,101,326,16,9,0
1,101,327,16,9,0
1,102,103,8,0,0
1,102,104,8,9,0
1,102,105,8,16,0
1,102,106,8,8,0
1,102,107,8,0,0
1,102,108,8,9,0
1,102,109,8,11,0
1,102,110,8,8,0
1,102,111,8,0,0
1,102,112,8,9,0
1,102,113,8,17,0
1,102,114,8,0,0
1,102,115,8,9,0
1,102,116,8,0,0
1,102,117,8,9,0
1,102,118,8,17,0
1,102,119,8,0,0
1,102,120,8,9,0
1,102,121,8,9,0
1,102,122,8,16,0
1,102,123,8,8,0
1,102,124,8,0,0
1,102,125,8,9,0
1,102,126,8,16,0
1,102,127,8,8,0
1,102,128,8,0,0
1,102,129,8,9,0
1,102,130,8,11,0
1,102,131,8,8,0
1,102,132,8,0,0
1,102,133,8,9,0
1,102,134,8,17,0
1,102,135,8,0,0
1,102,136,8,9,0
1,102,137,8,0,0
1,102,138,8,9,0
1,102,139,8,17,0
1,102,140,8,0,0
1,102,141,8,9,0
1,102,142,8,9,0
1,102,143,8,16,0
1,102,144,8,8,0
1,102,145,8,0,0
1,102,146,8,9,0
1,102,147,8,16,0
1,102,148,8,8,0
1,102,149,8,0,0
1,102,150,8,9,0
1,102,151,8,11,0
1,102,152,8,8,0
1,102,153,8,0,0
1,102,154,8,9,0
1,102,155,8,17,0
1,102,156,8,0,0
1,102,157,8,9,0
1,102,158,8,0,0
1,102,159,8,9,0
1,102,160,8,17,0
1,102,161,8,0,0
1,102,162,8,9,0
1,102,163,8,9,0
1,102,164,8,16,0
1,102,165,8,8,0
1,102,166,8,0,0
1,102,167,8,9,0
1,102,168,8,16,0
1,102,169,8,8,0
1,102,170,8,0,0
1,102,171,8,9,0
1,102,172,8,11,0
1,102,173,8,8,0
1,102,174,8,0,0
1,102,175,8,9,0
1,102,176,8,17,0
1,102,177,8,0,0
1,102,178,8,9,0
1,102,179,8,0,0
1,102,180,8,9,0
1,102,181,8,17,0
1,102,182,8,0,0
1,102,183,8,9,0
1,102,184,8,9,0
1,102,185,8,16,0
1,102,186,8,8,0
1,102,187,8,0,0
1,102,188,8,9,0
1,102,189,8,16,0
1,102,190,8,8,0
1,102,191,8,0,0
1,102,192,8,9,0
1,102,193,8,11,0
1,102,194,8,8,0
1,102,195,8,0,0
1,102,196,8,9,0
1,102,197,8,17,0
1,102,198,8,0,0
1,102,199,8,9,0
1,102,200,8,0,0
1,102,201,8,9,0
1,102,202,8,17,0
1,102,203,8,0,0
1,102,204,8,9,0
1,102,205,8,9,0
1,102,206,8,16,0
1,102,207,8,8,0
1,102,208,8,0,0
1,102,209,8,9,0
1,102,210,8,16,0
1,102,211,8,8,0
1,102,212,8,0,0
1,102,213,8,9,0
1,102,214,8,11,0
1,102,215,8,8,0
1,102,216,8,0,0
1,102,217,8,9,0
1,102,218,8,17,0
1,102,219,8,0,0
1,102,220,8,9,0
1,102,221,8,0,0
1,102,222,8,9,0
1,102,223,8,17,0
1,102,224,8,0,0
1,102,225,8,9,0
1,102,226,8,9,0
1,102,227,8,16,0
1,102,228,8,8,0
1,102,229,8,0,0
1,102,230,8,9,0
1,102,231,8,16,0
1,102,232,8,8,0
1,102,233,8,0,0
1,102,234,8,9,0
1,102,235,8,11,0
1,102,236,8,8,0
1,102,237,8,0,0
1,102,238,8,9,0
1,102,239,8,17,0
1,102,240,8,0,0
1,102,241,8,9,0
1,102,242,8,0,0
1,102,243,8,9,0
1,102,244,8,17,0
1,102,245,8,0,0
1,102,246,8,9,0
1,102,247,8,9,0
1,102,248,8,16,0
1,102,249,8,8,0
1,102,250,8,0,0
1,102,251,8,9,0
1,102,252,8,16,0
1,102,253,8,8,0
1,102,254,8,0,0
1,102,255,8,9,0
1,102,256,8,11,0
1,102,257,8,8,0
1,102,258,8,0,0
1,102,259,8,9,0
1,102,260,8,16,0
1,102,261,8,8,0
1,102,262,8,0,0
1,102,263,8,15,0
1,102,264,8,0,0
1,102,265,8,9,0
1,102,266,8,9,0
1,102,267,8,9,0
1,102,268,8,0,0
1,102,269,8,15,0
1,102,270,8,0,0
1,102,271,8,9,0
1,102,272,8,9,0
1,102,273,8,9,0
1,102,274,8,0,0
1,102,275,8,15,0
1,102,276,8,0,0
1,102,277,8,9,0
1,102,278,8,9,0
1,102,279,8,9,0
1,102,280,8,0,0
1,102,281,8,15,0
1,102,282,8,0,0
1,102,283,8,9,0
1,102,284,8,9,0
1,102,285,8,9,0
1,102,286,8,0,0
1,102,287,8,15,0
1,102,288,8,0,0
1,102,289,8,9,0
1,102,290,8,9,0
1,102,291,8,9,0
1,102,292,8,0,0
1,102,293,8,15,0
1,102,294,8,0,0
1,102,295,8,9,0
1,102,296,8,9,0
1,102,297,8,9,0
1,102,298,8,0,0
1,102,299,8,15,0
1,102,300,8,0,0
1,102,301,8,9,0
1,102,302,8,9,0
1,102,303,8,9,0
1,102,304,8,0,0
1,102,305,8,15,0
1,102,306,8,0,0
1,102,307,8,9,0
1,102,308,8,9,0
1,102,309,8,9,0
1,102,310,8,0,0
1,102,311,8,15,0
1,102,312,8,0,0
1,102,313,8,9,0
1,102,314,8,9,0
1,102,315,8,9,0
1,102,316,8,0,0
1,102,317,8,15,0
1,102,318,8,0,0
1,102,319,8,9,0
1,102,320,8,9,0
1,102,321,8,9,0
1,102,322,8,0,0
1,102,323,8,15,0
1,102,324,8,0,0
1,102,325,8,9,0
1,102,326,8,9,0
1,102,327,8,9,0
1,103,104,0,9,1
1,103,105,0,16,1
1,103,106,0,8,0
1,103,107,0,0,1
1,103,108,0,9,0
1,103,109,0,11,0
1,103,110,0,8,0
1,103,111,0,0,0
1,103,112,0,9,0
1,103,113,0,17,0
1,103,114,0,0,0
1,103,115,0,9,0
1,103,116,0,0,0
1,103,117,0,9,0
1,103,118,0,17,0
1,103,119,0,0,0
1,103,120,0,9,0
1,103,121,0,9,0
1,103,122,0,16,0
1,103,123,0,8,0
1,103,124,0,0,0
1,103,125,0,9,0
1,103,126,0,16,0
1,103,127,0,8,0
1,103,128,0,0,0
1,103,129,0,9,0
1,103,130,0,11,0
1,103,131,0,8,0
1,103,132,0,0,0
1,103,133,0,9,0
1,103,134,0,17,0
1,103,135,0,0,0
1,103,136,0,9,0
1,103,137,0,0,0
1,103,138,0,9,0
1,103,139,0,17,0
1,103,140,0,0,0
1,103,141,0,9,0
1,103,142,0,9,0
1,103,143,0,16,0
1,103,144,0,8,0
1,103,145,0,0,0
1,103,146,0,9,0
1,103,147,0,16,0
1,103,148,0,8,0
1,103,149,0,0,0
1,103,150,0,9,0
1,103,151,0,11,0
1,103,152,0,8,0
1,103,153,0,0,0
1,103,154,0,9,0
1,103,155,0,17,0
1,103,156,0,0,0
1,103,157,0,9,0
1,103,158,0,0,0
1,103,159,0,9,0
1,103,160,0,17,0
1,103,161,0,0,0
1,103,162,0,9,0
1,103,163,0,9,0
1,103,164,0,16,0
1,103,165,0,8,0
1,103,166,0,0,0
1,103,167,0,9,0
1,103,168,0,16,0
1,103,169,0,8,0
1,103,170,0,0,0
1,103,171,0,9,0
1,103,172,0,11,0
1,103,173,0,8,0
1,103,174,0,0,0
1,103,175,0,9,0
1,103,176,0,17,0
1,103,177,0,0,0
1,103,178,0,9,0
1,103,179,0,0,0
1,103,180,0,9,0
1,103,181,0,17,0
1,103,182,0,0,0
1,103,183,0,9,0
1,103,184,0,9,0
1,103,185,0,16,0
1,103,186,0,8,0
1,103,187,0,0,0
1,103,188,0,9,0
1,103,189,0,16,0
1,103,190,0,8,0
1,103,191,0,0,0
1,103,192,0,9,0
1,103,193,0,11,0
1,103,194,0,8,0
1,103,195,0,0,0
1,103,196,0,9,0
1,103,197,0,17,0
1,103,198,0,0,0
1,103,199,0,9,0
1,103,200,0,0,0
1,103,201,0,9,0
1,103,202,0,17,0
1,103,203,0,0,0
1,103,204,0,9,0
1,103,205,0,9,0
1,103,206,0,16,0
1,103,207,0,8,0
1,103,208,0,0,0
1,103,209,0,9,0
1,103,210,0,16,0
1,103,211,0,8,0
1,103,212,0,0,0
1,103,213,0,9,0
1,103,214,0,11,0
1,103,215,0,8,0
1,103,216,0,0,0
1,103,217,0,9,0
1,103,218,0,17,0
1,103,219,0,0,0
1,103,220,0,9,0
1,103,221,0,0,0
1,103,222,0,9,0
1,103,223,0,17,0
1,103,224,0,0,0
1,103,225,0,9,0
1,103,226,0,9,0
1,103,227,0,16,0
1,103,228,0,8,0
1,103,229,0,0,0
1,103,230,0,9,0
1,103,231,0,16,0
1,103,232,0,8,0
1,103,233,0,0,0
1,103,234,0,9,0
1,103,235,0,11,0
1,103,236,0,8,0
1,103,237,0,0,0
1,103,238,0,9,0
1,103,239,0,17,0
1,103,240,0,0,0
1,103,241,0,9,0
1,103,242,0,0,0
1,103,243,0,9,0
1,103,244,0,17,0
1,103,245,0,0,0
1,103,246,0,9,0
1,103,247,0,9,0
1,103,248,0,16,0
1,103,249,0,8,0
1,103,250,0,0,0
1,103,251,0,9,0
1,103,252,0,16,0
1,103,253,0,8,0
1,103,254,0,0,0
1,103,255,0,9,0
1,103,256,0,11,0
1,103,257,0,8,0
1,103,258,0,0,0
1,103,259,0,9,0
1,103,260,0,16,0
1,103,261,0,8,0
1,103,262,0,0,0
1,103,263,0,15,0
1,103,264,0,0,0
1,103,265,0,9,0
1,103,266,0,9,0
1,103,267,0,9,0
1,103,268,0,0,0
1,103,269,0,15,0
1,103,270,0,0,0
1,103,271,0,9,0
1,103,272,0,9,0
1,103,273,0,9,0
1,103,274,0,0,0
1,103,275,0,15,0
1,103,276,0,0,0
1,103,277,0,9,0
1,103,278,0,9,0
1,103,279,0,9,0
1,103,280,0,0,0
1,103,281,0,15,0
1,103,282,0,0,0
1,103,283,0,9,0
1,103,284,0,9,0
1,103,285,0,9,0
1,103,286,0,0,0
1,103,287,0,15,0
1,103,288,0,0,0
1,103,289,0,9,0
1,103,290,0,9,0
1,103,291,0,9,0
1,103,292,0,0,0
1,103,293,0,15,0
1,103,294,0,0,0
1,103,295,0,9,0
1,103,296,0,9,0
1,103,297,0,9,0
1,103,298,0,0,0
1,103,299,0,15,0
1,103,300,0,0,0
1,103,301,0,9,0
1,103,302,0,9,0
1,103,303,0,9,0
1,103,304,0,0,0
1,103,305,0,15,0
1,103,306,0,0,0
1,103,307,0,9,0
1,103,308,0,9,0
1,103,309,0,9,0
1,103,310,0,0,0
1,103,311,0,15,0
1,103,312,0,0,0
1,103,313,0,9,0
1,103,314,0,9,0
1,103,315,0,9,0
1,103,316,0,0,0
1,103,317,0,15,0
1,103,318,0,0,0
1,103,319,0,9,0
1,103,320,0,9,0
1,103,321,0,9,0
1,103,322,0,0,0
1,103,323,0,15,0
1,103,324,0,0,0
1,103,325,0,9,0
1,103,326,0,9,0
1,103,327,0,9,0
1,104,105,9,16,0
1,104,106,9,8,0
1,104,107,9,0,0
1,104,108,9,9,0
1,104,109,9,11,0
1,104,110,9,8,0
1,104,111,9,0,0
1,104,112,9,9,0
1,104,113,9,17,0
1,104,114,9,0,0
1,104,115,9,9,0
1,104,116,9,0,0
1,104,117,9,9,0
1,104,118,9,17,0
1,104,119,9,0,0
1,104,120,9,9,0
1,104,121,9,9,0
1,104,122,9,16,0
1,104,123,9,8,0
1,104,124,9,0,0
1,104,125,9,9,0
1,104,126,9,16,0
1,104,127,9,8,0
1,104,128,9,0,0
1,104,129,9,9,0
1,104,130,9,11,0
1,104,131,9,8,0
1,104,132,9,0,0
1,104,133,9,9,0
1,104,134,9,17,0
1,104,135,9,0,0
1,104,136,9,9,0
1,104,137,9,0,0
1,104,138,9,9,0
1,104,139,9,17,0
1,104,140,9,0,0
1,104,141,9,9,0
1,104,142,9,9,0
1,104,143,9,16,0
1,104,144,9,8,0
1,104,145,9,0,0
1,104,146,9,9,0
1,104,147,9,16,0
1,104,148,9,8,0
1,104,149,9,0,0
1,104,150,9,9,0
1,104,151,9,11,0
1,104,152,9,8,0
1,104,153,9,0,0
1,104,154,9,9,0
1,104,155,9,17,0
1,104,156,9,0,0
1,104,157,9,9,0
1,104,158,9,0,0
1,104,159,9,9,0
1,104,160,9,17,0
1,104,161,9,0,0
1,104,162,9,9,0
1,104,163,9,9,0
1,104,164,9,16,0
1,104,165,9,8,0
1,104,166,9,0,0
1,104,167,9,9,0
1,104,168,9,16,0
1,104,169,9,8,0
1,104,170,9,0,0
1,104,171,9,9,0
1,104,172,9,11,0
1,104,173,9,8,0
1,104,174,9,0,0
1,104,175,9,9,0
1,104,176,9,17,0
1,104,177,9,0,0
1,104,178,9,9,0
1,104,179,9,0,0
1,104,180,9,9,0
1,104,181,9,17,0
1,104,182,9,0,0
1,104,183,9,9,0
1,104,184,9,9,0
1,104,185,9,16,0
1,104,186,9,8,0
1,104,187,9,0,0
1,104,188,9,9,0
1,104,189,9,16,0
1,104,190,9,8,0
1,104,191,9,0,0
1,104,192,9,9,0
1,104,193,9,11,0
1,104,194,9,8,0
1,104,195,9,0,0
1,104,196,9,9,0
1,104,197,9,17,0
1,104,198,9,0,0
1,104,199,9,9,0
1,104,200,9,0,0
1,104,201,9,9,0
1,104,202,9,17,0
1,104,203,9,0,0
1,104,204,9,9,0
1,104,205,9,9,0
1,104,206,9,16,0
1,104,207,9,8,0
1,104,208,9,0,0
1,104,209,9,9,0
1,104,210,9,16,0
1,104,211,9,8,0
1,104,212,9,0,0
1,104,213,9,9,0
1,104,214,9,11,0
1,104,215,9,8,0
1,104,216,9,0,0
1,104,217,9,9,0
1,104,218,9,17,0
1,104,219,9,0,0
1,104,220,9,9,0
1,104,221,9,0,0
1,104,222,9,9,0
1,104,223,9,17,0
1,104,224,9,0,0
1,104,225,9,9,0
1,104,226,9,9,0
1,104,227,9,16,0
1,104,228,9,8,0
1,104,229,9,0,0
1,104,230,9,9,0
1,104,231,9,16,0
1,104,232,9,8,0
1,104,233,9,0,0
1,104,234,9,9,0
1,104,235,9,11,0
1,104,236,9,8,0
1,104,237,9,0,0
1,104,238,9,9,0
1,104,239,9,17,0
1,104,240,9,0,0
1,104,241,9,9,0
1,104,242,9,0,0
1,104,243,9,9,0
1,104,244,9,17,0
1,104,245,9,0,0
1,104,246,9,9,0
1,104,247,9,9,0
1,104,248,9,16,0
1,104,249,9,8,0
1,104,250,9,0,0
1,104,251,9,9,0
1,104,252,9,16,0
1,104,253,9,8,0
1,104,254,9,0,0
1,104,255,9,9,0
1,104,256,9,11,0
1,104,257,9,8,0
1,104,258,9,0,0
1,104,259,9,9,0
1,104,260,9,16,0
1,104,261,9,8,0
1,104,262,9,0,0
1,104,263,9,15,0
1,104,264,9,0,0
1,104,265,9,9,0
1,104,266,9,9,0
1,104,267,9,9,0
1,104,268,9,0,0
1,104,269,9,15,0
1,104,270,9,0,0
1,104,271,9,9,0
1,104,272,9,9,0
1,104,273,9,9,0
1,104,274,9,0,0
1,104,275,9,15,0
1,104,276,9,0,0
1,104,277,9,9,0
1,104,278,9,9,0
1,104,279,9,9,0
1,104,280,9,0,0
1,104,281,9,15,0
1,104,282,9,0,0
1,104,283,9,9,0
1,104,284,9,9,0
1,104,285,9,9,0
1,104,286,9,0,0
1,104,287,9,15,0
1,104,288,9,0,0
1,104,289,9,9,0
1,104,290,9,9,0
1,104,291,9,9,0
1,104,292,9,0,0
1,104,293,9,15,0
1,104,294,9,0,0
1,104,295,9,9,0
1,104,296,9,9,0
1,104,297,9,9,0
1,104,298,9,0,0
1,104,299,9,15,0
1,104,300,9,0,0
1,104,301,9,9,0
1,104,302,9,9,0
1,104,303,9,9,0
1,104,304,9,0,0
1,104,305,9,15,0
1,104,306,9,0,0
1,104,307,9,9,0
1,104,308,9,9,0
1,104,309,9,9,0
1,104,310,9,0,0
1,104,311,9,15,0
1,104,312,9,0,0
1,104,313,9,9,0
1,104,314,9,9,0
1,104,315,9,9,0
1,104,316,9,0,0
1,104,317,9,15,0
1,104,318,9,0,0
1,104,319,9,9,0
1,104,320,9,9,0
1,104,321,9,9,0
1,104,322,9,0,0
1,104,323,9,15,0
1,104,324,9,0,0
1,104,325,9,9,0
1,104,326,9,9,0
1,104,327,9,9,0
1,105,106,16,8,1
1,105,107,16,0,0
1,105,108,16,9,0
1,105,109,16,11,0
1,105,110,16,8,0
1,105,111,16,0,0
1,105,112,16,9,0
1,105,113,16,17,0
1,105,114,16,0,0
1,105,115,16,9,0
1,105,116,16,0,0
1,105,117,16,9,0
1,105,118,16,17,0
1,105,119,16,0,0
1,105,120,16,9,0
1,105,121,16,9,0
1,105,122,16,16,0
1,105,123,16,8,0
1,105,124,16,0,0
1,105,125,16,9,0
1,105,126,16,16,0
1,105,127,16,8,0
1,105,128,16,0,0
1,105,129,16,9,0
1,105,130,16,11,0
1,105,131,16,8,0
1,105,132,16,0,0
1,105,133,16,9,0
1,105,134,16,17,0
1,105,135,16,0,0
1,105,136,16,9,0
1,105,137,16,0,0
1,105,138,16,9,0
1,105,139,16,17,0
1,105,140,16,0,0
1,105,141,16,9,0
1,105,142,16,9,0
1,105,143,16,16,0
1,105,144,16,8,0
1,105,145,16,0,0
1,105,146,16,9,0
1,105,147,16,16,0
1,105,148,16,8,0
1,105,149,16,0,0
1,105,150,16,9,0
1,105,151,16,11,0
1,105,152,16,8,0
1,105,153,16,0,0
1,105,154,16,9,0
1,105,155,16,17,0
1,105,156,16,0,0
1,105,157,16,9,0
1,105,158,16,0,0
1,105,159,16,9,0
1,105,160,16,17,0
1,105,161,16,0,0
1,105,162,16,9,0
1,105,163,16,9,0
1,105,164,16,16,0
1,105,165,16,8,0
1,105,166,16,0,0
1,105,167,16,9,0
1,105,168,16,16,0
1,105,169,16,8,0
1,105,170,16,0,0
1,105,171,16,9,0
1,105,172,16,11,0
1,105,173,16,8,0
1,105,174,16,0,0
1,105,175,16,9,0
1,105,176,16,17,0
1,105,177,16,0,0
1,105,178,16,9,0
1,105,179,16,0,0
1,105,180,16,9,0
1,105,181,16,17,0
1,105,182,16,0,0
1,105,183,16,9,0
1,105,184,16,9,0
1,105,185,16,16,0
1,105,186,16,8,0
1,105,187,16,0,0
1,105,188,16,9,0
1,105,189,16,16,0
1,105,190,16,8,0
1,105,191,16,0,0
1,105,192,16,9,0
1,105,193,16,11,0
1,105,194,16,8,0
1,105,195,16,0,0
1,105,196,16,9,0
1,105,197,16,17,0
1,105,198,16,0,0
1,105,199,16,9,0
1,105,200,16,0,0
1,105,201,16,9,0
1,105,202,16,17,0
1,105,203,16,0,0
1,105,204,16,9,0
1,105,205,16,9,0
1,105,206,16,16,0
1,105,207,16,8,0
1,105,208,16,0,0
1,105,209,16,9,0
1,105,210,16,16,0
1,105,211,16,8,0
1,105,212,16,0,0
1,105,213,16,9,0
1,105,214,16,11,0
1,105,215,16,8,0
1,105,216,16,0,0
1,105,217,16,9,0
1,105,218,16,17,0
1,105,219,16,0,0
1,105,220,16,9,0
1,105,221,16,0,0
1,105,222,16,9,0
1,105,223,16,17,0
1,105,224,16,0,0
1,105,225,16,9,0
1,105,226,16,9,0
1,105,227,16,16,0
1,105,228,16,8,0
1,105,229,16,0,0
1,105,230,16,9,0
1,105,231,16,16,0
1,105,232,16,8,0
1,105,233,16,0,0
1,105,234,16,9,0
1,105,235,16,11,0
1,105,236,16,8,0
1,105,237,16,0,0
1,105,238,16,9,0
1,105,239,16,17,0
1,105,240,16,0,0
1,105,241,16,9,0
1,105,242,16,0,0
1,105,243,16,9,0
1,105,244,16,17,0
1,105,245,16,0,0
1,105,246,16,9,0
1,105,247,16,9,0
1,105,248,16,16,0
1,105,249,16,8,0
1,105,250,16,0,0
1,105,251,16,9,0
1,105,252,16,16,0
1,105,253,16,8,0
1,105,254,16,0,0
1,105,255,16,9,0
1,105,256,16,11,0
1,105,257,16,8,0
1,105,258,16,0,0
1,105,259,16,9,0
1,105,260,16,16,0
1,105,261,16,8,0
1,105,262,16,0,0
1,105,263,16,15,0
1,105,264,16,0,0
1,105,265,16,9,0
1,105,266,16,9,0
1,105,267,16,9,0
1,105,268,16,0,0
1,105,269,16,15,0
1,105,270,16,0,0
1,105,271,16,9,0
1,105,272,16,9,0
1,105,273,16,9,0
1,105,274,16,0,0
1,105,275,16,15,0
1,105,276,16,0,0
1,105,277,16,9,0
1,105,278,16,9,0
1,105,279,16,9,0
1,105,280,16,0,0
1,105,281,16,15,0
1,105,282,16,0,0
1,105,283,16,9,0
1,105,284,16,9,0
1,105,285,16,9,0
1,105,286,16,0,0
1,105,287,16,15,0
1,105,288,16,0,0
1,105,289,16,9,0
1,105,290,16,9,0
1,105,291,16,9,0
1,105,292,16,0,0
1,105,293,16,15,0
1,105,294,16,0,0
1,105,295,16,9,0
1,105,296,16,9,0
1,105,297,16,9,0
1,105,298,16,0,0
1,105,299,16,15,0
1,105,300,16,0,0
1,105,301,16,9,0
1,105,302,16,9,0
1,105,303,16,9,0
1,105,304,16,0,0
1,105,305,16,15,0
1,105,306,16,0,0
1,105,307,16,9,0
1,105,308,16,9,0
1,105,309,16,9,0
1,105,310,16,0,0
1,105,311,16,15,0
1,105,312,16,0,0
1,105,313,16,9,0
1,105,314,16,9,0
1,105,315,16,9,0
1,105,316,16,0,0
1,105,317,16,15,0
1,105,318,16,0,0
1,105,319,16,9,0
1,105,320,16,9,0
1,105,321,16,9,0
1,105,322,16,0,0
1,105,323,16,15,0
1,105,324,16,0,0
1,105,325,16,9,0
1,105,326,16,9,0
1,105,327,16,9,0
1,106,107,8,0,0
1,106,108,8,9,0
1,106,109,8,11,0
1,106,110,8,8,0
1,106,111,8,0,0
1,106,112,8,9,0
1,106,113,8,17,0
1,106,114,8,0,0
1,106,115,8,9,0
1,106,116,8,0,0
1,106,117,8,9,0
1,106,118,8,17,0
1,106,119,8,0,0
1,106,120,8,9,0
1,106,121,8,9,0
1,106,122,8,16,0
1,106,123,8,8,0
1,106,124,8,0,0
1,106,125,8,9,0
1,106,126,8,16,0
1,106,127,8,8,0
1,106,128,8,0,0
1,106,129,8,9,0
1,106,130,8,11,0
1,106,131,8,8,0
1,106,132,8,0,0
1,106,133,8,9,0
1,106,134,8,17,0
1,106,135,8,0,0
1,106,136,8,9,0
1,106,137,8,0,0
1,106,138,8,9,0
1,106,139,8,17,0
1,106,140,8,0,0
1,106,141,8,9,0
1,106,142,8,9,0
1,106,143,8,16,0
1,106,144,8,8,0
1,106,145,8,0,0
1,106,146,8,9,0
1,106,147,8,16,0
1,106,148,8,8,0
1,106,149,8,0,0
1,106,150,8,9,0
1,106,151,8,11,0
1,106,152,8,8,0
1,106,153,8,0,0
1,106,154,8,9,0
1,106,155,8,17,0
1,106,156,8,0,0
1,106,157,8,9,0
1,106,158,8,0,0
1,106,159,8,9,0
1,106,160,8,17,0
1,106,161,8,0,0
1,106,162,8,9,0
1,106,163,8,9,0
1,106,164,8,16,0
1,106,165,8,8,0
1,106,166,8,0,0
1,106,167,8,9,0
1,106,168,8,16,0
1,106,169,8,8,0
1,106,170,8,0,0
1,106,171,8,9,0
1,106,172,8,11,0
1,106,173,8,8,0
1,106,174,8,0,0
1,106,175,8,9,0
1,106,176,8,17,0
1,106,177,8,0,0
1,106,178,8,9,0
1,106,179,8,0,0
1,106,180,8,9,0
1,106,181,8,17,0
1,106,182,8,0,0
1,106,183,8,9,0
1,106,184,8,9,0
1,106,185,8,16,0
1,106,186,8,8,0
1,106,187,8,0,0
1,106,188,8,9,0
1,106,189,8,16,0
1,106,190,8,8,0
1,106,191,8,0,0
1,106,192,8,9,0
1,106,193,8,11,0
1,106,194,8,8,0
1,106,195,8,0,0
1,106,196,8,9,0
1,106,197,8,17,0
1,106,198,8,0,0
1,106,199,8,9,0
1,106,200,8,0,0
1,106,201,8,9,0
1,106,202,8,17,0
1,106,203,8,0,0
1,106,204,8,9,0
1,106,205,8,9,0
1,106,206,8,16,0
1,106,207,8,8,0
1,106,208,8,0,0
1,106,209,8,9,0
1,106,210,8,16,0
1,106,211,8,8,0
1,106,212,8,0,0
1,106,213,8,9,0
1,106,214,8,11,0
1,106,215,8,8,0
1,106,216,8,0,0
1,106,217,8,9,0
1,106,218,8,17,0
1,106,219,8,0,0
1,106,220,8,9,0
1,106,221,8,0,0
1,106,222,8,9,0
1,106,223,8,17,0
1,106,224,8,0,0
1,106,225,8,9,0
1,106,226,8,9,0
1,106,227,8,16,0
1,106,228,8,8,0
1,106,229,8,0,0
1,106,230,8,9,0
1,106,231,8,16,0
1,106,232,8,8,0
1,106,233,8,0,0
1,106,234,8,9,0
1,106,235,8,11,0
1,106,236,8,8,0
1,106,237,8,0,0
1,106,238,8,9,0
1,106,239,8,17,0
1,106,240,8,0,0
1,106,241,8,9,0
1,106,242,8,0,0
1,106,243,8,9,0
1,106,244,8,17,0
1,106,245,8,0,0
1,106,246,8,9,0
1,106,247,8,9,0
1,106,248,8,16,0
1,106,249,8,8,0
1,106,250,8,0,0
1,106,251,8,9,0
1,106,252,8,16,0
1,106,253,8,8,0
1,106,254,8,0,0
1,106,255,8,9,0
1,106,256,8,11,0
1,106,257,8,8,0
1,106,258,8,0,0
1,106,259,8,9,0
1,106,260,8,16,0
1,106,261,8,8,0
1,106,262,8,0,0
1,106,263,8,15,0
1,106,264,8,0,0
1,106,265,8,9,0
1,106,266,8,9,0
1,106,267,8,9,0
1,106,268,8,0,0
1,106,269,8,15,0
1,106,270,8,0,0
1,106,271,8,9,0
1,106,272,8,9,0
1,106,273,8,9,0
1,106,274,8,0,0
1,106,275,8,15,0
1,106,276,8,0,0
1,106,277,8,9,0
1,106,278,8,9,0
1,106,279,8,9,0
1,106,280,8,0,0
1,106,281,8,15,0
1,106,282,8,0,0
1,106,283,8,9,0
1,106,284,8,9,0
1,106,285,8,9,0
1,106,286,8,0,0
1,106,287,8,15,0
1,106,288,8,0,0
1,106,289,8,9,0
1,106,290,8,9,0
1,106,291,8,9,0
1,106,292,8,0,0
1,106,293,8,15,0
1,106,294,8,0,0
1,106,295,8,9,0
1,106,296,8,9,0
1,106,297,8,9,0
1,106,298,8,0,0
1,106,299,8,15,0
1,106,300,8,0,0
1,106,301,8,9,0
1,106,302,8,9,0
1,106,303,8,9,0
1,106,304,8,0,0
1,106,305,8,15,0
1,106,306,8,0,0
1,106,307,8,9,0
1,106,308,8,9,0
1,106,309,8,9,0
1,106,310,8,0,0
1,106,311,8,15,0
1,106,312,8,0,0
1,106,313,8,9,0
1,106,314,8,9,0
1,106,315,8,9,0
1,106,316,8,0,0
1,106,317,8,15,0
1,106,318,8,0,0
1,106,319,8,9,0
1,106,320,8,9,0
1,106,321,8,9,0
1,106,322,8,0,0
1,106,323,8,15,0
1,106,324,8,0,0
1,106,325,8,9,0
1,106,326,8,9,0
1,106,327,8,9,0
1,107,108,0,9,1
1,107,109,0,11,1
1,107,110,0,8,0
1,107,111,0,0,1
1,107,112,0,9,0
1,107,113,0,17,0
1,107,114,0,0,0
1,107,115,0,9,0
1,107,116,0,0,0
1,107,117,0,9,0
1,107,118,0,17,0
1,107,119,0,0,0
1,107,120,0,9,0
1,107,121,0,9,0
1,107,122,0,16,0
1,107,123,0,8,0
1,107,124,0,0,0
1,107,125,0,9,0
1,107,126,0,16,0
1,107,127,0,8,0
1,107,128,0,0,0
1,107,129,0,9,0
1,107,130,0,11,0
1,107,131,0,8,0
1,107,132,0,0,0
1,107,133,0,9,0
1,107,134,0,17,0
1,107,135,0,0,0
1,107,136,0,9,0
1,107,137,0,0,0
1,107,138,0,9,0
1,107,139,0,17,0
1,107,140,0,0,0
1,107,141,0,9,0
1,107,142,0,9,0
1,107,143,0,16,0
1,107,144,0,8,0
1,107,145,0,0,0
1,107,146,0,9,0
1,107,147,0,16,0
1,107,148,0,8,0
1,107,149,0,0,0
1,107,150,0,9,0
1,107,151,0,11,0
1,107,152,0,8,0
1,107,153,0,0,0
1,107,154,0,9,0
1,107,155,0,17,0
1,107,156,0,0,0
1,107,157,0,9,0
1,107,158,0,0,0
1,107,159,0,9,0
1,107,160,0,17,0
1,107,161,0,0,0
1,107,162,0,9,0
1,107,163,0,9,0
1,107,164,0,16,0
1,107,165,0,8,0
1,107,166,0,0,0
1,107,167,0,9,0
1,107,168,0,16,0
1,107,169,0,8,0
1,107,170,0,0,0
1,107,171,0,9,0
1,107,172,0,11,0
1,107,173,0,8,0
1,107,174,0,0,0
1,107,175,0,9,0
1,107,176,0,17,0
1,107,177,0,0,0
1,107,178,0,9,0
1,107,179,0,0,0
1,107,180,0,9,0
1,107,181,0,17,0
1,107,182,0,0,0
1,107,183,0,9,0
1,107,184,0,9,0
1,107,185,0,16,0
1,107,186,0,8,0
1,107,187,0,0,0
1,107,188,0,9,0
1,107,189,0,16,0
1,107,190,0,8,0
1,107,191,0,0,0
1,107,192,0,9,0
1,107,193,0,11,0
1,107,194,0,8,0
1,107,195,0,0,0
1,107,196,0,9,0
1,107,197,0,17,0
1,107,198,0,0,0
1,107,199,0,9,0
1,107,200,0,0,0
1,107,201,0,9,0
1,107,202,0,17,0
1,107,203,0,0,0
1,107,204,0,9,0
1,107,205,0,9,0
1,107,206,0,16,0
1,107,207,0,8,0
1,107,208,0,0,0
1,107,209,0,9,0
1,107,210,0,16,0
1,107,211,0,8,0
1,107,212,0,0,0
1,107,213,0,9,0
1,107,214,0,11,0
1,107,215,0,8,0
1,107,216,0,0,0
1,107,217,0,9,0
1,107,218,0,17,0
1,107,219,0,0,0
1,107,220,0,9,0
1,107,221,0,0,0
1,107,222,0,9,0
1,107,223,0,17,0
1,107,224,0,0,0
1,107,225,0,9,0
1,107,226,0,9,0
1,107,227,0,16,0
1,107,228,0,8,0
1,107,229,0,0,0
1,107,230,0,9,0
1,107,231,0,16,0
1,107,232,0,8,0
1,107,233,0,0,0
1,107,234,0,9,0
1,107,235,0,11,0
1,107,236,0,8,0
1,107,237,0,0,0
1,107,238,0,9,0
1,107,239,0,17,0
1,107,240,0,0,0
1,107,241,0,9,0
1,107,242,0,0,0
1,107,243,0,9,0
1,107,244,0,17,0
1,107,245,0,0,0
1,107,246,0,9,0
1,107,247,0,9,0
1,107,248,0,16,0
1,107,249,0,8,0
1,107,250,0,0,0
1,107,251,0,9,0
1,107,252,0,16,0
1,107,253,0,8,0
1,107,254,0,0,0
1,107,255,0,9,0
1,107,256,0,11,0
1,107,257,0,8,0
1,107,258,0,0,0
1,107,259,0,9,0
1,107,260,0,16,0
1,107,261,0,8,0
1,107,262,0,0,0
1,107,263,0,15,0
1,107,264,0,0,0
1,107,265,0,9,0
1,107,266,0,9,0
1,107,267,0,9,0
1,107,268,0,0,0
1,107,269,0,15,0
1,107,270,0,0,0
1,107,271,0,9,0
1,107,272,0,9,0
1,107,273,0,9,0
1,107,274,0,0,0
1,107,275,0,15,0
1,107,276,0,0,0
1,107,277,0,9,0
1,107,278,0,9,0
1,107,279,0,9,0
1,107,280,0,0,0
1,107,281,0,15,0
1,107,282,0,0,0
1,107,283,0,9,0
1,107,284,0,9,0
1,107,285,0,9,0
1,107,286,0,0,0
1,107,287,0,15,0
1,107,288,0,0,0
1,107,289,0,9,0
1,107,290,0,9,0
1,107,291,0,9,0
1,107,292,0,0,0
1,107,293,0,15,0
1,107,294,0,0,0
1,107,295,0,9,0
1,107,296,0,9,0
1,107,297,0,9,0
1,107,298,0,0,0
1,107,299,0,15,0
1,107,300,0,0,0
1,107,301,0,9,0
1,107,302,0,9,0
1,107,303,0,9,0
1,107,304,0,0,0
1,107,305,0,15,0
1,107,306,0,0,0
1,107,307,0,9,0
1,107,308,0,9,0
1,107,309,0,9,0
1,107,310,0,0,0
1,107,311,0,15,0
1,107,312,0,0,0
1,107,313,0,9,0
1,107,314,0,9,0
1,107,315,0,9,0
1,107,316,0,0,0
1,107,317,0,15,0
1,107,318,0,0,0
1,107,319,0,9,0
1,107,320,0,9,0
1,107,321,0,9,0
1,107,322,0,0,0
1,107,323,0,15,0
1,107,324,0,0,0
1,107,325,0,9,0
1,107,326,0,9,0
1,107,327,0,9,0
1,108,109,9,11,0
1,108,110,9,8,0
1,108,111,9,0,0
1,108,112,9,9,0
1,108,113,9,17,0
1,108,114,9,0,0
1,108,115,9,9,0
1,108,116,9,0,0
1,108,117,9,9,0
1,108,118,9,17,0
1,108,119,9,0,0
1,108,120,9,9,0
1,108,121,9,9,0
1,108,122,9,16,0
1,108,123,9,8,0
1,108,124,9,0,0
1,108,125,9,9,0
1,108,126,9,16,0
1,108,127,9,8,0
1,108,128,9,0,0
1,108,129,9,9,0
1,108,130,9,11,0
1,108,131,9,8,0
1,108,132,9,0,0
1,108,133,9,9,0
1,108,134,9,17,0
1,108,135,9,0,0
1,108,136,9,9,0
1,108,137,9,0,0
1,108,138,9,9,0
1,108,139,9,17,0
1,108,140,9,0,0
1,108,141,9,9,0
1,108,142,9,9,0
1,108,143,9,16,0
1,108,144,9,8,0
1,108,145,9,0,0
1,108,146,9,9,0
1,108,147,9,16,0
1,108,148,9,8,0
1,108,149,9,0,0
1,108,150,9,9,0
1,108,151,9,11,0
1,108,152,9,8,0
1,108,153,9,0,0
1,108,154,9,9,0
1,108,155,9,17,0
1,108,156,9,0,0
1,108,157,9,9,0
1,108,158,9,0,0
1,108,159,9,9,0
1,108,160,9,17,0
1,108,161,9,0,0
1,108,162,9,9,0
1,108,163,9,9,0
1,108,164,9,16,0
1,108,165,9,8,0
1,108,166,9,0,0
1,108,167,9,9,0
1,108,168,9,16,0
1,108,169,9,8,0
1,108,170,9,0,0
1,108,171,9,9,0
1,108,172,9,11,0
1,108,173,9,8,0
1,108,174,9,0,0
1,108,175,9,9,0
1,108,176,9,17,0
1,108,177,9,0,0
1,108,178,9,9,0
1,108,179,9,0,0
1,108,180,9,9,0
1,108,181,9,17,0
1,108,182,9,0,0
1,108,183,9,9,0
1,108,184,9,9,0
1,108,185,9,16,0
1,108,186,9,8,0
1,108,187,9,0,0
1,108,188,9,9,0
1,108,189,9,16,0
1,108,190,9,8,0
1,108,191,9,0,0
1,108,192,9,9,0
1,108,193,9,11,0
1,108,194,9,8,0
1,108,195,9,0,0
1,108,196,9,9,0
1,108,197,9,17,0
1,108,198,9,0,0
1,108,199,9,9,0
1,108,200,9,0,0
1,108,201,9,9,0
1,108,202,9,17,0
1,108,203,9,0,0
1,108,204,9,9,0
1,108,205,9,9,0
1,108,206,9,16,0
1,108,207,9,8,0
1,108,208,9,0,0
1,108,209,9,9,0
1,108,210,9,16,0
1,108,211,9,8,0
1,108,212,9,0,0
1,108,213,9,9,0
1,108,214,9,11,0
1,108,215,9,8,0
1,108,216,9,0,0
1,108,217,9,9,0
1,108,218,9,17,0
1,108,219,9,0,0
1,108,220,9,9,0
1,108,221,9,0,0
1,108,222,9,9,0
1,108,223,9,17,0
1,108,224,9,0,0
1,108,225,9,9,0
1,108,226,9,9,0
1,108,227,9,16,0
1,108,228,9,8,0
1,108,229,9,0,0
1,108,230,9,9,0
1,108,231,9,16,0
1,108,232,9,8,0
1,108,233,9,0,0
1,108,234,9,9,0
1,108,235,9,11,0
1,108,236,9,8,0
1,108,237,9,0,0
1,108,238,9,9,0
1,108,239,9,17,0
1,108,240,9,0,0
1,108,241,9,9,0
1,108,242,9,0,0
1,108,243,9,9,0
1,108,244,9,17,0
1,108,245,9,0,0
1,108,246,9,9,0
1,108,247,9,9,0
1,108,248,9,16,0
1,108,249,9,8,0
1,108,250,9,0,0
1,108,251,9,9,0
1,108,252,9,16,0
1,108,253,9,8,0
1,108,254,9,0,0
1,108,255,9,9,0
1,108,256,9,11,0
1,108,257,9,8,0
1,108,258,9,0,0
1,108,259,9,9,0
1,108,260,9,16,0
1,108,261,9,8,0
1,108,262,9,0,0
1,108,263,9,15,0
1,108,264,9,0,0
1,108,265,9,9,0
1,108,266,9,9,0
1,108,267,9,9,0
1,108,268,9,0,0
1,108,269,9,15,0
1,108,270,9,0,0
1,108,271,9,9,0
1,108,272,9,9,0
1,108,273,9,9,0
1,108,274,9,0,0
1,108,275,9,15,0
1,108,276,9,0,0
1,108,277,9,9,0
1,108,278,9,9,0
1,108,279,9,9,0
1,108,280,9,0,0
1,108,281,9,15,0
1,108,282,9,0,0
1,108,283,9,9,0
1,108,284,9,9,0
1,108,285,9,9,0
1,108,286,9,0,0
1,108,287,9,15,0
1,108,288,9,0,0
1,108,289,9,9,0
1,108,290,9,9,0
1,108,291,9,9,0
1,108,292,9,0,0
1,108,293,9,15,0
1,108,294,9,0,0
1,108,295,9,9,0
1,108,296,9,9,0
1,108,297,9,9,0
1,108,298,9,0,0
1,108,299,9,15,0
1,108,300,9,0,0
1,108,301,9,9,0
1,108,302,9,9,0
1,108,303,9,9,0
1,108,304,9,0,0
1,108,305,9,15,0
1,108,306,9,0,0
1,108,307,9,9,0
1,108,308,9,9,0
1,108,309,9,9,0
1,108,310,9,0,0
1,108,311,9,15,0
1,108,312,9,0,0
1,108,313,9,9,0
1,108,314,9,9,0
1,108,315,9,9,0
1,108,316,9,0,0
1,108,317,9,15,0
1,108,318,9,0,0
1,108,319,9,9,0
1,108,320,9,9,0
1,108,321,9,9,0
1,108,322,9,0,0
1,108,323,9,15,0
1,108,324,9,0,0
1,108,325,9,9,0
1,108,326,9,9,0
1,108,327,9,9,0
1,109,110,11,8,1
1,109,111,11,0,0
1,109,112,11,9,0
1,109,113,11,17,0
1,109,114,11,0,0
1,109,115,11,9,0
1,109,116,11,0,0
1,109,117,11,9,0
1,109,118,11,17,0
1,109,119,11,0,0
1,109,120,11,9,0
1,109,121,11,9,0
1,109,122,11,16,0
1,109,123,11,8,0
1,109,124,11,0,0
1,109,125,11,9,0
1,109,126,11,16,0
1,109,127,11,8,0
1,109,128,11,0,0
1,109,129,11,9,0
1,109,130,11,11,0
1,109,131,11,8,0
1,109,132,11,0,0
1,109,133,11,9,0
1,109,134,11,17,0
1,109,135,11,0,0
1,109,136,11,9,0
1,109,137,11,0,0
1,109,138,11,9,0
1,109,139,11,17,0
1,109,140,11,0,0
1,109,141,11,9,0
1,109,142,11,9,0
1,109,143,11,16,0
1,109,144,11,8,0
1,109,145,11,0,0
1,109,146,11,9,0
1,109,147,11,16,0
1,109,148,11,8,0
1,109,149,11,0,0
1,109,150,11,9,0
1,109,151,11,11,0
1,109,152,11,8,0
1,109,153,11,0,0
1,109,154,11,9,0
1,109,155,11,17,0
1,109,156,11,0,0
1,109,157,11,9,0
1,109,158,11,0,0
1,109,159,11,9,0
1,109,160,11,17,0
1,109,161,11,0,0
1,109,162,11,9,0
1,109,163,11,9,0
1,109,164,11,16,0
1,109,165,11,8,0
1,109,166,11,0,0
1,109,167,11,9,0
1,109,168,11,16,0
1,109,169,11,8,0
1,109,170,11,0,0
1,109,171,11,9,0
1,109,172,11,11,0
1,109,173,11,8,0
1,109,174,11,0,0
1,109,175,11,9,0
1,109,176,11,17,0
1,109,177,11,0,0
1,109,178,11,9,0
1,109,179,11,0,0
1,109,180,11,9,0
1,109,181,11,17,0
1,109,182,11,0,0
1,109,183,11,9,0
1,109,184,11,9,0
1,109,185,11,16,0
1,109,186,11,8,0
1,109,187,11,0,0
1,109,188,11,9,0
1,109,189,11,16,0
1,109,190,11,8,0
1,109,191,11,0,0
1,109,192,11,9,0
1,109,193,11,11,0
1,109,194,11,8,0
1,109,195,11,0,0
1,109,196,11,9,0
1,109,197,11,17,0
1,109,198,11,0,0
1,109,199,11,9,0
1,109,200,11,0,0
1,109,201,11,9,0
1,109,202,11,17,0
1,109,203,11,0,0
1,109,204,11,9,0
1,109,205,11,9,0
1,109,206,11,16,0
1,109,207,11,8,0
1,109,208,11,0,0
1,109,209,11,9,0
1,109,210,11,16,0
1,109,211,11,8,0
1,109,212,11,0,0
1,109,213,11,9,0
1,109,214,11,11,0
1,109,215,11,8,0
1,109,216,11,0,0
1,109,217,11,9,0
1,109,218,11,17,0
1,109,219,11,0,0
1,109,220,11,9,0
1,109,221,11,0,0
1,109,222,11,9,0
1,109,223,11,17,0
1,109,224,11,0,0
1,109,225,11,9,0
1,109,226,11,9,0
1,109,227,11,16,0
1,109,228,11,8,0
1,109,229,11,0,0
1,109,230,11,9,0
1,109,231,11,16,0
1,109,232,11,8,0
1,109,233,11,0,0
1,109,234,11,9,0
1,109,235,11,11,0
1,109,236,11,8,0
1,109,237,11,0,0
1,109,238,11,9,0
1,109,239,11,17,0
1,109,240,11,0,0
1,109,241,11,9,0
1,109,242,11,0,0
1,109,243,11,9,0
1,109,244,11,17,0
1,109,245,11,0,0
1,109,246,11,9,0
1,109,247,11,9,0
1,109,248,11,16,0
1,109,249,11,8,0
1,109,250,11,0,0
1,109,251,11,9,0
1,109,252,11,16,0
1,109,253,11,8,0
1,109,254,11,0,0
1,109,255,11,9,0
1,109,256,11,11,0
1,109,257,11,8,0
1,109,258,11,0,0
1,109,259,11,9,0
1,109,260,11,16,0
1,109,261,11,8,0
1,109,262,11,0,0
1,109,263,11,15,0
1,109,264,11,0,0
1,109,265,11,9,0
1,109,266,11,9,0
1,109,267,11,9,0
1,109,268,11,0,0
1,109,269,11,15,0
1,109,270,11,0,0
1,109,271,11,9,0
1,109,272,11,9,0
1,109,273,11,9,0
1,109,274,11,0,0
1,109,275,11,15,0
1,109,276,11,0,0
1,109,277,11,9,0
1,109,278,11,9,0
1,109,279,11,9,0
1,109,280,11,0,0
1,109,281,11,15,0
1,109,282,11,0,0
1,109,283,11,9,0
1,109,284,11,9,0
1,109,285,11,9,0
1,109,286,11,0,0
1,109,287,11,15,0
1,109,288,11,0,0
1,109,289,11,9,0
1,109,290,11,9,0
1,109,291,11,9,0
1,109,292,11,0,0
1,109,293,11,15,0
1,109,294,11,0,0
1,109,295,11,9,0
1,109,296,11,9,0
1,109,297,11,9,0
1,109,298,11,0,0
1,109,299,11,15,0
1,109,300,11,0,0
1,109,301,11,9,0
1,109,302,11,9,0
1,109,303,11,9,0
1,109,304,11,0,1
1,109,305,11,15,0
1,109,306,11,0,0
1,109,307,11,9,0
1,109,308,11,9,0
1,109,309,11,9,0
1,109,310,11,0,0
1,109,311,11,15,0
1,109,312,11,0,0
1,109,313,11,9,0
1,109,314,11,9,0
1,109,315,11,9,0
1,109,316,11,0,0
1,109,317,11,15,0
1,109,318,11,0,0
1,109,319,11,9,0
1,109,320,11,9,0
1,109,321,11,9,0
1,109,322,11,0,0
1,109,323,11,15,0
1,109,324,11,0,0
1,109,325,11,9,0
1,109,326,11,9,0
1,109,327,11,9,0
1,110,111,8,0,0
1,110,112,8,9,0
1,110,113,8,17,0
1,110,114,8,0,0
1,110,115,8,9,0
1,110,116,8,0,0
1,110,117,8,9,0
1,110,118,8,17,0
1,110,119,8,0,0
1,110,120,8,9,0
1,110,121,8,9,0
1,110,122,8,16,0
1,110,123,8,8,0
1,110,124,8,0,0
1,110,125,8,9,0
1,110,126,8,16,0
1,110,127,8,8,0
1,110,128,8,0,0
1,110,129,8,9,0
1,110,130,8,11,0
1,110,131,8,8,0
1,110,132,8,0,0
1,110,133,8,9,0
1,110,134,8,17,0
1,110,135,8,0,0
1,110,136,8,9,0
1,110,137,8,0,0
1,110,138,8,9,0
1,110,139,8,17,0
1,110,140,8,0,0
1,110,141,8,9,0
1,110,142,8,9,0
1,110,143,8,16,0
1,110,144,8,8,0
1,110,145,8,0,0
1,110,146,8,9,0
1,110,147,8,16,0
1,110,148,8,8,0
1,110,149,8,0,0
1,110,150,8,9,0
1,110,151,8,11,0
1,110,152,8,8,0
1,110,153,8,0,0
1,110,154,8,9,0
1,110,155,8,17,0
1,110,156,8,0,0
1,110,157,8,9,0
1,110,158,8,0,0
1,110,159,8,9,0
1,110,160,8,17,0
1,110,161,8,0,0
1,110,162,8,9,0
1,110,163,8,9,0
1,110,164,8,16,0
1,110,165,8,8,0
1,110,166,8,0,0
1,110,167,8,9,0
1,110,168,8,16,0
1,110,169,8,8,0
1,110,170,8,0,0
1,110,171,8,9,0
1,110,172,8,11,0
1,110,173,8,8,0
1,110,174,8,0,0
1,110,175,8,9,0
1,110,176,8,17,0
1,110,177,8,0,0
1,110,178,8,9,0
1,110,179,8,0,0
1,110,180,8,9,0
1,110,181,8,17,0
1,110,182,8,0,0
1,110,183,8,9,0
1,110,184,8,9,0
1,110,185,8,16,0
1,110,186,8,8,0
1,110,187,8,0,0
1,110,188,8,9,0
1,110,189,8,16,0
1,110,190,8,8,0
1,110,191,8,0,0
1,110,192,8,9,0
1,110,193,8,11,0
1,110,194,8,8,0
1,110,195,8,0,0
1,110,196,8,9,0
1,110,197,8,17,0
1,110,198,8,0,0
1,110,199,8,9,0
1,110,200,8,0,0
1,110,201,8,9,0
1,110,202,8,17,0
1,110,203,8,0,0
1,110,204,8,9,0
1,110,205,8,9,0
1,110,206,8,16,0
1,110,207,8,8,0
1,110,208,8,0,0
1,110,209,8,9,0
1,110,210,8,16,0
1,110,211,8,8,0
1,110,212,8,0,0
1,110,213,8,9,0
1,110,214,8,11,0
1,110,215,8,8,0
1,110,216,8,0,0
1,110,217,8,9,0
1,110,218,8,17,0
1,110,219,8,0,0
1,110,220,8,9,0
1,110,221,8,0,0
1,110,222,8,9,0
1,110,223,8,17,0
1,110,224,8,0,0
1,110,225,8,9,0
1,110,226,8,9,0
1,110,227,8,16,0
1,110,228,8,8,0
1,110,229,8,0,0
1,110,230,8,9,0
1,110,231,8,16,0
1,110,232,8,8,0
1,110,233,8,0,0
1,110,234,8,9,0
1,110,235,8,11,0
1,110,236,8,8,0
1,110,237,8,0,0
1,110,238,8,9,0
1,110,239,8,17,0
1,110,240,8,0,0
1,110,241,8,9,0
1,110,242,8,0,0
1,110,243,8,9,0
1,110,244,8,17,0
1,110,245,8,0,0
1,110,246,8,9,0
1,110,247,8,9,0
1,110,248,8,16,0
1,110,249,8,8,0
1,110,250,8,0,0
1,110,251,8,9,0
1,110,252,8,16,0
1,110,253,8,8,0
1,110,254,8,0,0
1,110,255,8,9,0
1,110,256,8,11,0
1,110,257,8,8,0
1,110,258,8,0,0
1,110,259,8,9,0
1,110,260,8,16,0
1,110,261,8,8,0
1,110,262,8,0,0
1,110,263,8,15,0
1,110,264,8,0,0
1,110,265,8,9,0
1,110,266,8,9,0
1,110,267,8,9,0
1,110,268,8,0,0
1,110,269,8,15,0
1,110,270,8,0,0
1,110,271,8,9,0
1,110,272,8,9,0
1,110,273,8,9,0
1,110,274,8,0,0
1,110,275,8,15,0
1,110,276,8,0,0
1,110,277,8,9,0
1,110,278,8,9,0
1,110,279,8,9,0
1,110,280,8,0,0
1,110,281,8,15,0
1,110,282,8,0,0
1,110,283,8,9,0
1,110,284,8,9,0
1,110,285,8,9,0
1,110,286,8,0,0
1,110,287,8,15,0
1,110,288,8,0,0
1,110,289,8,9,0
1,110,290,8,9,0
1,110,291,8,9,0
1,110,292,8,0,0
1,110,293,8,15,0
1,110,294,8,0,0
1,110,295,8,9,0
1,110,296,8,9,0
1,110,297,8,9,0
1,110,298,8,0,0
1,110,299,8,15,0
1,110,300,8,0,0
1,110,301,8,9,0
1,110,302,8,9,0
1,110,303,8,9,0
1,110,304,8,0,0
1,110,305,8,15,0
1,110,306,8,0,0
1,110,307,8,9,0
1,110,308,8,9,0
1,110,309,8,9,0
1,110,310,8,0,0
1,110,311,8,15,0
1,110,312,8,0,0
1,110,313,8,9,0
1,110,314,8,9,0
1,110,315,8,9,0
1,110,316,8,0,0
1,110,317,8,15,0
1,110,318,8,0,0
1,110,319,8,9,0
1,110,320,8,9,0
1,110,321,8,9,0
1,110,322,8,0,0
1,110,323,8,15,0
1,110,324,8,0,0
1,110,325,8,9,0
1,110,326,8,9,0
1,110,327,8,9,0
1,111,112,0,9,1
1,111,113,0,17,1
1,111,114,0,0,0
1,111,115,0,9,0
1,111,116,0,0,0
1,111,117,0,9,0
1,111,118,0,17,0
1,111,119,0,0,0
1,111,120,0,9,0
1,111,121,0,9,0
1,111,122,0,16,0
1,111,123,0,8,0
1,111,124,0,0,0
1,111,125,0,9,0
1,111,126,0,16,0
1,111,127,0,8,0
1,111,128,0,0,0
1,111,129,0,9,0
1,111,130,0,11,0
1,111,131,0,8,0
1,111,132,0,0,0
1,111,133,0,9,0
1,111,134,0,17,0
1,111,135,0,0,0
1,111,136,0,9,0
1,111,137,0,0,0
1,111,138,0,9,0
1,111,139,0,17,0
1,111,140,0,0,0
1,111,141,0,9,0
1,111,142,0,9,0
1,111,143,0,16,0
1,111,144,0,8,0
1,111,145,0,0,0
1,111,146,0,9,0
1,111,147,0,16,0
1,111,148,0,8,0
1,111,149,0,0,0
1,111,150,0,9,0
1,111,151,0,11,0
1,111,152,0,8,0
1,111,153,0,0,0
1,111,154,0,9,0
1,111,155,0,17,0
1,111,156,0,0,0
1,111,157,0,9,0
1,111,158,0,0,0
1,111,159,0,9,0
1,111,160,0,17,0
1,111,161,0,0,0
1,111,162,0,9,0
1,111,163,0,9,0
1,111,164,0,16,0
1,111,165,0,8,0
1,111,166,0,0,0
1,111,167,0,9,0
1,111,168,0,16,0
1,111,169,0,8,0
1,111,170,0,0,0
1,111,171,0,9,0
1,111,172,0,11,0
1,111,173,0,8,0
1,111,174,0,0,0
1,111,175,0,9,0
1,111,176,0,17,0
1,111,177,0,0,0
1,111,178,0,9,0
1,111,179,0,0,0
1,111,180,0,9,0
1,111,181,0,17,0
1,111,182,0,0,0
1,111,183,0,9,0
1,111,184,0,9,0
1,111,185,0,16,0
1,111,186,0,8,0
1,111,187,0,0,0
1,111,188,0,9,0
1,111,189,0,16,0
1,111,190,0,8,0
1,111,191,0,0,0
1,111,192,0,9,0
1,111,193,0,11,0
1,111,194,0,8,0
1,111,195,0,0,0
1,111,196,0,9,0
1,111,197,0,17,0
1,111,198,0,0,0
1,111,199,0,9,0
1,111,200,0,0,0
1,111,201,0,9,0
1,111,202,0,17,0
1,111,203,0,0,0
1,111,204,0,9,0
1,111,205,0,9,0
1,111,206,0,16,0
1,111,207,0,8,0
1,111,208,0,0,0
1,111,209,0,9,0
1,111,210,0,16,0
1,111,211,0,8,0
1,111,212,0,0,0
1,111,213,0,9,0
1,111,214,0,11,0
1,111,215,0,8,0
1,111,216,0,0,0
1,111,217,0,9,0
1,111,218,0,17,0
1,111,219,0,0,0
1,111,220,0,9,0
1,111,221,0,0,0
1,111,222,0,9,0
1,111,223,0,17,0
1,111,224,0,0,0
1,111,225,0,9,0
1,111,226,0,9,0
1,111,227,0,16,0
1,111,228,0,8,0
1,111,229,0,0,0
1,111,230,0,9,0
1,111,231,0,16,0
1,111,232,0,8,0
1,111,233,0,0,0
1,111,234,0,9,0
1,111,235,0,11,0
1,111,236,0,8,0
1,111,237,0,0,0
1,111,238,0,9,0
1,111,239,0,17,0
1,111,240,0,0,0
1,111,241,0,9,0
1,111,242,0,0,0
1,111,243,0,9,0
1,111,244,0,17,0
1,111,245,0,0,0
1,111,246,0,9,0
1,111,247,0,9,0
1,111,248,0,16,0
1,111,249,0,8,0
1,111,250,0,0,0
1,111,251,0,9,0
1,111,252,0,16,0
1,111,253,0,8,0
1,111,254,0,0,0
1,111,255,0,9,0
1,111,256,0,11,0
1,111,257,0,8,0
1,111,258,0,0,0
1,111,259,0,9,0
1,111,260,0,16,0
1,111,261,0,8,0
1,111,262,0,0,0
1,111,263,0,15,0
1,111,264,0,0,0
1,111,265,0,9,0
1,111,266,0,9,0
1,111,267,0,9,0
1,111,268,0,0,0
1,111,269,0,15,0
1,111,270,0,0,0
1,111,271,0,9,0
1,111,272,0,9,0
1,111,273,0,9,0
1,111,274,0,0,0
1,111,275,0,15,0
1,111,276,0,0,0
1,111,277,0,9,0
1,111,278,0,9,0
1,111,279,0,9,0
1,111,280,0,0,0
1,111,281,0,15,0
1,111,282,0,0,0
1,111,283,0,9,0
1,111,284,0,9,0
1,111,285,0,9,0
1,111,286,0,0,0
1,111,287,0,15,0
1,111,288,0,0,0
1,111,289,0,9,0
1,111,290,0,9,0
1,111,291,0,9,0
1,111,292,0,0,0
1,111,293,0,15,0
1,111,294,0,0,0
1,111,295,0,9,0
1,111,296,0,9,0
1,111,297,0,9,0
1,111,298,0,0,0
1,111,299,0,15,0
1,111,300,0,0,0
1,111,301,0,9,0
1,111,302,0,9,0
1,111,303,0,9,0
1,111,304,0,0,0
1,111,305,0,15,0
1,111,306,0,0,0
1,111,307,0,9,0
1,111,308,0,9,0
1,111,309,0,9,0
1,111,310,0,0,0
1,111,311,0,15,0
1,111,312,0,0,0
1,111,313,0,9,0
1,111,314,0,9,0
1,111,315,0,9,0
1,111,316,0,0,0
1,111,317,0,15,0
1,111,318,0,0,0
1,111,319,0,9,0
1,111,320,0,9,0
1,111,321,0,9,0
1,111,322,0,0,0
1,111,323,0,15,0
1,111,324,0,0,0
1,111,325,0,9,0
1,111,326,0,9,0
1,111,327,0,9,0
1,112,113,9,17,0
1,112,114,9,0,0
1,112,115,9,9,0
1,112,116,9,0,0
1,112,117,9,9,0
1,112,118,9,17,0
1,112,119,9,0,0
1,112,120,9,9,0
1,112,121,9,9,0
1,112,122,9,16,0
1,112,123,9,8,0
1,112,124,9,0,0
1,112,125,9,9,0
1,112,126,9,16,0
1,112,127,9,8,0
1,112,128,9,0,0
1,112,129,9,9,0
1,112,130,9,11,0
1,112,131,9,8,0
1,112,132,9,0,0
1,112,133,9,9,0
1,112,134,9,17,0
1,112,135,9,0,0
1,112,136,9,9,0
1,112,137,9,0,0
1,112,138,9,9,0
1,112,139,9,17,0
1,112,140,9,0,0
1,112,141,9,9,0
1,112,142,9,9,0
1,112,143,9,16,0
1,112,144,9,8,0
1,112,145,9,0,0
1,112,146,9,9,0
1,112,147,9,16,0
1,112,148,9,8,0
1,112,149,9,0,0
1,112,150,9,9,0
1,112,151,9,11,0
1,112,152,9,8,0
1,112,153,9,0,0
1,112,154,9,9,0
1,112,155,9,17,0
1,112,156,9,0,0
1,112,157,9,9,0
1,112,158,9,0,0
1,112,159,9,9,0
1,112,160,9,17,0
1,112,161,9,0,0
1,112,162,9,9,0
1,112,163,9,9,0
1,112,164,9,16,0
1,112,165,9,8,0
1,112,166,9,0,0
1,112,167,9,9,0
1,112,168,9,16,0
1,112,169,9,8,0
1,112,170,9,0,0
1,112,171,9,9,0
1,112,172,9,11,0
1,112,173,9,8,0
1,112,174,9,0,0
1,112,175,9,9,0
1,112,176,9,17,0
1,112,177,9,0,0
1,112,178,9,9,0
1,112,179,9,0,0
1,112,180,9,9,0
1,112,181,9,17,0
1,112,182,9,0,0
1,112,183,9,9,0
1,112,184,9,9,0
1,112,185,9,16,0
1,112,186,9,8,0
1,112,187,9,0,0
1,112,188,9,9,0
1,112,189,9,16,0
1,112,190,9,8,0
1,112,191,9,0,0
1,112,192,9,9,0
1,112,193,9,11,0
1,112,194,9,8,0
1,112,195,9,0,0
1,112,196,9,9,0
1,112,197,9,17,0
1,112,198,9,0,0
1,112,199,9,9,0
1,112,200,9,0,0
1,112,201,9,9,0
1,112,202,9,17,0
1,112,203,9,0,0
1,112,204,9,9,0
1,112,205,9,9,0
1,112,206,9,16,0
1,112,207,9,8,0
1,112,208,9,0,0
1,112,209,9,9,0
1,112,210,9,16,0
1,112,211,9,8,0
1,112,212,9,0,0
1,112,213,9,9,0
1,112,214,9,11,0
1,112,215,9,8,0
1,112,216,9,0,0
1,112,217,9,9,0
1,112,218,9,17,0
1,112,219,9,0,0
1,112,220,9,9,0
1,112,221,9,0,0
1,112,222,9,9,0
1,112,223,9,17,0
1,112,224,9,0,0
1,112,225,9,9,0
1,112,226,9,9,0
1,112,227,9,16,0
1,112,228,9,8,0
1,112,229,9,0,0
1,112,230,9,9,0
1,112,231,9,16,0
1,112,232,9,8,0
1,112,233,9,0,0
1,112,234,9,9,0
1,112,235,9,11,0
1,112,236,9,8,0
1,112,237,9,0,0
1,112,238,9,9,0
1,112,239,9,17,0
1,112,240,9,0,0
1,112,241,9,9,0
1,112,242,9,0,0
1,112,243,9,9,0
1,112,244,9,17,0
1,112,245,9,0,0
1,112,246,9,9,0
1,112,247,9,9,0
1,112,248,9,16,0
1,112,249,9,8,0
1,112,250,9,0,0
1,112,251,9,9,0
1,112,252,9,16,0
1,112,253,9,8,0
1,112,254,9,0,0
1,112,255,9,9,0
1,112,256,9,11,0
1,112,257,9,8,0
1,112,258,9,0,0
1,112,259,9,9,0
1,112,260,9,16,0
1,112,261,9,8,0
1,112,262,9,0,0
1,112,263,9,15,0
1,112,264,9,0,0
1,112,265,9,9,0
1,112,266,9,9,0
1,112,267,9,9,0
1,112,268,9,0,0
1,112,269,9,15,0
1,112,270,9,0,0
1,112,271,9,9,0
1,112,272,9,9,0
1,112,273,9,9,0
1,112,274,9,0,0
1,112,275,9,15,0
1,112,276,9,0,0
1,112,277,9,9,0
1,112,278,9,9,0
1,112,279,9,9,0
1,112,280,9,0,0
1,112,281,9,15,0
1,112,282,9,0,0
1,112,283,9,9,0
1,112,284,9,9,0
1,112,285,9,9,0
1,112,286,9,0,0
1,112,287,9,15,0
1,112,288,9,0,0
1,112,289,9,9,0
1,112,290,9,9,0
1,112,291,9,9,0
1,112,292,9,0,0
1,112,293,9,15,0
1,112,294,9,0,0
1,112,295,9,9,0
1,112,296,9,9,0
1,112,297,9,9,0
1,112,298,9,0,0
1,112,299,9,15,0
1,112,300,9,0,0
1,112,301,9,9,0
1,112,302,9,9,0
1,112,303,9,9,0
1,112,304,9,0,0
1,112,305,9,15,0
1,112,306,9,0,0
1,112,307,9,9,0
1,112,308,9,9,0
1,112,309,9,9,0
1,112,310,9,0,0
1,112,311,9,15,0
1,112,312,9,0,0
1,112,313,9,9,0
1,112,314,9,9,0
1,112,315,9,9,0
1,112,316,9,0,0
1,112,317,9,15,0
1,112,318,9,0,0
1,112,319,9,9,0
1,112,320,9,9,0
1,112,321,9,9,0
1,112,322,9,0,0
1,112,323,9,15,0
1,112,324,9,0,0
1,112,325,9,9,0
1,112,326,9,9,0
1,112,327,9,9,0
1,113,114,17,0,1
1,113,115,17,9,0
1,113,116,17,0,0
1,113,117,17,9,0
1,113,118,17,17,0
1,113,119,17,0,0
1,113,120,17,9,0
1,113,121,17,9,0
1,113,122,17,16,0
1,113,123,17,8,0
1,113,124,17,0,0
1,113,125,17,9,0
1,113,126,17,16,0
1,113,127,17,8,0
1,113,128,17,0,0
1,113,129,17,9,0
1,113,130,17,11,0
1,113,131,17,8,0
1,113,132,17,0,0
1,113,133,17,9,0
1,113,134,17,17,0
1,113,135,17,0,0
1,113,136,17,9,0
1,113,137,17,0,0
1,113,138,17,9,0
1,113,139,17,17,0
1,113,140,17,0,0
1,113,141,17,9,0
1,113,142,17,9,0
1,113,143,17,16,0
1,113,144,17,8,0
1,113,145,17,0,0
1,113,146,17,9,0
1,113,147,17,16,0
1,113,148,17,8,0
1,113,149,17,0,0
1,113,150,17,9,0
1,113,151,17,11,0
1,113,152,17,8,0
1,113,153,17,0,0
1,113,154,17,9,0
1,113,155,17,17,0
1,113,156,17,0,0
1,113,157,17,9,0
1,113,158,17,0,0
1,113,159,17,9,0
1,113,160,17,17,0
1,113,161,17,0,0
1,113,162,17,9,0
1,113,163,17,9,0
1,113,164,17,16,0
1,113,165,17,8,0
1,113,166,17,0,0
1,113,167,17,9,0
1,113,168,17,16,0
1,113,169,17,8,0
1,113,170,17,0,0
1,113,171,17,9,0
1,113,172,17,11,0
1,113,173,17,8,0
1,113,174,17,0,0
1,113,175,17,9,0
1,113,176,17,17,0
1,113,177,17,0,0
1,113,178,17,9,0
1,113,179,17,0,0
1,113,180,17,9,0
1,113,181,17,17,0
1,113,182,17,0,0
1,113,183,17,9,0
1,113,184,17,9,0
1,113,185,17,16,0
1,113,186,17,8,0
1,113,187,17,0,0
1,113,188,17,9,0
1,113,189,17,16,0
1,113,190,17,8,0
1,113,191,17,0,0
1,113,192,17,9,0
1,113,193,17,11,0
1,113,194,17,8,0
1,113,195,17,0,0
1,113,196,17,9,0
1,113,197,17,17,0
1,113,198,17,0,0
1,113,199,17,9,0
1,113,200,17,0,0
1,113,201,17,9,0
1,113,202,17,17,0
1,113,203,17,0,0
1,113,204,17,9,0
1,113,205,17,9,0
1,113,206,17,16,0
1,113,207,17,8,0
1,113,208,17,0,0
1,113,209,17,9,0
1,113,210,17,16,0
1,113,211,17,8,0
1,113,212,17,0,0
1,113,213,17,9,0
1,113,214,17,11,0
1,113,215,17,8,0
1,113,216,17,0,0
1,113,217,17,9,0
1,113,218,17,17,0
1,113,219,17,0,0
1,113,220,17,9,0
1,113,221,17,0,0
1,113,222,17,9,0
1,113,223,17,17,0
1,113,224,17,0,0
1,113,225,17,9,0
1,113,226,17,9,0
1,113,227,17,16,0
1,113,228,17,8,0
1,113,229,17,0,0
1,113,230,17,9,0
1,113,231,17,16,0
1,113,232,17,8,0
1,113,233,17,0,0
1,113,234,17,9,0
1,113,235,17,11,0
1,113,236,17,8,0
1,113,237,17,0,0
1,113,238,17,9,0
1,113,239,17,17,0
1,113,240,17,0,0
1,113,241,17,9,0
1,113,242,17,0,0
1,113,243,17,9,0
1,113,244,17,17,0
1,113,245,17,0,0
1,113,246,17,9,0
1,113,247,17,9,0
1,113,248,17,16,0
1,113,249,17,8,0
1,113,250,17,0,0
1,113,251,17,9,0
1,113,252,17,16,0
1,113,253,17,8,0
1,113,254,17,0,0
1,113,255,17,9,0
1,113,256,17,11,0
1,113,257,17,8,0
1,113,258,17,0,0
1,113,259,17,9,0
1,113,260,17,16,0
1,113,261,17,8,0
1,113,262,17,0,0
1,113,263,17,15,0
1,113,264,17,0,0
1,113,265,17,9,0
1,113,266,17,9,0
1,113,267,17,9,0
1,113,268,17,0,0
1,113,269,17,15,0
1,113,270,17,0,0
1,113,271,17,9,0
1,113,272,17,9,0
1,113,273,17,9,0
1,113,274,17,0,0
1,113,275,17,15,0
1,113,276,17,0,0
1,113,277,17,9,0
1,113,278,17,9,0
1,113,279,17,9,0
1,113,280,17,0,0
1,113,281,17,15,0
1,113,282,17,0,0
1,113,283,17,9,0
1,113,284,17,9,0
1,113,285,17,9,0
1,113,286,17,0,0
1,113,287,17,15,0
1,113,288,17,0,0
1,113,289,17,9,0
1,113,290,17,9,0
1,113,291,17,9,0
1,113,292,17,0,0
1,113,293,17,15,0
1,113,294,17,0,0
1,113,295,17,9,0
1,113,296,17,9,0
1,113,297,17,9,0
1,113,298,17,0,0
1,113,299,17,15,0
1,113,300,17,0,0
1,113,301,17,9,0
1,113,302,17,9,0
1,113,303,17,9,0
1,113,304,17,0,0
1,113,305,17,15,0
1,113,306,17,0,0
1,113,307,17,9,0
1,113,308,17,9,0
1,113,309,17,9,0
1,113,310,17,0,0
1,113,311,17,15,0
1,113,312,17,0,0
1,113,313,17,9,0
1,113,314,17,9,0
1,113,315,17,9,0
1,113,316,17,0,0
1,113,317,17,15,0
1,113,318,17,0,0
1,113,319,17,9,0
1,113,320,17,9,0
1,113,321,17,9,0
1,113,322,17,0,0
1,113,323,17,15,0
1,113,324,17,0,0
1,113,325,17,9,0
1,113,326,17,9,0
1,113,327,17,9,0
1,114,115,0,9,1
1,114,116,0,0,1
1,114,117,0,9,0
1,114,118,0,17,0
1,114,119,0,0,0
1,114,120,0,9,0
1,114,121,0,9,0
1,114,122,0,16,0
1,114,123,0,8,0
1,114,124,0,0,1
1,114,125,0,9,0
1,114,126,0,16,0
1,114,127,0,8,0
1,114,128,0,0,0
1,114,129,0,9,0
1,114,130,0,11,0
1,114,131,0,8,0
1,114,132,0,0,0
1,114,133,0,9,0
1,114,134,0,17,0
1,114,135,0,0,0
1,114,136,0,9,0
1,114,137,0,0,0
1,114,138,0,9,0
1,114,139,0,17,0
1,114,140,0,0,0
1,114,141,0,9,0
1,114,142,0,9,0
1,114,143,0,16,0
1,114,144,0,8,0
1,114,145,0,0,0
1,114,146,0,9,0
1,114,147,0,16,0
1,114,148,0,8,0
1,114,149,0,0,0
1,114,150,0,9,0
1,114,151,0,11,0
1,114,152,0,8,0
1,114,153,0,0,0
1,114,154,0,9,0
1,114,155,0,17,0
1,114,156,0,0,0
1,114,157,0,9,0
1,114,158,0,0,0
1,114,159,0,9,0
1,114,160,0,17,0
1,114,161,0,0,0
1,114,162,0,9,0
1,114,163,0,9,0
1,114,164,0,16,0
1,114,165,0,8,0
1,114,166,0,0,0
1,114,167,0,9,0
1,114,168,0,16,0
1,114,169,0,8,0
1,114,170,0,0,0
1,114,171,0,9,0
1,114,172,0,11,0
1,114,173,0,8,0
1,114,174,0,0,0
1,114,175,0,9,0
1,114,176,0,17,0
1,114,177,0,0,0
1,114,178,0,9,0
1,114,179,0,0,0
1,114,180,0,9,0
1,114,181,0,17,0
1,114,182,0,0,0
1,114,183,0,9,0
1,114,184,0,9,0
1,114,185,0,16,0
1,114,186,0,8,0
1,114,187,0,0,0
1,114,188,0,9,0
1,114,189,0,16,0
1,114,190,0,8,0
1,114,191,0,0,0
1,114,192,0,9,0
1,114,193,0,11,0
1,114,194,0,8,0
1,114,195,0,0,0
1,114,196,0,9,0
1,114,197,0,17,0
1,114,198,0,0,0
1,114,199,0,9,0
1,114,200,0,0,0
1,114,201,0,9,0
1,114,202,0,17,0
1,114,203,0,0,0
1,114,204,0,9,0
1,114,205,0,9,0
1,114,206,0,16,0
1,114,207,0,8,0
1,114,208,0,0,0
1,114,209,0,9,0
1,114,210,0,16,0
1,114,211,0,8,0
1,114,212,0,0,0
1,114,213,0,9,0
1,114,214,0,11,0
1,114,215,0,8,0
1,114,216,0,0,0
1,114,217,0,9,0
1,114,218,0,17,0
1,114,219,0,0,0
1,114,220,0,9,0
1,114,221,0,0,0
1,114,222,0,9,0
1,114,223,0,17,0
1,114,224,0,0,0
1,114,225,0,9,0
1,114,226,0,9,0
1,114,227,0,16,0
1,114,228,0,8,0
1,114,229,0,0,0
1,114,230,0,9,0
1,114,231,0,16,0
1,114,232,0,8,0
1,114,233,0,0,0
1,114,234,0,9,0
1,114,235,0,11,0
1,114,236,0,8,0
1,114,237,0,0,0
1,114,238,0,9,0
1,114,239,0,17,0
1,114,240,0,0,0
1,114,241,0,9,0
1,114,242,0,0,0
1,114,243,0,9,0
1,114,244,0,17,0
1,114,245,0,0,0
1,114,246,0,9,0
1,114,247,0,9,0
1,114,248,0,16,0
1,114,249,0,8,0
1,114,250,0,0,0
1,114,251,0,9,0
1,114,252,0,16,0
1,114,253,0,8,0
1,114,254,0,0,0
1,114,255,0,9,0
1,114,256,0,11,0
1,114,257,0,8,0
1,114,258,0,0,0
1,114,259,0,9,0
1,114,260,0,16,0
1,114,261,0,8,0
1,114,262,0,0,0
1,114,263,0,15,0
1,114,264,0,0,0
1,114,265,0,9,0
1,114,266,0,9,0
1,114,267,0,9,0
1,114,268,0,0,0
1,114,269,0,15,0
1,114,270,0,0,0
1,114,271,0,9,0
1,114,272,0,9,0
1,114,273,0,9,0
1,114,274,0,0,0
1,114,275,0,15,0
1,114,276,0,0,0
1,114,277,0,9,0
1,114,278,0,9,0
1,114,279,0,9,0
1,114,280,0,0,0
1,114,281,0,15,0
1,114,282,0,0,0
1,114,283,0,9,0
1,114,284,0,9,0
1,114,285,0,9,0
1,114,286,0,0,0
1,114,287,0,15,0
1,114,288,0,0,0
1,114,289,0,9,0
1,114,290,0,9,0
1,114,291,0,9,0
1,114,292,0,0,0
1,114,293,0,15,0
1,114,294,0,0,0
1,114,295,0,9,0
1,114,296,0,9,0
1,114,297,0,9,0
1,114,298,0,0,0
1,114,299,0,15,0
1,114,300,0,0,0
1,114,301,0,9,0
1,114,302,0,9,0
1,114,303,0,9,0
1,114,304,0,0,0
1,114,305,0,15,0
1,114,306,0,0,0
1,114,307,0,9,0
1,114,308,0,9,0
1,114,309,0,9,0
1,114,310,0,0,0
1,114,311,0,15,0
1,114,312,0,0,0
1,114,313,0,9,0
1,114,314,0,9,0
1,114,315,0,9,0
1,114,316,0,0,0
1,114,317,0,15,0
1,114,318,0,0,0
1,114,319,0,9,0
1,114,320,0,9,0
1,114,321,0,9,0
1,114,322,0,0,0
1,114,323,0,15,0
1,114,324,0,0,0
1,114,325,0,9,0
1,114,326,0,9,0
1,114,327,0,9,0
1,115,116,9,0,0
1,115,117,9,9,0
1,115,118,9,17,0
1,115,119,9,0,0
1,115,120,9,9,0
1,115,121,9,9,0
1,115,122,9,16,0
1,115,123,9,8,0
1,115,124,9,0,0
1,115,125,9,9,0
1,115,126,9,16,0
1,115,127,9,8,0
1,115,128,9,0,0
1,115,129,9,9,0
1,115,130,9,11,0
1,115,131,9,8,0
1,115,132,9,0,0
1,115,133,9,9,0
1,115,134,9,17,0
1,115,135,9,0,0
1,115,136,9,9,0
1,115,137,9,0,0
1,115,138,9,9,0
1,115,139,9,17,0
1,115,140,9,0,0
1,115,141,9,9,0
1,115,142,9,9,0
1,115,143,9,16,0
1,115,144,9,8,0
1,115,145,9,0,0
1,115,146,9,9,0
1,115,147,9,16,0
1,115,148,9,8,0
1,115,149,9,0,0
1,115,150,9,9,0
1,115,151,9,11,0
1,115,152,9,8,0
1,115,153,9,0,0
1,115,154,9,9,0
1,115,155,9,17,0
1,115,156,9,0,0
1,115,157,9,9,0
1,115,158,9,0,0
1,115,159,9,9,0
1,115,160,9,17,0
1,115,161,9,0,0
1,115,162,9,9,0
1,115,163,9,9,0
1,115,164,9,16,0
1,115,165,9,8,0
1,115,166,9,0,0
1,115,167,9,9,0
1,115,168,9,16,0
1,115,169,9,8,0
1,115,170,9,0,0
1,115,171,9,9,0
1,115,172,9,11,0
1,115,173,9,8,0
1,115,174,9,0,0
1,115,175,9,9,0
1,115,176,9,17,0
1,115,177,9,0,0
1,115,178,9,9,0
1,115,179,9,0,0
1,115,180,9,9,0
1,115,181,9,17,0
1,115,182,9,0,0
1,115,183,9,9,0
1,115,184,9,9,0
1,115,185,9,16,0
1,115,186,9,8,0
1,115,187,9,0,0
1,115,188,9,9,0
1,115,189,9,16,0
1,115,190,9,8,0
1,115,191,9,0,0
1,115,192,9,9,0
1,115,193,9,11,0
1,115,194,9,8,0
1,115,195,9,0,0
1,115,196,9,9,0
1,115,197,9,17,0
1,115,198,9,0,0
1,115,199,9,9,0
1,115,200,9,0,0
1,115,201,9,9,0
1,115,202,9,17,0
1,115,203,9,0,0
1,115,204,9,9,0
1,115,205,9,9,0
1,115,206,9,16,0
1,115,207,9,8,0
1,115,208,9,0,0
1,115,209,9,9,0
1,115,210,9,16,0
1,115,211,9,8,0
1,115,212,9,0,0
1,115,213,9,9,0
1,115,214,9,11,0
1,115,215,9,8,0
1,115,216,9,0,0
1,115,217,9,9,0
1,115,218,9,17,0
1,115,219,9,0,0
1,115,220,9,9,0
1,115,221,9,0,0
1,115,222,9,9,0
1,115,223,9,17,0
1,115,224,9,0,0
1,115,225,9,9,0
1,115,226,9,9,0
1,115,227,9,16,0
1,115,228,9,8,0
1,115,229,9,0,0
1,115,230,9,9,0
1,115,231,9,16,0
1,115,232,9,8,0
1,115,233,9,0,0
1,115,234,9,9,0
1,115,235,9,11,0
1,115,236,9,8,0
1,115,237,9,0,0
1,115,238,9,9,0
1,115,239,9,17,0
1,115,240,9,0,0
1,115,241,9,9,0
1,115,242,9,0,0
1,115,243,9,9,0
1,115,244,9,17,0
1,115,245,9,0,0
1,115,246,9,9,0
1,115,247,9,9,0
1,115,248,9,16,0
1,115,249,9,8,0
1,115,250,9,0,0
1,115,251,9,9,0
1,115,252,9,16,0
1,115,253,9,8,0
1,115,254,9,0,0
1,115,255,9,9,0
1,115,256,9,11,0
1,115,257,9,8,0
1,115,258,9,0,0
1,115,259,9,9,0
1,115,260,9,16,0
1,115,261,9,8,0
1,115,262,9,0,0
1,115,263,9,15,0
1,115,264,9,0,0
1,115,265,9,9,0
1,115,266,9,9,0
1,115,267,9,9,0
1,115,268,9,0,0
1,115,269,9,15,0
1,115,270,9,0,0
1,115,271,9,9,0
1,115,272,9,9,0
1,115,273,9,9,0
1,115,274,9,0,0
1,115,275,9,15,0
1,115,276,9,0,0
1,115,277,9,9,0
1,115,278,9,9,0
1,115,279,9,9,0
1,115,280,9,0,0
1,115,281,9,15,0
1,115,282,9,0,0
1,115,283,9,9,0
1,115,284,9,9,0
1,115,285,9,9,0
1,115,286,9,0,0
1,115,287,9,15,0
1,115,288,9,0,0
1,115,289,9,9,0
1,115,290,9,9,0
1,115,291,9,9,0
1,115,292,9,0,0
1,115,293,9,15,0
1,115,294,9,0,0
1,115,295,9,9,0
1,115,296,9,9,0
1,115,297,9,9,0
1,115,298,9,0,0
1,115,299,9,15,0
1,115,300,9,0,0
1,115,301,9,9,0
1,115,302,9,9,0
1,115,303,9,9,0
1,115,304,9,0,0
1,115,305,9,15,0
1,115,306,9,0,0
1,115,307,9,9,0
1,115,308,9,9,0
1,115,309,9,9,0
1,115,310,9,0,0
1,115,311,9,15,0
1,115,312,9,0,0
1,115,313,9,9,0
1,115,314,9,9,0
1,115,315,9,9,0
1,115,316,9,0,0
1,115,317,9,15,0
1,115,318,9,0,0
1,115,319,9,9,0
1,115,320,9,9,0
1,115,321,9,9,0
1,115,322,9,0,0
1,115,323,9,15,0
1,115,324,9,0,0
1,115,325,9,9,0
1,115,326,9,9,0
1,115,327,9,9,0
1,116,117,0,9,1
1,116,118,0,17,1
1,116,119,0,0,1
1,116,120,0,9,0
1,116,121,0,9,0
1,116,122,0,16,0
1,116,123,0,8,0
1,116,124,0,0,0
1,116,125,0,9,0
1,116,126,0,16,0
1,116,127,0,8,0
1,116,128,0,0,0
1,116,129,0,9,0
1,116,130,0,11,0
1,116,131,0,8,0
1,116,132,0,0,0
1,116,133,0,9,0
1,116,134,0,17,0
1,116,135,0,0,0
1,116,136,0,9,0
1,116,137,0,0,0
1,116,138,0,9,0
1,116,139,0,17,0
1,116,140,0,0,0
1,116,141,0,9,0
1,116,142,0,9,0
1,116,143,0,16,0
1,116,144,0,8,0
1,116,145,0,0,0
1,116,146,0,9,0
1,116,147,0,16,0
1,116,148,0,8,0
1,116,149,0,0,0
1,116,150,0,9,0
1,116,151,0,11,0
1,116,152,0,8,0
1,116,153,0,0,0
1,116,154,0,9,0
1,116,155,0,17,0
1,116,156,0,0,0
1,116,157,0,9,0
1,116,158,0,0,0
1,116,159,0,9,0
1,116,160,0,17,0
1,116,161,0,0,0
1,116,162,0,9,0
1,116,163,0,9,0
1,116,164,0,16,0
1,116,165,0,8,0
1,116,166,0,0,0
1,116,167,0,9,0
1,116,168,0,16,0
1,116,169,0,8,0
1,116,170,0,0,0
1,116,171,0,9,0
1,116,172,0,11,0
1,116,173,0,8,0
1,116,174,0,0,0
1,116,175,0,9,0
1,116,176,0,17,0
1,116,177,0,0,0
1,116,178,0,9,0
1,116,179,0,0,0
1,116,180,0,9,0
1,116,181,0,17,0
1,116,182,0,0,0
1,116,183,0,9,0
1,116,184,0,9,0
1,116,185,0,16,0
1,116,186,0,8,0
1,116,187,0,0,0
1,116,188,0,9,0
1,116,189,0,16,0
1,116,190,0,8,0
1,116,191,0,0,0
1,116,192,0,9,0
1,116,193,0,11,0
1,116,194,0,8,0
1,116,195,0,0,0
1,116,196,0,9,0
1,116,197,0,17,0
1,116,198,0,0,0
1,116,199,0,9,0
1,116,200,0,0,0
1,116,201,0,9,0
1,116,202,0,17,0
1,116,203,0,0,0
1,116,204,0,9,0
1,116,205,0,9,0
1,116,206,0,16,0
1,116,207,0,8,0
1,116,208,0,0,0
1,116,209,0,9,0
1,116,210,0,16,0
1,116,211,0,8,0
1,116,212,0,0,0
1,116,213,0,9,0
1,116,214,0,11,0
1,116,215,0,8,0
1,116,216,0,0,0
1,116,217,0,9,0
1,116,218,0,17,0
1,116,219,0,0,0
1,116,220,0,9,0
1,116,221,0,0,0
1,116,222,0,9,0
1,116,223,0,17,0
1,116,224,0,0,0
1,116,225,0,9,0
1,116,226,0,9,0
1,116,227,0,16,0
1,116,228,0,8,0
1,116,229,0,0,0
1,116,230,0,9,0
1,116,231,0,16,0
1,116,232,0,8,0
1,116,233,0,0,0
1,116,234,0,9,0
1,116,235,0,11,0
1,116,236,0,8,0
1,116,237,0,0,0
1,116,238,0,9,0
1,116,239,0,17,0
1,116,240,0,0,0
1,116,241,0,9,0
1,116,242,0,0,0
1,116,243,0,9,0
1,116,244,0,17,0
1,116,245,0,0,0
1,116,246,0,9,0
1,116,247,0,9,0
1,116,248,0,16,0
1,116,249,0,8,0
1,116,250,0,0,0
1,116,251,0,9,0
1,116,252,0,16,0
1,116,253,0,8,0
1,116,254,0,0,0
1,116,255,0,9,0
1,116,256,0,11,0
1,116,257,0,8,0
1,116,258,0,0,0
1,116,259,0,9,0
1,116,260,0,16,0
1,116,261,0,8,0
1,116,262,0,0,0
1,116,263,0,15,0
1,116,264,0,0,0
1,116,265,0,9,0
1,116,266,0,9,0
1,116,267,0,9,0
1,116,268,0,0,0
1,116,269,0,15,0
1,116,270,0,0,0
1,116,271,0,9,0
1,116,272,0,9,0
1,116,273,0,9,0
1,116,274,0,0,0
1,116,275,0,15,0
1,116,276,0,0,0
1,116,277,0,9,0
1,116,278,0,9,0
1,116,279,0,9,0
1,116,280,0,0,0
1,116,281,0,15,0
1,116,282,0,0,0
1,116,283,0,9,0
1,116,284,0,9,0
1,116,285,0,9,0
1,116,286,0,0,0
1,116,287,0,15,0
1,116,288,0,0,0
1,116,289,0,9,0
1,116,290,0,9,0
1,116,291,0,9,0
1,116,292,0,0,0
1,116,293,0,15,0
1,116,294,0,0,0
1,116,295,0,9,0
1,116,296,0,9,0
1,116,297,0,9,0
1,116,298,0,0,0
1,116,299,0,15,0
1,116,300,0,0,0
1,116,301,0,9,0
1,116,302,0,9,0
1,116,303,0,9,0
1,116,304,0,0,0
1,116,305,0,15,0
1,116,306,0,0,0
1,116,307,0,9,0
1,116,308,0,9,0
1,116,309,0,9,0
1,116,310,0,0,0
1,116,311,0,15,0
1,116,312,0,0,0
1,116,313,0,9,0
1,116,314,0,9,0
1,116,315,0,9,0
1,116,316,0,0,0
1,116,317,0,15,0
1,116,318,0,0,0
1,116,319,0,9,0
1,116,320,0,9,0
1,116,321,0,9,0
1,116,322,0,0,0
1,116,323,0,15,0
1,116,324,0,0,0
1,116,325,0,9,0
1,116,326,0,9,0
1,116,327,0,9,0
1,117,118,9,17,0
1,117,119,9,0,0
1,117,120,9,9,0
1,117,121,9,9,0
1,117,122,9,16,0
1,117,123,9,8,0
1,117,124,9,0,0
1,117,125,9,9,0
1,117,126,9,16,0
1,117,127,9,8,0
1,117,128,9,0,0
1,117,129,9,9,0
1,117,130,9,11,0
1,117,131,9,8,0
1,117,132,9,0,0
1,117,133,9,9,0
1,117,134,9,17,0
1,117,135,9,0,0
1,117,136,9,9,0
1,117,137,9,0,0
1,117,138,9,9,0
1,117,139,9,17,0
1,117,140,9,0,0
1,117,141,9,9,0
1,117,142,9,9,0
1,117,143,9,16,0
1,117,144,9,8,0
1,117,145,9,0,0
1,117,146,9,9,0
1,117,147,9,16,0
1,117,148,9,8,0
1,117,149,9,0,0
1,117,150,9,9,0
1,117,151,9,11,0
1,117,152,9,8,0
1,117,153,9,0,0
1,117,154,9,9,0
1,117,155,9,17,0
1,117,156,9,0,0
1,117,157,9,9,0
1,117,158,9,0,0
1,117,159,9,9,0
1,117,160,9,17,0
1,117,161,9,0,0
1,117,162,9,9,0
1,117,163,9,9,0
1,117,164,9,16,0
1,117,165,9,8,0
1,117,166,9,0,0
1,117,167,9,9,0
1,117,168,9,16,0
1,117,169,9,8,0
1,117,170,9,0,0
1,117,171,9,9,0
1,117,172,9,11,0
1,117,173,9,8,0
1,117,174,9,0,0
1,117,175,9,9,0
1,117,176,9,17,0
1,117,177,9,0,0
1,117,178,9,9,0
1,117,179,9,0,0
1,117,180,9,9,0
1,117,181,9,17,0
1,117,182,9,0,0
1,117,183,9,9,0
1,117,184,9,9,0
1,117,185,9,16,0
1,117,186,9,8,0
1,117,187,9,0,0
1,117,188,9,9,0
1,117,189,9,16,0
1,117,190,9,8,0
1,117,191,9,0,0
1,117,192,9,9,0
1,117,193,9,11,0
1,117,194,9,8,0
1,117,195,9,0,0
1,117,196,9,9,0
1,117,197,9,17,0
1,117,198,9,0,0
1,117,199,9,9,0
1,117,200,9,0,0
1,117,201,9,9,0
1,117,202,9,17,0
1,117,203,9,0,0
1,117,204,9,9,0
1,117,205,9,9,0
1,117,206,9,16,0
1,117,207,9,8,0
1,117,208,9,0,0
1,117,209,9,9,0
1,117,210,9,16,0
1,117,211,9,8,0
1,117,212,9,0,0
1,117,213,9,9,0
1,117,214,9,11,0
1,117,215,9,8,0
1,117,216,9,0,0
1,117,217,9,9,0
1,117,218,9,17,0
1,117,219,9,0,0
1,117,220,9,9,0
1,117,221,9,0,0
1,117,222,9,9,0
1,117,223,9,17,0
1,117,224,9,0,0
1,117,225,9,9,0
1,117,226,9,9,0
1,117,227,9,16,0
1,117,228,9,8,0
1,117,229,9,0,0
1,117,230,9,9,0
1,117,231,9,16,0
1,117,232,9,8,0
1,117,233,9,0,0
1,117,234,9,9,0
1,117,235,9,11,0
1,117,236,9,8,0
1,117,237,9,0,0
1,117,238,9,9,0
1,117,239,9,17,0
1,117,240,9,0,0
1,117,241,9,9,0
1,117,242,9,0,0
1,117,243,9,9,0
1,117,244,9,17,0
1,117,245,9,0,0
1,117,246,9,9,0
1,117,247,9,9,0
1,117,248,9,16,0
1,117,249,9,8,0
1,117,250,9,0,0
1,117,251,9,9,0
1,117,252,9,16,0
1,117,253,9,8,0
1,117,254,9,0,0
1,117,255,9,9,0
1,117,256,9,11,0
1,117,257,9,8,0
1,117,258,9,0,0
1,117,259,9,9,0
1,117,260,9,16,0
1,117,261,9,8,0
1,117,262,9,0,0
1,117,263,9,15,0
1,117,264,9,0,0
1,117,265,9,9,0
1,117,266,9,9,0
1,117,267,9,9,0
1,117,268,9,0,0
1,117,269,9,15,0
1,117,270,9,0,0
1,117,271,9,9,0
1,117,272,9,9,0
1,117,273,9,9,0
1,117,274,9,0,0
1,117,275,9,15,0
1,117,276,9,0,0
1,117,277,9,9,0
1,117,278,9,9,0
1,117,279,9,9,0
1,117,280,9,0,0
1,117,281,9,15,0
1,117,282,9,0,0
1,117,283,9,9,0
1,117,284,9,9,0
1,117,285,9,9,0
1,117,286,9,0,0
1,117,287,9,15,0
1,117,288,9,0,0
1,117,289,9,9,0
1,117,290,9,9,0
1,117,291,9,9,0
1,117,292,9,0,0
1,117,293,9,15,0
1,117,294,9,0,0
1,117,295,9,9,0
1,117,296,9,9,0
1,117,297,9,9,0
1,117,298,9,0,0
1,117,299,9,15,0
1,117,300,9,0,0
1,117,301,9,9,0
1,117,302,9,9,0
1,117,303,9,9,0
1,117,304,9,0,0
1,117,305,9,15,0
1,117,306,9,0,0
1,117,307,9,9,0
1,117,308,9,9,0
1,117,309,9,9,0
1,117,310,9,0,0
1,117,311,9,15,0
1,117,312,9,0,0
1,117,313,9,9,0
1,117,314,9,9,0
1,117,315,9,9,0
1,117,316,9,0,0
1,117,317,9,15,0
1,117,318,9,0,0
1,117,319,9,9,0
1,117,320,9,9,0
1,117,321,9,9,0
1,117,322,9,0,0
1,117,323,9,15,0
1,117,324,9,0,0
1,117,325,9,9,0
1,117,326,9,9,0
1,117,327,9,9,0
1,118,119,17,0,0
1,118,120,17,9,0
1,118,121,17,9,0
1,118,122,17,16,0
1,118,123,17,8,0
1,118,124,17,0,0
1,118,125,17,9,0
1,118,126,17,16,0
1,118,127,17,8,0
1,118,128,17,0,0
1,118,129,17,9,0
1,118,130,17,11,0
1,118,131,17,8,0
1,118,132,17,0,1
1,118,133,17,9,0
1,118,134,17,17,0
1,118,135,17,0,0
1,118,136,17,9,0
1,118,137,17,0,0
1,118,138,17,9,0
1,118,139,17,17,0
1,118,140,17,0,0
1,118,141,17,9,0
1,118,142,17,9,0
1,118,143,17,16,0
1,118,144,17,8,0
1,118,145,17,0,0
1,118,146,17,9,0
1,118,147,17,16,0
1,118,148,17,8,0
1,118,149,17,0,0
1,118,150,17,9,0
1,118,151,17,11,0
1,118,152,17,8,0
1,118,153,17,0,0
1,118,154,17,9,0
1,118,155,17,17,0
1,118,156,17,0,0
1,118,157,17,9,0
1,118,158,17,0,0
1,118,159,17,9,0
1,118,160,17,17,0
1,118,161,17,0,0
1,118,162,17,9,0
1,118,163,17,9,0
1,118,164,17,16,0
1,118,165,17,8,0
1,118,166,17,0,0
1,118,167,17,9,0
1,118,168,17,16,0
1,118,169,17,8,0
1,118,170,17,0,0
1,118,171,17,9,0
1,118,172,17,11,0
1,118,173,17,8,0
1,118,174,17,0,0
1,118,175,17,9,0
1,118,176,17,17,0
1,118,177,17,0,0
1,118,178,17,9,0
1,118,179,17,0,0
1,118,180,17,9,0
1,118,181,17,17,0
1,118,182,17,0,0
1,118,183,17,9,0
1,118,184,17,9,0
1,118,185,17,16,0
1,118,186,17,8,0
1,118,187,17,0,0
1,118,188,17,9,0
1,118,189,17,16,0
1,118,190,17,8,0
1,118,191,17,0,0
1,118,192,17,9,0
1,118,193,17,11,0
1,118,194,17,8,0
1,118,195,17,0,0
1,118,196,17,9,0
1,118,197,17,17,0
1,118,198,17,0,0
1,118,199,17,9,0
1,118,200,17,0,0
1,118,201,17,9,0
1,118,202,17,17,0
1,118,203,17,0,0
1,118,204,17,9,0
1,118,205,17,9,0
1,118,206,17,16,0
1,118,207,17,8,0
1,118,208,17,0,0
1,118,209,17,9,0
1,118,210,17,16,0
1,118,211,17,8,0
1,118,212,17,0,0
1,118,213,17,9,0
1,118,214,17,11,0
1,118,215,17,8,0
1,118,216,17,0,0
1,118,217,17,9,0
1,118,218,17,17,0
1,118,219,17,0,0
1,118,220,17,9,0
1,118,221,17,0,0
1,118,222,17,9,0
1,118,223,17,17,0
1,118,224,17,0,0
1,118,225,17,9,0
1,118,226,17,9,0
1,118,227,17,16,0
1,118,228,17,8,0
1,118,229,17,0,0
1,118,230,17,9,0
1,118,231,17,16,0
1,118,232,17,8,0
1,118,233,17,0,0
1,118,234,17,9,0
1,118,235,17,11,0
1,118,236,17,8,0
1,118,237,17,0,0
1,118,238,17,9,0
1,118,239,17,17,0
1,118,240,17,0,0
1,118,241,17,9,0
1,118,242,17,0,0
1,118,243,17,9,0
1,118,244,17,17,0
1,118,245,17,0,0
1,118,246,17,9,0
1,118,247,17,9,0
1,118,248,17,16,0
1,118,249,17,8,0
1,118,250,17,0,0
1,118,251,17,9,0
1,118,252,17,16,0
1,118,253,17,8,0
1,118,254,17,0,0
1,118,255,17,9,0
1,118,256,17,11,0
1,118,257,17,8,0
1,118,258,17,0,0
1,118,259,17,9,0
1,118,260,17,16,0
1,118,261,17,8,0
1,118,262,17,0,0
1,118,263,17,15,0
1,118,264,17,0,0
1,118,265,17,9,0
1,118,266,17,9,0
1,118,267,17,9,0
1,118,268,17,0,0
1,118,269,17,15,0
1,118,270,17,0,0
1,118,271,17,9,0
1,118,272,17,9,0
1,118,273,17,9,0
1,118,274,17,0,0
1,118,275,17,15,0
1,118,276,17,0,0
1,118,277,17,9,0
1,118,278,17,9,0
1,118,279,17,9,0
1,118,280,17,0,0
1,118,281,17,15,0
1,118,282,17,0,0
1,118,283,17,9,0
1,118,284,17,9,0
1,118,285,17,9,0
1,118,286,17,0,0
1,118,287,17,15,0
1,118,288,17,0,0
1,118,289,17,9,0
1,118,290,17,9,0
1,118,291,17,9,0
1,118,292,17,0,0
1,118,293,17,15,0
1,118,294,17,0,0
1,118,295,17,9,0
1,118,296,17,9,0
1,118,297,17,9,0
1,118,298,17,0,0
1,118,299,17,15,0
1,118,300,17,0,0
1,118,301,17,9,0
1,118,302,17,9,0
1,118,303,17,9,0
1,118,304,17,0,0
1,118,305,17,15,0
1,118,306,17,0,0
1,118,307,17,9,0
1,118,308,17,9,0
1,118,309,17,9,0
1,118,310,17,0,0
1,118,311,17,15,0
1,118,312,17,0,0
1,118,313,17,9,0
1,118,314,17,9,0
1,118,315,17,9,0
1,118,316,17,0,0
1,118,317,17,15,0
1,118,318,17,0,0
1,118,319,17,9,0
1,118,320,17,9,0
1,118,321,17,9,0
1,118,322,17,0,0
1,118,323,17,15,0
1,118,324,17,0,0
1,118,325,17,9,0
1,118,326,17,9,0
1,118,327,17,9,0
1,119,120,0,9,1
1,119,121,0,9,1
1,119,122,0,16,1
1,119,123,0,8,0
1,119,124,0,0,0
1,119,125,0,9,0
1,119,126,0,16,0
1,119,127,0,8,0
1,119,128,0,0,0
1,119,129,0,9,0
1,119,130,0,11,0
1,119,131,0,8,0
1,119,132,0,0,0
1,119,133,0,9,0
1,119,134,0,17,0
1,119,135,0,0,0
1,119,136,0,9,0
1,119,137,0,0,0
1,119,138,0,9,0
1,119,139,0,17,0
1,119,140,0,0,0
1,119,141,0,9,0
1,119,142,0,9,0
1,119,143,0,16,0
1,119,144,0,8,0
1,119,145,0,0,0
1,119,146,0,9,0
1,119,147,0,16,0
1,119,148,0,8,0
1,119,149,0,0,0
1,119,150,0,9,0
1,119,151,0,11,0
1,119,152,0,8,0
1,119,153,0,0,0
1,119,154,0,9,0
1,119,155,0,17,0
1,119,156,0,0,0
1,119,157,0,9,0
1,119,158,0,0,0
1,119,159,0,9,0
1,119,160,0,17,0
1,119,161,0,0,0
1,119,162,0,9,0
1,119,163,0,9,0
1,119,164,0,16,0
1,119,165,0,8,0
1,119,166,0,0,0
1,119,167,0,9,0
1,119,168,0,16,0
1,119,169,0,8,0
1,119,170,0,0,0
1,119,171,0,9,0
1,119,172,0,11,0
1,119,173,0,8,0
1,119,174,0,0,0
1,119,175,0,9,0
1,119,176,0,17,0
1,119,177,0,0,0
1,119,178,0,9,0
1,119,179,0,0,0
1,119,180,0,9,0
1,119,181,0,17,0
1,119,182,0,0,0
1,119,183,0,9,0
1,119,184,0,9,0
1,119,185,0,16,0
1,119,186,0,8,0
1,119,187,0,0,0
1,119,188,0,9,0
1,119,189,0,16,0
1,119,190,0,8,0
1,119,191,0,0,0
1,119,192,0,9,0
1,119,193,0,11,0
1,119,194,0,8,0
1,119,195,0,0,0
1,119,196,0,9,0
1,119,197,0,17,0
1,119,198,0,0,0
1,119,199,0,9,0
1,119,200,0,0,0
1,119,201,0,9,0
1,119,202,0,17,0
1,119,203,0,0,0
1,119,204,0,9,0
1,119,205,0,9,0
1,119,206,0,16,0
1,119,207,0,8,0
1,119,208,0,0,0
1,119,209,0,9,0
1,119,210,0,16,0
1,119,211,0,8,0
1,119,212,0,0,0
1,119,213,0,9,0
1,119,214,0,11,0
1,119,215,0,8,0
1,119,216,0,0,0
1,119,217,0,9,0
1,119,218,0,17,0
1,119,219,0,0,0
1,119,220,0,9,0
1,119,221,0,0,0
1,119,222,0,9,0
1,119,223,0,17,0
1,119,224,0,0,0
1,119,225,0,9,0
1,119,226,0,9,0
1,119,227,0,16,0
1,119,228,0,8,0
1,119,229,0,0,0
1,119,230,0,9,0
1,119,231,0,16,0
1,119,232,0,8,0
1,119,233,0,0,0
1,119,234,0,9,0
1,119,235,0,11,0
1,119,236,0,8,0
1,119,237,0,0,0
1,119,238,0,9,0
1,119,239,0,17,0
1,119,240,0,0,0
1,119,241,0,9,0
1,119,242,0,0,0
1,119,243,0,9,0
1,119,244,0,17,0
1,119,245,0,0,0
1,119,246,0,9,0
1,119,247,0,9,0
1,119,248,0,16,0
1,119,249,0,8,0
1,119,250,0,0,0
1,119,251,0,9,0
1,119,252,0,16,0
1,119,253,0,8,0
1,119,254,0,0,0
1,119,255,0,9,0
1,119,256,0,11,0
1,119,257,0,8,0
1,119,258,0,0,0
1,119,259,0,9,0
1,119,260,0,16,0
1,119,261,0,8,0
1,119,262,0,0,0
1,119,263,0,15,0
1,119,264,0,0,0
1,119,265,0,9,0
1,119,266,0,9,0
1,119,267,0,9,0
1,119,268,0,0,0
1,119,269,0,15,0
1,119,270,0,0,0
1,119,271,0,9,0
1,119,272,0,9,0
1,119,273,0,9,0
1,119,274,0,0,0
1,119,275,0,15,0
1,119,276,0,0,0
1,119,277,0,9,0
1,119,278,0,9,0
1,119,279,0,9,0
1,119,280,0,0,0
1,119,281,0,15,0
1,119,282,0,0,0
1,119,283,0,9,0
1,119,284,0,9,0
1,119,285,0,9,0
1,119,286,0,0,0
1,119,287,0,15,0
1,119,288,0,0,0
1,119,289,0,9,0
1,119,290,0,9,0
1,119,291,0,9,0
1,119,292,0,0,0
1,119,293,0,15,0
1,119,294,0,0,0
1,119,295,0,9,0
1,119,296,0,9,0
1,119,297,0,9,0
1,119,298,0,0,0
1,119,299,0,15,0
1,119,300,0,0,0
1,119,301,0,9,0
1,119,302,0,9,0
1,119,303,0,9,0
1,119,304,0,0,0
1,119,305,0,15,0
1,119,306,0,0,0
1,119,307,0,9,0
1,119,308,0,9,0
1,119,309,0,9,0
1,119,310,0,0,0
1,119,311,0,15,0
1,119,312,0,0,0
1,119,313,0,9,0
1,119,314,0,9,0
1,119,315,0,9,0
1,119,316,0,0,0
1,119,317,0,15,0
1,119,318,0,0,0
1,119,319,0,9,0
1,119,320,0,9,0
1,119,321,0,9,0
1,119,322,0,0,0
1,119,323,0,15,0
1,119,324,0,0,0
1,119,325,0,9,0
1,119,326,0,9,0
1,119,327,0,9,0
1,120,121,9,9,0
1,120,122,9,16,0
1,120,123,9,8,0
1,120,124,9,0,0
1,120,125,9,9,0
1,120,126,9,16,0
1,120,127,9,8,0
1,120,128,9,0,0
1,120,129,9,9,0
1,120,130,9,11,0
1,120,131,9,8,0
1,120,132,9,0,0
1,120,133,9,9,0
1,120,134,9,17,0
1,120,135,9,0,0
1,120,136,9,9,0
1,120,137,9,0,0
1,120,138,9,9,0
1,120,139,9,17,0
1,120,140,9,0,0
1,120,141,9,9,0
1,120,142,9,9,0
1,120,143,9,16,0
1,120,144,9,8,0
1,120,145,9,0,0
1,120,146,9,9,0
1,120,147,9,16,0
1,120,148,9,8,0
1,120,149,9,0,0
1,120,150,9,9,0
1,120,151,9,11,0
1,120,152,9,8,0
1,120,153,9,0,0
1,120,154,9,9,0
1,120,155,9,17,0
1,120,156,9,0,0
1,120,157,9,9,0
1,120,158,9,0,0
1,120,159,9,9,0
1,120,160,9,17,0
1,120,161,9,0,0
1,120,162,9,9,0
1,120,163,9,9,0
1,120,164,9,16,0
1,120,165,9,8,0
1,120,166,9,0,0
1,120,167,9,9,0
1,120,168,9,16,0
1,120,169,9,8,0
1,120,170,9,0,0
1,120,171,9,9,0
1,120,172,9,11,0
1,120,173,9,8,0
1,120,174,9,0,0
1,120,175,9,9,0
1,120,176,9,17,0
1,120,177,9,0,0
1,120,178,9,9,0
1,120,179,9,0,0
1,120,180,9,9,0
1,120,181,9,17,0
1,120,182,9,0,0
1,120,183,9,9,0
1,120,184,9,9,0
1,120,185,9,16,0
1,120,186,9,8,0
1,120,187,9,0,0
1,120,188,9,9,0
1,120,189,9,16,0
1,120,190,9,8,0
1,120,191,9,0,0
1,120,192,9,9,0
1,120,193,9,11,0
1,120,194,9,8,0
1,120,195,9,0,0
1,120,196,9,9,0
1,120,197,9,17,0
1,120,198,9,0,0
1,120,199,9,9,0
1,120,200,9,0,0
1,120,201,9,9,0
1,120,202,9,17,0
1,120,203,9,0,0
1,120,204,9,9,0
1,120,205,9,9,0
1,120,206,9,16,0
1,120,207,9,8,0
1,120,208,9,0,0
1,120,209,9,9,0
1,120,210,9,16,0
1,120,211,9,8,0
1,120,212,9,0,0
1,120,213,9,9,0
1,120,214,9,11,0
1,120,215,9,8,0
1,120,216,9,0,0
1,120,217,9,9,0
1,120,218,9,17,0
1,120,219,9,0,0
1,120,220,9,9,0
1,120,221,9,0,0
1,120,222,9,9,0
1,120,223,9,17,0
1,120,224,9,0,0
1,120,225,9,9,0
1,120,226,9,9,0
1,120,227,9,16,0
1,120,228,9,8,0
1,120,229,9,0,0
1,120,230,9,9,0
1,120,231,9,16,0
1,120,232,9,8,0
1,120,233,9,0,0
1,120,234,9,9,0
1,120,235,9,11,0
1,120,236,9,8,0
1,120,237,9,0,0
1,120,238,9,9,0
1,120,239,9,17,0
1,120,240,9,0,0
1,120,241,9,9,0
1,120,242,9,0,0
1,120,243,9,9,0
1,120,244,9,17,0
1,120,245,9,0,0
1,120,246,9,9,0
1,120,247,9,9,0
1,120,248,9,16,0
1,120,249,9,8,0
1,120,250,9,0,0
1,120,251,9,9,0
1,120,252,9,16,0
1,120,253,9,8,0
1,120,254,9,0,0
1,120,255,9,9,0
1,120,256,9,11,0
1,120,257,9,8,0
1,120,258,9,0,0
1,120,259,9,9,0
1,120,260,9,16,0
1,120,261,9,8,0
1,120,262,9,0,0
1,120,263,9,15,0
1,120,264,9,0,0
1,120,265,9,9,0
1,120,266,9,9,0
1,120,267,9,9,0
1,120,268,9,0,0
1,120,269,9,15,0
1,120,270,9,0,0
1,120,271,9,9,0
1,120,272,9,9,0
1,120,273,9,9,0
1,120,274,9,0,0
1,120,275,9,15,0
1,120,276,9,0,0
1,120,277,9,9,0
1,120,278,9,9,0
1,120,279,9,9,0
1,120,280,9,0,0
1,120,281,9,15,0
1,120,282,9,0,0
1,120,283,9,9,0
1,120,284,9,9,0
1,120,285,9,9,0
1,120,286,9,0,0
1,120,287,9,15,0
1,120,288,9,0,0
1,120,289,9,9,0
1,120,290,9,9,0
1,120,291,9,9,0
1,120,292,9,0,0
1,120,293,9,15,0
1,120,294,9,0,0
1,120,295,9,9,0
1,120,296,9,9,0
1,120,297,9,9,0
1,120,298,9,0,0
1,120,299,9,15,0
1,120,300,9,0,0
1,120,301,9,9,0
1,120,302,9,9,0
1,120,303,9,9,0
1,120,304,9,0,0
1,120,305,9,15,0
1,120,306,9,0,0
1,120,307,9,9,0
1,120,308,9,9,0
1,120,309,9,9,0
1,120,310,9,0,0
1,120,311,9,15,0
1,120,312,9,0,0
1,120,313,9,9,0
1,120,314,9,9,0
1,120,315,9,9,0
1,120,316,9,0,0
1,120,317,9,15,0
1,120,318,9,0,0
1,120,319,9,9,0
1,120,320,9,9,0
1,120,321,9,9,0
1,120,322,9,0,0
1,120,323,9,15,0
1,120,324,9,0,0
1,120,325,9,9,0
1,120,326,9,9,0
1,120,327,9,9,0
1,121,122,9,16,0
1,121,123,9,8,0
1,121,124,9,0,0
1,121,125,9,9,0
1,121,126,9,16,0
1,121,127,9,8,0
1,121,128,9,0,0
1,121,129,9,9,0
1,121,130,9,11,0
1,121,131,9,8,0
1,121,132,9,0,0
1,121,133,9,9,0
1,121,134,9,17,0
1,121,135,9,0,0
1,121,136,9,9,0
1,121,137,9,0,0
1,121,138,9,9,0
1,121,139,9,17,0
1,121,140,9,0,0
1,121,141,9,9,0
1,121,142,9,9,0
1,121,143,9,16,0
1,121,144,9,8,0
1,121,145,9,0,0
1,121,146,9,9,0
1,121,147,9,16,0
1,121,148,9,8,0
1,121,149,9,0,0
1,121,150,9,9,0
1,121,151,9,11,0
1,121,152,9,8,0
1,121,153,9,0,0
1,121,154,9,9,0
1,121,155,9,17,0
1,121,156,9,0,0
1,121,157,9,9,0
1,121,158,9,0,0
1,121,159,9,9,0
1,121,160,9,17,0
1,121,161,9,0,0
1,121,162,9,9,0
1,121,163,9,9,0
1,121,164,9,16,0
1,121,165,9,8,0
1,121,166,9,0,0
1,121,167,9,9,0
1,121,168,9,16,0
1,121,169,9,8,0
1,121,170,9,0,0
1,121,171,9,9,0
1,121,172,9,11,0
1,121,173,9,8,0
1,121,174,9,0,0
1,121,175,9,9,0
1,121,176,9,17,0
1,121,177,9,0,0
1,121,178,9,9,0
1,121,179,9,0,0
1,121,180,9,9,0
1,121,181,9,17,0
1,121,182,9,0,0
1,121,183,9,9,0
1,121,184,9,9,0
1,121,185,9,16,0
1,121,186,9,8,0
1,121,187,9,0,0
1,121,188,9,9,0
1,121,189,9,16,0
1,121,190,9,8,0
1,121,191,9,0,0
1,121,192,9,9,0
1,121,193,9,11,0
1,121,194,9,8,0
1,121,195,9,0,0
1,121,196,9,9,0
1,121,197,9,17,0
1,121,198,9,0,0
1,121,199,9,9,0
1,121,200,9,0,0
1,121,201,9,9,0
1,121,202,9,17,0
1,121,203,9,0,0
1,121,204,9,9,0
1,121,205,9,9,0
1,121,206,9,16,0
1,121,207,9,8,0
1,121,208,9,0,0
1,121,209,9,9,0
1,121,210,9,16,0
1,121,211,9,8,0
1,121,212,9,0,0
1,121,213,9,9,0
1,121,214,9,11,0
1,121,215,9,8,0
1,121,216,9,0,0
1,121,217,9,9,0
1,121,218,9,17,0
1,121,219,9,0,0
1,121,220,9,9,0
1,121,221,9,0,0
1,121,222,9,9,0
1,121,223,9,17,0
1,121,224,9,0,0
1,121,225,9,9,0
1,121,226,9,9,0
1,121,227,9,16,0
1,121,228,9,8,0
1,121,229,9,0,0
1,121,230,9,9,0
1,121,231,9,16,0
1,121,232,9,8,0
1,121,233,9,0,0
1,121,234,9,9,0
1,121,235,9,11,0
1,121,236,9,8,0
1,121,237,9,0,0
1,121,238,9,9,0
1,121,239,9,17,0
1,121,240,9,0,0
1,121,241,9,9,0
1,121,242,9,0,0
1,121,243,9,9,0
1,121,244,9,17,0
1,121,245,9,0,0
1,121,246,9,9,0
1,121,247,9,9,0
1,121,248,9,16,0
1,121,249,9,8,0
1,121,250,9,0,0
1,121,251,9,9,0
1,121,252,9,16,0
1,121,253,9,8,0
1,121,254,9,0,0
1,121,255,9,9,0
1,121,256,9,11,0
1,121,257,9,8,0
1,121,258,9,0,0
1,121,259,9,9,0
1,121,260,9,16,0
1,121,261,9,8,0
1,121,262,9,0,0
1,121,263,9,15,0
1,121,264,9,0,0
1,121,265,9,9,0
1,121,266,9,9,0
1,121,267,9,9,0
1,121,268,9,0,0
1,121,269,9,15,0
1,121,270,9,0,0
1,121,271,9,9,0
1,121,272,9,9,0
1,121,273,9,9,0
1,121,274,9,0,0
1,121,275,9,15,0
1,121,276,9,0,0
1,121,277,9,9,0
1,121,278,9,9,0
1,121,279,9,9,0
1,121,280,9,0,0
1,121,281,9,15,0
1,121,282,9,0,0
1,121,283,9,9,0
1,121,284,9,9,0
1,121,285,9,9,0
1,121,286,9,0,0
1,121,287,9,15,0
1,121,288,9,0,0
1,121,289,9,9,0
1,121,290,9,9,0
1,121,291,9,9,0
1,121,292,9,0,0
1,121,293,9,15,0
1,121,294,9,0,0
1,121,295,9,9,0
1,121,296,9,9,0
1,121,297,9,9,0
1,121,298,9,0,0
1,121,299,9,15,0
1,121,300,9,0,0
1,121,301,9,9,0
1,121,302,9,9,0
1,121,303,9,9,0
1,121,304,9,0,0
1,121,305,9,15,0
1,121,306,9,0,0
1,121,307,9,9,0
1,121,308,9,9,0
1,121,309,9,9,0
1,121,310,9,0,0
1,121,311,9,15,0
1,121,312,9,0,0
1,121,313,9,9,0
1,121,314,9,9,0
1,121,315,9,9,0
1,121,316,9,0,0
1,121,317,9,15,0
1,121,318,9,0,0
1,121,319,9,9,0
1,121,320,9,9,0
1,121,321,9,9,0
1,121,322,9,0,0
1,121,323,9,15,0
1,121,324,9,0,0
1,121,325,9,9,0
1,121,326,9,9,0
1,121,327,9,9,0
1,122,123,16,8,1
1,122,124,16,0,0
1,122,125,16,9,0
1,122,126,16,16,0
1,122,127,16,8,0
1,122,128,16,0,0
1,122,129,16,9,0
1,122,130,16,11,0
1,122,131,16,8,0
1,122,132,16,0,0
1,122,133,16,9,0
1,122,134,16,17,0
1,122,135,16,0,0
1,122,136,16,9,0
1,122,137,16,0,0
1,122,138,16,9,0
1,122,139,16,17,0
1,122,140,16,0,0
1,122,141,16,9,0
1,122,142,16,9,0
1,122,143,16,16,0
1,122,144,16,8,0
1,122,145,16,0,0
1,122,146,16,9,0
1,122,147,16,16,0
1,122,148,16,8,0
1,122,149,16,0,0
1,122,150,16,9,0
1,122,151,16,11,0
1,122,152,16,8,0
1,122,153,16,0,0
1,122,154,16,9,0
1,122,155,16,17,0
1,122,156,16,0,0
1,122,157,16,9,0
1,122,158,16,0,0
1,122,159,16,9,0
1,122,160,16,17,0
1,122,161,16,0,0
1,122,162,16,9,0
1,122,163,16,9,0
1,122,164,16,16,0
1,122,165,16,8,0
1,122,166,16,0,0
1,122,167,16,9,0
1,122,168,16,16,0
1,122,169,16,8,0
1,122,170,16,0,0
1,122,171,16,9,0
1,122,172,16,11,0
1,122,173,16,8,0
1,122,174,16,0,0
1,122,175,16,9,0
1,122,176,16,17,0
1,122,177,16,0,0
1,122,178,16,9,0
1,122,179,16,0,0
1,122,180,16,9,0
1,122,181,16,17,0
1,122,182,16,0,0
1,122,183,16,9,0
1,122,184,16,9,0
1,122,185,16,16,0
1,122,186,16,8,0
1,122,187,16,0,0
1,122,188,16,9,0
1,122,189,16,16,0
1,122,190,16,8,0
1,122,191,16,0,0
1,122,192,16,9,0
1,122,193,16,11,0
1,122,194,16,8,0
1,122,195,16,0,0
1,122,196,16,9,0
1,122,197,16,17,0
1,122,198,16,0,0
1,122,199,16,9,0
1,122,200,16,0,0
1,122,201,16,9,0
1,122,202,16,17,0
1,122,203,16,0,0
1,122,204,16,9,0
1,122,205,16,9,0
1,122,206,16,16,0
1,122,207,16,8,0
1,122,208,16,0,0
1,122,209,16,9,0
1,122,210,16,16,0
1,122,211,16,8,0
1,122,212,16,0,0
1,122,213,16,9,0
1,122,214,16,11,0
1,122,215,16,8,0
1,122,216,16,0,0
1,122,217,16,9,0
1,122,218,16,17,0
1,122,219,16,0,0
1,122,220,16,9,0
1,122,221,16,0,0
1,122,222,16,9,0
1,122,223,16,17,0
1,122,224,16,0,0
1,122,225,16,9,0
1,122,226,16,9,0
1,122,227,16,16,0
1,122,228,16,8,0
1,122,229,16,0,0
1,122,230,16,9,0
1,122,231,16,16,0
1,122,232,16,8,0
1,122,233,16,0,0
1,122,234,16,9,0
1,122,235,16,11,0
1,122,236,16,8,0
1,122,237,16,0,0
1,122,238,16,9,0
1,122,239,16,17,0
1,122,240,16,0,0
1,122,241,16,9,0
1,122,242,16,0,0
1,122,243,16,9,0
1,122,244,16,17,0
1,122,245,16,0,0
1,122,246,16,9,0
1,122,247,16,9,0
1,122,248,16,16,0
1,122,249,16,8,0
1,122,250,16,0,0
1,122,251,16,9,0
1,122,252,16,16,0
1,122,253,16,8,0
1,122,254,16,0,0
1,122,255,16,9,0
1,122,256,16,11,0
1,122,257,16,8,0
1,122,258,16,0,0
1,122,259,16,9,0
1,122,260,16,16,0
1,122,261,16,8,0
1,122,262,16,0,0
1,122,263,16,15,0
1,122,264,16,0,0
1,122,265,16,9,0
1,122,266,16,9,0
1,122,267,16,9,0
1,122,268,16,0,0
1,122,269,16,15,0
1,122,270,16,0,0
1,122,271,16,9,0
1,122,272,16,9,0
1,122,273,16,9,0
1,122,274,16,0,0
1,122,275,16,15,0
1,122,276,16,0,0
1,122,277,16,9,0
1,122,278,16,9,0
1,122,279,16,9,0
1,122,280,16,0,0
1,122,281,16,15,0
1,122,282,16,0,0
1,122,283,16,9,0
1,122,284,16,9,0
1,122,285,16,9,0
1,122,286,16,0,0
1,122,287,16,15,0
1,122,288,16,0,0
1,122,289,16,9,0
1,122,290,16,9,0
1,122,291,16,9,0
1,122,292,16,0,0
1,122,293,16,15,0
1,122,294,16,0,0
1,122,295,16,9,0
1,122,296,16,9,0
1,122,297,16,9,0
1,122,298,16,0,0
1,122,299,16,15,0
1,122,300,16,0,0
1,122,301,16,9,0
1,122,302,16,9,0
1,122,303,16,9,0
1,122,304,16,0,0
1,122,305,16,15,0
1,122,306,16,0,0
1,122,307,16,9,0
1,122,308,16,9,0
1,122,309,16,9,0
1,122,310,16,0,0
1,122,311,16,15,0
1,122,312,16,0,0
1,122,313,16,9,0
1,122,314,16,9,0
1,122,315,16,9,0
1,122,316,16,0,0
1,122,317,16,15,0
1,122,318,16,0,0
1,122,319,16,9,0
1,122,320,16,9,0
1,122,321,16,9,0
1,122,322,16,0,0
1,122,323,16,15,0
1,122,324,16,0,0
1,122,325,16,9,0
1,122,326,16,9,0
1,122,327,16,9,0
1,123,124,8,0,0
1,123,125,8,9,0
1,123,126,8,16,0
1,123,127,8,8,0
1,123,128,8,0,0
1,123,129,8,9,0
1,123,130,8,11,0
1,123,131,8,8,0
1,123,132,8,0,0
1,123,133,8,9,0
1,123,134,8,17,0
1,123,135,8,0,0
1,123,136,8,9,0
1,123,137,8,0,0
1,123,138,8,9,0
1,123,139,8,17,0
1,123,140,8,0,0
1,123,141,8,9,0
1,123,142,8,9,0
1,123,143,8,16,0
1,123,144,8,8,0
1,123,145,8,0,0
1,123,146,8,9,0
1,123,147,8,16,0
1,123,148,8,8,0
1,123,149,8,0,0
1,123,150,8,9,0
1,123,151,8,11,0
1,123,152,8,8,0
1,123,153,8,0,0
1,123,154,8,9,0
1,123,155,8,17,0
1,123,156,8,0,0
1,123,157,8,9,0
1,123,158,8,0,0
1,123,159,8,9,0
1,123,160,8,17,0
1,123,161,8,0,0
1,123,162,8,9,0
1,123,163,8,9,0
1,123,164,8,16,0
1,123,165,8,8,0
1,123,166,8,0,0
1,123,167,8,9,0
1,123,168,8,16,0
1,123,169,8,8,0
1,123,170,8,0,0
1,123,171,8,9,0
1,123,172,8,11,0
1,123,173,8,8,0
1,123,174,8,0,0
1,123,175,8,9,0
1,123,176,8,17,0
1,123,177,8,0,0
1,123,178,8,9,0
1,123,179,8,0,0
1,123,180,8,9,0
1,123,181,8,17,0
1,123,182,8,0,0
1,123,183,8,9,0
1,123,184,8,9,0
1,123,185,8,16,0
1,123,186,8,8,0
1,123,187,8,0,0
1,123,188,8,9,0
1,123,189,8,16,0
1,123,190,8,8,0
1,123,191,8,0,0
1,123,192,8,9,0
1,123,193,8,11,0
1,123,194,8,8,0
1,123,195,8,0,0
1,123,196,8,9,0
1,123,197,8,17,0
1,123,198,8,0,0
1,123,199,8,9,0
1,123,200,8,0,0
1,123,201,8,9,0
1,123,202,8,17,0
1,123,203,8,0,0
1,123,204,8,9,0
1,123,205,8,9,0
1,123,206,8,16,0
1,123,207,8,8,0
1,123,208,8,0,0
1,123,209,8,9,0
1,123,210,8,16,0
1,123,211,8,8,0
1,123,212,8,0,0
1,123,213,8,9,0
1,123,214,8,11,0
1,123,215,8,8,0
1,123,216,8,0,0
1,123,217,8,9,0
1,123,218,8,17,0
1,123,219,8,0,0
1,123,220,8,9,0
1,123,221,8,0,0
1,123,222,8,9,0
1,123,223,8,17,0
1,123,224,8,0,0
1,123,225,8,9,0
1,123,226,8,9,0
1,123,227,8,16,0
1,123,228,8,8,0
1,123,229,8,0,0
1,123,230,8,9,0
1,123,231,8,16,0
1,123,232,8,8,0
1,123,233,8,0,0
1,123,234,8,9,0
1,123,235,8,11,0
1,123,236,8,8,0
1,123,237,8,0,0
1,123,238,8,9,0
1,123,239,8,17,0
1,123,240,8,0,0
1,123,241,8,9,0
1,123,242,8,0,0
1,123,243,8,9,0
1,123,244,8,17,0
1,123,245,8,0,0
1,123,246,8,9,0
1,123,247,8,9,0
1,123,248,8,16,0
1,123,249,8,8,0
1,123,250,8,0,0
1,123,251,8,9,0
1,123,252,8,16,0
1,123,253,8,8,0
1,123,254,8,0,0
1,123,255,8,9,0
1,123,256,8,11,0
1,123,257,8,8,0
1,123,258,8,0,0
1,123,259,8,9,0
1,123,260,8,16,0
1,123,261,8,8,0
1,123,262,8,0,0
1,123,263,8,15,0
1,123,264,8,0,0
1,123,265,8,9,0
1,123,266,8,9,0
1,123,267,8,9,0
1,123,268,8,0,0
1,123,269,8,15,0
1,123,270,8,0,0
1,123,271,8,9,0
1,123,272,8,9,0
1,123,273,8,9,0
1,123,274,8,0,0
1,123,275,8,15,0
1,123,276,8,0,0
1,123,277,8,9,0
1,123,278,8,9,0
1,123,279,8,9,0
1,123,280,8,0,0
1,123,281,8,15,0
1,123,282,8,0,0
1,123,283,8,9,0
1,123,284,8,9,0
1,123,285,8,9,0
1,123,286,8,0,0
1,123,287,8,15,0
1,123,288,8,0,0
1,123,289,8,9,0
1,123,290,8,9,0
1,123,291,8,9,0
1,123,292,8,0,0
1,123,293,8,15,0
1,123,294,8,0,0
1,123,295,8,9,0
1,123,296,8,9,0
1,123,297,8,9,0
1,123,298,8,0,0
1,123,299,8,15,0
1,123,300,8,0,0
1,123,301,8,9,0
1,123,302,8,9,0
1,123,303,8,9,0
1,123,304,8,0,0
1,123,305,8,15,0
1,123,306,8,0,0
1,123,307,8,9,0
1,123,308,8,9,0
1,123,309,8,9,0
1,123,310,8,0,0
1,123,311,8,15,0
1,123,312,8,0,0
1,123,313,8,9,0
1,123,314,8,9,0
1,123,315,8,9,0
1,123,316,8,0,0
1,123,317,8,15,0
1,123,318,8,0,0
1,123,319,8,9,0
1,123,320,8,9,0
1,123,321,8,9,0
1,123,322,8,0,0
1,123,323,8,15,0
1,123,324,8,0,0
1,123,325,8,9,0
1,123,326,8,9,0
1,123,327,8,9,0
1,124,125,0,9,1
1,124,126,0,16,1
1,124,127,0,8,0
1,124,128,0,0,1
1,124,129,0,9,0
1,124,130,0,11,0
1,124,131,0,8,0
1,124,132,0,0,0
1,124,133,0,9,0
1,124,134,0,17,0
1,124,135,0,0,0
1,124,136,0,9,0
1,124,137,0,0,0
1,124,138,0,9,0
1,124,139,0,17,0
1,124,140,0,0,0
1,124,141,0,9,0
1,124,142,0,9,0
1,124,143,0,16,0
1,124,144,0,8,0
1,124,145,0,0,0
1,124,146,0,9,0
1,124,147,0,16,0
1,124,148,0,8,0
1,124,149,0,0,0
1,124,150,0,9,0
1,124,151,0,11,0
1,124,152,0,8,0
1,124,153,0,0,0
1,124,154,0,9,0
1,124,155,0,17,0
1,124,156,0,0,0
1,124,157,0,9,0
1,124,158,0,0,0
1,124,159,0,9,0
1,124,160,0,17,0
1,124,161,0,0,0
1,124,162,0,9,0
1,124,163,0,9,0
1,124,164,0,16,0
1,124,165,0,8,0
1,124,166,0,0,0
1,124,167,0,9,0
1,124,168,0,16,0
1,124,169,0,8,0
1,124,170,0,0,0
1,124,171,0,9,0
1,124,172,0,11,0
1,124,173,0,8,0
1,124,174,0,0,0
1,124,175,0,9,0
1,124,176,0,17,0
1,124,177,0,0,0
1,124,178,0,9,0
1,124,179,0,0,0
1,124,180,0,9,0
1,124,181,0,17,0
1,124,182,0,0,0
1,124,183,0,9,0
1,124,184,0,9,0
1,124,185,0,16,0
1,124,186,0,8,0
1,124,187,0,0,0
1,124,188,0,9,0
1,124,189,0,16,0
1,124,190,0,8,0
1,124,191,0,0,0
1,124,192,0,9,0
1,124,193,0,11,0
1,124,194,0,8,0
1,124,195,0,0,0
1,124,196,0,9,0
1,124,197,0,17,0
1,124,198,0,0,0
1,124,199,0,9,0
1,124,200,0,0,0
1,124,201,0,9,0
1,124,202,0,17,0
1,124,203,0,0,0
1,124,204,0,9,0
1,124,205,0,9,0
1,124,206,0,16,0
1,124,207,0,8,0
1,124,208,0,0,0
1,124,209,0,9,0
1,124,210,0,16,0
1,124,211,0,8,0
1,124,212,0,0,0
1,124,213,0,9,0
1,124,214,0,11,0
1,124,215,0,8,0
1,124,216,0,0,0
1,124,217,0,9,0
1,124,218,0,17,0
1,124,219,0,0,0
1,124,220,0,9,0
1,124,221,0,0,0
1,124,222,0,9,0
1,124,223,0,17,0
1,124,224,0,0,0
1,124,225,0,9,0
1,124,226,0,9,0
1,124,227,0,16,0
1,124,228,0,8,0
1,124,229,0,0,0
1,124,230,0,9,0
1,124,231,0,16,0
1,124,232,0,8,0
1,124,233,0,0,0
1,124,234,0,9,0
1,124,235,0,11,0
1,124,236,0,8,0
1,124,237,0,0,0
1,124,238,0,9,0
1,124,239,0,17,0
1,124,240,0,0,0
1,124,241,0,9,0
1,124,242,0,0,0
1,124,243,0,9,0
1,124,244,0,17,0
1,124,245,0,0,0
1,124,246,0,9,0
1,124,247,0,9,0
1,124,248,0,16,0
1,124,249,0,8,0
1,124,250,0,0,0
1,124,251,0,9,0
1,124,252,0,16,0
1,124,253,0,8,0
1,124,254,0,0,0
1,124,255,0,9,0
1,124,256,0,11,0
1,124,257,0,8,0
1,124,258,0,0,0
1,124,259,0,9,0
1,124,260,0,16,0
1,124,261,0,8,0
1,124,262,0,0,0
1,124,263,0,15,0
1,124,264,0,0,0
1,124,265,0,9,0
1,124,266,0,9,0
1,124,267,0,9,0
1,124,268,0,0,0
1,124,269,0,15,0
1,124,270,0,0,0
1,124,271,0,9,0
1,124,272,0,9,0
1,124,273,0,9,0
1,124,274,0,0,0
1,124,275,0,15,0
1,124,276,0,0,0
1,124,277,0,9,0
1,124,278,0,9,0
1,124,279,0,9,0
1,124,280,0,0,0
1,124,281,0,15,0
1,124,282,0,0,0
1,124,283,0,9,0
1,124,284,0,9,0
1,124,285,0,9,0
1,124,286,0,0,0
1,124,287,0,15,0
1,124,288,0,0,0
1,124,289,0,9,0
1,124,290,0,9,0
1,124,291,0,9,0
1,124,292,0,0,0
1,124,293,0,15,0
1,124,294,0,0,0
1,124,295,0,9,0
1,124,296,0,9,0
1,124,297,0,9,0
1,124,298,0,0,0
1,124,299,0,15,0
1,124,300,0,0,0
1,124,301,0,9,0
1,124,302,0,9,0
1,124,303,0,9,0
1,124,304,0,0,0
1,124,305,0,15,0
1,124,306,0,0,0
1,124,307,0,9,0
1,124,308,0,9,0
1,124,309,0,9,0
1,124,310,0,0,0
1,124,311,0,15,0
1,124,312,0,0,0
1,124,313,0,9,0
1,124,314,0,9,0
1,124,315,0,9,0
1,124,316,0,0,0
1,124,317,0,15,0
1,124,318,0,0,0
1,124,319,0,9,0
1,124,320,0,9,0
1,124,321,0,9,0
1,124,322,0,0,0
1,124,323,0,15,0
1,124,324,0,0,0
1,124,325,0,9,0
1,124,326,0,9,0
1,124,327,0,9,0
1,125,126,9,16,0
1,125,127,9,8,0
1,125,128,9,0,0
1,125,129,9,9,0
1,125,130,9,11,0
1,125,131,9,8,0
1,125,132,9,0,0
1,125,133,9,9,0
1,125,134,9,17,0
1,125,135,9,0,0
1,125,136,9,9,0
1,125,137,9,0,0
1,125,138,9,9,0
1,125,139,9,17,0
1,125,140,9,0,0
1,125,141,9,9,0
1,125,142,9,9,0
1,125,143,9,16,0
1,125,144,9,8,0
1,125,145,9,0,0
1,125,146,9,9,0
1,125,147,9,16,0
1,125,148,9,8,0
1,125,149,9,0,0
1,125,150,9,9,0
1,125,151,9,11,0
1,125,152,9,8,0
1,125,153,9,0,0
1,125,154,9,9,0
1,125,155,9,17,0
1,125,156,9,0,0
1,125,157,9,9,0
1,125,158,9,0,0
1,125,159,9,9,0
1,125,160,9,17,0
1,125,161,9,0,0
1,125,162,9,9,0
1,125,163,9,9,0
1,125,164,9,16,0
1,125,165,9,8,0
1,125,166,9,0,0
1,125,167,9,9,0
1,125,168,9,16,0
1,125,169,9,8,0
1,125,170,9,0,0
1,125,171,9,9,0
1,125,172,9,11,0
1,125,173,9,8,0
1,125,174,9,0,0
1,125,175,9,9,0
1,125,176,9,17,0
1,125,177,9,0,0
1,125,178,9,9,0
1,125,179,9,0,0
1,125,180,9,9,0
1,125,181,9,17,0
1,125,182,9,0,0
1,125,183,9,9,0
1,125,184,9,9,0
1,125,185,9,16,0
1,125,186,9,8,0
1,125,187,9,0,0
1,125,188,9,9,0
1,125,189,9,16,0
1,125,190,9,8,0
1,125,191,9,0,0
1,125,192,9,9,0
1,125,193,9,11,0
1,125,194,9,8,0
1,125,195,9,0,0
1,125,196,9,9,0
1,125,197,9,17,0
1,125,198,9,0,0
1,125,199,9,9,0
1,125,200,9,0,0
1,125,201,9,9,0
1,125,202,9,17,0
1,125,203,9,0,0
1,125,204,9,9,0
1,125,205,9,9,0
1,125,206,9,16,0
1,125,207,9,8,0
1,125,208,9,0,0
1,125,209,9,9,0
1,125,210,9,16,0
1,125,211,9,8,0
1,125,212,9,0,0
1,125,213,9,9,0
1,125,214,9,11,0
1,125,215,9,8,0
1,125,216,9,0,0
1,125,217,9,9,0
1,125,218,9,17,0
1,125,219,9,0,0
1,125,220,9,9,0
1,125,221,9,0,0
1,125,222,9,9,0
1,125,223,9,17,0
1,125,224,9,0,0
1,125,225,9,9,0
1,125,226,9,9,0
1,125,227,9,16,0
1,125,228,9,8,0
1,125,229,9,0,0
1,125,230,9,9,0
1,125,231,9,16,0
1,125,232,9,8,0
1,125,233,9,0,0
1,125,234,9,9,0
1,125,235,9,11,0
1,125,236,9,8,0
1,125,237,9,0,0
1,125,238,9,9,0
1,125,239,9,17,0
1,125,240,9,0,0
1,125,241,9,9,0
1,125,242,9,0,0
1,125,243,9,9,0
1,125,244,9,17,0
1,125,245,9,0,0
1,125,246,9,9,0
1,125,247,9,9,0
1,125,248,9,16,0
1,125,249,9,8,0
1,125,250,9,0,0
1,125,251,9,9,0
1,125,252,9,16,0
1,125,253,9,8,0
1,125,254,9,0,0
1,125,255,9,9,0
1,125,256,9,11,0
1,125,257,9,8,0
1,125,258,9,0,0
1,125,259,9,9,0
1,125,260,9,16,0
1,125,261,9,8,0
1,125,262,9,0,0
1,125,263,9,15,0
1,125,264,9,0,0
1,125,265,9,9,0
1,125,266,9,9,0
1,125,267,9,9,0
1,125,268,9,0,0
1,125,269,9,15,0
1,125,270,9,0,0
1,125,271,9,9,0
1,125,272,9,9,0
1,125,273,9,9,0
1,125,274,9,0,0
1,125,275,9,15,0
1,125,276,9,0,0
1,125,277,9,9,0
1,125,278,9,9,0
1,125,279,9,9,0
1,125,280,9,0,0
1,125,281,9,15,0
1,125,282,9,0,0
1,125,283,9,9,0
1,125,284,9,9,0
1,125,285,9,9,0
1,125,286,9,0,0
1,125,287,9,15,0
1,125,288,9,0,0
1,125,289,9,9,0
1,125,290,9,9,0
1,125,291,9,9,0
1,125,292,9,0,0
1,125,293,9,15,0
1,125,294,9,0,0
1,125,295,9,9,0
1,125,296,9,9,0
1,125,297,9,9,0
1,125,298,9,0,0
1,125,299,9,15,0
1,125,300,9,0,0
1,125,301,9,9,0
1,125,302,9,9,0
1,125,303,9,9,0
1,125,304,9,0,0
1,125,305,9,15,0
1,125,306,9,0,0
1,125,307,9,9,0
1,125,308,9,9,0
1,125,309,9,9,0
1,125,310,9,0,0
1,125,311,9,15,0
1,125,312,9,0,0
1,125,313,9,9,0
1,125,314,9,9,0
1,125,315,9,9,0
1,125,316,9,0,0
1,125,317,9,15,0
1,125,318,9,0,0
1,125,319,9,9,0
1,125,320,9,9,0
1,125,321,9,9,0
1,125,322,9,0,0
1,125,323,9,15,0
1,125,324,9,0,0
1,125,325,9,9,0
1,125,326,9,9,0
1,125,327,9,9,0
1,126,127,16,8,1
1,126,128,16,0,0
1,126,129,16,9,0
1,126,130,16,11,0
1,126,131,16,8,0
1,126,132,16,0,0
1,126,133,16,9,0
1,126,134,16,17,0
1,126,135,16,0,0
1,126,136,16,9,0
1,126,137,16,0,0
1,126,138,16,9,0
1,126,139,16,17,0
1,126,140,16,0,0
1,126,141,16,9,0
1,126,142,16,9,0
1,126,143,16,16,0
1,126,144,16,8,0
1,126,145,16,0,0
1,126,146,16,9,0
1,126,147,16,16,0
1,126,148,16,8,0
1,126,149,16,0,0
1,126,150,16,9,0
1,126,151,16,11,0
1,126,152,16,8,0
1,126,153,16,0,0
1,126,154,16,9,0
1,126,155,16,17,0
1,126,156,16,0,0
1,126,157,16,9,0
1,126,158,16,0,0
1,126,159,16,9,0
1,126,160,16,17,0
1,126,161,16,0,0
1,126,162,16,9,0
1,126,163,16,9,0
1,126,164,16,16,0
1,126,165,16,8,0
1,126,166,16,0,0
1,126,167,16,9,0
1,126,168,16,16,0
1,126,169,16,8,0
1,126,170,16,0,0
1,126,171,16,9,0
1,126,172,16,11,0
1,126,173,16,8,0
1,126,174,16,0,0
1,126,175,16,9,0
1,126,176,16,17,0
1,126,177,16,0,0
1,126,178,16,9,0
1,126,179,16,0,0
1,126,180,16,9,0
1,126,181,16,17,0
1,126,182,16,0,0
1,126,183,16,9,0
1,126,184,16,9,0
1,126,185,16,16,0
1,126,186,16,8,0
1,126,187,16,0,0
1,126,188,16,9,0
1,126,189,16,16,0
1,126,190,16,8,0
1,126,191,16,0,0
1,126,192,16,9,0
1,126,193,16,11,0
1,126,194,16,8,0
1,126,195,16,0,0
1,126,196,16,9,0
1,126,197,16,17,0
1,126,198,16,0,0
1,126,199,16,9,0
1,126,200,16,0,0
1,126,201,16,9,0
1,126,202,16,17,0
1,126,203,16,0,0
1,126,204,16,9,0
1,126,205,16,9,0
1,126,206,16,16,0
1,126,207,16,8,0
1,126,208,16,0,0
1,126,209,16,9,0
1,126,210,16,16,0
1,126,211,16,8,0
1,126,212,16,0,0
1,126,213,16,9,0
1,126,214,16,11,0
1,126,215,16,8,0
1,126,216,16,0,0
1,126,217,16,9,0
1,126,218,16,17,0
1,126,219,16,0,0
1,126,220,16,9,0
1,126,221,16,0,0
1,126,222,16,9,0
1,126,223,16,17,0
1,126,224,16,0,0
1,126,225,16,9,0
1,126,226,16,9,0
1,126,227,16,16,0
1,126,228,16,8,0
1,126,229,16,0,0
1,126,230,16,9,0
1,126,231,16,16,0
1,126,232,16,8,0
1,126,233,16,0,0
1,126,234,16,9,0
1,126,235,16,11,0
1,126,236,16,8,0
1,126,237,16,0,0
1,126,238,16,9,0
1,126,239,16,17,0
1,126,240,16,0,0
1,126,241,16,9,0
1,126,242,16,0,0
1,126,243,16,9,0
1,126,244,16,17,0
1,126,245,16,0,0
1,126,246,16,9,0
1,126,247,16,9,0
1,126,248,16,16,0
1,126,249,16,8,0
1,126,250,16,0,0
1,126,251,16,9,0
1,126,252,16,16,0
1,126,253,16,8,0
1,126,254,16,0,0
1,126,255,16,9,0
1,126,256,16,11,0
1,126,257,16,8,0
1,126,258,16,0,0
1,126,259,16,9,0
1,126,260,16,16,0
1,126,261,16,8,0
1,126,262,16,0,0
1,126,263,16,15,0
1,126,264,16,0,0
1,126,265,16,9,0
1,126,266,16,9,0
1,126,267,16,9,0
1,126,268,16,0,0
1,126,269,16,15,0
1,126,270,16,0,0
1,126,271,16,9,0
1,126,272,16,9,0
1,126,273,16,9,0
1,126,274,16,0,0
1,126,275,16,15,0
1,126,276,16,0,0
1,126,277,16,9,0
1,126,278,16,9,0
1,126,279,16,9,0
1,126,280,16,0,0
1,126,281,16,15,0
1,126,282,16,0,0
1,126,283,16,9,0
1,126,284,16,9,0
1,126,285,16,9,0
1,126,286,16,0,0
1,126,287,16,15,0
1,126,288,16,0,0
1,126,289,16,9,0
1,126,290,16,9,0
1,126,291,16,9,0
1,126,292,16,0,0
1,126,293,16,15,0
1,126,294,16,0,0
1,126,295,16,9,0
1,126,296,16,9,0
1,126,297,16,9,0
1,126,298,16,0,0
1,126,299,16,15,0
1,126,300,16,0,0
1,126,301,16,9,0
1,126,302,16,9,0
1,126,303,16,9,0
1,126,304,16,0,0
1,126,305,16,15,0
1,126,306,16,0,0
1,126,307,16,9,0
1,126,308,16,9,0
1,126,309,16,9,0
1,126,310,16,0,0
1,126,311,16,15,0
1,126,312,16,0,0
1,126,313,16,9,0
1,126,314,16,9,0
1,126,315,16,9,0
1,126,316,16,0,0
1,126,317,16,15,0
1,126,318,16,0,0
1,126,319,16,9,0
1,126,320,16,9,0
1,126,321,16,9,0
1,126,322,16,0,0
1,126,323,16,15,0
1,126,324,16,0,0
1,126,325,16,9,0
1,126,326,16,9,0
1,126,327,16,9,0
1,127,128,8,0,0
1,127,129,8,9,0
1,127,130,8,11,0
1,127,131,8,8,0
1,127,132,8,0,0
1,127,133,8,9,0
1,127,134,8,17,0
1,127,135,8,0,0
1,127,136,8,9,0
1,127,137,8,0,0
1,127,138,8,9,0
1,127,139,8,17,0
1,127,140,8,0,0
1,127,141,8,9,0
1,127,142,8,9,0
1,127,143,8,16,0
1,127,144,8,8,0
1,127,145,8,0,0
1,127,146,8,9,0
1,127,147,8,16,0
1,127,148,8,8,0
1,127,149,8,0,0
1,127,150,8,9,0
1,127,151,8,11,0
1,127,152,8,8,0
1,127,153,8,0,0
1,127,154,8,9,0
1,127,155,8,17,0
1,127,156,8,0,0
1,127,157,8,9,0
1,127,158,8,0,0
1,127,159,8,9,0
1,127,160,8,17,0
1,127,161,8,0,0
1,127,162,8,9,0
1,127,163,8,9,0
1,127,164,8,16,0
1,127,165,8,8,0
1,127,166,8,0,0
1,127,167,8,9,0
1,127,168,8,16,0
1,127,169,8,8,0
1,127,170,8,0,0
1,127,171,8,9,0
1,127,172,8,11,0
1,127,173,8,8,0
1,127,174,8,0,0
1,127,175,8,9,0
1,127,176,8,17,0
1,127,177,8,0,0
1,127,178,8,9,0
1,127,179,8,0,0
1,127,180,8,9,0
1,127,181,8,17,0
1,127,182,8,0,0
1,127,183,8,9,0
1,127,184,8,9,0
1,127,185,8,16,0
1,127,186,8,8,0
1,127,187,8,0,0
1,127,188,8,9,0
1,127,189,8,16,0
1,127,190,8,8,0
1,127,191,8,0,0
1,127,192,8,9,0
1,127,193,8,11,0
1,127,194,8,8,0
1,127,195,8,0,0
1,127,196,8,9,0
1,127,197,8,17,0
1,127,198,8,0,0
1,127,199,8,9,0
1,127,200,8,0,0
1,127,201,8,9,0
1,127,202,8,17,0
1,127,203,8,0,0
1,127,204,8,9,0
1,127,205,8,9,0
1,127,206,8,16,0
1,127,207,8,8,0
1,127,208,8,0,0
1,127,209,8,9,0
1,127,210,8,16,0
1,127,211,8,8,0
1,127,212,8,0,0
1,127,213,8,9,0
1,127,214,8,11,0
1,127,215,8,8,0
1,127,216,8,0,0
1,127,217,8,9,0
1,127,218,8,17,0
1,127,219,8,0,0
1,127,220,8,9,0
1,127,221,8,0,0
1,127,222,8,9,0
1,127,223,8,17,0
1,127,224,8,0,0
1,127,225,8,9,0
1,127,226,8,9,0
1,127,227,8,16,0
1,127,228,8,8,0
1,127,229,8,0,0
1,127,230,8,9,0
1,127,231,8,16,0
1,127,232,8,8,0
1,127,233,8,0,0
1,127,234,8,9,0
1,127,235,8,11,0
1,127,236,8,8,0
1,127,237,8,0,0
1,127,238,8,9,0
1,127,239,8,17,0
1,127,240,8,0,0
1,127,241,8,9,0
1,127,242,8,0,0
1,127,243,8,9,0
1,127,244,8,17,0
1,127,245,8,0,0
1,127,246,8,9,0
1,127,247,8,9,0
1,127,248,8,16,0
1,127,249,8,8,0
1,127,250,8,0,0
1,127,251,8,9,0
1,127,252,8,16,0
1,127,253,8,8,0
1,127,254,8,0,0
1,127,255,8,9,0
1,127,256,8,11,0
1,127,257,8,8,0
1,127,258,8,0,0
1,127,259,8,9,0
1,127,260,8,16,0
1,127,261,8,8,0
1,127,262,8,0,0
1,127,263,8,15,0
1,127,264,8,0,0
1,127,265,8,9,0
1,127,266,8,9,0
1,127,267,8,9,0
1,127,268,8,0,0
1,127,269,8,15,0
1,127,270,8,0,0
1,127,271,8,9,0
1,127,272,8,9,0
1,127,273,8,9,0
1,127,274,8,0,0
1,127,275,8,15,0
1,127,276,8,0,0
1,127,277,8,9,0
1,127,278,8,9,0
1,127,279,8,9,0
1,127,280,8,0,0
1,127,281,8,15,0
1,127,282,8,0,0
1,127,283,8,9,0
1,127,284,8,9,0
1,127,285,8,9,0
1,127,286,8,0,0
1,127,287,8,15,0
1,127,288,8,0,0
1,127,289,8,9,0
1,127,290,8,9,0
1,127,291,8,9,0
1,127,292,8,0,0
1,127,293,8,15,0
1,127,294,8,0,0
1,127,295,8,9,0
1,127,296,8,9,0
1,127,297,8,9,0
1,127,298,8,0,0
1,127,299,8,15,0
1,127,300,8,0,0
1,127,301,8,9,0
1,127,302,8,9,0
1,127,303,8,9,0
1,127,304,8,0,0
1,127,305,8,15,0
1,127,306,8,0,0
1,127,307,8,9,0
1,127,308,8,9,0
1,127,309,8,9,0
1,127,310,8,0,0
1,127,311,8,15,0
1,127,312,8,0,0
1,127,313,8,9,0
1,127,314,8,9,0
1,127,315,8,9,0
1,127,316,8,0,0
1,127,317,8,15,0
1,127,318,8,0,0
1,127,319,8,9,0
1,127,320,8,9,0
1,127,321,8,9,0
1,127,322,8,0,0
1,127,323,8,15,0
1,127,324,8,0,0
1,127,325,8,9,0
1,127,326,8,9,0
1,127,327,8,9,0
1,128,129,0,9,1
1,128,130,0,11,1
1,128,131,0,8,0
1,128,132,0,0,1
1,128,133,0,9,0
1,128,134,0,17,0
1,128,135,0,0,0
1,128,136,0,9,0
1,128,137,0,0,0
1,128,138,0,9,0
1,128,139,0,17,0
1,128,140,0,0,0
1,128,141,0,9,0
1,128,142,0,9,0
1,128,143,0,16,0
1,128,144,0,8,0
1,128,145,0,0,0
1,128,146,0,9,0
1,128,147,0,16,0
1,128,148,0,8,0
1,128,149,0,0,0
1,128,150,0,9,0
1,128,151,0,11,0
1,128,152,0,8,0
1,128,153,0,0,0
1,128,154,0,9,0
1,128,155,0,17,0
1,128,156,0,0,0
1,128,157,0,9,0
1,128,158,0,0,0
1,128,159,0,9,0
1,128,160,0,17,0
1,128,161,0,0,0
1,128,162,0,9,0
1,128,163,0,9,0
1,128,164,0,16,0
1,128,165,0,8,0
1,128,166,0,0,0
1,128,167,0,9,0
1,128,168,0,16,0
1,128,169,0,8,0
1,128,170,0,0,0
1,128,171,0,9,0
1,128,172,0,11,0
1,128,173,0,8,0
1,128,174,0,0,0
1,128,175,0,9,0
1,128,176,0,17,0
1,128,177,0,0,0
1,128,178,0,9,0
1,128,179,0,0,0
1,128,180,0,9,0
1,128,181,0,17,0
1,128,182,0,0,0
1,128,183,0,9,0
1,128,184,0,9,0
1,128,185,0,16,0
1,128,186,0,8,0
1,128,187,0,0,0
1,128,188,0,9,0
1,128,189,0,16,0
1,128,190,0,8,0
1,128,191,0,0,0
1,128,192,0,9,0
1,128,193,0,11,0
1,128,194,0,8,0
1,128,195,0,0,0
1,128,196,0,9,0
1,128,197,0,17,0
1,128,198,0,0,0
1,128,199,0,9,0
1,128,200,0,0,0
1,128,201,0,9,0
1,128,202,0,17,0
1,128,203,0,0,0
1,128,204,0,9,0
1,128,205,0,9,0
1,128,206,0,16,0
1,128,207,0,8,0
1,128,208,0,0,0
1,128,209,0,9,0
1,128,210,0,16,0
1,128,211,0,8,0
1,128,212,0,0,0
1,128,213,0,9,0
1,128,214,0,11,0
1,128,215,0,8,0
1,128,216,0,0,0
1,128,217,0,9,0
1,128,218,0,17,0
1,128,219,0,0,0
1,128,220,0,9,0
1,128,221,0,0,0
1,128,222,0,9,0
1,128,223,0,17,0
1,128,224,0,0,0
1,128,225,0,9,0
1,128,226,0,9,0
1,128,227,0,16,0
1,128,228,0,8,0
1,128,229,0,0,0
1,128,230,0,9,0
1,128,231,0,16,0
1,128,232,0,8,0
1,128,233,0,0,0
1,128,234,0,9,0
1,128,235,0,11,0
1,128,236,0,8,0
1,128,237,0,0,0
1,128,238,0,9,0
1,128,239,0,17,0
1,128,240,0,0,0
1,128,241,0,9,0
1,128,242,0,0,0
1,128,243,0,9,0
1,128,244,0,17,0
1,128,245,0,0,0
1,128,246,0,9,0
1,128,247,0,9,0
1,128,248,0,16,0
1,128,249,0,8,0
1,128,250,0,0,0
1,128,251,0,9,0
1,128,252,0,16,0
1,128,253,0,8,0
1,128,254,0,0,0
1,128,255,0,9,0
1,128,256,0,11,0
1,128,257,0,8,0
1,128,258,0,0,0
1,128,259,0,9,0
1,128,260,0,16,0
1,128,261,0,8,0
1,128,262,0,0,0
1,128,263,0,15,0
1,128,264,0,0,0
1,128,265,0,9,0
1,128,266,0,9,0
1,128,267,0,9,0
1,128,268,0,0,0
1,128,269,0,15,0
1,128,270,0,0,0
1,128,271,0,9,0
1,128,272,0,9,0
1,128,273,0,9,0
1,128,274,0,0,0
1,128,275,0,15,0
1,128,276,0,0,0
1,128,277,0,9,0
1,128,278,0,9,0
1,128,279,0,9,0
1,128,280,0,0,0
1,128,281,0,15,0
1,128,282,0,0,0
1,128,283,0,9,0
1,128,284,0,9,0
1,128,285,0,9,0
1,128,286,0,0,0
1,128,287,0,15,0
1,128,288,0,0,0
1,128,289,0,9,0
1,128,290,0,9,0
1,128,291,0,9,0
1,128,292,0,0,0
1,128,293,0,15,0
1,128,294,0,0,0
1,128,295,0,9,0
1,128,296,0,9,0
1,128,297,0,9,0
1,128,298,0,0,0
1,128,299,0,15,0
1,128,300,0,0,0
1,128,301,0,9,0
1,128,302,0,9,0
1,128,303,0,9,0
1,128,304,0,0,0
1,128,305,0,15,0
1,128,306,0,0,0
1,128,307,0,9,0
1,128,308,0,9,0
1,128,309,0,9,0
1,128,310,0,0,0
1,128,311,0,15,0
1,128,312,0,0,0
1,128,313,0,9,0
1,128,314,0,9,0
1,128,315,0,9,0
1,128,316,0,0,0
1,128,317,0,15,0
1,128,318,0,0,0
1,128,319,0,9,0
1,128,320,0,9,0
1,128,321,0,9,0
1,128,322,0,0,0
1,128,323,0,15,0
1,128,324,0,0,0
1,128,325,0,9,0
1,128,326,0,9,0
1,128,327,0,9,0
1,129,130,9,11,0
1,129,131,9,8,0
1,129,132,9,0,0
1,129,133,9,9,0
1,129,134,9,17,0
1,129,135,9,0,0
1,129,136,9,9,0
1,129,137,9,0,0
1,129,138,9,9,0
1,129,139,9,17,0
1,129,140,9,0,0
1,129,141,9,9,0
1,129,142,9,9,0
1,129,143,9,16,0
1,129,144,9,8,0
1,129,145,9,0,0
1,129,146,9,9,0
1,129,147,9,16,0
1,129,148,9,8,0
1,129,149,9,0,0
1,129,150,9,9,0
1,129,151,9,11,0
1,129,152,9,8,0
1,129,153,9,0,0
1,129,154,9,9,0
1,129,155,9,17,0
1,129,156,9,0,0
1,129,157,9,9,0
1,129,158,9,0,0
1,129,159,9,9,0
1,129,160,9,17,0
1,129,161,9,0,0
1,129,162,9,9,0
1,129,163,9,9,0
1,129,164,9,16,0
1,129,165,9,8,0
1,129,166,9,0,0
1,129,167,9,9,0
1,129,168,9,16,0
1,129,169,9,8,0
1,129,170,9,0,0
1,129,171,9,9,0
1,129,172,9,11,0
1,129,173,9,8,0
1,129,174,9,0,0
1,129,175,9,9,0
1,129,176,9,17,0
1,129,177,9,0,0
1,129,178,9,9,0
1,129,179,9,0,0
1,129,180,9,9,0
1,129,181,9,17,0
1,129,182,9,0,0
1,129,183,9,9,0
1,129,184,9,9,0
1,129,185,9,16,0
1,129,186,9,8,0
1,129,187,9,0,0
1,129,188,9,9,0
1,129,189,9,16,0
1,129,190,9,8,0
1,129,191,9,0,0
1,129,192,9,9,0
1,129,193,9,11,0
1,129,194,9,8,0
1,129,195,9,0,0
1,129,196,9,9,0
1,129,197,9,17,0
1,129,198,9,0,0
1,129,199,9,9,0
1,129,200,9,0,0
1,129,201,9,9,0
1,129,202,9,17,0
1,129,203,9,0,0
1,129,204,9,9,0
1,129,205,9,9,0
1,129,206,9,16,0
1,129,207,9,8,0
1,129,208,9,0,0
1,129,209,9,9,0
1,129,210,9,16,0
1,129,211,9,8,0
1,129,212,9,0,0
1,129,213,9,9,0
1,129,214,9,11,0
1,129,215,9,8,0
1,129,216,9,0,0
1,129,217,9,9,0
1,129,218,9,17,0
1,129,219,9,0,0
1,129,220,9,9,0
1,129,221,9,0,0
1,129,222,9,9,0
1,129,223,9,17,0
1,129,224,9,0,0
1,129,225,9,9,0
1,129,226,9,9,0
1,129,227,9,16,0
1,129,228,9,8,0
1,129,229,9,0,0
1,129,230,9,9,0
1,129,231,9,16,0
1,129,232,9,8,0
1,129,233,9,0,0
1,129,234,9,9,0
1,129,235,9,11,0
1,129,236,9,8,0
1,129,237,9,0,0
1,129,238,9,9,0
1,129,239,9,17,0
1,129,240,9,0,0
1,129,241,9,9,0
1,129,242,9,0,0
1,129,243,9,9,0
1,129,244,9,17,0
1,129,245,9,0,0
1,129,246,9,9,0
1,129,247,9,9,0
1,129,248,9,16,0
1,129,249,9,8,0
1,129,250,9,0,0
1,129,251,9,9,0
1,129,252,9,16,0
1,129,253,9,8,0
1,129,254,9,0,0
1,129,255,9,9,0
1,129,256,9,11,0
1,129,257,9,8,0
1,129,258,9,0,0
1,129,259,9,9,0
1,129,260,9,16,0
1,129,261,9,8,0
1,129,262,9,0,0
1,129,263,9,15,0
1,129,264,9,0,0
1,129,265,9,9,0
1,129,266,9,9,0
1,129,267,9,9,0
1,129,268,9,0,0
1,129,269,9,15,0
1,129,270,9,0,0
1,129,271,9,9,0
1,129,272,9,9,0
1,129,273,9,9,0
1,129,274,9,0,0
1,129,275,9,15,0
1,129,276,9,0,0
1,129,277,9,9,0
1,129,278,9,9,0
1,129,279,9,9,0
1,129,280,9,0,0
1,129,281,9,15,0
1,129,282,9,0,0
1,129,283,9,9,0
1,129,284,9,9,0
1,129,285,9,9,0
1,129,286,9,0,0
1,129,287,9,15,0
1,129,288,9,0,0
1,129,289,9,9,0
1,129,290,9,9,0
1,129,291,9,9,0
1,129,292,9,0,0
1,129,293,9,15,0
1,129,294,9,0,0
1,129,295,9,9,0
1,129,296,9,9,0
1,129,297,9,9,0
1,129,298,9,0,0
1,129,299,9,15,0
1,129,300,9,0,0
1,129,301,9,9,0
1,129,302,9,9,0
1,129,303,9,9,0
1,129,304,9,0,0
1,129,305,9,15,0
1,129,306,9,0,0
1,129,307,9,9,0
1,129,308,9,9,0
1,129,309,9,9,0
1,129,310,9,0,0
1,129,311,9,15,0
1,129,312,9,0,0
1,129,313,9,9,0
1,129,314,9,9,0
1,129,315,9,9,0
1,129,316,9,0,0
1,129,317,9,15,0
1,129,318,9,0,0
1,129,319,9,9,0
1,129,320,9,9,0
1,129,321,9,9,0
1,129,322,9,0,0
1,129,323,9,15,0
1,129,324,9,0,0
1,129,325,9,9,0
1,129,326,9,9,0
1,129,327,9,9,0
1,130,131,11,8,1
1,130,132,11,0,0
1,130,133,11,9,0
1,130,134,11,17,0
1,130,135,11,0,0
1,130,136,11,9,0
1,130,137,11,0,0
1,130,138,11,9,0
1,130,139,11,17,0
1,130,140,11,0,0
1,130,141,11,9,0
1,130,142,11,9,0
1,130,143,11,16,0
1,130,144,11,8,0
1,130,145,11,0,0
1,130,146,11,9,0
1,130,147,11,16,0
1,130,148,11,8,0
1,130,149,11,0,0
1,130,150,11,9,0
1,130,151,11,11,0
1,130,152,11,8,0
1,130,153,11,0,0
1,130,154,11,9,0
1,130,155,11,17,0
1,130,156,11,0,0
1,130,157,11,9,0
1,130,158,11,0,0
1,130,159,11,9,0
1,130,160,11,17,0
1,130,161,11,0,0
1,130,162,11,9,0
1,130,163,11,9,0
1,130,164,11,16,0
1,130,165,11,8,0
1,130,166,11,0,0
1,130,167,11,9,0
1,130,168,11,16,0
1,130,169,11,8,0
1,130,170,11,0,0
1,130,171,11,9,0
1,130,172,11,11,0
1,130,173,11,8,0
1,130,174,11,0,0
1,130,175,11,9,0
1,130,176,11,17,0
1,130,177,11,0,0
1,130,178,11,9,0
1,130,179,11,0,0
1,130,180,11,9,0
1,130,181,11,17,0
1,130,182,11,0,0
1,130,183,11,9,0
1,130,184,11,9,0
1,130,185,11,16,0
1,130,186,11,8,0
1,130,187,11,0,0
1,130,188,11,9,0
1,130,189,11,16,0
1,130,190,11,8,0
1,130,191,11,0,0
1,130,192,11,9,0
1,130,193,11,11,0
1,130,194,11,8,0
1,130,195,11,0,0
1,130,196,11,9,0
1,130,197,11,17,0
1,130,198,11,0,0
1,130,199,11,9,0
1,130,200,11,0,0
1,130,201,11,9,0
1,130,202,11,17,0
1,130,203,11,0,0
1,130,204,11,9,0
1,130,205,11,9,0
1,130,206,11,16,0
1,130,207,11,8,0
1,130,208,11,0,0
1,130,209,11,9,0
1,130,210,11,16,0
1,130,211,11,8,0
1,130,212,11,0,0
1,130,213,11,9,0
1,130,214,11,11,0
1,130,215,11,8,0
1,130,216,11,0,0
1,130,217,11,9,0
1,130,218,11,17,0
1,130,219,11,0,0
1,130,220,11,9,0
1,130,221,11,0,0
1,130,222,11,9,0
1,130,223,11,17,0
1,130,224,11,0,0
1,130,225,11,9,0
1,130,226,11,9,0
1,130,227,11,16,0
1,130,228,11,8,0
1,130,229,11,0,0
1,130,230,11,9,0
1,130,231,11,16,0
1,130,232,11,8,0
1,130,233,11,0,0
1,130,234,11,9,0
1,130,235,11,11,0
1,130,236,11,8,0
1,130,237,11,0,0
1,130,238,11,9,0
1,130,239,11,17,0
1,130,240,11,0,0
1,130,241,11,9,0
1,130,242,11,0,0
1,130,243,11,9,0
1,130,244,11,17,0
1,130,245,11,0,0
1,130,246,11,9,0
1,130,247,11,9,0
1,130,248,11,16,0
1,130,249,11,8,0
1,130,250,11,0,0
1,130,251,11,9,0
1,130,252,11,16,0
1,130,253,11,8,0
1,130,254,11,0,0
1,130,255,11,9,0
1,130,256,11,11,0
1,130,257,11,8,0
1,130,258,11,0,0
1,130,259,11,9,0
1,130,260,11,16,0
1,130,261,11,8,0
1,130,262,11,0,0
1,130,263,11,15,0
1,130,264,11,0,0
1,130,265,11,9,0
1,130,266,11,9,0
1,130,267,11,9,0
1,130,268,11,0,0
1,130,269,11,15,0
1,130,270,11,0,0
1,130,271,11,9,0
1,130,272,11,9,0
1,130,273,11,9,0
1,130,274,11,0,0
1,130,275,11,15,0
1,130,276,11,0,0
1,130,277,11,9,0
1,130,278,11,9,0
1,130,279,11,9,0
1,130,280,11,0,0
1,130,281,11,15,0
1,130,282,11,0,0
1,130,283,11,9,0
1,130,284,11,9,0
1,130,285,11,9,0
1,130,286,11,0,0
1,130,287,11,15,0
1,130,288,11,0,0
1,130,289,11,9,0
1,130,290,11,9,0
1,130,291,11,9,0
1,130,292,11,0,0
1,130,293,11,15,0
1,130,294,11,0,0
1,130,295,11,9,0
1,130,296,11,9,0
1,130,297,11,9,0
1,130,298,11,0,1
1,130,299,11,15,0
1,130,300,11,0,0
1,130,301,11,9,0
1,130,302,11,9,0
1,130,303,11,9,0
1,130,304,11,0,0
1,130,305,11,15,0
1,130,306,11,0,0
1,130,307,11,9,0
1,130,308,11,9,0
1,130,309,11,9,0
1,130,310,11,0,0
1,130,311,11,15,0
1,130,312,11,0,0
1,130,313,11,9,0
1,130,314,11,9,0
1,130,315,11,9,0
1,130,316,11,0,0
1,130,317,11,15,0
1,130,318,11,0,0
1,130,319,11,9,0
1,130,320,11,9,0
1,130,321,11,9,0
1,130,322,11,0,0
1,130,323,11,15,0
1,130,324,11,0,0
1,130,325,11,9,0
1,130,326,11,9,0
1,130,327,11,9,0
1,131,132,8,0,0
1,131,133,8,9,0
1,131,134,8,17,0
1,131,135,8,0,0
1,131,136,8,9,0
1,131,137,8,0,0
1,131,138,8,9,0
1,131,139,8,17,0
1,131,140,8,0,0
1,131,141,8,9,0
1,131,142,8,9,0
1,131,143,8,16,0
1,131,144,8,8,0
1,131,145,8,0,0
1,131,146,8,9,0
1,131,147,8,16,0
1,131,148,8,8,0
1,131,149,8,0,0
1,131,150,8,9,0
1,131,151,8,11,0
1,131,152,8,8,0
1,131,153,8,0,0
1,131,154,8,9,0
1,131,155,8,17,0
1,131,156,8,0,0
1,131,157,8,9,0
1,131,158,8,0,0
1,131,159,8,9,0
1,131,160,8,17,0
1,131,161,8,0,0
1,131,162,8,9,0
1,131,163,8,9,0
1,131,164,8,16,0
1,131,165,8,8,0
1,131,166,8,0,0
1,131,167,8,9,0
1,131,168,8,16,0
1,131,169,8,8,0
1,131,170,8,0,0
1,131,171,8,9,0
1,131,172,8,11,0
1,131,173,8,8,0
1,131,174,8,0,0
1,131,175,8,9,0
1,131,176,8,17,0
1,131,177,8,0,0
1,131,178,8,9,0
1,131,179,8,0,0
1,131,180,8,9,0
1,131,181,8,17,0
1,131,182,8,0,0
1,131,183,8,9,0
1,131,184,8,9,0
1,131,185,8,16,0
1,131,186,8,8,0
1,131,187,8,0,0
1,131,188,8,9,0
1,131,189,8,16,0
1,131,190,8,8,0
1,131,191,8,0,0
1,131,192,8,9,0
1,131,193,8,11,0
1,131,194,8,8,0
1,131,195,8,0,0
1,131,196,8,9,0
1,131,197,8,17,0
1,131,198,8,0,0
1,131,199,8,9,0
1,131,200,8,0,0
1,131,201,8,9,0
1,131,202,8,17,0
1,131,203,8,0,0
1,131,204,8,9,0
1,131,205,8,9,0
1,131,206,8,16,0
1,131,207,8,8,0
1,131,208,8,0,0
1,131,209,8,9,0
1,131,210,8,16,0
1,131,211,8,8,0
1,131,212,8,0,0
1,131,213,8,9,0
1,131,214,8,11,0
1,131,215,8,8,0
1,131,216,8,0,0
1,131,217,8,9,0
1,131,218,8,17,0
1,131,219,8,0,0
1,131,220,8,9,0
1,131,221,8,0,0
1,131,222,8,9,0
1,131,223,8,17,0
1,131,224,8,0,0
1,131,225,8,9,0
1,131,226,8,9,0
1,131,227,8,16,0
1,131,228,8,8,0
1,131,229,8,0,0
1,131,230,8,9,0
1,131,231,8,16,0
1,131,232,8,8,0
1,131,233,8,0,0
1,131,234,8,9,0
1,131,235,8,11,0
1,131,236,8,8,0
1,131,237,8,0,0
1,131,238,8,9,0
1,131,239,8,17,0
1,131,240,8,0,0
1,131,241,8,9,0
1,131,242,8,0,0
1,131,243,8,9,0
1,131,244,8,17,0
1,131,245,8,0,0
1,131,246,8,9,0
1,131,247,8,9,0
1,131,248,8,16,0
1,131,249,8,8,0
1,131,250,8,0,0
1,131,251,8,9,0
1,131,252,8,16,0
1,131,253,8,8,0
1,131,254,8,0,0
1,131,255,8,9,0
1,131,256,8,11,0
1,131,257,8,8,0
1,131,258,8,0,0
1,131,259,8,9,0
1,131,260,8,16,0
1,131,261,8,8,0
1,131,262,8,0,0
1,131,263,8,15,0
1,131,264,8,0,0
1,131,265,8,9,0
1,131,266,8,9,0
1,131,267,8,9,0
1,131,268,8,0,0
1,131,269,8,15,0
1,131,270,8,0,0
1,131,271,8,9,0
1,131,272,8,9,0
1,131,273,8,9,0
1,131,274,8,0,0
1,131,275,8,15,0
1,131,276,8,0,0
1,131,277,8,9,0
1,131,278,8,9,0
1,131,279,8,9,0
1,131,280,8,0,0
1,131,281,8,15,0
1,131,282,8,0,0
1,131,283,8,9,0
1,131,284,8,9,0
1,131,285,8,9,0
1,131,286,8,0,0
1,131,287,8,15,0
1,131,288,8,0,0
1,131,289,8,9,0
1,131,290,8,9,0
1,131,291,8,9,0
1,131,292,8,0,0
1,131,293,8,15,0
1,131,294,8,0,0
1,131,295,8,9,0
1,131,296,8,9,0
1,131,297,8,9,0
1,131,298,8,0,0
1,131,299,8,15,0
1,131,300,8,0,0
1,131,301,8,9,0
1,131,302,8,9,0
1,131,303,8,9,0
1,131,304,8,0,0
1,131,305,8,15,0
1,131,306,8,0,0
1,131,307,8,9,0
1,131,308,8,9,0
1,131,309,8,9,0
1,131,310,8,0,0
1,131,311,8,15,0
1,131,312,8,0,0
1,131,313,8,9,0
1,131,314,8,9,0
1,131,315,8,9,0
1,131,316,8,0,0
1,131,317,8,15,0
1,131,318,8,0,0
1,131,319,8,9,0
1,131,320,8,9,0
1,131,321,8,9,0
1,131,322,8,0,0
1,131,323,8,15,0
1,131,324,8,0,0
1,131,325,8,9,0
1,131,326,8,9,0
1,131,327,8,9,0
1,132,133,0,9,1
1,132,134,0,17,1
1,132,135,0,0,0
1,132,136,0,9,0
1,132,137,0,0,0
1,132,138,0,9,0
1,132,139,0,17,0
1,132,140,0,0,0
1,132,141,0,9,0
1,132,142,0,9,0
1,132,143,0,16,0
1,132,144,0,8,0
1,132,145,0,0,0
1,132,146,0,9,0
1,132,147,0,16,0
1,132,148,0,8,0
1,132,149,0,0,0
1,132,150,0,9,0
1,132,151,0,11,0
1,132,152,0,8,0
1,132,153,0,0,0
1,132,154,0,9,0
1,132,155,0,17,0
1,132,156,0,0,0
1,132,157,0,9,0
1,132,158,0,0,0
1,132,159,0,9,0
1,132,160,0,17,0
1,132,161,0,0,0
1,132,162,0,9,0
1,132,163,0,9,0
1,132,164,0,16,0
1,132,165,0,8,0
1,132,166,0,0,0
1,132,167,0,9,0
1,132,168,0,16,0
1,132,169,0,8,0
1,132,170,0,0,0
1,132,171,0,9,0
1,132,172,0,11,0
1,132,173,0,8,0
1,132,174,0,0,0
1,132,175,0,9,0
1,132,176,0,17,0
1,132,177,0,0,0
1,132,178,0,9,0
1,132,179,0,0,0
1,132,180,0,9,0
1,132,181,0,17,0
1,132,182,0,0,0
1,132,183,0,9,0
1,132,184,0,9,0
1,132,185,0,16,0
1,132,186,0,8,0
1,132,187,0,0,0
1,132,188,0,9,0
1,132,189,0,16,0
1,132,190,0,8,0
1,132,191,0,0,0
1,132,192,0,9,0
1,132,193,0,11,0
1,132,194,0,8,0
1,132,195,0,0,0
1,132,196,0,9,0
1,132,197,0,17,0
1,132,198,0,0,0
1,132,199,0,9,0
1,132,200,0,0,0
1,132,201,0,9,0
1,132,202,0,17,0
1,132,203,0,0,0
1,132,204,0,9,0
1,132,205,0,9,0
1,132,206,0,16,0
1,132,207,0,8,0
1,132,208,0,0,0
1,132,209,0,9,0
1,132,210,0,16,0
1,132,211,0,8,0
1,132,212,0,0,0
1,132,213,0,9,0
1,132,214,0,11,0
1,132,215,0,8,0
1,132,216,0,0,0
1,132,217,0,9,0
1,132,218,0,17,0
1,132,219,0,0,0
1,132,220,0,9,0
1,132,221,0,0,0
1,132,222,0,9,0
1,132,223,0,17,0
1,132,224,0,0,0
1,132,225,0,9,0
1,132,226,0,9,0
1,132,227,0,16,0
1,132,228,0,8,0
1,132,229,0,0,0
1,132,230,0,9,0
1,132,231,0,16,0
1,132,232,0,8,0
1,132,233,0,0,0
1,132,234,0,9,0
1,132,235,0,11,0
1,132,236,0,8,0
1,132,237,0,0,0
1,132,238,0,9,0
1,132,239,0,17,0
1,132,240,0,0,0
1,132,241,0,9,0
1,132,242,0,0,0
1,132,243,0,9,0
1,132,244,0,17,0
1,132,245,0,0,0
1,132,246,0,9,0
1,132,247,0,9,0
1,132,248,0,16,0
1,132,249,0,8,0
1,132,250,0,0,0
1,132,251,0,9,0
1,132,252,0,16,0
1,132,253,0,8,0
1,132,254,0,0,0
1,132,255,0,9,0
1,132,256,0,11,0
1,132,257,0,8,0
1,132,258,0,0,0
1,132,259,0,9,0
1,132,260,0,16,0
1,132,261,0,8,0
1,132,262,0,0,0
1,132,263,0,15,0
1,132,264,0,0,0
1,132,265,0,9,0
1,132,266,0,9,0
1,132,267,0,9,0
1,132,268,0,0,0
1,132,269,0,15,0
1,132,270,0,0,0
1,132,271,0,9,0
1,132,272,0,9,0
1,132,273,0,9,0
1,132,274,0,0,0
1,132,275,0,15,0
1,132,276,0,0,0
1,132,277,0,9,0
1,132,278,0,9,0
1,132,279,0,9,0
1,132,280,0,0,0
1,132,281,0,15,0
1,132,282,0,0,0
1,132,283,0,9,0
1,132,284,0,9,0
1,132,285,0,9,0
1,132,286,0,0,0
1,132,287,0,15,0
1,132,288,0,0,0
1,132,289,0,9,0
1,132,290,0,9,0
1,132,291,0,9,0
1,132,292,0,0,0
1,132,293,0,15,0
1,132,294,0,0,0
1,132,295,0,9,0
1,132,296,0,9,0
1,132,297,0,9,0
1,132,298,0,0,0
1,132,299,0,15,0
1,132,300,0,0,0
1,132,301,0,9,0
1,132,302,0,9,0
1,132,303,0,9,0
1,132,304,0,0,0
1,132,305,0,15,0
1,132,306,0,0,0
1,132,307,0,9,0
1,132,308,0,9,0
1,132,309,0,9,0
1,132,310,0,0,0
1,132,311,0,15,0
1,132,312,0,0,0
1,132,313,0,9,0
1,132,314,0,9,0
1,132,315,0,9,0
1,132,316,0,0,0
1,132,317,0,15,0
1,132,318,0,0,0
1,132,319,0,9,0
1,132,320,0,9,0
1,132,321,0,9,0
1,132,322,0,0,0
1,132,323,0,15,0
1,132,324,0,0,0
1,132,325,0,9,0
1,132,326,0,9,0
1,132,327,0,9,0
1,133,134,9,17,0
1,133,135,9,0,0
1,133,136,9,9,0
1,133,137,9,0,0
1,133,138,9,9,0
1,133,139,9,17,0
1,133,140,9,0,0
1,133,141,9,9,0
1,133,142,9,9,0
1,133,143,9,16,0
1,133,144,9,8,0
1,133,145,9,0,0
1,133,146,9,9,0
1,133,147,9,16,0
1,133,148,9,8,0
1,133,149,9,0,0
1,133,150,9,9,0
1,133,151,9,11,0
1,133,152,9,8,0
1,133,153,9,0,0
1,133,154,9,9,0
1,133,155,9,17,0
1,133,156,9,0,0
1,133,157,9,9,0
1,133,158,9,0,0
1,133,159,9,9,0
1,133,160,9,17,0
1,133,161,9,0,0
1,133,162,9,9,0
1,133,163,9,9,0
1,133,164,9,16,0
1,133,165,9,8,0
1,133,166,9,0,0
1,133,167,9,9,0
1,133,168,9,16,0
1,133,169,9,8,0
1,133,170,9,0,0
1,133,171,9,9,0
1,133,172,9,11,0
1,133,173,9,8,0
1,133,174,9,0,0
1,133,175,9,9,0
1,133,176,9,17,0
1,133,177,9,0,0
1,133,178,9,9,0
1,133,179,9,0,0
1,133,180,9,9,0
1,133,181,9,17,0
1,133,182,9,0,0
1,133,183,9,9,0
1,133,184,9,9,0
1,133,185,9,16,0
1,133,186,9,8,0
1,133,187,9,0,0
1,133,188,9,9,0
1,133,189,9,16,0
1,133,190,9,8,0
1,133,191,9,0,0
1,133,192,9,9,0
1,133,193,9,11,0
1,133,194,9,8,0
1,133,195,9,0,0
1,133,196,9,9,0
1,133,197,9,17,0
1,133,198,9,0,0
1,133,199,9,9,0
1,133,200,9,0,0
1,133,201,9,9,0
1,133,202,9,17,0
1,133,203,9,0,0
1,133,204,9,9,0
1,133,205,9,9,0
1,133,206,9,16,0
1,133,207,9,8,0
1,133,208,9,0,0
1,133,209,9,9,0
1,133,210,9,16,0
1,133,211,9,8,0
1,133,212,9,0,0
1,133,213,9,9,0
1,133,214,9,11,0
1,133,215,9,8,0
1,133,216,9,0,0
1,133,217,9,9,0
1,133,218,9,17,0
1,133,219,9,0,0
1,133,220,9,9,0
1,133,221,9,0,0
1,133,222,9,9,0
1,133,223,9,17,0
1,133,224,9,0,0
1,133,225,9,9,0
1,133,226,9,9,0
1,133,227,9,16,0
1,133,228,9,8,0
1,133,229,9,0,0
1,133,230,9,9,0
1,133,231,9,16,0
1,133,232,9,8,0
1,133,233,9,0,0
1,133,234,9,9,0
1,133,235,9,11,0
1,133,236,9,8,0
1,133,237,9,0,0
1,133,238,9,9,0
1,133,239,9,17,0
1,133,240,9,0,0
1,133,241,9,9,0
1,133,242,9,0,0
1,133,243,9,9,0
1,133,244,9,17,0
1,133,245,9,0,0
1,133,246,9,9,0
1,133,247,9,9,0
1,133,248,9,16,0
1,133,249,9,8,0
1,133,250,9,0,0
1,133,251,9,9,0
1,133,252,9,16,0
1,133,253,9,8,0
1,133,254,9,0,0
1,133,255,9,9,0
1,133,256,9,11,0
1,133,257,9,8,0
1,133,258,9,0,0
1,133,259,9,9,0
1,133,260,9,16,0
1,133,261,9,8,0
1,133,262,9,0,0
1,133,263,9,15,0
1,133,264,9,0,0
1,133,265,9,9,0
1,133,266,9,9,0
1,133,267,9,9,0
1,133,268,9,0,0
1,133,269,9,15,0
1,133,270,9,0,0
1,133,271,9,9,0
1,133,272,9,9,0
1,133,273,9,9,0
1,133,274,9,0,0
1,133,275,9,15,0
1,133,276,9,0,0
1,133,277,9,9,0
1,133,278,9,9,0
1,133,279,9,9,0
1,133,280,9,0,0
1,133,281,9,15,0
1,133,282,9,0,0
1,133,283,9,9,0
1,133,284,9,9,0
1,133,285,9,9,0
1,133,286,9,0,0
1,133,287,9,15,0
1,133,288,9,0,0
1,133,289,9,9,0
1,133,290,9,9,0
1,133,291,9,9,0
1,133,292,9,0,0
1,133,293,9,15,0
1,133,294,9,0,0
1,133,295,9,9,0
1,133,296,9,9,0
1,133,297,9,9,0
1,133,298,9,0,0
1,133,299,9,15,0
1,133,300,9,0,0
1,133,301,9,9,0
1,133,302,9,9,0
1,133,303,9,9,0
1,133,304,9,0,0
1,133,305,9,15,0
1,133,306,9,0,0
1,133,307,9,9,0
1,133,308,9,9,0
1,133,309,9,9,0
1,133,310,9,0,0
1,133,311,9,15,0
1,133,312,9,0,0
1,133,313,9,9,0
1,133,314,9,9,0
1,133,315,9,9,0
1,133,316,9,0,0
1,133,317,9,15,0
1,133,318,9,0,0
1,133,319,9,9,0
1,133,320,9,9,0
1,133,321,9,9,0
1,133,322,9,0,0
1,133,323,9,15,0
1,133,324,9,0,0
1,133,325,9,9,0
1,133,326,9,9,0
1,133,327,9,9,0
1,134,135,17,0,1
1,134,136,17,9,0
1,134,137,17,0,0
1,134,138,17,9,0
1,134,139,17,17,0
1,134,140,17,0,0
1,134,141,17,9,0
1,134,142,17,9,0
1,134,143,17,16,0
1,134,144,17,8,0
1,134,145,17,0,0
1,134,146,17,9,0
1,134,147,17,16,0
1,134,148,17,8,0
1,134,149,17,0,0
1,134,150,17,9,0
1,134,151,17,11,0
1,134,152,17,8,0
1,134,153,17,0,0
1,134,154,17,9,0
1,134,155,17,17,0
1,134,156,17,0,0
1,134,157,17,9,0
1,134,158,17,0,0
1,134,159,17,9,0
1,134,160,17,17,0
1,134,161,17,0,0
1,134,162,17,9,0
1,134,163,17,9,0
1,134,164,17,16,0
1,134,165,17,8,0
1,134,166,17,0,0
1,134,167,17,9,0
1,134,168,17,16,0
1,134,169,17,8,0
1,134,170,17,0,0
1,134,171,17,9,0
1,134,172,17,11,0
1,134,173,17,8,0
1,134,174,17,0,0
1,134,175,17,9,0
1,134,176,17,17,0
1,134,177,17,0,0
1,134,178,17,9,0
1,134,179,17,0,0
1,134,180,17,9,0
1,134,181,17,17,0
1,134,182,17,0,0
1,134,183,17,9,0
1,134,184,17,9,0
1,134,185,17,16,0
1,134,186,17,8,0
1,134,187,17,0,0
1,134,188,17,9,0
1,134,189,17,16,0
1,134,190,17,8,0
1,134,191,17,0,0
1,134,192,17,9,0
1,134,193,17,11,0
1,134,194,17,8,0
1,134,195,17,0,0
1,134,196,17,9,0
1,134,197,17,17,0
1,134,198,17,0,0
1,134,199,17,9,0
1,134,200,17,0,0
1,134,201,17,9,0
1,134,202,17,17,0
1,134,203,17,0,0
1,134,204,17,9,0
1,134,205,17,9,0
1,134,206,17,16,0
1,134,207,17,8,0
1,134,208,17,0,0
1,134,209,17,9,0
1,134,210,17,16,0
1,134,211,17,8,0
1,134,212,17,0,0
1,134,213,17,9,0
1,134,214,17,11,0
1,134,215,17,8,0
1,134,216,17,0,0
1,134,217,17,9,0
1,134,218,17,17,0
1,134,219,17,0,0
1,134,220,17,9,0
1,134,221,17,0,0
1,134,222,17,9,0
1,134,223,17,17,0
1,134,224,17,0,0
1,134,225,17,9,0
1,134,226,17,9,0
1,134,227,17,16,0
1,134,228,17,8,0
1,134,229,17,0,0
1,134,230,17,9,0
1,134,231,17,16,0
1,134,232,17,8,0
1,134,233,17,0,0
1,134,234,17,9,0
1,134,235,17,11,0
1,134,236,17,8,0
1,134,237,17,0,0
1,134,238,17,9,0
1,134,239,17,17,0
1,134,240,17,0,0
1,134,241,17,9,0
1,134,242,17,0,0
1,134,243,17,9,0
1,134,244,17,17,0
1,134,245,17,0,0
1,134,246,17,9,0
1,134,247,17,9,0
1,134,248,17,16,0
1,134,249,17,8,0
1,134,250,17,0,0
1,134,251,17,9,0
1,134,252,17,16,0
1,134,253,17,8,0
1,134,254,17,0,0
1,134,255,17,9,0
1,134,256,17,11,0
1,134,257,17,8,0
1,134,258,17,0,0
1,134,259,17,9,0
1,134,260,17,16,0
1,134,261,17,8,0
1,134,262,17,0,0
1,134,263,17,15,0
1,134,264,17,0,0
1,134,265,17,9,0
1,134,266,17,9,0
1,134,267,17,9,0
1,134,268,17,0,0
1,134,269,17,15,0
1,134,270,17,0,0
1,134,271,17,9,0
1,134,272,17,9,0
1,134,273,17,9,0
1,134,274,17,0,0
1,134,275,17,15,0
1,134,276,17,0,0
1,134,277,17,9,0
1,134,278,17,9,0
1,134,279,17,9,0
1,134,280,17,0,0
1,134,281,17,15,0
1,134,282,17,0,0
1,134,283,17,9,0
1,134,284,17,9,0
1,134,285,17,9,0
1,134,286,17,0,0
1,134,287,17,15,0
1,134,288,17,0,0
1,134,289,17,9,0
1,134,290,17,9,0
1,134,291,17,9,0
1,134,292,17,0,0
1,134,293,17,15,0
1,134,294,17,0,0
1,134,295,17,9,0
1,134,296,17,9,0
1,134,297,17,9,0
1,134,298,17,0,0
1,134,299,17,15,0
1,134,300,17,0,0
1,134,301,17,9,0
1,134,302,17,9,0
1,134,303,17,9,0
1,134,304,17,0,0
1,134,305,17,15,0
1,134,306,17,0,0
1,134,307,17,9,0
1,134,308,17,9,0
1,134,309,17,9,0
1,134,310,17,0,0
1,134,311,17,15,0
1,134,312,17,0,0
1,134,313,17,9,0
1,134,314,17,9,0
1,134,315,17,9,0
1,134,316,17,0,0
1,134,317,17,15,0
1,134,318,17,0,0
1,134,319,17,9,0
1,134,320,17,9,0
1,134,321,17,9,0
1,134,322,17,0,0
1,134,323,17,15,0
1,134,324,17,0,0
1,134,325,17,9,0
1,134,326,17,9,0
1,134,327,17,9,0
1,135,136,0,9,1
1,135,137,0,0,1
1,135,138,0,9,0
1,135,139,0,17,0
1,135,140,0,0,0
1,135,141,0,9,0
1,135,142,0,9,0
1,135,143,0,16,0
1,135,144,0,8,0
1,135,145,0,0,1
1,135,146,0,9,0
1,135,147,0,16,0
1,135,148,0,8,0
1,135,149,0,0,0
1,135,150,0,9,0
1,135,151,0,11,0
1,135,152,0,8,0
1,135,153,0,0,0
1,135,154,0,9,0
1,135,155,0,17,0
1,135,156,0,0,0
1,135,157,0,9,0
1,135,158,0,0,0
1,135,159,0,9,0
1,135,160,0,17,0
1,135,161,0,0,0
1,135,162,0,9,0
1,135,163,0,9,0
1,135,164,0,16,0
1,135,165,0,8,0
1,135,166,0,0,0
1,135,167,0,9,0
1,135,168,0,16,0
1,135,169,0,8,0
1,135,170,0,0,0
1,135,171,0,9,0
1,135,172,0,11,0
1,135,173,0,8,0
1,135,174,0,0,0
1,135,175,0,9,0
1,135,176,0,17,0
1,135,177,0,0,0
1,135,178,0,9,0
1,135,179,0,0,0
1,135,180,0,9,0
1,135,181,0,17,0
1,135,182,0,0,0
1,135,183,0,9,0
1,135,184,0,9,0
1,135,185,0,16,0
1,135,186,0,8,0
1,135,187,0,0,0
1,135,188,0,9,0
1,135,189,0,16,0
1,135,190,0,8,0
1,135,191,0,0,0
1,135,192,0,9,0
1,135,193,0,11,0
1,135,194,0,8,0
1,135,195,0,0,0
1,135,196,0,9,0
1,135,197,0,17,0
1,135,198,0,0,0
1,135,199,0,9,0
1,135,200,0,0,0
1,135,201,0,9,0
1,135,202,0,17,0
1,135,203,0,0,0
1,135,204,0,9,0
1,135,205,0,9,0
1,135,206,0,16,0
1,135,207,0,8,0
1,135,208,0,0,0
1,135,209,0,9,0
1,135,210,0,16,0
1,135,211,0,8,0
1,135,212,0,0,0
1,135,213,0,9,0
1,135,214,0,11,0
1,135,215,0,8,0
1,135,216,0,0,0
1,135,217,0,9,0
1,135,218,0,17,0
1,135,219,0,0,0
1,135,220,0,9,0
1,135,221,0,0,0
1,135,222,0,9,0
1,135,223,0,17,0
1,135,224,0,0,0
1,135,225,0,9,0
1,135,226,0,9,0
1,135,227,0,16,0
1,135,228,0,8,0
1,135,229,0,0,0
1,135,230,0,9,0
1,135,231,0,16,0
1,135,232,0,8,0
1,135,233,0,0,0
1,135,234,0,9,0
1,135,235,0,11,0
1,135,236,0,8,0
1,135,237,0,0,0
1,135,238,0,9,0
1,135,239,0,17,0
1,135,240,0,0,0
1,135,241,0,9,0
1,135,242,0,0,0
1,135,243,0,9,0
1,135,244,0,17,0
1,135,245,0,0,0
1,135,246,0,9,0
1,135,247,0,9,0
1,135,248,0,16,0
1,135,249,0,8,0
1,135,250,0,0,0
1,135,251,0,9,0
1,135,252,0,16,0
1,135,253,0,8,0
1,135,254,0,0,0
1,135,255,0,9,0
1,135,256,0,11,0
1,135,257,0,8,0
1,135,258,0,0,0
1,135,259,0,9,0
1,135,260,0,16,0
1,135,261,0,8,0
1,135,262,0,0,0
1,135,263,0,15,0
1,135,264,0,0,0
1,135,265,0,9,0
1,135,266,0,9,0
1,135,267,0,9,0
1,135,268,0,0,0
1,135,269,0,15,0
1,135,270,0,0,0
1,135,271,0,9,0
1,135,272,0,9,0
1,135,273,0,9,0
1,135,274,0,0,0
1,135,275,0,15,0
1,135,276,0,0,0
1,135,277,0,9,0
1,135,278,0,9,0
1,135,279,0,9,0
1,135,280,0,0,0
1,135,281,0,15,0
1,135,282,0,0,0
1,135,283,0,9,0
1,135,284,0,9,0
1,135,285,0,9,0
1,135,286,0,0,0
1,135,287,0,15,0
1,135,288,0,0,0
1,135,289,0,9,0
1,135,290,0,9,0
1,135,291,0,9,0
1,135,292,0,0,0
1,135,293,0,15,0
1,135,294,0,0,0
1,135,295,0,9,0
1,135,296,0,9,0
1,135,297,0,9,0
1,135,298,0,0,0
1,135,299,0,15,0
1,135,300,0,0,0
1,135,301,0,9,0
1,135,302,0,9,0
1,135,303,0,9,0
1,135,304,0,0,0
1,135,305,0,15,0
1,135,306,0,0,0
1,135,307,0,9,0
1,135,308,0,9,0
1,135,309,0,9,0
1,135,310,0,0,0
1,135,311,0,15,0
1,135,312,0,0,0
1,135,313,0,9,0
1,135,314,0,9,0
1,135,315,0,9,0
1,135,316,0,0,0
1,135,317,0,15,0
1,135,318,0,0,0
1,135,319,0,9,0
1,135,320,0,9,0
1,135,321,0,9,0
1,135,322,0,0,0
1,135,323,0,15,0
1,135,324,0,0,0
1,135,325,0,9,0
1,135,326,0,9,0
1,135,327,0,9,0
1,136,137,9,0,0
1,136,138,9,9,0
1,136,139,9,17,0
1,136,140,9,0,0
1,136,141,9,9,0
1,136,142,9,9,0
1,136,143,9,16,0
1,136,144,9,8,0
1,136,145,9,0,0
1,136,146,9,9,0
1,136,147,9,16,0
1,136,148,9,8,0
1,136,149,9,0,0
1,136,150,9,9,0
1,136,151,9,11,0
1,136,152,9,8,0
1,136,153,9,0,0
1,136,154,9,9,0
1,136,155,9,17,0
1,136,156,9,0,0
1,136,157,9,9,0
1,136,158,9,0,0
1,136,159,9,9,0
1,136,160,9,17,0
1,136,161,9,0,0
1,136,162,9,9,0
1,136,163,9,9,0
1,136,164,9,16,0
1,136,165,9,8,0
1,136,166,9,0,0
1,136,167,9,9,0
1,136,168,9,16,0
1,136,169,9,8,0
1,136,170,9,0,0
1,136,171,9,9,0
1,136,172,9,11,0
1,136,173,9,8,0
1,136,174,9,0,0
1,136,175,9,9,0
1,136,176,9,17,0
1,136,177,9,0,0
1,136,178,9,9,0
1,136,179,9,0,0
1,136,180,9,9,0
1,136,181,9,17,0
1,136,182,9,0,0
1,136,183,9,9,0
1,136,184,9,9,0
1,136,185,9,16,0
1,136,186,9,8,0
1,136,187,9,0,0
1,136,188,9,9,0
1,136,189,9,16,0
1,136,190,9,8,0
1,136,191,9,0,0
1,136,192,9,9,0
1,136,193,9,11,0
1,136,194,9,8,0
1,136,195,9,0,0
1,136,196,9,9,0
1,136,197,9,17,0
1,136,198,9,0,0
1,136,199,9,9,0
1,136,200,9,0,0
1,136,201,9,9,0
1,136,202,9,17,0
1,136,203,9,0,0
1,136,204,9,9,0
1,136,205,9,9,0
1,136,206,9,16,0
1,136,207,9,8,0
1,136,208,9,0,0
1,136,209,9,9,0
1,136,210,9,16,0
1,136,211,9,8,0
1,136,212,9,0,0
1,136,213,9,9,0
1,136,214,9,11,0
1,136,215,9,8,0
1,136,216,9,0,0
1,136,217,9,9,0
1,136,218,9,17,0
1,136,219,9,0,0
1,136,220,9,9,0
1,136,221,9,0,0
1,136,222,9,9,0
1,136,223,9,17,0
1,136,224,9,0,0
1,136,225,9,9,0
1,136,226,9,9,0
1,136,227,9,16,0
1,136,228,9,8,0
1,136,229,9,0,0
1,136,230,9,9,0
1,136,231,9,16,0
1,136,232,9,8,0
1,136,233,9,0,0
1,136,234,9,9,0
1,136,235,9,11,0
1,136,236,9,8,0
1,136,237,9,0,0
1,136,238,9,9,0
1,136,239,9,17,0
1,136,240,9,0,0
1,136,241,9,9,0
1,136,242,9,0,0
1,136,243,9,9,0
1,136,244,9,17,0
1,136,245,9,0,0
1,136,246,9,9,0
1,136,247,9,9,0
1,136,248,9,16,0
1,136,249,9,8,0
1,136,250,9,0,0
1,136,251,9,9,0
1,136,252,9,16,0
1,136,253,9,8,0
1,136,254,9,0,0
1,136,255,9,9,0
1,136,256,9,11,0
1,136,257,9,8,0
1,136,258,9,0,0
1,136,259,9,9,0
1,136,260,9,16,0
1,136,261,9,8,0
1,136,262,9,0,0
1,136,263,9,15,0
1,136,264,9,0,0
1,136,265,9,9,0
1,136,266,9,9,0
1,136,267,9,9,0
1,136,268,9,0,0
1,136,269,9,15,0
1,136,270,9,0,0
1,136,271,9,9,0
1,136,272,9,9,0
1,136,273,9,9,0
1,136,274,9,0,0
1,136,275,9,15,0
1,136,276,9,0,0
1,136,277,9,9,0
1,136,278,9,9,0
1,136,279,9,9,0
1,136,280,9,0,0
1,136,281,9,15,0
1,136,282,9,0,0
1,136,283,9,9,0
1,136,284,9,9,0
1,136,285,9,9,0
1,136,286,9,0,0
1,136,287,9,15,0
1,136,288,9,0,0
1,136,289,9,9,0
1,136,290,9,9,0
1,136,291,9,9,0
1,136,292,9,0,0
1,136,293,9,15,0
1,136,294,9,0,0
1,136,295,9,9,0
1,136,296,9,9,0
1,136,297,9,9,0
1,136,298,9,0,0
1,136,299,9,15,0
1,136,300,9,0,0
1,136,301,9,9,0
1,136,302,9,9,0
1,136,303,9,9,0
1,136,304,9,0,0
1,136,305,9,15,0
1,136,306,9,0,0
1,136,307,9,9,0
1,136,308,9,9,0
1,136,309,9,9,0
1,136,310,9,0,0
1,136,311,9,15,0
1,136,312,9,0,0
1,136,313,9,9,0
1,136,314,9,9,0
1,136,315,9,9,0
1,136,316,9,0,0
1,136,317,9,15,0
1,136,318,9,0,0
1,136,319,9,9,0
1,136,320,9,9,0
1,136,321,9,9,0
1,136,322,9,0,0
1,136,323,9,15,0
1,136,324,9,0,0
1,136,325,9,9,0
1,136,326,9,9,0
1,136,327,9,9,0
1,137,138,0,9,1
1,137,139,0,17,1
1,137,140,0,0,1
1,137,141,0,9,0
1,137,142,0,9,0
1,137,143,0,16,0
1,137,144,0,8,0
1,137,145,0,0,0
1,137,146,0,9,0
1,137,147,0,16,0
1,137,148,0,8,0
1,137,149,0,0,0
1,137,150,0,9,0
1,137,151,0,11,0
1,137,152,0,8,0
1,137,153,0,0,0
1,137,154,0,9,0
1,137,155,0,17,0
1,137,156,0,0,0
1,137,157,0,9,0
1,137,158,0,0,0
1,137,159,0,9,0
1,137,160,0,17,0
1,137,161,0,0,0
1,137,162,0,9,0
1,137,163,0,9,0
1,137,164,0,16,0
1,137,165,0,8,0
1,137,166,0,0,0
1,137,167,0,9,0
1,137,168,0,16,0
1,137,169,0,8,0
1,137,170,0,0,0
1,137,171,0,9,0
1,137,172,0,11,0
1,137,173,0,8,0
1,137,174,0,0,0
1,137,175,0,9,0
1,137,176,0,17,0
1,137,177,0,0,0
1,137,178,0,9,0
1,137,179,0,0,0
1,137,180,0,9,0
1,137,181,0,17,0
1,137,182,0,0,0
1,137,183,0,9,0
1,137,184,0,9,0
1,137,185,0,16,0
1,137,186,0,8,0
1,137,187,0,0,0
1,137,188,0,9,0
1,137,189,0,16,0
1,137,190,0,8,0
1,137,191,0,0,0
1,137,192,0,9,0
1,137,193,0,11,0
1,137,194,0,8,0
1,137,195,0,0,0
1,137,196,0,9,0
1,137,197,0,17,0
1,137,198,0,0,0
1,137,199,0,9,0
1,137,200,0,0,0
1,137,201,0,9,0
1,137,202,0,17,0
1,137,203,0,0,0
1,137,204,0,9,0
1,137,205,0,9,0
1,137,206,0,16,0
1,137,207,0,8,0
1,137,208,0,0,0
1,137,209,0,9,0
1,137,210,0,16,0
1,137,211,0,8,0
1,137,212,0,0,0
1,137,213,0,9,0
1,137,214,0,11,0
1,137,215,0,8,0
1,137,216,0,0,0
1,137,217,0,9,0
1,137,218,0,17,0
1,137,219,0,0,0
1,137,220,0,9,0
1,137,221,0,0,0
1,137,222,0,9,0
1,137,223,0,17,0
1,137,224,0,0,0
1,137,225,0,9,0
1,137,226,0,9,0
1,137,227,0,16,0
1,137,228,0,8,0
1,137,229,0,0,0
1,137,230,0,9,0
1,137,231,0,16,0
1,137,232,0,8,0
1,137,233,0,0,0
1,137,234,0,9,0
1,137,235,0,11,0
1,137,236,0,8,0
1,137,237,0,0,0
1,137,238,0,9,0
1,137,239,0,17,0
1,137,240,0,0,0
1,137,241,0,9,0
1,137,242,0,0,0
1,137,243,0,9,0
1,137,244,0,17,0
1,137,245,0,0,0
1,137,246,0,9,0
1,137,247,0,9,0
1,137,248,0,16,0
1,137,249,0,8,0
1,137,250,0,0,0
1,137,251,0,9,0
1,137,252,0,16,0
1,137,253,0,8,0
1,137,254,0,0,0
1,137,255,0,9,0
1,137,256,0,11,0
1,137,257,0,8,0
1,137,258,0,0,0
1,137,259,0,9,0
1,137,260,0,16,0
1,137,261,0,8,0
1,137,262,0,0,0
1,137,263,0,15,0
1,137,264,0,0,0
1,137,265,0,9,0
1,137,266,0,9,0
1,137,267,0,9,0
1,137,268,0,0,0
1,137,269,0,15,0
1,137,270,0,0,0
1,137,271,0,9,0
1,137,272,0,9,0
1,137,273,0,9,0
1,137,274,0,0,0
1,137,275,0,15,0
1,137,276,0,0,0
1,137,277,0,9,0
1,137,278,0,9,0
1,137,279,0,9,0
1,137,280,0,0,0
1,137,281,0,15,0
1,137,282,0,0,0
1,137,283,0,9,0
1,137,284,0,9,0
1,137,285,0,9,0
1,137,286,0,0,0
1,137,287,0,15,0
1,137,288,0,0,0
1,137,289,0,9,0
1,137,290,0,9,0
1,137,291,0,9,0
1,137,292,0,0,0
1,137,293,0,15,0
1,137,294,0,0,0
1,137,295,0,9,0
1,137,296,0,9,0
1,137,297,0,9,0
1,137,298,0,0,0
1,137,299,0,15,0
1,137,300,0,0,0
1,137,301,0,9,0
1,137,302,0,9,0
1,137,303,0,9,0
1,137,304,0,0,0
1,137,305,0,15,0
1,137,306,0,0,0
1,137,307,0,9,0
1,137,308,0,9,0
1,137,309,0,9,0
1,137,310,0,0,0
1,137,311,0,15,0
1,137,312,0,0,0
1,137,313,0,9,0
1,137,314,0,9,0
1,137,315,0,9,0
1,137,316,0,0,0
1,137,317,0,15,0
1,137,318,0,0,0
1,137,319,0,9,0
1,137,320,0,9,0
1,137,321,0,9,0
1,137,322,0,0,0
1,137,323,0,15,0
1,137,324,0,0,0
1,137,325,0,9,0
1,137,326,0,9,0
1,137,327,0,9,0
1,138,139,9,17,0
1,138,140,9,0,0
1,138,141,9,9,0
1,138,142,9,9,0
1,138,143,9,16,0
1,138,144,9,8,0
1,138,145,9,0,0
1,138,146,9,9,0
1,138,147,9,16,0
1,138,148,9,8,0
1,138,149,9,0,0
1,138,150,9,9,0
1,138,151,9,11,0
1,138,152,9,8,0
1,138,153,9,0,0
1,138,154,9,9,0
1,138,155,9,17,0
1,138,156,9,0,0
1,138,157,9,9,0
1,138,158,9,0,0
1,138,159,9,9,0
1,138,160,9,17,0
1,138,161,9,0,0
1,138,162,9,9,0
1,138,163,9,9,0
1,138,164,9,16,0
1,138,165,9,8,0
1,138,166,9,0,0
1,138,167,9,9,0
1,138,168,9,16,0
1,138,169,9,8,0
1,138,170,9,0,0
1,138,171,9,9,0
1,138,172,9,11,0
1,138,173,9,8,0
1,138,174,9,0,0
1,138,175,9,9,0
1,138,176,9,17,0
1,138,177,9,0,0
1,138,178,9,9,0
1,138,179,9,0,0
1,138,180,9,9,0
1,138,181,9,17,0
1,138,182,9,0,0
1,138,183,9,9,0
1,138,184,9,9,0
1,138,185,9,16,0
1,138,186,9,8,0
1,138,187,9,0,0
1,138,188,9,9,0
1,138,189,9,16,0
1,138,190,9,8,0
1,138,191,9,0,0
1,138,192,9,9,0
1,138,193,9,11,0
1,138,194,9,8,0
1,138,195,9,0,0
1,138,196,9,9,0
1,138,197,9,17,0
1,138,198,9,0,0
1,138,199,9,9,0
1,138,200,9,0,0
1,138,201,9,9,0
1,138,202,9,17,0
1,138,203,9,0,0
1,138,204,9,9,0
1,138,205,9,9,0
1,138,206,9,16,0
1,138,207,9,8,0
1,138,208,9,0,0
1,138,209,9,9,0
1,138,210,9,16,0
1,138,211,9,8,0
1,138,212,9,0,0
1,138,213,9,9,0
1,138,214,9,11,0
1,138,215,9,8,0
1,138,216,9,0,0
1,138,217,9,9,0
1,138,218,9,17,0
1,138,219,9,0,0
1,138,220,9,9,0
1,138,221,9,0,0
1,138,222,9,9,0
1,138,223,9,17,0
1,138,224,9,0,0
1,138,225,9,9,0
1,138,226,9,9,0
1,138,227,9,16,0
1,138,228,9,8,0
1,138,229,9,0,0
1,138,230,9,9,0
1,138,231,9,16,0
1,138,232,9,8,0
1,138,233,9,0,0
1,138,234,9,9,0
1,138,235,9,11,0
1,138,236,9,8,0
1,138,237,9,0,0
1,138,238,9,9,0
1,138,239,9,17,0
1,138,240,9,0,0
1,138,241,9,9,0
1,138,242,9,0,0
1,138,243,9,9,0
1,138,244,9,17,0
1,138,245,9,0,0
1,138,246,9,9,0
1,138,247,9,9,0
1,138,248,9,16,0
1,138,249,9,8,0
1,138,250,9,0,0
1,138,251,9,9,0
1,138,252,9,16,0
1,138,253,9,8,0
1,138,254,9,0,0
1,138,255,9,9,0
1,138,256,9,11,0
1,138,257,9,8,0
1,138,258,9,0,0
1,138,259,9,9,0
1,138,260,9,16,0
1,138,261,9,8,0
1,138,262,9,0,0
1,138,263,9,15,0
1,138,264,9,0,0
1,138,265,9,9,0
1,138,266,9,9,0
1,138,267,9,9,0
1,138,268,9,0,0
1,138,269,9,15,0
1,138,270,9,0,0
1,138,271,9,9,0
1,138,272,9,9,0
1,138,273,9,9,0
1,138,274,9,0,0
1,138,275,9,15,0
1,138,276,9,0,0
1,138,277,9,9,0
1,138,278,9,9,0
1,138,279,9,9,0
1,138,280,9,0,0
1,138,281,9,15,0
1,138,282,9,0,0
1,138,283,9,9,0
1,138,284,9,9,0
1,138,285,9,9,0
1,138,286,9,0,0
1,138,287,9,15,0
1,138,288,9,0,0
1,138,289,9,9,0
1,138,290,9,9,0
1,138,291,9,9,0
1,138,292,9,0,0
1,138,293,9,15,0
1,138,294,9,0,0
1,138,295,9,9,0
1,138,296,9,9,0
1,138,297,9,9,0
1,138,298,9,0,0
1,138,299,9,15,0
1,138,300,9,0,0
1,138,301,9,9,0
1,138,302,9,9,0
1,138,303,9,9,0
1,138,304,9,0,0
1,138,305,9,15,0
1,138,306,9,0,0
1,138,307,9,9,0
1,138,308,9,9,0
1,138,309,9,9,0
1,138,310,9,0,0
1,138,311,9,15,0
1,138,312,9,0,0
1,138,313,9,9,0
1,138,314,9,9,0
1,138,315,9,9,0
1,138,316,9,0,0
1,138,317,9,15,0
1,138,318,9,0,0
1,138,319,9,9,0
1,138,320,9,9,0
1,138,321,9,9,0
1,138,322,9,0,0
1,138,323,9,15,0
1,138,324,9,0,0
1,138,325,9,9,0
1,138,326,9,9,0
1,138,327,9,9,0
1,139,140,17,0,0
1,139,141,17,9,0
1,139,142,17,9,0
1,139,143,17,16,0
1,139,144,17,8,0
1,139,145,17,0,0
1,139,146,17,9,0
1,139,147,17,16,0
1,139,148,17,8,0
1,139,149,17,0,0
1,139,150,17,9,0
1,139,151,17,11,0
1,139,152,17,8,0
1,139,153,17,0,1
1,139,154,17,9,0
1,139,155,17,17,0
1,139,156,17,0,0
1,139,157,17,9,0
1,139,158,17,0,0
1,139,159,17,9,0
1,139,160,17,17,0
1,139,161,17,0,0
1,139,162,17,9,0
1,139,163,17,9,0
1,139,164,17,16,0
1,139,165,17,8,0
1,139,166,17,0,0
1,139,167,17,9,0
1,139,168,17,16,0
1,139,169,17,8,0
1,139,170,17,0,0
1,139,171,17,9,0
1,139,172,17,11,0
1,139,173,17,8,0
1,139,174,17,0,0
1,139,175,17,9,0
1,139,176,17,17,0
1,139,177,17,0,0
1,139,178,17,9,0
1,139,179,17,0,0
1,139,180,17,9,0
1,139,181,17,17,0
1,139,182,17,0,0
1,139,183,17,9,0
1,139,184,17,9,0
1,139,185,17,16,0
1,139,186,17,8,0
1,139,187,17,0,0
1,139,188,17,9,0
1,139,189,17,16,0
1,139,190,17,8,0
1,139,191,17,0,0
1,139,192,17,9,0
1,139,193,17,11,0
1,139,194,17,8,0
1,139,195,17,0,0
1,139,196,17,9,0
1,139,197,17,17,0
1,139,198,17,0,0
1,139,199,17,9,0
1,139,200,17,0,0
1,139,201,17,9,0
1,139,202,17,17,0
1,139,203,17,0,0
1,139,204,17,9,0
1,139,205,17,9,0
1,139,206,17,16,0
1,139,207,17,8,0
1,139,208,17,0,0
1,139,209,17,9,0
1,139,210,17,16,0
1,139,211,17,8,0
1,139,212,17,0,0
1,139,213,17,9,0
1,139,214,17,11,0
1,139,215,17,8,0
1,139,216,17,0,0
1,139,217,17,9,0
1,139,218,17,17,0
1,139,219,17,0,0
1,139,220,17,9,0
1,139,221,17,0,0
1,139,222,17,9,0
1,139,223,17,17,0
1,139,224,17,0,0
1,139,225,17,9,0
1,139,226,17,9,0
1,139,227,17,16,0
1,139,228,17,8,0
1,139,229,17,0,0
1,139,230,17,9,0
1,139,231,17,16,0
1,139,232,17,8,0
1,139,233,17,0,0
1,139,234,17,9,0
1,139,235,17,11,0
1,139,236,17,8,0
1,139,237,17,0,0
1,139,238,17,9,0
1,139,239,17,17,0
1,139,240,17,0,0
1,139,241,17,9,0
1,139,242,17,0,0
1,139,243,17,9,0
1,139,244,17,17,0
1,139,245,17,0,0
1,139,246,17,9,0
1,139,247,17,9,0
1,139,248,17,16,0
1,139,249,17,8,0
1,139,250,17,0,0
1,139,251,17,9,0
1,139,252,17,16,0
1,139,253,17,8,0
1,139,254,17,0,0
1,139,255,17,9,0
1,139,256,17,11,0
1,139,257,17,8,0
1,139,258,17,0,0
1,139,259,17,9,0
1,139,260,17,16,0
1,139,261,17,8,0
1,139,262,17,0,0
1,139,263,17,15,0
1,139,264,17,0,0
1,139,265,17,9,0
1,139,266,17,9,0
1,139,267,17,9,0
1,139,268,17,0,0
1,139,269,17,15,0
1,139,270,17,0,0
1,139,271,17,9,0
1,139,272,17,9,0
1,139,273,17,9,0
1,139,274,17,0,0
1,139,275,17,15,0
1,139,276,17,0,0
1,139,277,17,9,0
1,139,278,17,9,0
1,139,279,17,9,0
1,139,280,17,0,0
1,139,281,17,15,0
1,139,282,17,0,0
1,139,283,17,9,0
1,139,284,17,9,0
1,139,285,17,9,0
1,139,286,17,0,0
1,139,287,17,15,0
1,139,288,17,0,0
1,139,289,17,9,0
1,139,290,17,9,0
1,139,291,17,9,0
1,139,292,17,0,0
1,139,293,17,15,0
1,139,294,17,0,0
1,139,295,17,9,0
1,139,296,17,9,0
1,139,297,17,9,0
1,139,298,17,0,0
1,139,299,17,15,0
1,139,300,17,0,0
1,139,301,17,9,0
1,139,302,17,9,0
1,139,303,17,9,0
1,139,304,17,0,0
1,139,305,17,15,0
1,139,306,17,0,0
1,139,307,17,9,0
1,139,308,17,9,0
1,139,309,17,9,0
1,139,310,17,0,0
1,139,311,17,15,0
1,139,312,17,0,0
1,139,313,17,9,0
1,139,314,17,9,0
1,139,315,17,9,0
1,139,316,17,0,0
1,139,317,17,15,0
1,139,318,17,0,0
1,139,319,17,9,0
1,139,320,17,9,0
1,139,321,17,9,0
1,139,322,17,0,0
1,139,323,17,15,0
1,139,324,17,0,0
1,139,325,17,9,0
1,139,326,17,9,0
1,139,327,17,9,0
1,140,141,0,9,1
1,140,142,0,9,1
1,140,143,0,16,1
1,140,144,0,8,0
1,140,145,0,0,0
1,140,146,0,9,0
1,140,147,0,16,0
1,140,148,0,8,0
1,140,149,0,0,0
1,140,150,0,9,0
1,140,151,0,11,0
1,140,152,0,8,0
1,140,153,0,0,0
1,140,154,0,9,0
1,140,155,0,17,0
1,140,156,0,0,0
1,140,157,0,9,0
1,140,158,0,0,0
1,140,159,0,9,0
1,140,160,0,17,0
1,140,161,0,0,0
1,140,162,0,9,0
1,140,163,0,9,0
1,140,164,0,16,0
1,140,165,0,8,0
1,140,166,0,0,0
1,140,167,0,9,0
1,140,168,0,16,0
1,140,169,0,8,0
1,140,170,0,0,0
1,140,171,0,9,0
1,140,172,0,11,0
1,140,173,0,8,0
1,140,174,0,0,0
1,140,175,0,9,0
1,140,176,0,17,0
1,140,177,0,0,0
1,140,178,0,9,0
1,140,179,0,0,0
1,140,180,0,9,0
1,140,181,0,17,0
1,140,182,0,0,0
1,140,183,0,9,0
1,140,184,0,9,0
1,140,185,0,16,0
1,140,186,0,8,0
1,140,187,0,0,0
1,140,188,0,9,0
1,140,189,0,16,0
1,140,190,0,8,0
1,140,191,0,0,0
1,140,192,0,9,0
1,140,193,0,11,0
1,140,194,0,8,0
1,140,195,0,0,0
1,140,196,0,9,0
1,140,197,0,17,0
1,140,198,0,0,0
1,140,199,0,9,0
1,140,200,0,0,0
1,140,201,0,9,0
1,140,202,0,17,0
1,140,203,0,0,0
1,140,204,0,9,0
1,140,205,0,9,0
1,140,206,0,16,0
1,140,207,0,8,0
1,140,208,0,0,0
1,140,209,0,9,0
1,140,210,0,16,0
1,140,211,0,8,0
1,140,212,0,0,0
1,140,213,0,9,0
1,140,214,0,11,0
1,140,215,0,8,0
1,140,216,0,0,0
1,140,217,0,9,0
1,140,218,0,17,0
1,140,219,0,0,0
1,140,220,0,9,0
1,140,221,0,0,0
1,140,222,0,9,0
1,140,223,0,17,0
1,140,224,0,0,0
1,140,225,0,9,0
1,140,226,0,9,0
1,140,227,0,16,0
1,140,228,0,8,0
1,140,229,0,0,0
1,140,230,0,9,0
1,140,231,0,16,0
1,140,232,0,8,0
1,140,233,0,0,0
1,140,234,0,9,0
1,140,235,0,11,0
1,140,236,0,8,0
1,140,237,0,0,0
1,140,238,0,9,0
1,140,239,0,17,0
1,140,240,0,0,0
1,140,241,0,9,0
1,140,242,0,0,0
1,140,243,0,9,0
1,140,244,0,17,0
1,140,245,0,0,0
1,140,246,0,9,0
1,140,247,0,9,0
1,140,248,0,16,0
1,140,249,0,8,0
1,140,250,0,0,0
1,140,251,0,9,0
1,140,252,0,16,0
1,140,253,0,8,0
1,140,254,0,0,0
1,140,255,0,9,0
1,140,256,0,11,0
1,140,257,0,8,0
1,140,258,0,0,0
1,140,259,0,9,0
1,140,260,0,16,0
1,140,261,0,8,0
1,140,262,0,0,0
1,140,263,0,15,0
1,140,264,0,0,0
1,140,265,0,9,0
1,140,266,0,9,0
1,140,267,0,9,0
1,140,268,0,0,0
1,140,269,0,15,0
1,140,270,0,0,0
1,140,271,0,9,0
1,140,272,0,9,0
1,140,273,0,9,0
1,140,274,0,0,0
1,140,275,0,15,0
1,140,276,0,0,0
1,140,277,0,9,0
1,140,278,0,9,0
1,140,279,0,9,0
1,140,280,0,0,0
1,140,281,0,15,0
1,140,282,0,0,0
1,140,283,0,9,0
1,140,284,0,9,0
1,140,285,0,9,0
1,140,286,0,0,0
1,140,287,0,15,0
1,140,288,0,0,0
1,140,289,0,9,0
1,140,290,0,9,0
1,140,291,0,9,0
1,140,292,0,0,0
1,140,293,0,15,0
1,140,294,0,0,0
1,140,295,0,9,0
1,140,296,0,9,0
1,140,297,0,9,0
1,140,298,0,0,0
1,140,299,0,15,0
1,140,300,0,0,0
1,140,301,0,9,0
1,140,302,0,9,0
1,140,303,0,9,0
1,140,304,0,0,0
1,140,305,0,15,0
1,140,306,0,0,0
1,140,307,0,9,0
1,140,308,0,9,0
1,140,309,0,9,0
1,140,310,0,0,0
1,140,311,0,15,0
1,140,312,0,0,0
1,140,313,0,9,0
1,140,314,0,9,0
1,140,315,0,9,0
1,140,316,0,0,0
1,140,317,0,15,0
1,140,318,0,0,0
1,140,319,0,9,0
1,140,320,0,9,0
1,140,321,0,9,0
1,140,322,0,0,0
1,140,323,0,15,0
1,140,324,0,0,0
1,140,325,0,9,0
1,140,326,0,9,0
1,140,327,0,9,0
1,141,142,9,9,0
1,141,143,9,16,0
1,141,144,9,8,0
1,141,145,9,0,0
1,141,146,9,9,0
1,141,147,9,16,0
1,141,148,9,8,0
1,141,149,9,0,0
1,141,150,9,9,0
1,141,151,9,11,0
1,141,152,9,8,0
1,141,153,9,0,0
1,141,154,9,9,0
1,141,155,9,17,0
1,141,156,9,0,0
1,141,157,9,9,0
1,141,158,9,0,0
1,141,159,9,9,0
1,141,160,9,17,0
1,141,161,9,0,0
1,141,162,9,9,0
1,141,163,9,9,0
1,141,164,9,16,0
1,141,165,9,8,0
1,141,166,9,0,0
1,141,167,9,9,0
1,141,168,9,16,0
1,141,169,9,8,0
1,141,170,9,0,0
1,141,171,9,9,0
1,141,172,9,11,0
1,141,173,9,8,0
1,141,174,9,0,0
1,141,175,9,9,0
1,141,176,9,17,0
1,141,177,9,0,0
1,141,178,9,9,0
1,141,179,9,0,0
1,141,180,9,9,0
1,141,181,9,17,0
1,141,182,9,0,0
1,141,183,9,9,0
1,141,184,9,9,0
1,141,185,9,16,0
1,141,186,9,8,0
1,141,187,9,0,0
1,141,188,9,9,0
1,141,189,9,16,0
1,141,190,9,8,0
1,141,191,9,0,0
1,141,192,9,9,0
1,141,193,9,11,0
1,141,194,9,8,0
1,141,195,9,0,0
1,141,196,9,9,0
1,141,197,9,17,0
1,141,198,9,0,0
1,141,199,9,9,0
1,141,200,9,0,0
1,141,201,9,9,0
1,141,202,9,17,0
1,141,203,9,0,0
1,141,204,9,9,0
1,141,205,9,9,0
1,141,206,9,16,0
1,141,207,9,8,0
1,141,208,9,0,0
1,141,209,9,9,0
1,141,210,9,16,0
1,141,211,9,8,0
1,141,212,9,0,0
1,141,213,9,9,0
1,141,214,9,11,0
1,141,215,9,8,0
1,141,216,9,0,0
1,141,217,9,9,0
1,141,218,9,17,0
1,141,219,9,0,0
1,141,220,9,9,0
1,141,221,9,0,0
1,141,222,9,9,0
1,141,223,9,17,0
1,141,224,9,0,0
1,141,225,9,9,0
1,141,226,9,9,0
1,141,227,9,16,0
1,141,228,9,8,0
1,141,229,9,0,0
1,141,230,9,9,0
1,141,231,9,16,0
1,141,232,9,8,0
1,141,233,9,0,0
1,141,234,9,9,0
1,141,235,9,11,0
1,141,236,9,8,0
1,141,237,9,0,0
1,141,238,9,9,0
1,141,239,9,17,0
1,141,240,9,0,0
1,141,241,9,9,0
1,141,242,9,0,0
1,141,243,9,9,0
1,141,244,9,17,0
1,141,245,9,0,0
1,141,246,9,9,0
1,141,247,9,9,0
1,141,248,9,16,0
1,141,249,9,8,0
1,141,250,9,0,0
1,141,251,9,9,0
1,141,252,9,16,0
1,141,253,9,8,0
1,141,254,9,0,0
1,141,255,9,9,0
1,141,256,9,11,0
1,141,257,9,8,0
1,141,258,9,0,0
1,141,259,9,9,0
1,141,260,9,16,0
1,141,261,9,8,0
1,141,262,9,0,0
1,141,263,9,15,0
1,141,264,9,0,0
1,141,265,9,9,0
1,141,266,9,9,0
1,141,267,9,9,0
1,141,268,9,0,0
1,141,269,9,15,0
1,141,270,9,0,0
1,141,271,9,9,0
1,141,272,9,9,0
1,141,273,9,9,0
1,141,274,9,0,0
1,141,275,9,15,0
1,141,276,9,0,0
1,141,277,9,9,0
1,141,278,9,9,0
1,141,279,9,9,0
1,141,280,9,0,0
1,141,281,9,15,0
1,141,282,9,0,0
1,141,283,9,9,0
1,141,284,9,9,0
1,141,285,9,9,0
1,141,286,9,0,0
1,141,287,9,15,0
1,141,288,9,0,0
1,141,289,9,9,0
1,141,290,9,9,0
1,141,291,9,9,0
1,141,292,9,0,0
1,141,293,9,15,0
1,141,294,9,0,0
1,141,295,9,9,0
1,141,296,9,9,0
1,141,297,9,9,0
1,141,298,9,0,0
1,141,299,9,15,0
1,141,300,9,0,0
1,141,301,9,9,0
1,141,302,9,9,0
1,141,303,9,9,0
1,141,304,9,0,0
1,141,305,9,15,0
1,141,306,9,0,0
1,141,307,9,9,0
1,141,308,9,9,0
1,141,309,9,9,0
1,141,310,9,0,0
1,141,311,9,15,0
1,141,312,9,0,0
1,141,313,9,9,0
1,141,314,9,9,0
1,141,315,9,9,0
1,141,316,9,0,0
1,141,317,9,15,0
1,141,318,9,0,0
1,141,319,9,9,0
1,141,320,9,9,0
1,141,321,9,9,0
1,141,322,9,0,0
1,141,323,9,15,0
1,141,324,9,0,0
1,141,325,9,9,0
1,141,326,9,9,0
1,141,327,9,9,0
1,142,143,9,16,0
1,142,144,9,8,0
1,142,145,9,0,0
1,142,146,9,9,0
1,142,147,9,16,0
1,142,148,9,8,0
1,142,149,9,0,0
1,142,150,9,9,0
1,142,151,9,11,0
1,142,152,9,8,0
1,142,153,9,0,0
1,142,154,9,9,0
1,142,155,9,17,0
1,142,156,9,0,0
1,142,157,9,9,0
1,142,158,9,0,0
1,142,159,9,9,0
1,142,160,9,17,0
1,142,161,9,0,0
1,142,162,9,9,0
1,142,163,9,9,0
1,142,164,9,16,0
1,142,165,9,8,0
1,142,166,9,0,0
1,142,167,9,9,0
1,142,168,9,16,0
1,142,169,9,8,0
1,142,170,9,0,0
1,142,171,9,9,0
1,142,172,9,11,0
1,142,173,9,8,0
1,142,174,9,0,0
1,142,175,9,9,0
1,142,176,9,17,0
1,142,177,9,0,0
1,142,178,9,9,0
1,142,179,9,0,0
1,142,180,9,9,0
1,142,181,9,17,0
1,142,182,9,0,0
1,142,183,9,9,0
1,142,184,9,9,0
1,142,185,9,16,0
1,142,186,9,8,0
1,142,187,9,0,0
1,142,188,9,9,0
1,142,189,9,16,0
1,142,190,9,8,0
1,142,191,9,0,0
1,142,192,9,9,0
1,142,193,9,11,0
1,142,194,9,8,0
1,142,195,9,0,0
1,142,196,9,9,0
1,142,197,9,17,0
1,142,198,9,0,0
1,142,199,9,9,0
1,142,200,9,0,0
1,142,201,9,9,0
1,142,202,9,17,0
1,142,203,9,0,0
1,142,204,9,9,0
1,142,205,9,9,0
1,142,206,9,16,0
1,142,207,9,8,0
1,142,208,9,0,0
1,142,209,9,9,0
1,142,210,9,16,0
1,142,211,9,8,0
1,142,212,9,0,0
1,142,213,9,9,0
1,142,214,9,11,0
1,142,215,9,8,0
1,142,216,9,0,0
1,142,217,9,9,0
1,142,218,9,17,0
1,142,219,9,0,0
1,142,220,9,9,0
1,142,221,9,0,0
1,142,222,9,9,0
1,142,223,9,17,0
1,142,224,9,0,0
1,142,225,9,9,0
1,142,226,9,9,0
1,142,227,9,16,0
1,142,228,9,8,0
1,142,229,9,0,0
1,142,230,9,9,0
1,142,231,9,16,0
1,142,232,9,8,0
1,142,233,9,0,0
1,142,234,9,9,0
1,142,235,9,11,0
1,142,236,9,8,0
1,142,237,9,0,0
1,142,238,9,9,0
1,142,239,9,17,0
1,142,240,9,0,0
1,142,241,9,9,0
1,142,242,9,0,0
1,142,243,9,9,0
1,142,244,9,17,0
1,142,245,9,0,0
1,142,246,9,9,0
1,142,247,9,9,0
1,142,248,9,16,0
1,142,249,9,8,0
1,142,250,9,0,0
1,142,251,9,9,0
1,142,252,9,16,0
1,142,253,9,8,0
1,142,254,9,0,0
1,142,255,9,9,0
1,142,256,9,11,0
1,142,257,9,8,0
1,142,258,9,0,0
1,142,259,9,9,0
1,142,260,9,16,0
1,142,261,9,8,0
1,142,262,9,0,0
1,142,263,9,15,0
1,142,264,9,0,0
1,142,265,9,9,0
1,142,266,9,9,0
1,142,267,9,9,0
1,142,268,9,0,0
1,142,269,9,15,0
1,142,270,9,0,0
1,142,271,9,9,0
1,142,272,9,9,0
1,142,273,9,9,0
1,142,274,9,0,0
1,142,275,9,15,0
1,142,276,9,0,0
1,142,277,9,9,0
1,142,278,9,9,0
1,142,279,9,9,0
1,142,280,9,0,0
1,142,281,9,15,0
1,142,282,9,0,0
1,142,283,9,9,0
1,142,284,9,9,0
1,142,285,9,9,0
1,142,286,9,0,0
1,142,287,9,15,0
1,142,288,9,0,0
1,142,289,9,9,0
1,142,290,9,9,0
1,142,291,9,9,0
1,142,292,9,0,0
1,142,293,9,15,0
1,142,294,9,0,0
1,142,295,9,9,0
1,142,296,9,9,0
1,142,297,9,9,0
1,142,298,9,0,0
1,142,299,9,15,0
1,142,300,9,0,0
1,142,301,9,9,0
1,142,302,9,9,0
1,142,303,9,9,0
1,142,304,9,0,0
1,142,305,9,15,0
1,142,306,9,0,0
1,142,307,9,9,0
1,142,308,9,9,0
1,142,309,9,9,0
1,142,310,9,0,0
1,142,311,9,15,0
1,142,312,9,0,0
1,142,313,9,9,0
1,142,314,9,9,0
1,142,315,9,9,0
1,142,316,9,0,0
1,142,317,9,15,0
1,142,318,9,0,0
1,142,319,9,9,0
1,142,320,9,9,0
1,142,321,9,9,0
1,142,322,9,0,0
1,142,323,9,15,0
1,142,324,9,0,0
1,142,325,9,9,0
1,142,326,9,9,0
1,142,327,9,9,0
1,143,144,16,8,1
1,143,145,16,0,0
1,143,146,16,9,0
1,143,147,16,16,0
1,143,148,16,8,0
1,143,149,16,0,0
1,143,150,16,9,0
1,143,151,16,11,0
1,143,152,16,8,0
1,143,153,16,0,0
1,143,154,16,9,0
1,143,155,16,17,0
1,143,156,16,0,0
1,143,157,16,9,0
1,143,158,16,0,0
1,143,159,16,9,0
1,143,160,16,17,0
1,143,161,16,0,0
1,143,162,16,9,0
1,143,163,16,9,0
1,143,164,16,16,0
1,143,165,16,8,0
1,143,166,16,0,0
1,143,167,16,9,0
1,143,168,16,16,0
1,143,169,16,8,0
1,143,170,16,0,0
1,143,171,16,9,0
1,143,172,16,11,0
1,143,173,16,8,0
1,143,174,16,0,0
1,143,175,16,9,0
1,143,176,16,17,0
1,143,177,16,0,0
1,143,178,16,9,0
1,143,179,16,0,0
1,143,180,16,9,0
1,143,181,16,17,0
1,143,182,16,0,0
1,143,183,16,9,0
1,143,184,16,9,0
1,143,185,16,16,0
1,143,186,16,8,0
1,143,187,16,0,0
1,143,188,16,9,0
1,143,189,16,16,0
1,143,190,16,8,0
1,143,191,16,0,0
1,143,192,16,9,0
1,143,193,16,11,0
1,143,194,16,8,0
1,143,195,16,0,0
1,143,196,16,9,0
1,143,197,16,17,0
1,143,198,16,0,0
1,143,199,16,9,0
1,143,200,16,0,0
1,143,201,16,9,0
1,143,202,16,17,0
1,143,203,16,0,0
1,143,204,16,9,0
1,143,205,16,9,0
1,143,206,16,16,0
1,143,207,16,8,0
1,143,208,16,0,0
1,143,209,16,9,0
1,143,210,16,16,0
1,143,211,16,8,0
1,143,212,16,0,0
1,143,213,16,9,0
1,143,214,16,11,0
1,143,215,16,8,0
1,143,216,16,0,0
1,143,217,16,9,0
1,143,218,16,17,0
1,143,219,16,0,0
1,143,220,16,9,0
1,143,221,16,0,0
1,143,222,16,9,0
1,143,223,16,17,0
1,143,224,16,0,0
1,143,225,16,9,0
1,143,226,16,9,0
1,143,227,16,16,0
1,143,228,16,8,0
1,143,229,16,0,0
1,143,230,16,9,0
1,143,231,16,16,0
1,143,232,16,8,0
1,143,233,16,0,0
1,143,234,16,9,0
1,143,235,16,11,0
1,143,236,16,8,0
1,143,237,16,0,0
1,143,238,16,9,0
1,143,239,16,17,0
1,143,240,16,0,0
1,143,241,16,9,0
1,143,242,16,0,0
1,143,243,16,9,0
1,143,244,16,17,0
1,143,245,16,0,0
1,143,246,16,9,0
1,143,247,16,9,0
1,143,248,16,16,0
1,143,249,16,8,0
1,143,250,16,0,0
1,143,251,16,9,0
1,143,252,16,16,0
1,143,253,16,8,0
1,143,254,16,0,0
1,143,255,16,9,0
1,143,256,16,11,0
1,143,257,16,8,0
1,143,258,16,0,0
1,143,259,16,9,0
1,143,260,16,16,0
1,143,261,16,8,0
1,143,262,16,0,0
1,143,263,16,15,0
1,143,264,16,0,0
1,143,265,16,9,0
1,143,266,16,9,0
1,143,267,16,9,0
1,143,268,16,0,0
1,143,269,16,15,0
1,143,270,16,0,0
1,143,271,16,9,0
1,143,272,16,9,0
1,143,273,16,9,0
1,143,274,16,0,0
1,143,275,16,15,0
1,143,276,16,0,0
1,143,277,16,9,0
1,143,278,16,9,0
1,143,279,16,9,0
1,143,280,16,0,0
1,143,281,16,15,0
1,143,282,16,0,0
1,143,283,16,9,0
1,143,284,16,9,0
1,143,285,16,9,0
1,143,286,16,0,0
1,143,287,16,15,0
1,143,288,16,0,0
1,143,289,16,9,0
1,143,290,16,9,0
1,143,291,16,9,0
1,143,292,16,0,0
1,143,293,16,15,0
1,143,294,16,0,0
1,143,295,16,9,0
1,143,296,16,9,0
1,143,297,16,9,0
1,143,298,16,0,0
1,143,299,16,15,0
1,143,300,16,0,0
1,143,301,16,9,0
1,143,302,16,9,0
1,143,303,16,9,0
1,143,304,16,0,0
1,143,305,16,15,0
1,143,306,16,0,0
1,143,307,16,9,0
1,143,308,16,9,0
1,143,309,16,9,0
1,143,310,16,0,0
1,143,311,16,15,0
1,143,312,16,0,0
1,143,313,16,9,0
1,143,314,16,9,0
1,143,315,16,9,0
1,143,316,16,0,0
1,143,317,16,15,0
1,143,318,16,0,0
1,143,319,16,9,0
1,143,320,16,9,0
1,143,321,16,9,0
1,143,322,16,0,0
1,143,323,16,15,0
1,143,324,16,0,0
1,143,325,16,9,0
1,143,326,16,9,0
1,143,327,16,9,0
1,144,145,8,0,0
1,144,146,8,9,0
1,144,147,8,16,0
1,144,148,8,8,0
1,144,149,8,0,0
1,144,150,8,9,0
1,144,151,8,11,0
1,144,152,8,8,0
1,144,153,8,0,0
1,144,154,8,9,0
1,144,155,8,17,0
1,144,156,8,0,0
1,144,157,8,9,0
1,144,158,8,0,0
1,144,159,8,9,0
1,144,160,8,17,0
1,144,161,8,0,0
1,144,162,8,9,0
1,144,163,8,9,0
1,144,164,8,16,0
1,144,165,8,8,0
1,144,166,8,0,0
1,144,167,8,9,0
1,144,168,8,16,0
1,144,169,8,8,0
1,144,170,8,0,0
1,144,171,8,9,0
1,144,172,8,11,0
1,144,173,8,8,0
1,144,174,8,0,0
1,144,175,8,9,0
1,144,176,8,17,0
1,144,177,8,0,0
1,144,178,8,9,0
1,144,179,8,0,0
1,144,180,8,9,0
1,144,181,8,17,0
1,144,182,8,0,0
1,144,183,8,9,0
1,144,184,8,9,0
1,144,185,8,16,0
1,144,186,8,8,0
1,144,187,8,0,0
1,144,188,8,9,0
1,144,189,8,16,0
1,144,190,8,8,0
1,144,191,8,0,0
1,144,192,8,9,0
1,144,193,8,11,0
1,144,194,8,8,0
1,144,195,8,0,0
1,144,196,8,9,0
1,144,197,8,17,0
1,144,198,8,0,0
1,144,199,8,9,0
1,144,200,8,0,0
1,144,201,8,9,0
1,144,202,8,17,0
1,144,203,8,0,0
1,144,204,8,9,0
1,144,205,8,9,0
1,144,206,8,16,0
1,144,207,8,8,0
1,144,208,8,0,0
1,144,209,8,9,0
1,144,210,8,16,0
1,144,211,8,8,0
1,144,212,8,0,0
1,144,213,8,9,0
1,144,214,8,11,0
1,144,215,8,8,0
1,144,216,8,0,0
1,144,217,8,9,0
1,144,218,8,17,0
1,144,219,8,0,0
1,144,220,8,9,0
1,144,221,8,0,0
1,144,222,8,9,0
1,144,223,8,17,0
1,144,224,8,0,0
1,144,225,8,9,0
1,144,226,8,9,0
1,144,227,8,16,0
1,144,228,8,8,0
1,144,229,8,0,0
1,144,230,8,9,0
1,144,231,8,16,0
1,144,232,8,8,0
1,144,233,8,0,0
1,144,234,8,9,0
1,144,235,8,11,0
1,144,236,8,8,0
1,144,237,8,0,0
1,144,238,8,9,0
1,144,239,8,17,0
1,144,240,8,0,0
1,144,241,8,9,0
1,144,242,8,0,0
1,144,243,8,9,0
1,144,244,8,17,0
1,144,245,8,0,0
1,144,246,8,9,0
1,144,247,8,9,0
1,144,248,8,16,0
1,144,249,8,8,0
1,144,250,8,0,0
1,144,251,8,9,0
1,144,252,8,16,0
1,144,253,8,8,0
1,144,254,8,0,0
1,144,255,8,9,0
1,144,256,8,11,0
1,144,257,8,8,0
1,144,258,8,0,0
1,144,259,8,9,0
1,144,260,8,16,0
1,144,261,8,8,0
1,144,262,8,0,0
1,144,263,8,15,0
1,144,264,8,0,0
1,144,265,8,9,0
1,144,266,8,9,0
1,144,267,8,9,0
1,144,268,8,0,0
1,144,269,8,15,0
1,144,270,8,0,0
1,144,271,8,9,0
1,144,272,8,9,0
1,144,273,8,9,0
1,144,274,8,0,0
1,144,275,8,15,0
1,144,276,8,0,0
1,144,277,8,9,0
1,144,278,8,9,0
1,144,279,8,9,0
1,144,280,8,0,0
1,144,281,8,15,0
1,144,282,8,0,0
1,144,283,8,9,0
1,144,284,8,9,0
1,144,285,8,9,0
1,144,286,8,0,0
1,144,287,8,15,0
1,144,288,8,0,0
1,144,289,8,9,0
1,144,290,8,9,0
1,144,291,8,9,0
1,144,292,8,0,0
1,144,293,8,15,0
1,144,294,8,0,0
1,144,295,8,9,0
1,144,296,8,9,0
1,144,297,8,9,0
1,144,298,8,0,0
1,144,299,8,15,0
1,144,300,8,0,0
1,144,301,8,9,0
1,144,302,8,9,0
1,144,303,8,9,0
1,144,304,8,0,0
1,144,305,8,15,0
1,144,306,8,0,0
1,144,307,8,9,0
1,144,308,8,9,0
1,144,309,8,9,0
1,144,310,8,0,0
1,144,311,8,15,0
1,144,312,8,0,0
1,144,313,8,9,0
1,144,314,8,9,0
1,144,315,8,9,0
1,144,316,8,0,0
1,144,317,8,15,0
1,144,318,8,0,0
1,144,319,8,9,0
1,144,320,8,9,0
1,144,321,8,9,0
1,144,322,8,0,0
1,144,323,8,15,0
1,144,324,8,0,0
1,144,325,8,9,0
1,144,326,8,9,0
1,144,327,8,9,0
1,145,146,0,9,1
1,145,147,0,16,1
1,145,148,0,8,0
1,145,149,0,0,1
1,145,150,0,9,0
1,145,151,0,11,0
1,145,152,0,8,0
1,145,153,0,0,0
1,145,154,0,9,0
1,145,155,0,17,0
1,145,156,0,0,0
1,145,157,0,9,0
1,145,158,0,0,0
1,145,159,0,9,0
1,145,160,0,17,0
1,145,161,0,0,0
1,145,162,0,9,0
1,145,163,0,9,0
1,145,164,0,16,0
1,145,165,0,8,0
1,145,166,0,0,0
1,145,167,0,9,0
1,145,168,0,16,0
1,145,169,0,8,0
1,145,170,0,0,0
1,145,171,0,9,0
1,145,172,0,11,0
1,145,173,0,8,0
1,145,174,0,0,0
1,145,175,0,9,0
1,145,176,0,17,0
1,145,177,0,0,0
1,145,178,0,9,0
1,145,179,0,0,0
1,145,180,0,9,0
1,145,181,0,17,0
1,145,182,0,0,0
1,145,183,0,9,0
1,145,184,0,9,0
1,145,185,0,16,0
1,145,186,0,8,0
1,145,187,0,0,0
1,145,188,0,9,0
1,145,189,0,16,0
1,145,190,0,8,0
1,145,191,0,0,0
1,145,192,0,9,0
1,145,193,0,11,0
1,145,194,0,8,0
1,145,195,0,0,0
1,145,196,0,9,0
1,145,197,0,17,0
1,145,198,0,0,0
1,145,199,0,9,0
1,145,200,0,0,0
1,145,201,0,9,0
1,145,202,0,17,0
1,145,203,0,0,0
1,145,204,0,9,0
1,145,205,0,9,0
1,145,206,0,16,0
1,145,207,0,8,0
1,145,208,0,0,0
1,145,209,0,9,0
1,145,210,0,16,0
1,145,211,0,8,0
1,145,212,0,0,0
1,145,213,0,9,0
1,145,214,0,11,0
1,145,215,0,8,0
1,145,216,0,0,0
1,145,217,0,9,0
1,145,218,0,17,0
1,145,219,0,0,0
1,145,220,0,9,0
1,145,221,0,0,0
1,145,222,0,9,0
1,145,223,0,17,0
1,145,224,0,0,0
1,145,225,0,9,0
1,145,226,0,9,0
1,145,227,0,16,0
1,145,228,0,8,0
1,145,229,0,0,0
1,145,230,0,9,0
1,145,231,0,16,0
1,145,232,0,8,0
1,145,233,0,0,0
1,145,234,0,9,0
1,145,235,0,11,0
1,145,236,0,8,0
1,145,237,0,0,0
1,145,238,0,9,0
1,145,239,0,17,0
1,145,240,0,0,0
1,145,241,0,9,0
1,145,242,0,0,0
1,145,243,0,9,0
1,145,244,0,17,0
1,145,245,0,0,0
1,145,246,0,9,0
1,145,247,0,9,0
1,145,248,0,16,0
1,145,249,0,8,0
1,145,250,0,0,0
1,145,251,0,9,0
1,145,252,0,16,0
1,145,253,0,8,0
1,145,254,0,0,0
1,145,255,0,9,0
1,145,256,0,11,0
1,145,257,0,8,0
1,145,258,0,0,0
1,145,259,0,9,0
1,145,260,0,16,0
1,145,261,0,8,0
1,145,262,0,0,0
1,145,263,0,15,0
1,145,264,0,0,0
1,145,265,0,9,0
1,145,266,0,9,0
1,145,267,0,9,0
1,145,268,0,0,0
1,145,269,0,15,0
1,145,270,0,0,0
1,145,271,0,9,0
1,145,272,0,9,0
1,145,273,0,9,0
1,145,274,0,0,0
1,145,275,0,15,0
1,145,276,0,0,0
1,145,277,0,9,0
1,145,278,0,9,0
1,145,279,0,9,0
1,145,280,0,0,0
1,145,281,0,15,0
1,145,282,0,0,0
1,145,283,0,9,0
1,145,284,0,9,0
1,145,285,0,9,0
1,145,286,0,0,0
1,145,287,0,15,0
1,145,288,0,0,0
1,145,289,0,9,0
1,145,290,0,9,0
1,145,291,0,9,0
1,145,292,0,0,0
1,145,293,0,15,0
1,145,294,0,0,0
1,145,295,0,9,0
1,145,296,0,9,0
1,145,297,0,9,0
1,145,298,0,0,0
1,145,299,0,15,0
1,145,300,0,0,0
1,145,301,0,9,0
1,145,302,0,9,0
1,145,303,0,9,0
1,145,304,0,0,0
1,145,305,0,15,0
1,145,306,0,0,0
1,145,307,0,9,0
1,145,308,0,9,0
1,145,309,0,9,0
1,145,310,0,0,0
1,145,311,0,15,0
1,145,312,0,0,0
1,145,313,0,9,0
1,145,314,0,9,0
1,145,315,0,9,0
1,145,316,0,0,0
1,145,317,0,15,0
1,145,318,0,0,0
1,145,319,0,9,0
1,145,320,0,9,0
1,145,321,0,9,0
1,145,322,0,0,0
1,145,323,0,15,0
1,145,324,0,0,0
1,145,325,0,9,0
1,145,326,0,9,0
1,145,327,0,9,0
1,146,147,9,16,0
1,146,148,9,8,0
1,146,149,9,0,0
1,146,150,9,9,0
1,146,151,9,11,0
1,146,152,9,8,0
1,146,153,9,0,0
1,146,154,9,9,0
1,146,155,9,17,0
1,146,156,9,0,0
1,146,157,9,9,0
1,146,158,9,0,0
1,146,159,9,9,0
1,146,160,9,17,0
1,146,161,9,0,0
1,146,162,9,9,0
1,146,163,9,9,0
1,146,164,9,16,0
1,146,165,9,8,0
1,146,166,9,0,0
1,146,167,9,9,0
1,146,168,9,16,0
1,146,169,9,8,0
1,146,170,9,0,0
1,146,171,9,9,0
1,146,172,9,11,0
1,146,173,9,8,0
1,146,174,9,0,0
1,146,175,9,9,0
1,146,176,9,17,0
1,146,177,9,0,0
1,146,178,9,9,0
1,146,179,9,0,0
1,146,180,9,9,0
1,146,181,9,17,0
1,146,182,9,0,0
1,146,183,9,9,0
1,146,184,9,9,0
1,146,185,9,16,0
1,146,186,9,8,0
1,146,187,9,0,0
1,146,188,9,9,0
1,146,189,9,16,0
1,146,190,9,8,0
1,146,191,9,0,0
1,146,192,9,9,0
1,146,193,9,11,0
1,146,194,9,8,0
1,146,195,9,0,0
1,146,196,9,9,0
1,146,197,9,17,0
1,146,198,9,0,0
1,146,199,9,9,0
1,146,200,9,0,0
1,146,201,9,9,0
1,146,202,9,17,0
1,146,203,9,0,0
1,146,204,9,9,0
1,146,205,9,9,0
1,146,206,9,16,0
1,146,207,9,8,0
1,146,208,9,0,0
1,146,209,9,9,0
1,146,210,9,16,0
1,146,211,9,8,0
1,146,212,9,0,0
1,146,213,9,9,0
1,146,214,9,11,0
1,146,215,9,8,0
1,146,216,9,0,0
1,146,217,9,9,0
1,146,218,9,17,0
1,146,219,9,0,0
1,146,220,9,9,0
1,146,221,9,0,0
1,146,222,9,9,0
1,146,223,9,17,0
1,146,224,9,0,0
1,146,225,9,9,0
1,146,226,9,9,0
1,146,227,9,16,0
1,146,228,9,8,0
1,146,229,9,0,0
1,146,230,9,9,0
1,146,231,9,16,0
1,146,232,9,8,0
1,146,233,9,0,0
1,146,234,9,9,0
1,146,235,9,11,0
1,146,236,9,8,0
1,146,237,9,0,0
1,146,238,9,9,0
1,146,239,9,17,0
1,146,240,9,0,0
1,146,241,9,9,0
1,146,242,9,0,0
1,146,243,9,9,0
1,146,244,9,17,0
1,146,245,9,0,0
1,146,246,9,9,0
1,146,247,9,9,0
1,146,248,9,16,0
1,146,249,9,8,0
1,146,250,9,0,0
1,146,251,9,9,0
1,146,252,9,16,0
1,146,253,9,8,0
1,146,254,9,0,0
1,146,255,9,9,0
1,146,256,9,11,0
1,146,257,9,8,0
1,146,258,9,0,0
1,146,259,9,9,0
1,146,260,9,16,0
1,146,261,9,8,0
1,146,262,9,0,0
1,146,263,9,15,0
1,146,264,9,0,0
1,146,265,9,9,0
1,146,266,9,9,0
1,146,267,9,9,0
1,146,268,9,0,0
1,146,269,9,15,0
1,146,270,9,0,0
1,146,271,9,9,0
1,146,272,9,9,0
1,146,273,9,9,0
1,146,274,9,0,0
1,146,275,9,15,0
1,146,276,9,0,0
1,146,277,9,9,0
1,146,278,9,9,0
1,146,279,9,9,0
1,146,280,9,0,0
1,146,281,9,15,0
1,146,282,9,0,0
1,146,283,9,9,0
1,146,284,9,9,0
1,146,285,9,9,0
1,146,286,9,0,0
1,146,287,9,15,0
1,146,288,9,0,0
1,146,289,9,9,0
1,146,290,9,9,0
1,146,291,9,9,0
1,146,292,9,0,0
1,146,293,9,15,0
1,146,294,9,0,0
1,146,295,9,9,0
1,146,296,9,9,0
1,146,297,9,9,0
1,146,298,9,0,0
1,146,299,9,15,0
1,146,300,9,0,0
1,146,301,9,9,0
1,146,302,9,9,0
1,146,303,9,9,0
1,146,304,9,0,0
1,146,305,9,15,0
1,146,306,9,0,0
1,146,307,9,9,0
1,146,308,9,9,0
1,146,309,9,9,0
1,146,310,9,0,0
1,146,311,9,15,0
1,146,312,9,0,0
1,146,313,9,9,0
1,146,314,9,9,0
1,146,315,9,9,0
1,146,316,9,0,0
1,146,317,9,15,0
1,146,318,9,0,0
1,146,319,9,9,0
1,146,320,9,9,0
1,146,321,9,9,0
1,146,322,9,0,0
1,146,323,9,15,0
1,146,324,9,0,0
1,146,325,9,9,0
1,146,326,9,9,0
1,146,327,9,9,0
1,147,148,16,8,1
1,147,149,16,0,0
1,147,150,16,9,0
1,147,151,16,11,0
1,147,152,16,8,0
1,147,153,16,0,0
1,147,154,16,9,0
1,147,155,16,17,0
1,147,156,16,0,0
1,147,157,16,9,0
1,147,158,16,0,0
1,147,159,16,9,0
1,147,160,16,17,0
1,147,161,16,0,0
1,147,162,16,9,0
1,147,163,16,9,0
1,147,164,16,16,0
1,147,165,16,8,0
1,147,166,16,0,0
1,147,167,16,9,0
1,147,168,16,16,0
1,147,169,16,8,0
1,147,170,16,0,0
1,147,171,16,9,0
1,147,172,16,11,0
1,147,173,16,8,0
1,147,174,16,0,0
1,147,175,16,9,0
1,147,176,16,17,0
1,147,177,16,0,0
1,147,178,16,9,0
1,147,179,16,0,0
1,147,180,16,9,0
1,147,181,16,17,0
1,147,182,16,0,0
1,147,183,16,9,0
1,147,184,16,9,0
1,147,185,16,16,0
1,147,186,16,8,0
1,147,187,16,0,0
1,147,188,16,9,0
1,147,189,16,16,0
1,147,190,16,8,0
1,147,191,16,0,0
1,147,192,16,9,0
1,147,193,16,11,0
1,147,194,16,8,0
1,147,195,16,0,0
1,147,196,16,9,0
1,147,197,16,17,0
1,147,198,16,0,0
1,147,199,16,9,0
1,147,200,16,0,0
1,147,201,16,9,0
1,147,202,16,17,0
1,147,203,16,0,0
1,147,204,16,9,0
1,147,205,16,9,0
1,147,206,16,16,0
1,147,207,16,8,0
1,147,208,16,0,0
1,147,209,16,9,0
1,147,210,16,16,0
1,147,211,16,8,0
1,147,212,16,0,0
1,147,213,16,9,0
1,147,214,16,11,0
1,147,215,16,8,0
1,147,216,16,0,0
1,147,217,16,9,0
1,147,218,16,17,0
1,147,219,16,0,0
1,147,220,16,9,0
1,147,221,16,0,0
1,147,222,16,9,0
1,147,223,16,17,0
1,147,224,16,0,0
1,147,225,16,9,0
1,147,226,16,9,0
1,147,227,16,16,0
1,147,228,16,8,0
1,147,229,16,0,0
1,147,230,16,9,0
1,147,231,16,16,0
1,147,232,16,8,0
1,147,233,16,0,0
1,147,234,16,9,0
1,147,235,16,11,0
1,147,236,16,8,0
1,147,237,16,0,0
1,147,238,16,9,0
1,147,239,16,17,0
1,147,240,16,0,0
1,147,241,16,9,0
1,147,242,16,0,0
1,147,243,16,9,0
1,147,244,16,17,0
1,147,245,16,0,0
1,147,246,16,9,0
1,147,247,16,9,0
1,147,248,16,16,0
1,147,249,16,8,0
1,147,250,16,0,0
1,147,251,16,9,0
1,147,252,16,16,0
1,147,253,16,8,0
1,147,254,16,0,0
1,147,255,16,9,0
1,147,256,16,11,0
1,147,257,16,8,0
1,147,258,16,0,0
1,147,259,16,9,0
1,147,260,16,16,0
1,147,261,16,8,0
1,147,262,16,0,0
1,147,263,16,15,0
1,147,264,16,0,0
1,147,265,16,9,0
1,147,266,16,9,0
1,147,267,16,9,0
1,147,268,16,0,0
1,147,269,16,15,0
1,147,270,16,0,0
1,147,271,16,9,0
1,147,272,16,9,0
1,147,273,16,9,0
1,147,274,16,0,0
1,147,275,16,15,0
1,147,276,16,0,0
1,147,277,16,9,0
1,147,278,16,9,0
1,147,279,16,9,0
1,147,280,16,0,0
1,147,281,16,15,0
1,147,282,16,0,0
1,147,283,16,9,0
1,147,284,16,9,0
1,147,285,16,9,0
1,147,286,16,0,0
1,147,287,16,15,0
1,147,288,16,0,0
1,147,289,16,9,0
1,147,290,16,9,0
1,147,291,16,9,0
1,147,292,16,0,0
1,147,293,16,15,0
1,147,294,16,0,0
1,147,295,16,9,0
1,147,296,16,9,0
1,147,297,16,9,0
1,147,298,16,0,0
1,147,299,16,15,0
1,147,300,16,0,0
1,147,301,16,9,0
1,147,302,16,9,0
1,147,303,16,9,0
1,147,304,16,0,0
1,147,305,16,15,0
1,147,306,16,0,0
1,147,307,16,9,0
1,147,308,16,9,0
1,147,309,16,9,0
1,147,310,16,0,0
1,147,311,16,15,0
1,147,312,16,0,0
1,147,313,16,9,0
1,147,314,16,9,0
1,147,315,16,9,0
1,147,316,16,0,0
1,147,317,16,15,0
1,147,318,16,0,0
1,147,319,16,9,0
1,147,320,16,9,0
1,147,321,16,9,0
1,147,322,16,0,0
1,147,323,16,15,0
1,147,324,16,0,0
1,147,325,16,9,0
1,147,326,16,9,0
1,147,327,16,9,0
1,148,149,8,0,0
1,148,150,8,9,0
1,148,151,8,11,0
1,148,152,8,8,0
1,148,153,8,0,0
1,148,154,8,9,0
1,148,155,8,17,0
1,148,156,8,0,0
1,148,157,8,9,0
1,148,158,8,0,0
1,148,159,8,9,0
1,148,160,8,17,0
1,148,161,8,0,0
1,148,162,8,9,0
1,148,163,8,9,0
1,148,164,8,16,0
1,148,165,8,8,0
1,148,166,8,0,0
1,148,167,8,9,0
1,148,168,8,16,0
1,148,169,8,8,0
1,148,170,8,0,0
1,148,171,8,9,0
1,148,172,8,11,0
1,148,173,8,8,0
1,148,174,8,0,0
1,148,175,8,9,0
1,148,176,8,17,0
1,148,177,8,0,0
1,148,178,8,9,0
1,148,179,8,0,0
1,148,180,8,9,0
1,148,181,8,17,0
1,148,182,8,0,0
1,148,183,8,9,0
1,148,184,8,9,0
1,148,185,8,16,0
1,148,186,8,8,0
1,148,187,8,0,0
1,148,188,8,9,0
1,148,189,8,16,0
1,148,190,8,8,0
1,148,191,8,0,0
1,148,192,8,9,0
1,148,193,8,11,0
1,148,194,8,8,0
1,148,195,8,0,0
1,148,196,8,9,0
1,148,197,8,17,0
1,148,198,8,0,0
1,148,199,8,9,0
1,148,200,8,0,0
1,148,201,8,9,0
1,148,202,8,17,0
1,148,203,8,0,0
1,148,204,8,9,0
1,148,205,8,9,0
1,148,206,8,16,0
1,148,207,8,8,0
1,148,208,8,0,0
1,148,209,8,9,0
1,148,210,8,16,0
1,148,211,8,8,0
1,148,212,8,0,0
1,148,213,8,9,0
1,148,214,8,11,0
1,148,215,8,8,0
1,148,216,8,0,0
1,148,217,8,9,0
1,148,218,8,17,0
1,148,219,8,0,0
1,148,220,8,9,0
1,148,221,8,0,0
1,148,222,8,9,0
1,148,223,8,17,0
1,148,224,8,0,0
1,148,225,8,9,0
1,148,226,8,9,0
1,148,227,8,16,0
1,148,228,8,8,0
1,148,229,8,0,0
1,148,230,8,9,0
1,148,231,8,16,0
1,148,232,8,8,0
1,148,233,8,0,0
1,148,234,8,9,0
1,148,235,8,11,0
1,148,236,8,8,0
1,148,237,8,0,0
1,148,238,8,9,0
1,148,239,8,17,0
1,148,240,8,0,0
1,148,241,8,9,0
1,148,242,8,0,0
1,148,243,8,9,0
1,148,244,8,17,0
1,148,245,8,0,0
1,148,246,8,9,0
1,148,247,8,9,0
1,148,248,8,16,0
1,148,249,8,8,0
1,148,250,8,0,0
1,148,251,8,9,0
1,148,252,8,16,0
1,148,253,8,8,0
1,148,254,8,0,0
1,148,255,8,9,0
1,148,256,8,11,0
1,148,257,8,8,0
1,148,258,8,0,0
1,148,259,8,9,0
1,148,260,8,16,0
1,148,261,8,8,0
1,148,262,8,0,0
1,148,263,8,15,0
1,148,264,8,0,0
1,148,265,8,9,0
1,148,266,8,9,0
1,148,267,8,9,0
1,148,268,8,0,0
1,148,269,8,15,0
1,148,270,8,0,0
1,148,271,8,9,0
1,148,272,8,9,0
1,148,273,8,9,0
1,148,274,8,0,0
1,148,275,8,15,0
1,148,276,8,0,0
1,148,277,8,9,0
1,148,278,8,9,0
1,148,279,8,9,0
1,148,280,8,0,0
1,148,281,8,15,0
1,148,282,8,0,0
1,148,283,8,9,0
1,148,284,8,9,0
1,148,285,8,9,0
1,148,286,8,0,0
1,148,287,8,15,0
1,148,288,8,0,0
1,148,289,8,9,0
1,148,290,8,9,0
1,148,291,8,9,0
1,148,292,8,0,0
1,148,293,8,15,0
1,148,294,8,0,0
1,148,295,8,9,0
1,148,296,8,9,0
1,148,297,8,9,0
1,148,298,8,0,0
1,148,299,8,15,0
1,148,300,8,0,0
1,148,301,8,9,0
1,148,302,8,9,0
1,148,303,8,9,0
1,148,304,8,0,0
1,148,305,8,15,0
1,148,306,8,0,0
1,148,307,8,9,0
1,148,308,8,9,0
1,148,309,8,9,0
1,148,310,8,0,0
1,148,311,8,15,0
1,148,312,8,0,0
1,148,313,8,9,0
1,148,314,8,9,0
1,148,315,8,9,0
1,148,316,8,0,0
1,148,317,8,15,0
1,148,318,8,0,0
1,148,319,8,9,0
1,148,320,8,9,0
1,148,321,8,9,0
1,148,322,8,0,0
1,148,323,8,15,0
1,148,324,8,0,0
1,148,325,8,9,0
1,148,326,8,9,0
1,148,327,8,9,0
1,149,150,0,9,1
1,149,151,0,11,1
1,149,152,0,8,0
1,149,153,0,0,1
1,149,154,0,9,0
1,149,155,0,17,0
1,149,156,0,0,0
1,149,157,0,9,0
1,149,158,0,0,0
1,149,159,0,9,0
1,149,160,0,17,0
1,149,161,0,0,0
1,149,162,0,9,0
1,149,163,0,9,0
1,149,164,0,16,0
1,149,165,0,8,0
1,149,166,0,0,0
1,149,167,0,9,0
1,149,168,0,16,0
1,149,169,0,8,0
1,149,170,0,0,0
1,149,171,0,9,0
1,149,172,0,11,0
1,149,173,0,8,0
1,149,174,0,0,0
1,149,175,0,9,0
1,149,176,0,17,0
1,149,177,0,0,0
1,149,178,0,9,0
1,149,179,0,0,0
1,149,180,0,9,0
1,149,181,0,17,0
1,149,182,0,0,0
1,149,183,0,9,0
1,149,184,0,9,0
1,149,185,0,16,0
1,149,186,0,8,0
1,149,187,0,0,0
1,149,188,0,9,0
1,149,189,0,16,0
1,149,190,0,8,0
1,149,191,0,0,0
1,149,192,0,9,0
1,149,193,0,11,0
1,149,194,0,8,0
1,149,195,0,0,0
1,149,196,0,9,0
1,149,197,0,17,0
1,149,198,0,0,0
1,149,199,0,9,0
1,149,200,0,0,0
1,149,201,0,9,0
1,149,202,0,17,0
1,149,203,0,0,0
1,149,204,0,9,0
1,149,205,0,9,0
1,149,206,0,16,0
1,149,207,0,8,0
1,149,208,0,0,0
1,149,209,0,9,0
1,149,210,0,16,0
1,149,211,0,8,0
1,149,212,0,0,0
1,149,213,0,9,0
1,149,214,0,11,0
1,149,215,0,8,0
1,149,216,0,0,0
1,149,217,0,9,0
1,149,218,0,17,0
1,149,219,0,0,0
1,149,220,0,9,0
1,149,221,0,0,0
1,149,222,0,9,0
1,149,223,0,17,0
1,149,224,0,0,0
1,149,225,0,9,0
1,149,226,0,9,0
1,149,227,0,16,0
1,149,228,0,8,0
1,149,229,0,0,0
1,149,230,0,9,0
1,149,231,0,16,0
1,149,232,0,8,0
1,149,233,0,0,0
1,149,234,0,9,0
1,149,235,0,11,0
1,149,236,0,8,0
1,149,237,0,0,0
1,149,238,0,9,0
1,149,239,0,17,0
1,149,240,0,0,0
1,149,241,0,9,0
1,149,242,0,0,0
1,149,243,0,9,0
1,149,244,0,17,0
1,149,245,0,0,0
1,149,246,0,9,0
1,149,247,0,9,0
1,149,248,0,16,0
1,149,249,0,8,0
1,149,250,0,0,0
1,149,251,0,9,0
1,149,252,0,16,0
1,149,253,0,8,0
1,149,254,0,0,0
1,149,255,0,9,0
1,149,256,0,11,0
1,149,257,0,8,0
1,149,258,0,0,0
1,149,259,0,9,0
1,149,260,0,16,0
1,149,261,0,8,0
1,149,262,0,0,0
1,149,263,0,15,0
1,149,264,0,0,0
1,149,265,0,9,0
1,149,266,0,9,0
1,149,267,0,9,0
1,149,268,0,0,0
1,149,269,0,15,0
1,149,270,0,0,0
1,149,271,0,9,0
1,149,272,0,9,0
1,149,273,0,9,0
1,149,274,0,0,0
1,149,275,0,15,0
1,149,276,0,0,0
1,149,277,0,9,0
1,149,278,0,9,0
1,149,279,0,9,0
1,149,280,0,0,0
1,149,281,0,15,0
1,149,282,0,0,0
1,149,283,0,9,0
1,149,284,0,9,0
1,149,285,0,9,0
1,149,286,0,0,0
1,149,287,0,15,0
1,149,288,0,0,0
1,149,289,0,9,0
1,149,290,0,9,0
1,149,291,0,9,0
1,149,292,0,0,0
1,149,293,0,15,0
1,149,294,0,0,0
1,149,295,0,9,0
1,149,296,0,9,0
1,149,297,0,9,0
1,149,298,0,0,0
1,149,299,0,15,0
1,149,300,0,0,0
1,149,301,0,9,0
1,149,302,0,9,0
1,149,303,0,9,0
1,149,304,0,0,0
1,149,305,0,15,0
1,149,306,0,0,0
1,149,307,0,9,0
1,149,308,0,9,0
1,149,309,0,9,0
1,149,310,0,0,0
1,149,311,0,15,0
1,149,312,0,0,0
1,149,313,0,9,0
1,149,314,0,9,0
1,149,315,0,9,0
1,149,316,0,0,0
1,149,317,0,15,0
1,149,318,0,0,0
1,149,319,0,9,0
1,149,320,0,9,0
1,149,321,0,9,0
1,149,322,0,0,0
1,149,323,0,15,0
1,149,324,0,0,0
1,149,325,0,9,0
1,149,326,0,9,0
1,149,327,0,9,0
1,150,151,9,11,0
1,150,152,9,8,0
1,150,153,9,0,0
1,150,154,9,9,0
1,150,155,9,17,0
1,150,156,9,0,0
1,150,157,9,9,0
1,150,158,9,0,0
1,150,159,9,9,0
1,150,160,9,17,0
1,150,161,9,0,0
1,150,162,9,9,0
1,150,163,9,9,0
1,150,164,9,16,0
1,150,165,9,8,0
1,150,166,9,0,0
1,150,167,9,9,0
1,150,168,9,16,0
1,150,169,9,8,0
1,150,170,9,0,0
1,150,171,9,9,0
1,150,172,9,11,0
1,150,173,9,8,0
1,150,174,9,0,0
1,150,175,9,9,0
1,150,176,9,17,0
1,150,177,9,0,0
1,150,178,9,9,0
1,150,179,9,0,0
1,150,180,9,9,0
1,150,181,9,17,0
1,150,182,9,0,0
1,150,183,9,9,0
1,150,184,9,9,0
1,150,185,9,16,0
1,150,186,9,8,0
1,150,187,9,0,0
1,150,188,9,9,0
1,150,189,9,16,0
1,150,190,9,8,0
1,150,191,9,0,0
1,150,192,9,9,0
1,150,193,9,11,0
1,150,194,9,8,0
1,150,195,9,0,0
1,150,196,9,9,0
1,150,197,9,17,0
1,150,198,9,0,0
1,150,199,9,9,0
1,150,200,9,0,0
1,150,201,9,9,0
1,150,202,9,17,0
1,150,203,9,0,0
1,150,204,9,9,0
1,150,205,9,9,0
1,150,206,9,16,0
1,150,207,9,8,0
1,150,208,9,0,0
1,150,209,9,9,0
1,150,210,9,16,0
1,150,211,9,8,0
1,150,212,9,0,0
1,150,213,9,9,0
1,150,214,9,11,0
1,150,215,9,8,0
1,150,216,9,0,0
1,150,217,9,9,0
1,150,218,9,17,0
1,150,219,9,0,0
1,150,220,9,9,0
1,150,221,9,0,0
1,150,222,9,9,0
1,150,223,9,17,0
1,150,224,9,0,0
1,150,225,9,9,0
1,150,226,9,9,0
1,150,227,9,16,0
1,150,228,9,8,0
1,150,229,9,0,0
1,150,230,9,9,0
1,150,231,9,16,0
1,150,232,9,8,0
1,150,233,9,0,0
1,150,234,9,9,0
1,150,235,9,11,0
1,150,236,9,8,0
1,150,237,9,0,0
1,150,238,9,9,0
1,150,239,9,17,0
1,150,240,9,0,0
1,150,241,9,9,0
1,150,242,9,0,0
1,150,243,9,9,0
1,150,244,9,17,0
1,150,245,9,0,0
1,150,246,9,9,0
1,150,247,9,9,0
1,150,248,9,16,0
1,150,249,9,8,0
1,150,250,9,0,0
1,150,251,9,9,0
1,150,252,9,16,0
1,150,253,9,8,0
1,150,254,9,0,0
1,150,255,9,9,0
1,150,256,9,11,0
1,150,257,9,8,0
1,150,258,9,0,0
1,150,259,9,9,0
1,150,260,9,16,0
1,150,261,9,8,0
1,150,262,9,0,0
1,150,263,9,15,0
1,150,264,9,0,0
1,150,265,9,9,0
1,150,266,9,9,0
1,150,267,9,9,0
1,150,268,9,0,0
1,150,269,9,15,0
1,150,270,9,0,0
1,150,271,9,9,0
1,150,272,9,9,0
1,150,273,9,9,0
1,150,274,9,0,0
1,150,275,9,15,0
1,150,276,9,0,0
1,150,277,9,9,0
1,150,278,9,9,0
1,150,279,9,9,0
1,150,280,9,0,0
1,150,281,9,15,0
1,150,282,9,0,0
1,150,283,9,9,0
1,150,284,9,9,0
1,150,285,9,9,0
1,150,286,9,0,0
1,150,287,9,15,0
1,150,288,9,0,0
1,150,289,9,9,0
1,150,290,9,9,0
1,150,291,9,9,0
1,150,292,9,0,0
1,150,293,9,15,0
1,150,294,9,0,0
1,150,295,9,9,0
1,150,296,9,9,0
1,150,297,9,9,0
1,150,298,9,0,0
1,150,299,9,15,0
1,150,300,9,0,0
1,150,301,9,9,0
1,150,302,9,9,0
1,150,303,9,9,0
1,150,304,9,0,0
1,150,305,9,15,0
1,150,306,9,0,0
1,150,307,9,9,0
1,150,308,9,9,0
1,150,309,9,9,0
1,150,310,9,0,0
1,150,311,9,15,0
1,150,312,9,0,0
1,150,313,9,9,0
1,150,314,9,9,0
1,150,315,9,9,0
1,150,316,9,0,0
1,150,317,9,15,0
1,150,318,9,0,0
1,150,319,9,9,0
1,150,320,9,9,0
1,150,321,9,9,0
1,150,322,9,0,0
1,150,323,9,15,0
1,150,324,9,0,0
1,150,325,9,9,0
1,150,326,9,9,0
1,150,327,9,9,0
1,151,152,11,8,1
1,151,153,11,0,0
1,151,154,11,9,0
1,151,155,11,17,0
1,151,156,11,0,0
1,151,157,11,9,0
1,151,158,11,0,0
1,151,159,11,9,0
1,151,160,11,17,0
1,151,161,11,0,0
1,151,162,11,9,0
1,151,163,11,9,0
1,151,164,11,16,0
1,151,165,11,8,0
1,151,166,11,0,0
1,151,167,11,9,0
1,151,168,11,16,0
1,151,169,11,8,0
1,151,170,11,0,0
1,151,171,11,9,0
1,151,172,11,11,0
1,151,173,11,8,0
1,151,174,11,0,0
1,151,175,11,9,0
1,151,176,11,17,0
1,151,177,11,0,0
1,151,178,11,9,0
1,151,179,11,0,0
1,151,180,11,9,0
1,151,181,11,17,0
1,151,182,11,0,0
1,151,183,11,9,0
1,151,184,11,9,0
1,151,185,11,16,0
1,151,186,11,8,0
1,151,187,11,0,0
1,151,188,11,9,0
1,151,189,11,16,0
1,151,190,11,8,0
1,151,191,11,0,0
1,151,192,11,9,0
1,151,193,11,11,0
1,151,194,11,8,0
1,151,195,11,0,0
1,151,196,11,9,0
1,151,197,11,17,0
1,151,198,11,0,0
1,151,199,11,9,0
1,151,200,11,0,0
1,151,201,11,9,0
1,151,202,11,17,0
1,151,203,11,0,0
1,151,204,11,9,0
1,151,205,11,9,0
1,151,206,11,16,0
1,151,207,11,8,0
1,151,208,11,0,0
1,151,209,11,9,0
1,151,210,11,16,0
1,151,211,11,8,0
1,151,212,11,0,0
1,151,213,11,9,0
1,151,214,11,11,0
1,151,215,11,8,0
1,151,216,11,0,0
1,151,217,11,9,0
1,151,218,11,17,0
1,151,219,11,0,0
1,151,220,11,9,0
1,151,221,11,0,0
1,151,222,11,9,0
1,151,223,11,17,0
1,151,224,11,0,0
1,151,225,11,9,0
1,151,226,11,9,0
1,151,227,11,16,0
1,151,228,11,8,0
1,151,229,11,0,0
1,151,230,11,9,0
1,151,231,11,16,0
1,151,232,11,8,0
1,151,233,11,0,0
1,151,234,11,9,0
1,151,235,11,11,0
1,151,236,11,8,0
1,151,237,11,0,0
1,151,238,11,9,0
1,151,239,11,17,0
1,151,240,11,0,0
1,151,241,11,9,0
1,151,242,11,0,0
1,151,243,11,9,0
1,151,244,11,17,0
1,151,245,11,0,0
1,151,246,11,9,0
1,151,247,11,9,0
1,151,248,11,16,0
1,151,249,11,8,0
1,151,250,11,0,0
1,151,251,11,9,0
1,151,252,11,16,0
1,151,253,11,8,0
1,151,254,11,0,0
1,151,255,11,9,0
1,151,256,11,11,0
1,151,257,11,8,0
1,151,258,11,0,0
1,151,259,11,9,0
1,151,260,11,16,0
1,151,261,11,8,0
1,151,262,11,0,0
1,151,263,11,15,0
1,151,264,11,0,0
1,151,265,11,9,0
1,151,266,11,9,0
1,151,267,11,9,0
1,151,268,11,0,0
1,151,269,11,15,0
1,151,270,11,0,0
1,151,271,11,9,0
1,151,272,11,9,0
1,151,273,11,9,0
1,151,274,11,0,0
1,151,275,11,15,0
1,151,276,11,0,0
1,151,277,11,9,0
1,151,278,11,9,0
1,151,279,11,9,0
1,151,280,11,0,0
1,151,281,11,15,0
1,151,282,11,0,0
1,151,283,11,9,0
1,151,284,11,9,0
1,151,285,11,9,0
1,151,286,11,0,0
1,151,287,11,15,0
1,151,288,11,0,0
1,151,289,11,9,0
1,151,290,11,9,0
1,151,291,11,9,0
1,151,292,11,0,1
1,151,293,11,15,0
1,151,294,11,0,0
1,151,295,11,9,0
1,151,296,11,9,0
1,151,297,11,9,0
1,151,298,11,0,0
1,151,299,11,15,0
1,151,300,11,0,0
1,151,301,11,9,0
1,151,302,11,9,0
1,151,303,11,9,0
1,151,304,11,0,0
1,151,305,11,15,0
1,151,306,11,0,0
1,151,307,11,9,0
1,151,308,11,9,0
1,151,309,11,9,0
1,151,310,11,0,0
1,151,311,11,15,0
1,151,312,11,0,0
1,151,313,11,9,0
1,151,314,11,9,0
1,151,315,11,9,0
1,151,316,11,0,0
1,151,317,11,15,0
1,151,318,11,0,0
1,151,319,11,9,0
1,151,320,11,9,0
1,151,321,11,9,0
1,151,322,11,0,0
1,151,323,11,15,0
1,151,324,11,0,0
1,151,325,11,9,0
1,151,326,11,9,0
1,151,327,11,9,0
1,152,153,8,0,0
1,152,154,8,9,0
1,152,155,8,17,0
1,152,156,8,0,0
1,152,157,8,9,0
1,152,158,8,0,0
1,152,159,8,9,0
1,152,160,8,17,0
1,152,161,8,0,0
1,152,162,8,9,0
1,152,163,8,9,0
1,152,164,8,16,0
1,152,165,8,8,0
1,152,166,8,0,0
1,152,167,8,9,0
1,152,168,8,16,0
1,152,169,8,8,0
1,152,170,8,0,0
1,152,171,8,9,0
1,152,172,8,11,0
1,152,173,8,8,0
1,152,174,8,0,0
1,152,175,8,9,0
1,152,176,8,17,0
1,152,177,8,0,0
1,152,178,8,9,0
1,152,179,8,0,0
1,152,180,8,9,0
1,152,181,8,17,0
1,152,182,8,0,0
1,152,183,8,9,0
1,152,184,8,9,0
1,152,185,8,16,0
1,152,186,8,8,0
1,152,187,8,0,0
1,152,188,8,9,0
1,152,189,8,16,0
1,152,190,8,8,0
1,152,191,8,0,0
1,152,192,8,9,0
1,152,193,8,11,0
1,152,194,8,8,0
1,152,195,8,0,0
1,152,196,8,9,0
1,152,197,8,17,0
1,152,198,8,0,0
1,152,199,8,9,0
1,152,200,8,0,0
1,152,201,8,9,0
1,152,202,8,17,0
1,152,203,8,0,0
1,152,204,8,9,0
1,152,205,8,9,0
1,152,206,8,16,0
1,152,207,8,8,0
1,152,208,8,0,0
1,152,209,8,9,0
1,152,210,8,16,0
1,152,211,8,8,0
1,152,212,8,0,0
1,152,213,8,9,0
1,152,214,8,11,0
1,152,215,8,8,0
1,152,216,8,0,0
1,152,217,8,9,0
1,152,218,8,17,0
1,152,219,8,0,0
1,152,220,8,9,0
1,152,221,8,0,0
1,152,222,8,9,0
1,152,223,8,17,0
1,152,224,8,0,0
1,152,225,8,9,0
1,152,226,8,9,0
1,152,227,8,16,0
1,152,228,8,8,0
1,152,229,8,0,0
1,152,230,8,9,0
1,152,231,8,16,0
1,152,232,8,8,0
1,152,233,8,0,0
1,152,234,8,9,0
1,152,235,8,11,0
1,152,236,8,8,0
1,152,237,8,0,0
1,152,238,8,9,0
1,152,239,8,17,0
1,152,240,8,0,0
1,152,241,8,9,0
1,152,242,8,0,0
1,152,243,8,9,0
1,152,244,8,17,0
1,152,245,8,0,0
1,152,246,8,9,0
1,152,247,8,9,0
1,152,248,8,16,0
1,152,249,8,8,0
1,152,250,8,0,0
1,152,251,8,9,0
1,152,252,8,16,0
1,152,253,8,8,0
1,152,254,8,0,0
1,152,255,8,9,0
1,152,256,8,11,0
1,152,257,8,8,0
1,152,258,8,0,0
1,152,259,8,9,0
1,152,260,8,16,0
1,152,261,8,8,0
1,152,262,8,0,0
1,152,263,8,15,0
1,152,264,8,0,0
1,152,265,8,9,0
1,152,266,8,9,0
1,152,267,8,9,0
1,152,268,8,0,0
1,152,269,8,15,0
1,152,270,8,0,0
1,152,271,8,9,0
1,152,272,8,9,0
1,152,273,8,9,0
1,152,274,8,0,0
1,152,275,8,15,0
1,152,276,8,0,0
1,152,277,8,9,0
1,152,278,8,9,0
1,152,279,8,9,0
1,152,280,8,0,0
1,152,281,8,15,0
1,152,282,8,0,0
1,152,283,8,9,0
1,152,284,8,9,0
1,152,285,8,9,0
1,152,286,8,0,0
1,152,287,8,15,0
1,152,288,8,0,0
1,152,289,8,9,0
1,152,290,8,9,0
1,152,291,8,9,0
1,152,292,8,0,0
1,152,293,8,15,0
1,152,294,8,0,0
1,152,295,8,9,0
1,152,296,8,9,0
1,152,297,8,9,0
1,152,298,8,0,0
1,152,299,8,15,0
1,152,300,8,0,0
1,152,301,8,9,0
1,152,302,8,9,0
1,152,303,8,9,0
1,152,304,8,0,0
1,152,305,8,15,0
1,152,306,8,0,0
1,152,307,8,9,0
1,152,308,8,9,0
1,152,309,8,9,0
1,152,310,8,0,0
1,152,311,8,15,0
1,152,312,8,0,0
1,152,313,8,9,0
1,152,314,8,9,0
1,152,315,8,9,0
1,152,316,8,0,0
1,152,317,8,15,0
1,152,318,8,0,0
1,152,319,8,9,0
1,152,320,8,9,0
1,152,321,8,9,0
1,152,322,8,0,0
1,152,323,8,15,0
1,152,324,8,0,0
1,152,325,8,9,0
1,152,326,8,9,0
1,152,327,8,9,0
1,153,154,0,9,1
1,153,155,0,17,1
1,153,156,0,0,0
1,153,157,0,9,0
1,153,158,0,0,0
1,153,159,0,9,0
1,153,160,0,17,0
1,153,161,0,0,0
1,153,162,0,9,0
1,153,163,0,9,0
1,153,164,0,16,0
1,153,165,0,8,0
1,153,166,0,0,0
1,153,167,0,9,0
1,153,168,0,16,0
1,153,169,0,8,0
1,153,170,0,0,0
1,153,171,0,9,0
1,153,172,0,11,0
1,153,173,0,8,0
1,153,174,0,0,0
1,153,175,0,9,0
1,153,176,0,17,0
1,153,177,0,0,0
1,153,178,0,9,0
1,153,179,0,0,0
1,153,180,0,9,0
1,153,181,0,17,0
1,153,182,0,0,0
1,153,183,0,9,0
1,153,184,0,9,0
1,153,185,0,16,0
1,153,186,0,8,0
1,153,187,0,0,0
1,153,188,0,9,0
1,153,189,0,16,0
1,153,190,0,8,0
1,153,191,0,0,0
1,153,192,0,9,0
1,153,193,0,11,0
1,153,194,0,8,0
1,153,195,0,0,0
1,153,196,0,9,0
1,153,197,0,17,0
1,153,198,0,0,0
1,153,199,0,9,0
1,153,200,0,0,0
1,153,201,0,9,0
1,153,202,0,17,0
1,153,203,0,0,0
1,153,204,0,9,0
1,153,205,0,9,0
1,153,206,0,16,0
1,153,207,0,8,0
1,153,208,0,0,0
1,153,209,0,9,0
1,153,210,0,16,0
1,153,211,0,8,0
1,153,212,0,0,0
1,153,213,0,9,0
1,153,214,0,11,0
1,153,215,0,8,0
1,153,216,0,0,0
1,153,217,0,9,0
1,153,218,0,17,0
1,153,219,0,0,0
1,153,220,0,9,0
1,153,221,0,0,0
1,153,222,0,9,0
1,153,223,0,17,0
1,153,224,0,0,0
1,153,225,0,9,0
1,153,226,0,9,0
1,153,227,0,16,0
1,153,228,0,8,0
1,153,229,0,0,0
1,153,230,0,9,0
1,153,231,0,16,0
1,153,232,0,8,0
1,153,233,0,0,0
1,153,234,0,9,0
1,153,235,0,11,0
1,153,236,0,8,0
1,153,237,0,0,0
1,153,238,0,9,0
1,153,239,0,17,0
1,153,240,0,0,0
1,153,241,0,9,0
1,153,242,0,0,0
1,153,243,0,9,0
1,153,244,0,17,0
1,153,245,0,0,0
1,153,246,0,9,0
1,153,247,0,9,0
1,153,248,0,16,0
1,153,249,0,8,0
1,153,250,0,0,0
1,153,251,0,9,0
1,153,252,0,16,0
1,153,253,0,8,0
1,153,254,0,0,0
1,153,255,0,9,0
1,153,256,0,11,0
1,153,257,0,8,0
1,153,258,0,0,0
1,153,259,0,9,0
1,153,260,0,16,0
1,153,261,0,8,0
1,153,262,0,0,0
1,153,263,0,15,0
1,153,264,0,0,0
1,153,265,0,9,0
1,153,266,0,9,0
1,153,267,0,9,0
1,153,268,0,0,0
1,153,269,0,15,0
1,153,270,0,0,0
1,153,271,0,9,0
1,153,272,0,9,0
1,153,273,0,9,0
1,153,274,0,0,0
1,153,275,0,15,0
1,153,276,0,0,0
1,153,277,0,9,0
1,153,278,0,9,0
1,153,279,0,9,0
1,153,280,0,0,0
1,153,281,0,15,0
1,153,282,0,0,0
1,153,283,0,9,0
1,153,284,0,9,0
1,153,285,0,9,0
1,153,286,0,0,0
1,153,287,0,15,0
1,153,288,0,0,0
1,153,289,0,9,0
1,153,290,0,9,0
1,153,291,0,9,0
1,153,292,0,0,0
1,153,293,0,15,0
1,153,294,0,0,0
1,153,295,0,9,0
1,153,296,0,9,0
1,153,297,0,9,0
1,153,298,0,0,0
1,153,299,0,15,0
1,153,300,0,0,0
1,153,301,0,9,0
1,153,302,0,9,0
1,153,303,0,9,0
1,153,304,0,0,0
1,153,305,0,15,0
1,153,306,0,0,0
1,153,307,0,9,0
1,153,308,0,9,0
1,153,309,0,9,0
1,153,310,0,0,0
1,153,311,0,15,0
1,153,312,0,0,0
1,153,313,0,9,0
1,153,314,0,9,0
1,153,315,0,9,0
1,153,316,0,0,0
1,153,317,0,15,0
1,153,318,0,0,0
1,153,319,0,9,0
1,153,320,0,9,0
1,153,321,0,9,0
1,153,322,0,0,0
1,153,323,0,15,0
1,153,324,0,0,0
1,153,325,0,9,0
1,153,326,0,9,0
1,153,327,0,9,0
1,154,155,9,17,0
1,154,156,9,0,0
1,154,157,9,9,0
1,154,158,9,0,0
1,154,159,9,9,0
1,154,160,9,17,0
1,154,161,9,0,0
1,154,162,9,9,0
1,154,163,9,9,0
1,154,164,9,16,0
1,154,165,9,8,0
1,154,166,9,0,0
1,154,167,9,9,0
1,154,168,9,16,0
1,154,169,9,8,0
1,154,170,9,0,0
1,154,171,9,9,0
1,154,172,9,11,0
1,154,173,9,8,0
1,154,174,9,0,0
1,154,175,9,9,0
1,154,176,9,17,0
1,154,177,9,0,0
1,154,178,9,9,0
1,154,179,9,0,0
1,154,180,9,9,0
1,154,181,9,17,0
1,154,182,9,0,0
1,154,183,9,9,0
1,154,184,9,9,0
1,154,185,9,16,0
1,154,186,9,8,0
1,154,187,9,0,0
1,154,188,9,9,0
1,154,189,9,16,0
1,154,190,9,8,0
1,154,191,9,0,0
1,154,192,9,9,0
1,154,193,9,11,0
1,154,194,9,8,0
1,154,195,9,0,0
1,154,196,9,9,0
1,154,197,9,17,0
1,154,198,9,0,0
1,154,199,9,9,0
1,154,200,9,0,0
1,154,201,9,9,0
1,154,202,9,17,0
1,154,203,9,0,0
1,154,204,9,9,0
1,154,205,9,9,0
1,154,206,9,16,0
1,154,207,9,8,0
1,154,208,9,0,0
1,154,209,9,9,0
1,154,210,9,16,0
1,154,211,9,8,0
1,154,212,9,0,0
1,154,213,9,9,0
1,154,214,9,11,0
1,154,215,9,8,0
1,154,216,9,0,0
1,154,217,9,9,0
1,154,218,9,17,0
1,154,219,9,0,0
1,154,220,9,9,0
1,154,221,9,0,0
1,154,222,9,9,0
1,154,223,9,17,0
1,154,224,9,0,0
1,154,225,9,9,0
1,154,226,9,9,0
1,154,227,9,16,0
1,154,228,9,8,0
1,154,229,9,0,0
1,154,230,9,9,0
1,154,231,9,16,0
1,154,232,9,8,0
1,154,233,9,0,0
1,154,234,9,9,0
1,154,235,9,11,0
1,154,236,9,8,0
1,154,237,9,0,0
1,154,238,9,9,0
1,154,239,9,17,0
1,154,240,9,0,0
1,154,241,9,9,0
1,154,242,9,0,0
1,154,243,9,9,0
1,154,244,9,17,0
1,154,245,9,0,0
1,154,246,9,9,0
1,154,247,9,9,0
1,154,248,9,16,0
1,154,249,9,8,0
1,154,250,9,0,0
1,154,251,9,9,0
1,154,252,9,16,0
1,154,253,9,8,0
1,154,254,9,0,0
1,154,255,9,9,0
1,154,256,9,11,0
1,154,257,9,8,0
1,154,258,9,0,0
1,154,259,9,9,0
1,154,260,9,16,0
1,154,261,9,8,0
1,154,262,9,0,0
1,154,263,9,15,0
1,154,264,9,0,0
1,154,265,9,9,0
1,154,266,9,9,0
1,154,267,9,9,0
1,154,268,9,0,0
1,154,269,9,15,0
1,154,270,9,0,0
1,154,271,9,9,0
1,154,272,9,9,0
1,154,273,9,9,0
1,154,274,9,0,0
1,154,275,9,15,0
1,154,276,9,0,0
1,154,277,9,9,0
1,154,278,9,9,0
1,154,279,9,9,0
1,154,280,9,0,0
1,154,281,9,15,0
1,154,282,9,0,0
1,154,283,9,9,0
1,154,284,9,9,0
1,154,285,9,9,0
1,154,286,9,0,0
1,154,287,9,15,0
1,154,288,9,0,0
1,154,289,9,9,0
1,154,290,9,9,0
1,154,291,9,9,0
1,154,292,9,0,0
1,154,293,9,15,0
1,154,294,9,0,0
1,154,295,9,9,0
1,154,296,9,9,0
1,154,297,9,9,0
1,154,298,9,0,0
1,154,299,9,15,0
1,154,300,9,0,0
1,154,301,9,9,0
1,154,302,9,9,0
1,154,303,9,9,0
1,154,304,9,0,0
1,154,305,9,15,0
1,154,306,9,0,0
1,154,307,9,9,0
1,154,308,9,9,0
1,154,309,9,9,0
1,154,310,9,0,0
1,154,311,9,15,0
1,154,312,9,0,0
1,154,313,9,9,0
1,154,314,9,9,0
1,154,315,9,9,0
1,154,316,9,0,0
1,154,317,9,15,0
1,154,318,9,0,0
1,154,319,9,9,0
1,154,320,9,9,0
1,154,321,9,9,0
1,154,322,9,0,0
1,154,323,9,15,0
1,154,324,9,0,0
1,154,325,9,9,0
1,154,326,9,9,0
1,154,327,9,9,0
1,155,156,17,0,1
1,155,157,17,9,0
1,155,158,17,0,0
1,155,159,17,9,0
1,155,160,17,17,0
1,155,161,17,0,0
1,155,162,17,9,0
1,155,163,17,9,0
1,155,164,17,16,0
1,155,165,17,8,0
1,155,166,17,0,0
1,155,167,17,9,0
1,155,168,17,16,0
1,155,169,17,8,0
1,155,170,17,0,0
1,155,171,17,9,0
1,155,172,17,11,0
1,155,173,17,8,0
1,155,174,17,0,0
1,155,175,17,9,0
1,155,176,17,17,0
1,155,177,17,0,0
1,155,178,17,9,0
1,155,179,17,0,0
1,155,180,17,9,0
1,155,181,17,17,0
1,155,182,17,0,0
1,155,183,17,9,0
1,155,184,17,9,0
1,155,185,17,16,0
1,155,186,17,8,0
1,155,187,17,0,0
1,155,188,17,9,0
1,155,189,17,16,0
1,155,190,17,8,0
1,155,191,17,0,0
1,155,192,17,9,0
1,155,193,17,11,0
1,155,194,17,8,0
1,155,195,17,0,0
1,155,196,17,9,0
1,155,197,17,17,0
1,155,198,17,0,0
1,155,199,17,9,0
1,155,200,17,0,0
1,155,201,17,9,0
1,155,202,17,17,0
1,155,203,17,0,0
1,155,204,17,9,0
1,155,205,17,9,0
1,155,206,17,16,0
1,155,207,17,8,0
1,155,208,17,0,0
1,155,209,17,9,0
1,155,210,17,16,0
1,155,211,17,8,0
1,155,212,17,0,0
1,155,213,17,9,0
1,155,214,17,11,0
1,155,215,17,8,0
1,155,216,17,0,0
1,155,217,17,9,0
1,155,218,17,17,0
1,155,219,17,0,0
1,155,220,17,9,0
1,155,221,17,0,0
1,155,222,17,9,0
1,155,223,17,17,0
1,155,224,17,0,0
1,155,225,17,9,0
1,155,226,17,9,0
1,155,227,17,16,0
1,155,228,17,8,0
1,155,229,17,0,0
1,155,230,17,9,0
1,155,231,17,16,0
1,155,232,17,8,0
1,155,233,17,0,0
1,155,234,17,9,0
1,155,235,17,11,0
1,155,236,17,8,0
1,155,237,17,0,0
1,155,238,17,9,0
1,155,239,17,17,0
1,155,240,17,0,0
1,155,241,17,9,0
1,155,242,17,0,0
1,155,243,17,9,0
1,155,244,17,17,0
1,155,245,17,0,0
1,155,246,17,9,0
1,155,247,17,9,0
1,155,248,17,16,0
1,155,249,17,8,0
1,155,250,17,0,0
1,155,251,17,9,0
1,155,252,17,16,0
1,155,253,17,8,0
1,155,254,17,0,0
1,155,255,17,9,0
1,155,256,17,11,0
1,155,257,17,8,0
1,155,258,17,0,0
1,155,259,17,9,0
1,155,260,17,16,0
1,155,261,17,8,0
1,155,262,17,0,0
1,155,263,17,15,0
1,155,264,17,0,0
1,155,265,17,9,0
1,155,266,17,9,0
1,155,267,17,9,0
1,155,268,17,0,0
1,155,269,17,15,0
1,155,270,17,0,0
1,155,271,17,9,0
1,155,272,17,9,0
1,155,273,17,9,0
1,155,274,17,0,0
1,155,275,17,15,0
1,155,276,17,0,0
1,155,277,17,9,0
1,155,278,17,9,0
1,155,279,17,9,0
1,155,280,17,0,0
1,155,281,17,15,0
1,155,282,17,0,0
1,155,283,17,9,0
1,155,284,17,9,0
1,155,285,17,9,0
1,155,286,17,0,0
1,155,287,17,15,0
1,155,288,17,0,0
1,155,289,17,9,0
1,155,290,17,9,0
1,155,291,17,9,0
1,155,292,17,0,0
1,155,293,17,15,0
1,155,294,17,0,0
1,155,295,17,9,0
1,155,296,17,9,0
1,155,297,17,9,0
1,155,298,17,0,0
1,155,299,17,15,0
1,155,300,17,0,0
1,155,301,17,9,0
1,155,302,17,9,0
1,155,303,17,9,0
1,155,304,17,0,0
1,155,305,17,15,0
1,155,306,17,0,0
1,155,307,17,9,0
1,155,308,17,9,0
1,155,309,17,9,0
1,155,310,17,0,0
1,155,311,17,15,0
1,155,312,17,0,0
1,155,313,17,9,0
1,155,314,17,9,0
1,155,315,17,9,0
1,155,316,17,0,0
1,155,317,17,15,0
1,155,318,17,0,0
1,155,319,17,9,0
1,155,320,17,9,0
1,155,321,17,9,0
1,155,322,17,0,0
1,155,323,17,15,0
1,155,324,17,0,0
1,155,325,17,9,0
1,155,326,17,9,0
1,155,327,17,9,0
1,156,157,0,9,1
1,156,158,0,0,1
1,156,159,0,9,0
1,156,160,0,17,0
1,156,161,0,0,0
1,156,162,0,9,0
1,156,163,0,9,0
1,156,164,0,16,0
1,156,165,0,8,0
1,156,166,0,0,1
1,156,167,0,9,0
1,156,168,0,16,0
1,156,169,0,8,0
1,156,170,0,0,0
1,156,171,0,9,0
1,156,172,0,11,0
1,156,173,0,8,0
1,156,174,0,0,0
1,156,175,0,9,0
1,156,176,0,17,0
1,156,177,0,0,0
1,156,178,0,9,0
1,156,179,0,0,0
1,156,180,0,9,0
1,156,181,0,17,0
1,156,182,0,0,0
1,156,183,0,9,0
1,156,184,0,9,0
1,156,185,0,16,0
1,156,186,0,8,0
1,156,187,0,0,0
1,156,188,0,9,0
1,156,189,0,16,0
1,156,190,0,8,0
1,156,191,0,0,0
1,156,192,0,9,0
1,156,193,0,11,0
1,156,194,0,8,0
1,156,195,0,0,0
1,156,196,0,9,0
1,156,197,0,17,0
1,156,198,0,0,0
1,156,199,0,9,0
1,156,200,0,0,0
1,156,201,0,9,0
1,156,202,0,17,0
1,156,203,0,0,0
1,156,204,0,9,0
1,156,205,0,9,0
1,156,206,0,16,0
1,156,207,0,8,0
1,156,208,0,0,0
1,156,209,0,9,0
1,156,210,0,16,0
1,156,211,0,8,0
1,156,212,0,0,0
1,156,213,0,9,0
1,156,214,0,11,0
1,156,215,0,8,0
1,156,216,0,0,0
1,156,217,0,9,0
1,156,218,0,17,0
1,156,219,0,0,0
1,156,220,0,9,0
1,156,221,0,0,0
1,156,222,0,9,0
1,156,223,0,17,0
1,156,224,0,0,0
1,156,225,0,9,0
1,156,226,0,9,0
1,156,227,0,16,0
1,156,228,0,8,0
1,156,229,0,0,0
1,156,230,0,9,0
1,156,231,0,16,0
1,156,232,0,8,0
1,156,233,0,0,0
1,156,234,0,9,0
1,156,235,0,11,0
1,156,236,0,8,0
1,156,237,0,0,0
1,156,238,0,9,0
1,156,239,0,17,0
1,156,240,0,0,0
1,156,241,0,9,0
1,156,242,0,0,0
1,156,243,0,9,0
1,156,244,0,17,0
1,156,245,0,0,0
1,156,246,0,9,0
1,156,247,0,9,0
1,156,248,0,16,0
1,156,249,0,8,0
1,156,250,0,0,0
1,156,251,0,9,0
1,156,252,0,16,0
1,156,253,0,8,0
1,156,254,0,0,0
1,156,255,0,9,0
1,156,256,0,11,0
1,156,257,0,8,0
1,156,258,0,0,0
1,156,259,0,9,0
1,156,260,0,16,0
1,156,261,0,8,0
1,156,262,0,0,0
1,156,263,0,15,0
1,156,264,0,0,0
1,156,265,0,9,0
1,156,266,0,9,0
1,156,267,0,9,0
1,156,268,0,0,0
1,156,269,0,15,0
1,156,270,0,0,0
1,156,271,0,9,0
1,156,272,0,9,0
1,156,273,0,9,0
1,156,274,0,0,0
1,156,275,0,15,0
1,156,276,0,0,0
1,156,277,0,9,0
1,156,278,0,9,0
1,156,279,0,9,0
1,156,280,0,0,0
1,156,281,0,15,0
1,156,282,0,0,0
1,156,283,0,9,0
1,156,284,0,9,0
1,156,285,0,9,0
1,156,286,0,0,0
1,156,287,0,15,0
1,156,288,0,0,0
1,156,289,0,9,0
1,156,290,0,9,0
1,156,291,0,9,0
1,156,292,0,0,0
1,156,293,0,15,0
1,156,294,0,0,0
1,156,295,0,9,0
1,156,296,0,9,0
1,156,297,0,9,0
1,156,298,0,0,0
1,156,299,0,15,0
1,156,300,0,0,0
1,156,301,0,9,0
1,156,302,0,9,0
1,156,303,0,9,0
1,156,304,0,0,0
1,156,305,0,15,0
1,156,306,0,0,0
1,156,307,0,9,0
1,156,308,0,9,0
1,156,309,0,9,0
1,156,310,0,0,0
1,156,311,0,15,0
1,156,312,0,0,0
1,156,313,0,9,0
1,156,314,0,9,0
1,156,315,0,9,0
1,156,316,0,0,0
1,156,317,0,15,0
1,156,318,0,0,0
1,156,319,0,9,0
1,156,320,0,9,0
1,156,321,0,9,0
1,156,322,0,0,0
1,156,323,0,15,0
1,156,324,0,0,0
1,156,325,0,9,0
1,156,326,0,9,0
1,156,327,0,9,0
1,157,158,9,0,0
1,157,159,9,9,0
1,157,160,9,17,0
1,157,161,9,0,0
1,157,162,9,9,0
1,157,163,9,9,0
1,157,164,9,16,0
1,157,165,9,8,0
1,157,166,9,0,0
1,157,167,9,9,0
1,157,168,9,16,0
1,157,169,9,8,0
1,157,170,9,0,0
1,157,171,9,9,0
1,157,172,9,11,0
1,157,173,9,8,0
1,157,174,9,0,0
1,157,175,9,9,0
1,157,176,9,17,0
1,157,177,9,0,0
1,157,178,9,9,0
1,157,179,9,0,0
1,157,180,9,9,0
1,157,181,9,17,0
1,157,182,9,0,0
1,157,183,9,9,0
1,157,184,9,9,0
1,157,185,9,16,0
1,157,186,9,8,0
1,157,187,9,0,0
1,157,188,9,9,0
1,157,189,9,16,0
1,157,190,9,8,0
1,157,191,9,0,0
1,157,192,9,9,0
1,157,193,9,11,0
1,157,194,9,8,0
1,157,195,9,0,0
1,157,196,9,9,0
1,157,197,9,17,0
1,157,198,9,0,0
1,157,199,9,9,0
1,157,200,9,0,0
1,157,201,9,9,0
1,157,202,9,17,0
1,157,203,9,0,0
1,157,204,9,9,0
1,157,205,9,9,0
1,157,206,9,16,0
1,157,207,9,8,0
1,157,208,9,0,0
1,157,209,9,9,0
1,157,210,9,16,0
1,157,211,9,8,0
1,157,212,9,0,0
1,157,213,9,9,0
1,157,214,9,11,0
1,157,215,9,8,0
1,157,216,9,0,0
1,157,217,9,9,0
1,157,218,9,17,0
1,157,219,9,0,0
1,157,220,9,9,0
1,157,221,9,0,0
1,157,222,9,9,0
1,157,223,9,17,0
1,157,224,9,0,0
1,157,225,9,9,0
1,157,226,9,9,0
1,157,227,9,16,0
1,157,228,9,8,0
1,157,229,9,0,0
1,157,230,9,9,0
1,157,231,9,16,0
1,157,232,9,8,0
1,157,233,9,0,0
1,157,234,9,9,0
1,157,235,9,11,0
1,157,236,9,8,0
1,157,237,9,0,0
1,157,238,9,9,0
1,157,239,9,17,0
1,157,240,9,0,0
1,157,241,9,9,0
1,157,242,9,0,0
1,157,243,9,9,0
1,157,244,9,17,0
1,157,245,9,0,0
1,157,246,9,9,0
1,157,247,9,9,0
1,157,248,9,16,0
1,157,249,9,8,0
1,157,250,9,0,0
1,157,251,9,9,0
1,157,252,9,16,0
1,157,253,9,8,0
1,157,254,9,0,0
1,157,255,9,9,0
1,157,256,9,11,0
1,157,257,9,8,0
1,157,258,9,0,0
1,157,259,9,9,0
1,157,260,9,16,0
1,157,261,9,8,0
1,157,262,9,0,0
1,157,263,9,15,0
1,157,264,9,0,0
1,157,265,9,9,0
1,157,266,9,9,0
1,157,267,9,9,0
1,157,268,9,0,0
1,157,269,9,15,0
1,157,270,9,0,0
1,157,271,9,9,0
1,157,272,9,9,0
1,157,273,9,9,0
1,157,274,9,0,0
1,157,275,9,15,0
1,157,276,9,0,0
1,157,277,9,9,0
1,157,278,9,9,0
1,157,279,9,9,0
1,157,280,9,0,0
1,157,281,9,15,0
1,157,282,9,0,0
1,157,283,9,9,0
1,157,284,9,9,0
1,157,285,9,9,0
1,157,286,9,0,0
1,157,287,9,15,0
1,157,288,9,0,0
1,157,289,9,9,0
1,157,290,9,9,0
1,157,291,9,9,0
1,157,292,9,0,0
1,157,293,9,15,0
1,157,294,9,0,0
1,157,295,9,9,0
1,157,296,9,9,0
1,157,297,9,9,0
1,157,298,9,0,0
1,157,299,9,15,0
1,157,300,9,0,0
1,157,301,9,9,0
1,157,302,9,9,0
1,157,303,9,9,0
1,157,304,9,0,0
1,157,305,9,15,0
1,157,306,9,0,0
1,157,307,9,9,0
1,157,308,9,9,0
1,157,309,9,9,0
1,157,310,9,0,0
1,157,311,9,15,0
1,157,312,9,0,0
1,157,313,9,9,0
1,157,314,9,9,0
1,157,315,9,9,0
1,157,316,9,0,0
1,157,317,9,15,0
1,157,318,9,0,0
1,157,319,9,9,0
1,157,320,9,9,0
1,157,321,9,9,0
1,157,322,9,0,0
1,157,323,9,15,0
1,157,324,9,0,0
1,157,325,9,9,0
1,157,326,9,9,0
1,157,327,9,9,0
1,158,159,0,9,1
1,158,160,0,17,1
1,158,161,0,0,1
1,158,162,0,9,0
1,158,163,0,9,0
1,158,164,0,16,0
1,158,165,0,8,0
1,158,166,0,0,0
1,158,167,0,9,0
1,158,168,0,16,0
1,158,169,0,8,0
1,158,170,0,0,0
1,158,171,0,9,0
1,158,172,0,11,0
1,158,173,0,8,0
1,158,174,0,0,0
1,158,175,0,9,0
1,158,176,0,17,0
1,158,177,0,0,0
1,158,178,0,9,0
1,158,179,0,0,0
1,158,180,0,9,0
1,158,181,0,17,0
1,158,182,0,0,0
1,158,183,0,9,0
1,158,184,0,9,0
1,158,185,0,16,0
1,158,186,0,8,0
1,158,187,0,0,0
1,158,188,0,9,0
1,158,189,0,16,0
1,158,190,0,8,0
1,158,191,0,0,0
1,158,192,0,9,0
1,158,193,0,11,0
1,158,194,0,8,0
1,158,195,0,0,0
1,158,196,0,9,0
1,158,197,0,17,0
1,158,198,0,0,0
1,158,199,0,9,0
1,158,200,0,0,0
1,158,201,0,9,0
1,158,202,0,17,0
1,158,203,0,0,0
1,158,204,0,9,0
1,158,205,0,9,0
1,158,206,0,16,0
1,158,207,0,8,0
1,158,208,0,0,0
1,158,209,0,9,0
1,158,210,0,16,0
1,158,211,0,8,0
1,158,212,0,0,0
1,158,213,0,9,0
1,158,214,0,11,0
1,158,215,0,8,0
1,158,216,0,0,0
1,158,217,0,9,0
1,158,218,0,17,0
1,158,219,0,0,0
1,158,220,0,9,0
1,158,221,0,0,0
1,158,222,0,9,0
1,158,223,0,17,0
1,158,224,0,0,0
1,158,225,0,9,0
1,158,226,0,9,0
1,158,227,0,16,0
1,158,228,0,8,0
1,158,229,0,0,0
1,158,230,0,9,0
1,158,231,0,16,0
1,158,232,0,8,0
1,158,233,0,0,0
1,158,234,0,9,0
1,158,235,0,11,0
1,158,236,0,8,0
1,158,237,0,0,0
1,158,238,0,9,0
1,158,239,0,17,0
1,158,240,0,0,0
1,158,241,0,9,0
1,158,242,0,0,0
1,158,243,0,9,0
1,158,244,0,17,0
1,158,245,0,0,0
1,158,246,0,9,0
1,158,247,0,9,0
1,158,248,0,16,0
1,158,249,0,8,0
1,158,250,0,0,0
1,158,251,0,9,0
1,158,252,0,16,0
1,158,253,0,8,0
1,158,254,0,0,0
1,158,255,0,9,0
1,158,256,0,11,0
1,158,257,0,8,0
1,158,258,0,0,0
1,158,259,0,9,0
1,158,260,0,16,0
1,158,261,0,8,0
1,158,262,0,0,0
1,158,263,0,15,0
1,158,264,0,0,0
1,158,265,0,9,0
1,158,266,0,9,0
1,158,267,0,9,0
1,158,268,0,0,0
1,158,269,0,15,0
1,158,270,0,0,0
1,158,271,0,9,0
1,158,272,0,9,0
1,158,273,0,9,0
1,158,274,0,0,0
1,158,275,0,15,0
1,158,276,0,0,0
1,158,277,0,9,0
1,158,278,0,9,0
1,158,279,0,9,0
1,158,280,0,0,0
1,158,281,0,15,0
1,158,282,0,0,0
1,158,283,0,9,0
1,158,284,0,9,0
1,158,285,0,9,0
1,158,286,0,0,0
1,158,287,0,15,0
1,158,288,0,0,0
1,158,289,0,9,0
1,158,290,0,9,0
1,158,291,0,9,0
1,158,292,0,0,0
1,158,293,0,15,0
1,158,294,0,0,0
1,158,295,0,9,0
1,158,296,0,9,0
1,158,297,0,9,0
1,158,298,0,0,0
1,158,299,0,15,0
1,158,300,0,0,0
1,158,301,0,9,0
1,158,302,0,9,0
1,158,303,0,9,0
1,158,304,0,0,0
1,158,305,0,15,0
1,158,306,0,0,0
1,158,307,0,9,0
1,158,308,0,9,0
1,158,309,0,9,0
1,158,310,0,0,0
1,158,311,0,15,0
1,158,312,0,0,0
1,158,313,0,9,0
1,158,314,0,9,0
1,158,315,0,9,0
1,158,316,0,0,0
1,158,317,0,15,0
1,158,318,0,0,0
1,158,319,0,9,0
1,158,320,0,9,0
1,158,321,0,9,0
1,158,322,0,0,0
1,158,323,0,15,0
1,158,324,0,0,0
1,158,325,0,9,0
1,158,326,0,9,0
1,158,327,0,9,0
1,159,160,9,17,0
1,159,161,9,0,0
1,159,162,9,9,0
1,159,163,9,9,0
1,159,164,9,16,0
1,159,165,9,8,0
1,159,166,9,0,0
1,159,167,9,9,0
1,159,168,9,16,0
1,159,169,9,8,0
1,159,170,9,0,0
1,159,171,9,9,0
1,159,172,9,11,0
1,159,173,9,8,0
1,159,174,9,0,0
1,159,175,9,9,0
1,159,176,9,17,0
1,159,177,9,0,0
1,159,178,9,9,0
1,159,179,9,0,0
1,159,180,9,9,0
1,159,181,9,17,0
1,159,182,9,0,0
1,159,183,9,9,0
1,159,184,9,9,0
1,159,185,9,16,0
1,159,186,9,8,0
1,159,187,9,0,0
1,159,188,9,9,0
1,159,189,9,16,0
1,159,190,9,8,0
1,159,191,9,0,0
1,159,192,9,9,0
1,159,193,9,11,0
1,159,194,9,8,0
1,159,195,9,0,0
1,159,196,9,9,0
1,159,197,9,17,0
1,159,198,9,0,0
1,159,199,9,9,0
1,159,200,9,0,0
1,159,201,9,9,0
1,159,202,9,17,0
1,159,203,9,0,0
1,159,204,9,9,0
1,159,205,9,9,0
1,159,206,9,16,0
1,159,207,9,8,0
1,159,208,9,0,0
1,159,209,9,9,0
1,159,210,9,16,0
1,159,211,9,8,0
1,159,212,9,0,0
1,159,213,9,9,0
1,159,214,9,11,0
1,159,215,9,8,0
1,159,216,9,0,0
1,159,217,9,9,0
1,159,218,9,17,0
1,159,219,9,0,0
1,159,220,9,9,0
1,159,221,9,0,0
1,159,222,9,9,0
1,159,223,9,17,0
1,159,224,9,0,0
1,159,225,9,9,0
1,159,226,9,9,0
1,159,227,9,16,0
1,159,228,9,8,0
1,159,229,9,0,0
1,159,230,9,9,0
1,159,231,9,16,0
1,159,232,9,8,0
1,159,233,9,0,0
1,159,234,9,9,0
1,159,235,9,11,0
1,159,236,9,8,0
1,159,237,9,0,0
1,159,238,9,9,0
1,159,239,9,17,0
1,159,240,9,0,0
1,159,241,9,9,0
1,159,242,9,0,0
1,159,243,9,9,0
1,159,244,9,17,0
1,159,245,9,0,0
1,159,246,9,9,0
1,159,247,9,9,0
1,159,248,9,16,0
1,159,249,9,8,0
1,159,250,9,0,0
1,159,251,9,9,0
1,159,252,9,16,0
1,159,253,9,8,0
1,159,254,9,0,0
1,159,255,9,9,0
1,159,256,9,11,0
1,159,257,9,8,0
1,159,258,9,0,0
1,159,259,9,9,0
1,159,260,9,16,0
1,159,261,9,8,0
1,159,262,9,0,0
1,159,263,9,15,0
1,159,264,9,0,0
1,159,265,9,9,0
1,159,266,9,9,0
1,159,267,9,9,0
1,159,268,9,0,0
1,159,269,9,15,0
1,159,270,9,0,0
1,159,271,9,9,0
1,159,272,9,9,0
1,159,273,9,9,0
1,159,274,9,0,0
1,159,275,9,15,0
1,159,276,9,0,0
1,159,277,9,9,0
1,159,278,9,9,0
1,159,279,9,9,0
1,159,280,9,0,0
1,159,281,9,15,0
1,159,282,9,0,0
1,159,283,9,9,0
1,159,284,9,9,0
1,159,285,9,9,0
1,159,286,9,0,0
1,159,287,9,15,0
1,159,288,9,0,0
1,159,289,9,9,0
1,159,290,9,9,0
1,159,291,9,9,0
1,159,292,9,0,0
1,159,293,9,15,0
1,159,294,9,0,0
1,159,295,9,9,0
1,159,296,9,9,0
1,159,297,9,9,0
1,159,298,9,0,0
1,159,299,9,15,0
1,159,300,9,0,0
1,159,301,9,9,0
1,159,302,9,9,0
1,159,303,9,9,0
1,159,304,9,0,0
1,159,305,9,15,0
1,159,306,9,0,0
1,159,307,9,9,0
1,159,308,9,9,0
1,159,309,9,9,0
1,159,310,9,0,0
1,159,311,9,15,0
1,159,312,9,0,0
1,159,313,9,9,0
1,159,314,9,9,0
1,159,315,9,9,0
1,159,316,9,0,0
1,159,317,9,15,0
1,159,318,9,0,0
1,159,319,9,9,0
1,159,320,9,9,0
1,159,321,9,9,0
1,159,322,9,0,0
1,159,323,9,15,0
1,159,324,9,0,0
1,159,325,9,9,0
1,159,326,9,9,0
1,159,327,9,9,0
1,160,161,17,0,0
1,160,162,17,9,0
1,160,163,17,9,0
1,160,164,17,16,0
1,160,165,17,8,0
1,160,166,17,0,0
1,160,167,17,9,0
1,160,168,17,16,0
1,160,169,17,8,0
1,160,170,17,0,0
1,160,171,17,9,0
1,160,172,17,11,0
1,160,173,17,8,0
1,160,174,17,0,1
1,160,175,17,9,0
1,160,176,17,17,0
1,160,177,17,0,0
1,160,178,17,9,0
1,160,179,17,0,0
1,160,180,17,9,0
1,160,181,17,17,0
1,160,182,17,0,0
1,160,183,17,9,0
1,160,184,17,9,0
1,160,185,17,16,0
1,160,186,17,8,0
1,160,187,17,0,0
1,160,188,17,9,0
1,160,189,17,16,0
1,160,190,17,8,0
1,160,191,17,0,0
1,160,192,17,9,0
1,160,193,17,11,0
1,160,194,17,8,0
1,160,195,17,0,0
1,160,196,17,9,0
1,160,197,17,17,0
1,160,198,17,0,0
1,160,199,17,9,0
1,160,200,17,0,0
1,160,201,17,9,0
1,160,202,17,17,0
1,160,203,17,0,0
1,160,204,17,9,0
1,160,205,17,9,0
1,160,206,17,16,0
1,160,207,17,8,0
1,160,208,17,0,0
1,160,209,17,9,0
1,160,210,17,16,0
1,160,211,17,8,0
1,160,212,17,0,0
1,160,213,17,9,0
1,160,214,17,11,0
1,160,215,17,8,0
1,160,216,17,0,0
1,160,217,17,9,0
1,160,218,17,17,0
1,160,219,17,0,0
1,160,220,17,9,0
1,160,221,17,0,0
1,160,222,17,9,0
1,160,223,17,17,0
1,160,224,17,0,0
1,160,225,17,9,0
1,160,226,17,9,0
1,160,227,17,16,0
1,160,228,17,8,0
1,160,229,17,0,0
1,160,230,17,9,0
1,160,231,17,16,0
1,160,232,17,8,0
1,160,233,17,0,0
1,160,234,17,9,0
1,160,235,17,11,0
1,160,236,17,8,0
1,160,237,17,0,0
1,160,238,17,9,0
1,160,239,17,17,0
1,160,240,17,0,0
1,160,241,17,9,0
1,160,242,17,0,0
1,160,243,17,9,0
1,160,244,17,17,0
1,160,245,17,0,0
1,160,246,17,9,0
1,160,247,17,9,0
1,160,248,17,16,0
1,160,249,17,8,0
1,160,250,17,0,0
1,160,251,17,9,0
1,160,252,17,16,0
1,160,253,17,8,0
1,160,254,17,0,0
1,160,255,17,9,0
1,160,256,17,11,0
1,160,257,17,8,0
1,160,258,17,0,0
1,160,259,17,9,0
1,160,260,17,16,0
1,160,261,17,8,0
1,160,262,17,0,0
1,160,263,17,15,0
1,160,264,17,0,0
1,160,265,17,9,0
1,160,266,17,9,0
1,160,267,17,9,0
1,160,268,17,0,0
1,160,269,17,15,0
1,160,270,17,0,0
1,160,271,17,9,0
1,160,272,17,9,0
1,160,273,17,9,0
1,160,274,17,0,0
1,160,275,17,15,0
1,160,276,17,0,0
1,160,277,17,9,0
1,160,278,17,9,0
1,160,279,17,9,0
1,160,280,17,0,0
1,160,281,17,15,0
1,160,282,17,0,0
1,160,283,17,9,0
1,160,284,17,9,0
1,160,285,17,9,0
1,160,286,17,0,0
1,160,287,17,15,0
1,160,288,17,0,0
1,160,289,17,9,0
1,160,290,17,9,0
1,160,291,17,9,0
1,160,292,17,0,0
1,160,293,17,15,0
1,160,294,17,0,0
1,160,295,17,9,0
1,160,296,17,9,0
1,160,297,17,9,0
1,160,298,17,0,0
1,160,299,17,15,0
1,160,300,17,0,0
1,160,301,17,9,0
1,160,302,17,9,0
1,160,303,17,9,0
1,160,304,17,0,0
1,160,305,17,15,0
1,160,306,17,0,0
1,160,307,17,9,0
1,160,308,17,9,0
1,160,309,17,9,0
1,160,310,17,0,0
1,160,311,17,15,0
1,160,312,17,0,0
1,160,313,17,9,0
1,160,314,17,9,0
1,160,315,17,9,0
1,160,316,17,0,0
1,160,317,17,15,0
1,160,318,17,0,0
1,160,319,17,9,0
1,160,320,17,9,0
1,160,321,17,9,0
1,160,322,17,0,0
1,160,323,17,15,0
1,160,324,17,0,0
1,160,325,17,9,0
1,160,326,17,9,0
1,160,327,17,9,0
1,161,162,0,9,1
1,161,163,0,9,1
1,161,164,0,16,1
1,161,165,0,8,0
1,161,166,0,0,0
1,161,167,0,9,0
1,161,168,0,16,0
1,161,169,0,8,0
1,161,170,0,0,0
1,161,171,0,9,0
1,161,172,0,11,0
1,161,173,0,8,0
1,161,174,0,0,0
1,161,175,0,9,0
1,161,176,0,17,0
1,161,177,0,0,0
1,161,178,0,9,0
1,161,179,0,0,0
1,161,180,0,9,0
1,161,181,0,17,0
1,161,182,0,0,0
1,161,183,0,9,0
1,161,184,0,9,0
1,161,185,0,16,0
1,161,186,0,8,0
1,161,187,0,0,0
1,161,188,0,9,0
1,161,189,0,16,0
1,161,190,0,8,0
1,161,191,0,0,0
1,161,192,0,9,0
1,161,193,0,11,0
1,161,194,0,8,0
1,161,195,0,0,0
1,161,196,0,9,0
1,161,197,0,17,0
1,161,198,0,0,0
1,161,199,0,9,0
1,161,200,0,0,0
1,161,201,0,9,0
1,161,202,0,17,0
1,161,203,0,0,0
1,161,204,0,9,0
1,161,205,0,9,0
1,161,206,0,16,0
1,161,207,0,8,0
1,161,208,0,0,0
1,161,209,0,9,0
1,161,210,0,16,0
1,161,211,0,8,0
1,161,212,0,0,0
1,161,213,0,9,0
1,161,214,0,11,0
1,161,215,0,8,0
1,161,216,0,0,0
1,161,217,0,9,0
1,161,218,0,17,0
1,161,219,0,0,0
1,161,220,0,9,0
1,161,221,0,0,0
1,161,222,0,9,0
1,161,223,0,17,0
1,161,224,0,0,0
1,161,225,0,9,0
1,161,226,0,9,0
1,161,227,0,16,0
1,161,228,0,8,0
1,161,229,0,0,0
1,161,230,0,9,0
1,161,231,0,16,0
1,161,232,0,8,0
1,161,233,0,0,0
1,161,234,0,9,0
1,161,235,0,11,0
1,161,236,0,8,0
1,161,237,0,0,0
1,161,238,0,9,0
1,161,239,0,17,0
1,161,240,0,0,0
1,161,241,0,9,0
1,161,242,0,0,0
1,161,243,0,9,0
1,161,244,0,17,0
1,161,245,0,0,0
1,161,246,0,9,0
1,161,247,0,9,0
1,161,248,0,16,0
1,161,249,0,8,0
1,161,250,0,0,0
1,161,251,0,9,0
1,161,252,0,16,0
1,161,253,0,8,0
1,161,254,0,0,0
1,161,255,0,9,0
1,161,256,0,11,0
1,161,257,0,8,0
1,161,258,0,0,0
1,161,259,0,9,0
1,161,260,0,16,0
1,161,261,0,8,0
1,161,262,0,0,0
1,161,263,0,15,0
1,161,264,0,0,0
1,161,265,0,9,0
1,161,266,0,9,0
1,161,267,0,9,0
1,161,268,0,0,0
1,161,269,0,15,0
1,161,270,0,0,0
1,161,271,0,9,0
1,161,272,0,9,0
1,161,273,0,9,0
1,161,274,0,0,0
1,161,275,0,15,0
1,161,276,0,0,0
1,161,277,0,9,0
1,161,278,0,9,0
1,161,279,0,9,0
1,161,280,0,0,0
1,161,281,0,15,0
1,161,282,0,0,0
1,161,283,0,9,0
1,161,284,0,9,0
1,161,285,0,9,0
1,161,286,0,0,0
1,161,287,0,15,0
1,161,288,0,0,0
1,161,289,0,9,0
1,161,290,0,9,0
1,161,291,0,9,0
1,161,292,0,0,0
1,161,293,0,15,0
1,161,294,0,0,0
1,161,295,0,9,0
1,161,296,0,9,0
1,161,297,0,9,0
1,161,298,0,0,0
1,161,299,0,15,0
1,161,300,0,0,0
1,161,301,0,9,0
1,161,302,0,9,0
1,161,303,0,9,0
1,161,304,0,0,0
1,161,305,0,15,0
1,161,306,0,0,0
1,161,307,0,9,0
1,161,308,0,9,0
1,161,309,0,9,0
1,161,310,0,0,0
1,161,311,0,15,0
1,161,312,0,0,0
1,161,313,0,9,0
1,161,314,0,9,0
1,161,315,0,9,0
1,161,316,0,0,0
1,161,317,0,15,0
1,161,318,0,0,0
1,161,319,0,9,0
1,161,320,0,9,0
1,161,321,0,9,0
1,161,322,0,0,0
1,161,323,0,15,0
1,161,324,0,0,0
1,161,325,0,9,0
1,161,326,0,9,0
1,161,327,0,9,0
1,162,163,9,9,0
1,162,164,9,16,0
1,162,165,9,8,0
1,162,166,9,0,0
1,162,167,9,9,0
1,162,168,9,16,0
1,162,169,9,8,0
1,162,170,9,0,0
1,162,171,9,9,0
1,162,172,9,11,0
1,162,173,9,8,0
1,162,174,9,0,0
1,162,175,9,9,0
1,162,176,9,17,0
1,162,177,9,0,0
1,162,178,9,9,0
1,162,179,9,0,0
1,162,180,9,9,0
1,162,181,9,17,0
1,162,182,9,0,0
1,162,183,9,9,0
1,162,184,9,9,0
1,162,185,9,16,0
1,162,186,9,8,0
1,162,187,9,0,0
1,162,188,9,9,0
1,162,189,9,16,0
1,162,190,9,8,0
1,162,191,9,0,0
1,162,192,9,9,0
1,162,193,9,11,0
1,162,194,9,8,0
1,162,195,9,0,0
1,162,196,9,9,0
1,162,197,9,17,0
1,162,198,9,0,0
1,162,199,9,9,0
1,162,200,9,0,0
1,162,201,9,9,0
1,162,202,9,17,0
1,162,203,9,0,0
1,162,204,9,9,0
1,162,205,9,9,0
1,162,206,9,16,0
1,162,207,9,8,0
1,162,208,9,0,0
1,162,209,9,9,0
1,162,210,9,16,0
1,162,211,9,8,0
1,162,212,9,0,0
1,162,213,9,9,0
1,162,214,9,11,0
1,162,215,9,8,0
1,162,216,9,0,0
1,162,217,9,9,0
1,162,218,9,17,0
1,162,219,9,0,0
1,162,220,9,9,0
1,162,221,9,0,0
1,162,222,9,9,0
1,162,223,9,17,0
1,162,224,9,0,0
1,162,225,9,9,0
1,162,226,9,9,0
1,162,227,9,16,0
1,162,228,9,8,0
1,162,229,9,0,0
1,162,230,9,9,0
1,162,231,9,16,0
1,162,232,9,8,0
1,162,233,9,0,0
1,162,234,9,9,0
1,162,235,9,11,0
1,162,236,9,8,0
1,162,237,9,0,0
1,162,238,9,9,0
1,162,239,9,17,0
1,162,240,9,0,0
1,162,241,9,9,0
1,162,242,9,0,0
1,162,243,9,9,0
1,162,244,9,17,0
1,162,245,9,0,0
1,162,246,9,9,0
1,162,247,9,9,0
1,162,248,9,16,0
1,162,249,9,8,0
1,162,250,9,0,0
1,162,251,9,9,0
1,162,252,9,16,0
1,162,253,9,8,0
1,162,254,9,0,0
1,162,255,9,9,0
1,162,256,9,11,0
1,162,257,9,8,0
1,162,258,9,0,0
1,162,259,9,9,0
1,162,260,9,16,0
1,162,261,9,8,0
1,162,262,9,0,0
1,162,263,9,15,0
1,162,264,9,0,0
1,162,265,9,9,0
1,162,266,9,9,0
1,162,267,9,9,0
1,162,268,9,0,0
1,162,269,9,15,0
1,162,270,9,0,0
1,162,271,9,9,0
1,162,272,9,9,0
1,162,273,9,9,0
1,162,274,9,0,0
1,162,275,9,15,0
1,162,276,9,0,0
1,162,277,9,9,0
1,162,278,9,9,0
1,162,279,9,9,0
1,162,280,9,0,0
1,162,281,9,15,0
1,162,282,9,0,0
1,162,283,9,9,0
1,162,284,9,9,0
1,162,285,9,9,0
1,162,286,9,0,0
1,162,287,9,15,0
1,162,288,9,0,0
1,162,289,9,9,0
1,162,290,9,9,0
1,162,291,9,9,0
1,162,292,9,0,0
1,162,293,9,15,0
1,162,294,9,0,0
1,162,295,9,9,0
1,162,296,9,9,0
1,162,297,9,9,0
1,162,298,9,0,0
1,162,299,9,15,0
1,162,300,9,0,0
1,162,301,9,9,0
1,162,302,9,9,0
1,162,303,9,9,0
1,162,304,9,0,0
1,162,305,9,15,0
1,162,306,9,0,0
1,162,307,9,9,0
1,162,308,9,9,0
1,162,309,9,9,0
1,162,310,9,0,0
1,162,311,9,15,0
1,162,312,9,0,0
1,162,313,9,9,0
1,162,314,9,9,0
1,162,315,9,9,0
1,162,316,9,0,0
1,162,317,9,15,0
1,162,318,9,0,0
1,162,319,9,9,0
1,162,320,9,9,0
1,162,321,9,9,0
1,162,322,9,0,0
1,162,323,9,15,0
1,162,324,9,0,0
1,162,325,9,9,0
1,162,326,9,9,0
1,162,327,9,9,0
1,163,164,9,16,0
1,163,165,9,8,0
1,163,166,9,0,0
1,163,167,9,9,0
1,163,168,9,16,0
1,163,169,9,8,0
1,163,170,9,0,0
1,163,171,9,9,0
1,163,172,9,11,0
1,163,173,9,8,0
1,163,174,9,0,0
1,163,175,9,9,0
1,163,176,9,17,0
1,163,177,9,0,0
1,163,178,9,9,0
1,163,179,9,0,0
1,163,180,9,9,0
1,163,181,9,17,0
1,163,182,9,0,0
1,163,183,9,9,0
1,163,184,9,9,0
1,163,185,9,16,0
1,163,186,9,8,0
1,163,187,9,0,0
1,163,188,9,9,0
1,163,189,9,16,0
1,163,190,9,8,0
1,163,191,9,0,0
1,163,192,9,9,0
1,163,193,9,11,0
1,163,194,9,8,0
1,163,195,9,0,0
1,163,196,9,9,0
1,163,197,9,17,0
1,163,198,9,0,0
1,163,199,9,9,0
1,163,200,9,0,0
1,163,201,9,9,0
1,163,202,9,17,0
1,163,203,9,0,0
1,163,204,9,9,0
1,163,205,9,9,0
1,163,206,9,16,0
1,163,207,9,8,0
1,163,208,9,0,0
1,163,209,9,9,0
1,163,210,9,16,0
1,163,211,9,8,0
1,163,212,9,0,0
1,163,213,9,9,0
1,163,214,9,11,0
1,163,215,9,8,0
1,163,216,9,0,0
1,163,217,9,9,0
1,163,218,9,17,0
1,163,219,9,0,0
1,163,220,9,9,0
1,163,221,9,0,0
1,163,222,9,9,0
1,163,223,9,17,0
1,163,224,9,0,0
1,163,225,9,9,0
1,163,226,9,9,0
1,163,227,9,16,0
1,163,228,9,8,0
1,163,229,9,0,0
1,163,230,9,9,0
1,163,231,9,16,0
1,163,232,9,8,0
1,163,233,9,0,0
1,163,234,9,9,0
1,163,235,9,11,0
1,163,236,9,8,0
1,163,237,9,0,0
1,163,238,9,9,0
1,163,239,9,17,0
1,163,240,9,0,0
1,163,241,9,9,0
1,163,242,9,0,0
1,163,243,9,9,0
1,163,244,9,17,0
1,163,245,9,0,0
1,163,246,9,9,0
1,163,247,9,9,0
1,163,248,9,16,0
1,163,249,9,8,0
1,163,250,9,0,0
1,163,251,9,9,0
1,163,252,9,16,0
1,163,253,9,8,0
1,163,254,9,0,0
1,163,255,9,9,0
1,163,256,9,11,0
1,163,257,9,8,0
1,163,258,9,0,0
1,163,259,9,9,0
1,163,260,9,16,0
1,163,261,9,8,0
1,163,262,9,0,0
1,163,263,9,15,0
1,163,264,9,0,0
1,163,265,9,9,0
1,163,266,9,9,0
1,163,267,9,9,0
1,163,268,9,0,0
1,163,269,9,15,0
1,163,270,9,0,0
1,163,271,9,9,0
1,163,272,9,9,0
1,163,273,9,9,0
1,163,274,9,0,0
1,163,275,9,15,0
1,163,276,9,0,0
1,163,277,9,9,0
1,163,278,9,9,0
1,163,279,9,9,0
1,163,280,9,0,0
1,163,281,9,15,0
1,163,282,9,0,0
1,163,283,9,9,0
1,163,284,9,9,0
1,163,285,9,9,0
1,163,286,9,0,0
1,163,287,9,15,0
1,163,288,9,0,0
1,163,289,9,9,0
1,163,290,9,9,0
1,163,291,9,9,0
1,163,292,9,0,0
1,163,293,9,15,0
1,163,294,9,0,0
1,163,295,9,9,0
1,163,296,9,9,0
1,163,297,9,9,0
1,163,298,9,0,0
1,163,299,9,15,0
1,163,300,9,0,0
1,163,301,9,9,0
1,163,302,9,9,0
1,163,303,9,9,0
1,163,304,9,0,0
1,163,305,9,15,0
1,163,306,9,0,0
1,163,307,9,9,0
1,163,308,9,9,0
1,163,309,9,9,0
1,163,310,9,0,0
1,163,311,9,15,0
1,163,312,9,0,0
1,163,313,9,9,0
1,163,314,9,9,0
1,163,315,9,9,0
1,163,316,9,0,0
1,163,317,9,15,0
1,163,318,9,0,0
1,163,319,9,9,0
1,163,320,9,9,0
1,163,321,9,9,0
1,163,322,9,0,0
1,163,323,9,15,0
1,163,324,9,0,0
1,163,325,9,9,0
1,163,326,9,9,0
1,163,327,9,9,0
1,164,165,16,8,1
1,164,166,16,0,0
1,164,167,16,9,0
1,164,168,16,16,0
1,164,169,16,8,0
1,164,170,16,0,0
1,164,171,16,9,0
1,164,172,16,11,0
1,164,173,16,8,0
1,164,174,16,0,0
1,164,175,16,9,0
1,164,176,16,17,0
1,164,177,16,0,0
1,164,178,16,9,0
1,164,179,16,0,0
1,164,180,16,9,0
1,164,181,16,17,0
1,164,182,16,0,0
1,164,183,16,9,0
1,164,184,16,9,0
1,164,185,16,16,0
1,164,186,16,8,0
1,164,187,16,0,0
1,164,188,16,9,0
1,164,189,16,16,0
1,164,190,16,8,0
1,164,191,16,0,0
1,164,192,16,9,0
1,164,193,16,11,0
1,164,194,16,8,0
1,164,195,16,0,0
1,164,196,16,9,0
1,164,197,16,17,0
1,164,198,16,0,0
1,164,199,16,9,0
1,164,200,16,0,0
1,164,201,16,9,0
1,164,202,16,17,0
1,164,203,16,0,0
1,164,204,16,9,0
1,164,205,16,9,0
1,164,206,16,16,0
1,164,207,16,8,0
1,164,208,16,0,0
1,164,209,16,9,0
1,164,210,16,16,0
1,164,211,16,8,0
1,164,212,16,0,0
1,164,213,16,9,0
1,164,214,16,11,0
1,164,215,16,8,0
1,164,216,16,0,0
1,164,217,16,9,0
1,164,218,16,17,0
1,164,219,16,0,0
1,164,220,16,9,0
1,164,221,16,0,0
1,164,222,16,9,0
1,164,223,16,17,0
1,164,224,16,0,0
1,164,225,16,9,0
1,164,226,16,9,0
1,164,227,16,16,0
1,164,228,16,8,0
1,164,229,16,0,0
1,164,230,16,9,0
1,164,231,16,16,0
1,164,232,16,8,0
1,164,233,16,0,0
1,164,234,16,9,0
1,164,235,16,11,0
1,164,236,16,8,0
1,164,237,16,0,0
1,164,238,16,9,0
1,164,239,16,17,0
1,164,240,16,0,0
1,164,241,16,9,0
1,164,242,16,0,0
1,164,243,16,9,0
1,164,244,16,17,0
1,164,245,16,0,0
1,164,246,16,9,0
1,164,247,16,9,0
1,164,248,16,16,0
1,164,249,16,8,0
1,164,250,16,0,0
1,164,251,16,9,0
1,164,252,16,16,0
1,164,253,16,8,0
1,164,254,16,0,0
1,164,255,16,9,0
1,164,256,16,11,0
1,164,257,16,8,0
1,164,258,16,0,0
1,164,259,16,9,0
1,164,260,16,16,0
1,164,261,16,8,0
1,164,262,16,0,0
1,164,263,16,15,0
1,164,264,16,0,0
1,164,265,16,9,0
1,164,266,16,9,0
1,164,267,16,9,0
1,164,268,16,0,0
1,164,269,16,15,0
1,164,270,16,0,0
1,164,271,16,9,0
1,164,272,16,9,0
1,164,273,16,9,0
1,164,274,16,0,0
1,164,275,16,15,0
1,164,276,16,0,0
1,164,277,16,9,0
1,164,278,16,9,0
1,164,279,16,9,0
1,164,280,16,0,0
1,164,281,16,15,0
1,164,282,16,0,0
1,164,283,16,9,0
1,164,284,16,9,0
1,164,285,16,9,0
1,164,286,16,0,0
1,164,287,16,15,0
1,164,288,16,0,0
1,164,289,16,9,0
1,164,290,16,9,0
1,164,291,16,9,0
1,164,292,16,0,0
1,164,293,16,15,0
1,164,294,16,0,0
1,164,295,16,9,0
1,164,296,16,9,0
1,164,297,16,9,0
1,164,298,16,0,0
1,164,299,16,15,0
1,164,300,16,0,0
1,164,301,16,9,0
1,164,302,16,9,0
1,164,303,16,9,0
1,164,304,16,0,0
1,164,305,16,15,0
1,164,306,16,0,0
1,164,307,16,9,0
1,164,308,16,9,0
1,164,309,16,9,0
1,164,310,16,0,0
1,164,311,16,15,0
1,164,312,16,0,0
1,164,313,16,9,0
1,164,314,16,9,0
1,164,315,16,9,0
1,164,316,16,0,0
1,164,317,16,15,0
1,164,318,16,0,0
1,164,319,16,9,0
1,164,320,16,9,0
1,164,321,16,9,0
1,164,322,16,0,0
1,164,323,16,15,0
1,164,324,16,0,0
1,164,325,16,9,0
1,164,326,16,9,0
1,164,327,16,9,0
1,165,166,8,0,0
1,165,167,8,9,0
1,165,168,8,16,0
1,165,169,8,8,0
1,165,170,8,0,0
1,165,171,8,9,0
1,165,172,8,11,0
1,165,173,8,8,0
1,165,174,8,0,0
1,165,175,8,9,0
1,165,176,8,17,0
1,165,177,8,0,0
1,165,178,8,9,0
1,165,179,8,0,0
1,165,180,8,9,0
1,165,181,8,17,0
1,165,182,8,0,0
1,165,183,8,9,0
1,165,184,8,9,0
1,165,185,8,16,0
1,165,186,8,8,0
1,165,187,8,0,0
1,165,188,8,9,0
1,165,189,8,16,0
1,165,190,8,8,0
1,165,191,8,0,0
1,165,192,8,9,0
1,165,193,8,11,0
1,165,194,8,8,0
1,165,195,8,0,0
1,165,196,8,9,0
1,165,197,8,17,0
1,165,198,8,0,0
1,165,199,8,9,0
1,165,200,8,0,0
1,165,201,8,9,0
1,165,202,8,17,0
1,165,203,8,0,0
1,165,204,8,9,0
1,165,205,8,9,0
1,165,206,8,16,0
1,165,207,8,8,0
1,165,208,8,0,0
1,165,209,8,9,0
1,165,210,8,16,0
1,165,211,8,8,0
1,165,212,8,0,0
1,165,213,8,9,0
1,165,214,8,11,0
1,165,215,8,8,0
1,165,216,8,0,0
1,165,217,8,9,0
1,165,218,8,17,0
1,165,219,8,0,0
1,165,220,8,9,0
1,165,221,8,0,0
1,165,222,8,9,0
1,165,223,8,17,0
1,165,224,8,0,0
1,165,225,8,9,0
1,165,226,8,9,0
1,165,227,8,16,0
1,165,228,8,8,0
1,165,229,8,0,0
1,165,230,8,9,0
1,165,231,8,16,0
1,165,232,8,8,0
1,165,233,8,0,0
1,165,234,8,9,0
1,165,235,8,11,0
1,165,236,8,8,0
1,165,237,8,0,0
1,165,238,8,9,0
1,165,239,8,17,0
1,165,240,8,0,0
1,165,241,8,9,0
1,165,242,8,0,0
1,165,243,8,9,0
1,165,244,8,17,0
1,165,245,8,0,0
1,165,246,8,9,0
1,165,247,8,9,0
1,165,248,8,16,0
1,165,249,8,8,0
1,165,250,8,0,0
1,165,251,8,9,0
1,165,252,8,16,0
1,165,253,8,8,0
1,165,254,8,0,0
1,165,255,8,9,0
1,165,256,8,11,0
1,165,257,8,8,0
1,165,258,8,0,0
1,165,259,8,9,0
1,165,260,8,16,0
1,165,261,8,8,0
1,165,262,8,0,0
1,165,263,8,15,0
1,165,264,8,0,0
1,165,265,8,9,0
1,165,266,8,9,0
1,165,267,8,9,0
1,165,268,8,0,0
1,165,269,8,15,0
1,165,270,8,0,0
1,165,271,8,9,0
1,165,272,8,9,0
1,165,273,8,9,0
1,165,274,8,0,0
1,165,275,8,15,0
1,165,276,8,0,0
1,165,277,8,9,0
1,165,278,8,9,0
1,165,279,8,9,0
1,165,280,8,0,0
1,165,281,8,15,0
1,165,282,8,0,0
1,165,283,8,9,0
1,165,284,8,9,0
1,165,285,8,9,0
1,165,286,8,0,0
1,165,287,8,15,0
1,165,288,8,0,0
1,165,289,8,9,0
1,165,290,8,9,0
1,165,291,8,9,0
1,165,292,8,0,0
1,165,293,8,15,0
1,165,294,8,0,0
1,165,295,8,9,0
1,165,296,8,9,0
1,165,297,8,9,0
1,165,298,8,0,0
1,165,299,8,15,0
1,165,300,8,0,0
1,165,301,8,9,0
1,165,302,8,9,0
1,165,303,8,9,0
1,165,304,8,0,0
1,165,305,8,15,0
1,165,306,8,0,0
1,165,307,8,9,0
1,165,308,8,9,0
1,165,309,8,9,0
1,165,310,8,0,0
1,165,311,8,15,0
1,165,312,8,0,0
1,165,313,8,9,0
1,165,314,8,9,0
1,165,315,8,9,0
1,165,316,8,0,0
1,165,317,8,15,0
1,165,318,8,0,0
1,165,319,8,9,0
1,165,320,8,9,0
1,165,321,8,9,0
1,165,322,8,0,0
1,165,323,8,15,0
1,165,324,8,0,0
1,165,325,8,9,0
1,165,326,8,9,0
1,165,327,8,9,0
1,166,167,0,9,1
1,166,168,0,16,1
1,166,169,0,8,0
1,166,170,0,0,1
1,166,171,0,9,0
1,166,172,0,11,0
1,166,173,0,8,0
1,166,174,0,0,0
1,166,175,0,9,0
1,166,176,0,17,0
1,166,177,0,0,0
1,166,178,0,9,0
1,166,179,0,0,0
1,166,180,0,9,0
1,166,181,0,17,0
1,166,182,0,0,0
1,166,183,0,9,0
1,166,184,0,9,0
1,166,185,0,16,0
1,166,186,0,8,0
1,166,187,0,0,0
1,166,188,0,9,0
1,166,189,0,16,0
1,166,190,0,8,0
1,166,191,0,0,0
1,166,192,0,9,0
1,166,193,0,11,0
1,166,194,0,8,0
1,166,195,0,0,0
1,166,196,0,9,0
1,166,197,0,17,0
1,166,198,0,0,0
1,166,199,0,9,0
1,166,200,0,0,0
1,166,201,0,9,0
1,166,202,0,17,0
1,166,203,0,0,0
1,166,204,0,9,0
1,166,205,0,9,0
1,166,206,0,16,0
1,166,207,0,8,0
1,166,208,0,0,0
1,166,209,0,9,0
1,166,210,0,16,0
1,166,211,0,8,0
1,166,212,0,0,0
1,166,213,0,9,0
1,166,214,0,11,0
1,166,215,0,8,0
1,166,216,0,0,0
1,166,217,0,9,0
1,166,218,0,17,0
1,166,219,0,0,0
1,166,220,0,9,0
1,166,221,0,0,0
1,166,222,0,9,0
1,166,223,0,17,0
1,166,224,0,0,0
1,166,225,0,9,0
1,166,226,0,9,0
1,166,227,0,16,0
1,166,228,0,8,0
1,166,229,0,0,0
1,166,230,0,9,0
1,166,231,0,16,0
1,166,232,0,8,0
1,166,233,0,0,0
1,166,234,0,9,0
1,166,235,0,11,0
1,166,236,0,8,0
1,166,237,0,0,0
1,166,238,0,9,0
1,166,239,0,17,0
1,166,240,0,0,0
1,166,241,0,9,0
1,166,242,0,0,0
1,166,243,0,9,0
1,166,244,0,17,0
1,166,245,0,0,0
1,166,246,0,9,0
1,166,247,0,9,0
1,166,248,0,16,0
1,166,249,0,8,0
1,166,250,0,0,0
1,166,251,0,9,0
1,166,252,0,16,0
1,166,253,0,8,0
1,166,254,0,0,0
1,166,255,0,9,0
1,166,256,0,11,0
1,166,257,0,8,0
1,166,258,0,0,0
1,166,259,0,9,0
1,166,260,0,16,0
1,166,261,0,8,0
1,166,262,0,0,0
1,166,263,0,15,0
1,166,264,0,0,0
1,166,265,0,9,0
1,166,266,0,9,0
1,166,267,0,9,0
1,166,268,0,0,0
1,166,269,0,15,0
1,166,270,0,0,0
1,166,271,0,9,0
1,166,272,0,9,0
1,166,273,0,9,0
1,166,274,0,0,0
1,166,275,0,15,0
1,166,276,0,0,0
1,166,277,0,9,0
1,166,278,0,9,0
1,166,279,0,9,0
1,166,280,0,0,0
1,166,281,0,15,0
1,166,282,0,0,0
1,166,283,0,9,0
1,166,284,0,9,0
1,166,285,0,9,0
1,166,286,0,0,0
1,166,287,0,15,0
1,166,288,0,0,0
1,166,289,0,9,0
1,166,290,0,9,0
1,166,291,0,9,0
1,166,292,0,0,0
1,166,293,0,15,0
1,166,294,0,0,0
1,166,295,0,9,0
1,166,296,0,9,0
1,166,297,0,9,0
1,166,298,0,0,0
1,166,299,0,15,0
1,166,300,0,0,0
1,166,301,0,9,0
1,166,302,0,9,0
1,166,303,0,9,0
1,166,304,0,0,0
1,166,305,0,15,0
1,166,306,0,0,0
1,166,307,0,9,0
1,166,308,0,9,0
1,166,309,0,9,0
1,166,310,0,0,0
1,166,311,0,15,0
1,166,312,0,0,0
1,166,313,0,9,0
1,166,314,0,9,0
1,166,315,0,9,0
1,166,316,0,0,0
1,166,317,0,15,0
1,166,318,0,0,0
1,166,319,0,9,0
1,166,320,0,9,0
1,166,321,0,9,0
1,166,322,0,0,0
1,166,323,0,15,0
1,166,324,0,0,0
1,166,325,0,9,0
1,166,326,0,9,0
1,166,327,0,9,0
1,167,168,9,16,0
1,167,169,9,8,0
1,167,170,9,0,0
1,167,171,9,9,0
1,167,172,9,11,0
1,167,173,9,8,0
1,167,174,9,0,0
1,167,175,9,9,0
1,167,176,9,17,0
1,167,177,9,0,0
1,167,178,9,9,0
1,167,179,9,0,0
1,167,180,9,9,0
1,167,181,9,17,0
1,167,182,9,0,0
1,167,183,9,9,0
1,167,184,9,9,0
1,167,185,9,16,0
1,167,186,9,8,0
1,167,187,9,0,0
1,167,188,9,9,0
1,167,189,9,16,0
1,167,190,9,8,0
1,167,191,9,0,0
1,167,192,9,9,0
1,167,193,9,11,0
1,167,194,9,8,0
1,167,195,9,0,0
1,167,196,9,9,0
1,167,197,9,17,0
1,167,198,9,0,0
1,167,199,9,9,0
1,167,200,9,0,0
1,167,201,9,9,0
1,167,202,9,17,0
1,167,203,9,0,0
1,167,204,9,9,0
1,167,205,9,9,0
1,167,206,9,16,0
1,167,207,9,8,0
1,167,208,9,0,0
1,167,209,9,9,0
1,167,210,9,16,0
1,167,211,9,8,0
1,167,212,9,0,0
1,167,213,9,9,0
1,167,214,9,11,0
1,167,215,9,8,0
1,167,216,9,0,0
1,167,217,9,9,0
1,167,218,9,17,0
1,167,219,9,0,0
1,167,220,9,9,0
1,167,221,9,0,0
1,167,222,9,9,0
1,167,223,9,17,0
1,167,224,9,0,0
1,167,225,9,9,0
1,167,226,9,9,0
1,167,227,9,16,0
1,167,228,9,8,0
1,167,229,9,0,0
1,167,230,9,9,0
1,167,231,9,16,0
1,167,232,9,8,0
1,167,233,9,0,0
1,167,234,9,9,0
1,167,235,9,11,0
1,167,236,9,8,0
1,167,237,9,0,0
1,167,238,9,9,0
1,167,239,9,17,0
1,167,240,9,0,0
1,167,241,9,9,0
1,167,242,9,0,0
1,167,243,9,9,0
1,167,244,9,17,0
1,167,245,9,0,0
1,167,246,9,9,0
1,167,247,9,9,0
1,167,248,9,16,0
1,167,249,9,8,0
1,167,250,9,0,0
1,167,251,9,9,0
1,167,252,9,16,0
1,167,253,9,8,0
1,167,254,9,0,0
1,167,255,9,9,0
1,167,256,9,11,0
1,167,257,9,8,0
1,167,258,9,0,0
1,167,259,9,9,0
1,167,260,9,16,0
1,167,261,9,8,0
1,167,262,9,0,0
1,167,263,9,15,0
1,167,264,9,0,0
1,167,265,9,9,0
1,167,266,9,9,0
1,167,267,9,9,0
1,167,268,9,0,0
1,167,269,9,15,0
1,167,270,9,0,0
1,167,271,9,9,0
1,167,272,9,9,0
1,167,273,9,9,0
1,167,274,9,0,0
1,167,275,9,15,0
1,167,276,9,0,0
1,167,277,9,9,0
1,167,278,9,9,0
1,167,279,9,9,0
1,167,280,9,0,0
1,167,281,9,15,0
1,167,282,9,0,0
1,167,283,9,9,0
1,167,284,9,9,0
1,167,285,9,9,0
1,167,286,9,0,0
1,167,287,9,15,0
1,167,288,9,0,0
1,167,289,9,9,0
1,167,290,9,9,0
1,167,291,9,9,0
1,167,292,9,0,0
1,167,293,9,15,0
1,167,294,9,0,0
1,167,295,9,9,0
1,167,296,9,9,0
1,167,297,9,9,0
1,167,298,9,0,0
1,167,299,9,15,0
1,167,300,9,0,0
1,167,301,9,9,0
1,167,302,9,9,0
1,167,303,9,9,0
1,167,304,9,0,0
1,167,305,9,15,0
1,167,306,9,0,0
1,167,307,9,9,0
1,167,308,9,9,0
1,167,309,9,9,0
1,167,310,9,0,0
1,167,311,9,15,0
1,167,312,9,0,0
1,167,313,9,9,0
1,167,314,9,9,0
1,167,315,9,9,0
1,167,316,9,0,0
1,167,317,9,15,0
1,167,318,9,0,0
1,167,319,9,9,0
1,167,320,9,9,0
1,167,321,9,9,0
1,167,322,9,0,0
1,167,323,9,15,0
1,167,324,9,0,0
1,167,325,9,9,0
1,167,326,9,9,0
1,167,327,9,9,0
1,168,169,16,8,1
1,168,170,16,0,0
1,168,171,16,9,0
1,168,172,16,11,0
1,168,173,16,8,0
1,168,174,16,0,0
1,168,175,16,9,0
1,168,176,16,17,0
1,168,177,16,0,0
1,168,178,16,9,0
1,168,179,16,0,0
1,168,180,16,9,0
1,168,181,16,17,0
1,168,182,16,0,0
1,168,183,16,9,0
1,168,184,16,9,0
1,168,185,16,16,0
1,168,186,16,8,0
1,168,187,16,0,0
1,168,188,16,9,0
1,168,189,16,16,0
1,168,190,16,8,0
1,168,191,16,0,0
1,168,192,16,9,0
1,168,193,16,11,0
1,168,194,16,8,0
1,168,195,16,0,0
1,168,196,16,9,0
1,168,197,16,17,0
1,168,198,16,0,0
1,168,199,16,9,0
1,168,200,16,0,0
1,168,201,16,9,0
1,168,202,16,17,0
1,168,203,16,0,0
1,168,204,16,9,0
1,168,205,16,9,0
1,168,206,16,16,0
1,168,207,16,8,0
1,168,208,16,0,0
1,168,209,16,9,0
1,168,210,16,16,0
1,168,211,16,8,0
1,168,212,16,0,0
1,168,213,16,9,0
1,168,214,16,11,0
1,168,215,16,8,0
1,168,216,16,0,0
1,168,217,16,9,0
1,168,218,16,17,0
1,168,219,16,0,0
1,168,220,16,9,0
1,168,221,16,0,0
1,168,222,16,9,0
1,168,223,16,17,0
1,168,224,16,0,0
1,168,225,16,9,0
1,168,226,16,9,0
1,168,227,16,16,0
1,168,228,16,8,0
1,168,229,16,0,0
1,168,230,16,9,0
1,168,231,16,16,0
1,168,232,16,8,0
1,168,233,16,0,0
1,168,234,16,9,0
1,168,235,16,11,0
1,168,236,16,8,0
1,168,237,16,0,0
1,168,238,16,9,0
1,168,239,16,17,0
1,168,240,16,0,0
1,168,241,16,9,0
1,168,242,16,0,0
1,168,243,16,9,0
1,168,244,16,17,0
1,168,245,16,0,0
1,168,246,16,9,0
1,168,247,16,9,0
1,168,248,16,16,0
1,168,249,16,8,0
1,168,250,16,0,0
1,168,251,16,9,0
1,168,252,16,16,0
1,168,253,16,8,0
1,168,254,16,0,0
1,168,255,16,9,0
1,168,256,16,11,0
1,168,257,16,8,0
1,168,258,16,0,0
1,168,259,16,9,0
1,168,260,16,16,0
1,168,261,16,8,0
1,168,262,16,0,0
1,168,263,16,15,0
1,168,264,16,0,0
1,168,265,16,9,0
1,168,266,16,9,0
1,168,267,16,9,0
1,168,268,16,0,0
1,168,269,16,15,0
1,168,270,16,0,0
1,168,271,16,9,0
1,168,272,16,9,0
1,168,273,16,9,0
1,168,274,16,0,0
1,168,275,16,15,0
1,168,276,16,0,0
1,168,277,16,9,0
1,168,278,16,9,0
1,168,279,16,9,0
1,168,280,16,0,0
1,168,281,16,15,0
1,168,282,16,0,0
1,168,283,16,9,0
1,168,284,16,9,0
1,168,285,16,9,0
1,168,286,16,0,0
1,168,287,16,15,0
1,168,288,16,0,0
1,168,289,16,9,0
1,168,290,16,9,0
1,168,291,16,9,0
1,168,292,16,0,0
1,168,293,16,15,0
1,168,294,16,0,0
1,168,295,16,9,0
1,168,296,16,9,0
1,168,297,16,9,0
1,168,298,16,0,0
1,168,299,16,15,0
1,168,300,16,0,0
1,168,301,16,9,0
1,168,302,16,9,0
1,168,303,16,9,0
1,168,304,16,0,0
1,168,305,16,15,0
1,168,306,16,0,0
1,168,307,16,9,0
1,168,308,16,9,0
1,168,309,16,9,0
1,168,310,16,0,0
1,168,311,16,15,0
1,168,312,16,0,0
1,168,313,16,9,0
1,168,314,16,9,0
1,168,315,16,9,0
1,168,316,16,0,0
1,168,317,16,15,0
1,168,318,16,0,0
1,168,319,16,9,0
1,168,320,16,9,0
1,168,321,16,9,0
1,168,322,16,0,0
1,168,323,16,15,0
1,168,324,16,0,0
1,168,325,16,9,0
1,168,326,16,9,0
1,168,327,16,9,0
1,169,170,8,0,0
1,169,171,8,9,0
1,169,172,8,11,0
1,169,173,8,8,0
1,169,174,8,0,0
1,169,175,8,9,0
1,169,176,8,17,0
1,169,177,8,0,0
1,169,178,8,9,0
1,169,179,8,0,0
1,169,180,8,9,0
1,169,181,8,17,0
1,169,182,8,0,0
1,169,183,8,9,0
1,169,184,8,9,0
1,169,185,8,16,0
1,169,186,8,8,0
1,169,187,8,0,0
1,169,188,8,9,0
1,169,189,8,16,0
1,169,190,8,8,0
1,169,191,8,0,0
1,169,192,8,9,0
1,169,193,8,11,0
1,169,194,8,8,0
1,169,195,8,0,0
1,169,196,8,9,0
1,169,197,8,17,0
1,169,198,8,0,0
1,169,199,8,9,0
1,169,200,8,0,0
1,169,201,8,9,0
1,169,202,8,17,0
1,169,203,8,0,0
1,169,204,8,9,0
1,169,205,8,9,0
1,169,206,8,16,0
1,169,207,8,8,0
1,169,208,8,0,0
1,169,209,8,9,0
1,169,210,8,16,0
1,169,211,8,8,0
1,169,212,8,0,0
1,169,213,8,9,0
1,169,214,8,11,0
1,169,215,8,8,0
1,169,216,8,0,0
1,169,217,8,9,0
1,169,218,8,17,0
1,169,219,8,0,0
1,169,220,8,9,0
1,169,221,8,0,0
1,169,222,8,9,0
1,169,223,8,17,0
1,169,224,8,0,0
1,169,225,8,9,0
1,169,226,8,9,0
1,169,227,8,16,0
1,169,228,8,8,0
1,169,229,8,0,0
1,169,230,8,9,0
1,169,231,8,16,0
1,169,232,8,8,0
1,169,233,8,0,0
1,169,234,8,9,0
1,169,235,8,11,0
1,169,236,8,8,0
1,169,237,8,0,0
1,169,238,8,9,0
1,169,239,8,17,0
1,169,240,8,0,0
1,169,241,8,9,0
1,169,242,8,0,0
1,169,243,8,9,0
1,169,244,8,17,0
1,169,245,8,0,0
1,169,246,8,9,0
1,169,247,8,9,0
1,169,248,8,16,0
1,169,249,8,8,0
1,169,250,8,0,0
1,169,251,8,9,0
1,169,252,8,16,0
1,169,253,8,8,0
1,169,254,8,0,0
1,169,255,8,9,0
1,169,256,8,11,0
1,169,257,8,8,0
1,169,258,8,0,0
1,169,259,8,9,0
1,169,260,8,16,0
1,169,261,8,8,0
1,169,262,8,0,0
1,169,263,8,15,0
1,169,264,8,0,0
1,169,265,8,9,0
1,169,266,8,9,0
1,169,267,8,9,0
1,169,268,8,0,0
1,169,269,8,15,0
1,169,270,8,0,0
1,169,271,8,9,0
1,169,272,8,9,0
1,169,273,8,9,0
1,169,274,8,0,0
1,169,275,8,15,0
1,169,276,8,0,0
1,169,277,8,9,0
1,169,278,8,9,0
1,169,279,8,9,0
1,169,280,8,0,0
1,169,281,8,15,0
1,169,282,8,0,0
1,169,283,8,9,0
1,169,284,8,9,0
1,169,285,8,9,0
1,169,286,8,0,0
1,169,287,8,15,0
1,169,288,8,0,0
1,169,289,8,9,0
1,169,290,8,9,0
1,169,291,8,9,0
1,169,292,8,0,0
1,169,293,8,15,0
1,169,294,8,0,0
1,169,295,8,9,0
1,169,296,8,9,0
1,169,297,8,9,0
1,169,298,8,0,0
1,169,299,8,15,0
1,169,300,8,0,0
1,169,301,8,9,0
1,169,302,8,9,0
1,169,303,8,9,0
1,169,304,8,0,0
1,169,305,8,15,0
1,169,306,8,0,0
1,169,307,8,9,0
1,169,308,8,9,0
1,169,309,8,9,0
1,169,310,8,0,0
1,169,311,8,15,0
1,169,312,8,0,0
1,169,313,8,9,0
1,169,314,8,9,0
1,169,315,8,9,0
1,169,316,8,0,0
1,169,317,8,15,0
1,169,318,8,0,0
1,169,319,8,9,0
1,169,320,8,9,0
1,169,321,8,9,0
1,169,322,8,0,0
1,169,323,8,15,0
1,169,324,8,0,0
1,169,325,8,9,0
1,169,326,8,9,0
1,169,327,8,9,0
1,170,171,0,9,1
1,170,172,0,11,1
1,170,173,0,8,0
1,170,174,0,0,1
1,170,175,0,9,0
1,170,176,0,17,0
1,170,177,0,0,0
1,170,178,0,9,0
1,170,179,0,0,0
1,170,180,0,9,0
1,170,181,0,17,0
1,170,182,0,0,0
1,170,183,0,9,0
1,170,184,0,9,0
1,170,185,0,16,0
1,170,186,0,8,0
1,170,187,0,0,0
1,170,188,0,9,0
1,170,189,0,16,0
1,170,190,0,8,0
1,170,191,0,0,0
1,170,192,0,9,0
1,170,193,0,11,0
1,170,194,0,8,0
1,170,195,0,0,0
1,170,196,0,9,0
1,170,197,0,17,0
1,170,198,0,0,0
1,170,199,0,9,0
1,170,200,0,0,0
1,170,201,0,9,0
1,170,202,0,17,0
1,170,203,0,0,0
1,170,204,0,9,0
1,170,205,0,9,0
1,170,206,0,16,0
1,170,207,0,8,0
1,170,208,0,0,0
1,170,209,0,9,0
1,170,210,0,16,0
1,170,211,0,8,0
1,170,212,0,0,0
1,170,213,0,9,0
1,170,214,0,11,0
1,170,215,0,8,0
1,170,216,0,0,0
1,170,217,0,9,0
1,170,218,0,17,0
1,170,219,0,0,0
1,170,220,0,9,0
1,170,221,0,0,0
1,170,222,0,9,0
1,170,223,0,17,0
1,170,224,0,0,0
1,170,225,0,9,0
1,170,226,0,9,0
1,170,227,0,16,0
1,170,228,0,8,0
1,170,229,0,0,0
1,170,230,0,9,0
1,170,231,0,16,0
1,170,232,0,8,0
1,170,233,0,0,0
1,170,234,0,9,0
1,170,235,0,11,0
1,170,236,0,8,0
1,170,237,0,0,0
1,170,238,0,9,0
1,170,239,0,17,0
1,170,240,0,0,0
1,170,241,0,9,0
1,170,242,0,0,0
1,170,243,0,9,0
1,170,244,0,17,0
1,170,245,0,0,0
1,170,246,0,9,0
1,170,247,0,9,0
1,170,248,0,16,0
1,170,249,0,8,0
1,170,250,0,0,0
1,170,251,0,9,0
1,170,252,0,16,0
1,170,253,0,8,0
1,170,254,0,0,0
1,170,255,0,9,0
1,170,256,0,11,0
1,170,257,0,8,0
1,170,258,0,0,0
1,170,259,0,9,0
1,170,260,0,16,0
1,170,261,0,8,0
1,170,262,0,0,0
1,170,263,0,15,0
1,170,264,0,0,0
1,170,265,0,9,0
1,170,266,0,9,0
1,170,267,0,9,0
1,170,268,0,0,0
1,170,269,0,15,0
1,170,270,0,0,0
1,170,271,0,9,0
1,170,272,0,9,0
1,170,273,0,9,0
1,170,274,0,0,0
1,170,275,0,15,0
1,170,276,0,0,0
1,170,277,0,9,0
1,170,278,0,9,0
1,170,279,0,9,0
1,170,280,0,0,0
1,170,281,0,15,0
1,170,282,0,0,0
1,170,283,0,9,0
1,170,284,0,9,0
1,170,285,0,9,0
1,170,286,0,0,0
1,170,287,0,15,0
1,170,288,0,0,0
1,170,289,0,9,0
1,170,290,0,9,0
1,170,291,0,9,0
1,170,292,0,0,0
1,170,293,0,15,0
1,170,294,0,0,0
1,170,295,0,9,0
1,170,296,0,9,0
1,170,297,0,9,0
1,170,298,0,0,0
1,170,299,0,15,0
1,170,300,0,0,0
1,170,301,0,9,0
1,170,302,0,9,0
1,170,303,0,9,0
1,170,304,0,0,0
1,170,305,0,15,0
1,170,306,0,0,0
1,170,307,0,9,0
1,170,308,0,9,0
1,170,309,0,9,0
1,170,310,0,0,0
1,170,311,0,15,0
1,170,312,0,0,0
1,170,313,0,9,0
1,170,314,0,9,0
1,170,315,0,9,0
1,170,316,0,0,0
1,170,317,0,15,0
1,170,318,0,0,0
1,170,319,0,9,0
1,170,320,0,9,0
1,170,321,0,9,0
1,170,322,0,0,0
1,170,323,0,15,0
1,170,324,0,0,0
1,170,325,0,9,0
1,170,326,0,9,0
1,170,327,0,9,0
1,171,172,9,11,0
1,171,173,9,8,0
1,171,174,9,0,0
1,171,175,9,9,0
1,171,176,9,17,0
1,171,177,9,0,0
1,171,178,9,9,0
1,171,179,9,0,0
1,171,180,9,9,0
1,171,181,9,17,0
1,171,182,9,0,0
1,171,183,9,9,0
1,171,184,9,9,0
1,171,185,9,16,0
1,171,186,9,8,0
1,171,187,9,0,0
1,171,188,9,9,0
1,171,189,9,16,0
1,171,190,9,8,0
1,171,191,9,0,0
1,171,192,9,9,0
1,171,193,9,11,0
1,171,194,9,8,0
1,171,195,9,0,0
1,171,196,9,9,0
1,171,197,9,17,0
1,171,198,9,0,0
1,171,199,9,9,0
1,171,200,9,0,0
1,171,201,9,9,0
1,171,202,9,17,0
1,171,203,9,0,0
1,171,204,9,9,0
1,171,205,9,9,0
1,171,206,9,16,0
1,171,207,9,8,0
1,171,208,9,0,0
1,171,209,9,9,0
1,171,210,9,16,0
1,171,211,9,8,0
1,171,212,9,0,0
1,171,213,9,9,0
1,171,214,9,11,0
1,171,215,9,8,0
1,171,216,9,0,0
1,171,217,9,9,0
1,171,218,9,17,0
1,171,219,9,0,0
1,171,220,9,9,0
1,171,221,9,0,0
1,171,222,9,9,0
1,171,223,9,17,0
1,171,224,9,0,0
1,171,225,9,9,0
1,171,226,9,9,0
1,171,227,9,16,0
1,171,228,9,8,0
1,171,229,9,0,0
1,171,230,9,9,0
1,171,231,9,16,0
1,171,232,9,8,0
1,171,233,9,0,0
1,171,234,9,9,0
1,171,235,9,11,0
1,171,236,9,8,0
1,171,237,9,0,0
1,171,238,9,9,0
1,171,239,9,17,0
1,171,240,9,0,0
1,171,241,9,9,0
1,171,242,9,0,0
1,171,243,9,9,0
1,171,244,9,17,0
1,171,245,9,0,0
1,171,246,9,9,0
1,171,247,9,9,0
1,171,248,9,16,0
1,171,249,9,8,0
1,171,250,9,0,0
1,171,251,9,9,0
1,171,252,9,16,0
1,171,253,9,8,0
1,171,254,9,0,0
1,171,255,9,9,0
1,171,256,9,11,0
1,171,257,9,8,0
1,171,258,9,0,0
1,171,259,9,9,0
1,171,260,9,16,0
1,171,261,9,8,0
1,171,262,9,0,0
1,171,263,9,15,0
1,171,264,9,0,0
1,171,265,9,9,0
1,171,266,9,9,0
1,171,267,9,9,0
1,171,268,9,0,0
1,171,269,9,15,0
1,171,270,9,0,0
1,171,271,9,9,0
1,171,272,9,9,0
1,171,273,9,9,0
1,171,274,9,0,0
1,171,275,9,15,0
1,171,276,9,0,0
1,171,277,9,9,0
1,171,278,9,9,0
1,171,279,9,9,0
1,171,280,9,0,0
1,171,281,9,15,0
1,171,282,9,0,0
1,171,283,9,9,0
1,171,284,9,9,0
1,171,285,9,9,0
1,171,286,9,0,0
1,171,287,9,15,0
1,171,288,9,0,0
1,171,289,9,9,0
1,171,290,9,9,0
1,171,291,9,9,0
1,171,292,9,0,0
1,171,293,9,15,0
1,171,294,9,0,0
1,171,295,9,9,0
1,171,296,9,9,0
1,171,297,9,9,0
1,171,298,9,0,0
1,171,299,9,15,0
1,171,300,9,0,0
1,171,301,9,9,0
1,171,302,9,9,0
1,171,303,9,9,0
1,171,304,9,0,0
1,171,305,9,15,0
1,171,306,9,0,0
1,171,307,9,9,0
1,171,308,9,9,0
1,171,309,9,9,0
1,171,310,9,0,0
1,171,311,9,15,0
1,171,312,9,0,0
1,171,313,9,9,0
1,171,314,9,9,0
1,171,315,9,9,0
1,171,316,9,0,0
1,171,317,9,15,0
1,171,318,9,0,0
1,171,319,9,9,0
1,171,320,9,9,0
1,171,321,9,9,0
1,171,322,9,0,0
1,171,323,9,15,0
1,171,324,9,0,0
1,171,325,9,9,0
1,171,326,9,9,0
1,171,327,9,9,0
1,172,173,11,8,1
1,172,174,11,0,0
1,172,175,11,9,0
1,172,176,11,17,0
1,172,177,11,0,0
1,172,178,11,9,0
1,172,179,11,0,0
1,172,180,11,9,0
1,172,181,11,17,0
1,172,182,11,0,0
1,172,183,11,9,0
1,172,184,11,9,0
1,172,185,11,16,0
1,172,186,11,8,0
1,172,187,11,0,0
1,172,188,11,9,0
1,172,189,11,16,0
1,172,190,11,8,0
1,172,191,11,0,0
1,172,192,11,9,0
1,172,193,11,11,0
1,172,194,11,8,0
1,172,195,11,0,0
1,172,196,11,9,0
1,172,197,11,17,0
1,172,198,11,0,0
1,172,199,11,9,0
1,172,200,11,0,0
1,172,201,11,9,0
1,172,202,11,17,0
1,172,203,11,0,0
1,172,204,11,9,0
1,172,205,11,9,0
1,172,206,11,16,0
1,172,207,11,8,0
1,172,208,11,0,0
1,172,209,11,9,0
1,172,210,11,16,0
1,172,211,11,8,0
1,172,212,11,0,0
1,172,213,11,9,0
1,172,214,11,11,0
1,172,215,11,8,0
1,172,216,11,0,0
1,172,217,11,9,0
1,172,218,11,17,0
1,172,219,11,0,0
1,172,220,11,9,0
1,172,221,11,0,0
1,172,222,11,9,0
1,172,223,11,17,0
1,172,224,11,0,0
1,172,225,11,9,0
1,172,226,11,9,0
1,172,227,11,16,0
1,172,228,11,8,0
1,172,229,11,0,0
1,172,230,11,9,0
1,172,231,11,16,0
1,172,232,11,8,0
1,172,233,11,0,0
1,172,234,11,9,0
1,172,235,11,11,0
1,172,236,11,8,0
1,172,237,11,0,0
1,172,238,11,9,0
1,172,239,11,17,0
1,172,240,11,0,0
1,172,241,11,9,0
1,172,242,11,0,0
1,172,243,11,9,0
1,172,244,11,17,0
1,172,245,11,0,0
1,172,246,11,9,0
1,172,247,11,9,0
1,172,248,11,16,0
1,172,249,11,8,0
1,172,250,11,0,0
1,172,251,11,9,0
1,172,252,11,16,0
1,172,253,11,8,0
1,172,254,11,0,0
1,172,255,11,9,0
1,172,256,11,11,0
1,172,257,11,8,0
1,172,258,11,0,0
1,172,259,11,9,0
1,172,260,11,16,0
1,172,261,11,8,0
1,172,262,11,0,0
1,172,263,11,15,0
1,172,264,11,0,0
1,172,265,11,9,0
1,172,266,11,9,0
1,172,267,11,9,0
1,172,268,11,0,0
1,172,269,11,15,0
1,172,270,11,0,0
1,172,271,11,9,0
1,172,272,11,9,0
1,172,273,11,9,0
1,172,274,11,0,0
1,172,275,11,15,0
1,172,276,11,0,0
1,172,277,11,9,0
1,172,278,11,9,0
1,172,279,11,9,0
1,172,280,11,0,0
1,172,281,11,15,0
1,172,282,11,0,0
1,172,283,11,9,0
1,172,284,11,9,0
1,172,285,11,9,0
1,172,286,11,0,1
1,172,287,11,15,0
1,172,288,11,0,0
1,172,289,11,9,0
1,172,290,11,9,0
1,172,291,11,9,0
1,172,292,11,0,0
1,172,293,11,15,0
1,172,294,11,0,0
1,172,295,11,9,0
1,172,296,11,9,0
1,172,297,11,9,0
1,172,298,11,0,0
1,172,299,11,15,0
1,172,300,11,0,0
1,172,301,11,9,0
1,172,302,11,9,0
1,172,303,11,9,0
1,172,304,11,0,0
1,172,305,11,15,0
1,172,306,11,0,0
1,172,307,11,9,0
1,172,308,11,9,0
1,172,309,11,9,0
1,172,310,11,0,0
1,172,311,11,15,0
1,172,312,11,0,0
1,172,313,11,9,0
1,172,314,11,9,0
1,172,315,11,9,0
1,172,316,11,0,0
1,172,317,11,15,0
1,172,318,11,0,0
1,172,319,11,9,0
1,172,320,11,9,0
1,172,321,11,9,0
1,172,322,11,0,0
1,172,323,11,15,0
1,172,324,11,0,0
1,172,325,11,9,0
1,172,326,11,9,0
1,172,327,11,9,0
1,173,174,8,0,0
1,173,175,8,9,0
1,173,176,8,17,0
1,173,177,8,0,0
1,173,178,8,9,0
1,173,179,8,0,0
1,173,180,8,9,0
1,173,181,8,17,0
1,173,182,8,0,0
1,173,183,8,9,0
1,173,184,8,9,0
1,173,185,8,16,0
1,173,186,8,8,0
1,173,187,8,0,0
1,173,188,8,9,0
1,173,189,8,16,0
1,173,190,8,8,0
1,173,191,8,0,0
1,173,192,8,9,0
1,173,193,8,11,0
1,173,194,8,8,0
1,173,195,8,0,0
1,173,196,8,9,0
1,173,197,8,17,0
1,173,198,8,0,0
1,173,199,8,9,0
1,173,200,8,0,0
1,173,201,8,9,0
1,173,202,8,17,0
1,173,203,8,0,0
1,173,204,8,9,0
1,173,205,8,9,0
1,173,206,8,16,0
1,173,207,8,8,0
1,173,208,8,0,0
1,173,209,8,9,0
1,173,210,8,16,0
1,173,211,8,8,0
1,173,212,8,0,0
1,173,213,8,9,0
1,173,214,8,11,0
1,173,215,8,8,0
1,173,216,8,0,0
1,173,217,8,9,0
1,173,218,8,17,0
1,173,219,8,0,0
1,173,220,8,9,0
1,173,221,8,0,0
1,173,222,8,9,0
1,173,223,8,17,0
1,173,224,8,0,0
1,173,225,8,9,0
1,173,226,8,9,0
1,173,227,8,16,0
1,173,228,8,8,0
1,173,229,8,0,0
1,173,230,8,9,0
1,173,231,8,16,0
1,173,232,8,8,0
1,173,233,8,0,0
1,173,234,8,9,0
1,173,235,8,11,0
1,173,236,8,8,0
1,173,237,8,0,0
1,173,238,8,9,0
1,173,239,8,17,0
1,173,240,8,0,0
1,173,241,8,9,0
1,173,242,8,0,0
1,173,243,8,9,0
1,173,244,8,17,0
1,173,245,8,0,0
1,173,246,8,9,0
1,173,247,8,9,0
1,173,248,8,16,0
1,173,249,8,8,0
1,173,250,8,0,0
1,173,251,8,9,0
1,173,252,8,16,0
1,173,253,8,8,0
1,173,254,8,0,0
1,173,255,8,9,0
1,173,256,8,11,0
1,173,257,8,8,0
1,173,258,8,0,0
1,173,259,8,9,0
1,173,260,8,16,0
1,173,261,8,8,0
1,173,262,8,0,0
1,173,263,8,15,0
1,173,264,8,0,0
1,173,265,8,9,0
1,173,266,8,9,0
1,173,267,8,9,0
1,173,268,8,0,0
1,173,269,8,15,0
1,173,270,8,0,0
1,173,271,8,9,0
1,173,272,8,9,0
1,173,273,8,9,0
1,173,274,8,0,0
1,173,275,8,15,0
1,173,276,8,0,0
1,173,277,8,9,0
1,173,278,8,9,0
1,173,279,8,9,0
1,173,280,8,0,0
1,173,281,8,15,0
1,173,282,8,0,0
1,173,283,8,9,0
1,173,284,8,9,0
1,173,285,8,9,0
1,173,286,8,0,0
1,173,287,8,15,0
1,173,288,8,0,0
1,173,289,8,9,0
1,173,290,8,9,0
1,173,291,8,9,0
1,173,292,8,0,0
1,173,293,8,15,0
1,173,294,8,0,0
1,173,295,8,9,0
1,173,296,8,9,0
1,173,297,8,9,0
1,173,298,8,0,0
1,173,299,8,15,0
1,173,300,8,0,0
1,173,301,8,9,0
1,173,302,8,9,0
1,173,303,8,9,0
1,173,304,8,0,0
1,173,305,8,15,0
1,173,306,8,0,0
1,173,307,8,9,0
1,173,308,8,9,0
1,173,309,8,9,0
1,173,310,8,0,0
1,173,311,8,15,0
1,173,312,8,0,0
1,173,313,8,9,0
1,173,314,8,9,0
1,173,315,8,9,0
1,173,316,8,0,0
1,173,317,8,15,0
1,173,318,8,0,0
1,173,319,8,9,0
1,173,320,8,9,0
1,173,321,8,9,0
1,173,322,8,0,0
1,173,323,8,15,0
1,173,324,8,0,0
1,173,325,8,9,0
1,173,326,8,9,0
1,173,327,8,9,0
1,174,175,0,9,1
1,174,176,0,17,1
1,174,177,0,0,0
1,174,178,0,9,0
1,174,179,0,0,0
1,174,180,0,9,0
1,174,181,0,17,0
1,174,182,0,0,0
1,174,183,0,9,0
1,174,184,0,9,0
1,174,185,0,16,0
1,174,186,0,8,0
1,174,187,0,0,0
1,174,188,0,9,0
1,174,189,0,16,0
1,174,190,0,8,0
1,174,191,0,0,0
1,174,192,0,9,0
1,174,193,0,11,0
1,174,194,0,8,0
1,174,195,0,0,0
1,174,196,0,9,0
1,174,197,0,17,0
1,174,198,0,0,0
1,174,199,0,9,0
1,174,200,0,0,0
1,174,201,0,9,0
1,174,202,0,17,0
1,174,203,0,0,0
1,174,204,0,9,0
1,174,205,0,9,0
1,174,206,0,16,0
1,174,207,0,8,0
1,174,208,0,0,0
1,174,209,0,9,0
1,174,210,0,16,0
1,174,211,0,8,0
1,174,212,0,0,0
1,174,213,0,9,0
1,174,214,0,11,0
1,174,215,0,8,0
1,174,216,0,0,0
1,174,217,0,9,0
1,174,218,0,17,0
1,174,219,0,0,0
1,174,220,0,9,0
1,174,221,0,0,0
1,174,222,0,9,0
1,174,223,0,17,0
1,174,224,0,0,0
1,174,225,0,9,0
1,174,226,0,9,0
1,174,227,0,16,0
1,174,228,0,8,0
1,174,229,0,0,0
1,174,230,0,9,0
1,174,231,0,16,0
1,174,232,0,8,0
1,174,233,0,0,0
1,174,234,0,9,0
1,174,235,0,11,0
1,174,236,0,8,0
1,174,237,0,0,0
1,174,238,0,9,0
1,174,239,0,17,0
1,174,240,0,0,0
1,174,241,0,9,0
1,174,242,0,0,0
1,174,243,0,9,0
1,174,244,0,17,0
1,174,245,0,0,0
1,174,246,0,9,0
1,174,247,0,9,0
1,174,248,0,16,0
1,174,249,0,8,0
1,174,250,0,0,0
1,174,251,0,9,0
1,174,252,0,16,0
1,174,253,0,8,0
1,174,254,0,0,0
1,174,255,0,9,0
1,174,256,0,11,0
1,174,257,0,8,0
1,174,258,0,0,0
1,174,259,0,9,0
1,174,260,0,16,0
1,174,261,0,8,0
1,174,262,0,0,0
1,174,263,0,15,0
1,174,264,0,0,0
1,174,265,0,9,0
1,174,266,0,9,0
1,174,267,0,9,0
1,174,268,0,0,0
1,174,269,0,15,0
1,174,270,0,0,0
1,174,271,0,9,0
1,174,272,0,9,0
1,174,273,0,9,0
1,174,274,0,0,0
1,174,275,0,15,0
1,174,276,0,0,0
1,174,277,0,9,0
1,174,278,0,9,0
1,174,279,0,9,0
1,174,280,0,0,0
1,174,281,0,15,0
1,174,282,0,0,0
1,174,283,0,9,0
1,174,284,0,9,0
1,174,285,0,9,0
1,174,286,0,0,0
1,174,287,0,15,0
1,174,288,0,0,0
1,174,289,0,9,0
1,174,290,0,9,0
1,174,291,0,9,0
1,174,292,0,0,0
1,174,293,0,15,0
1,174,294,0,0,0
1,174,295,0,9,0
1,174,296,0,9,0
1,174,297,0,9,0
1,174,298,0,0,0
1,174,299,0,15,0
1,174,300,0,0,0
1,174,301,0,9,0
1,174,302,0,9,0
1,174,303,0,9,0
1,174,304,0,0,0
1,174,305,0,15,0
1,174,306,0,0,0
1,174,307,0,9,0
1,174,308,0,9,0
1,174,309,0,9,0
1,174,310,0,0,0
1,174,311,0,15,0
1,174,312,0,0,0
1,174,313,0,9,0
1,174,314,0,9,0
1,174,315,0,9,0
1,174,316,0,0,0
1,174,317,0,15,0
1,174,318,0,0,0
1,174,319,0,9,0
1,174,320,0,9,0
1,174,321,0,9,0
1,174,322,0,0,0
1,174,323,0,15,0
1,174,324,0,0,0
1,174,325,0,9,0
1,174,326,0,9,0
1,174,327,0,9,0
1,175,176,9,17,0
1,175,177,9,0,0
1,175,178,9,9,0
1,175,179,9,0,0
1,175,180,9,9,0
1,175,181,9,17,0
1,175,182,9,0,0
1,175,183,9,9,0
1,175,184,9,9,0
1,175,185,9,16,0
1,175,186,9,8,0
1,175,187,9,0,0
1,175,188,9,9,0
1,175,189,9,16,0
1,175,190,9,8,0
1,175,191,9,0,0
1,175,192,9,9,0
1,175,193,9,11,0
1,175,194,9,8,0
1,175,195,9,0,0
1,175,196,9,9,0
1,175,197,9,17,0
1,175,198,9,0,0
1,175,199,9,9,0
1,175,200,9,0,0
1,175,201,9,9,0
1,175,202,9,17,0
1,175,203,9,0,0
1,175,204,9,9,0
1,175,205,9,9,0
1,175,206,9,16,0
1,175,207,9,8,0
1,175,208,9,0,0
1,175,209,9,9,0
1,175,210,9,16,0
1,175,211,9,8,0
1,175,212,9,0,0
1,175,213,9,9,0
1,175,214,9,11,0
1,175,215,9,8,0
1,175,216,9,0,0
1,175,217,9,9,0
1,175,218,9,17,0
1,175,219,9,0,0
1,175,220,9,9,0
1,175,221,9,0,0
1,175,222,9,9,0
1,175,223,9,17,0
1,175,224,9,0,0
1,175,225,9,9,0
1,175,226,9,9,0
1,175,227,9,16,0
1,175,228,9,8,0
1,175,229,9,0,0
1,175,230,9,9,0
1,175,231,9,16,0
1,175,232,9,8,0
1,175,233,9,0,0
1,175,234,9,9,0
1,175,235,9,11,0
1,175,236,9,8,0
1,175,237,9,0,0
1,175,238,9,9,0
1,175,239,9,17,0
1,175,240,9,0,0
1,175,241,9,9,0
1,175,242,9,0,0
1,175,243,9,9,0
1,175,244,9,17,0
1,175,245,9,0,0
1,175,246,9,9,0
1,175,247,9,9,0
1,175,248,9,16,0
1,175,249,9,8,0
1,175,250,9,0,0
1,175,251,9,9,0
1,175,252,9,16,0
1,175,253,9,8,0
1,175,254,9,0,0
1,175,255,9,9,0
1,175,256,9,11,0
1,175,257,9,8,0
1,175,258,9,0,0
1,175,259,9,9,0
1,175,260,9,16,0
1,175,261,9,8,0
1,175,262,9,0,0
1,175,263,9,15,0
1,175,264,9,0,0
1,175,265,9,9,0
1,175,266,9,9,0
1,175,267,9,9,0
1,175,268,9,0,0
1,175,269,9,15,0
1,175,270,9,0,0
1,175,271,9,9,0
1,175,272,9,9,0
1,175,273,9,9,0
1,175,274,9,0,0
1,175,275,9,15,0
1,175,276,9,0,0
1,175,277,9,9,0
1,175,278,9,9,0
1,175,279,9,9,0
1,175,280,9,0,0
1,175,281,9,15,0
1,175,282,9,0,0
1,175,283,9,9,0
1,175,284,9,9,0
1,175,285,9,9,0
1,175,286,9,0,0
1,175,287,9,15,0
1,175,288,9,0,0
1,175,289,9,9,0
1,175,290,9,9,0
1,175,291,9,9,0
1,175,292,9,0,0
1,175,293,9,15,0
1,175,294,9,0,0
1,175,295,9,9,0
1,175,296,9,9,0
1,175,297,9,9,0
1,175,298,9,0,0
1,175,299,9,15,0
1,175,300,9,0,0
1,175,301,9,9,0
1,175,302,9,9,0
1,175,303,9,9,0
1,175,304,9,0,0
1,175,305,9,15,0
1,175,306,9,0,0
1,175,307,9,9,0
1,175,308,9,9,0
1,175,309,9,9,0
1,175,310,9,0,0
1,175,311,9,15,0
1,175,312,9,0,0
1,175,313,9,9,0
1,175,314,9,9,0
1,175,315,9,9,0
1,175,316,9,0,0
1,175,317,9,15,0
1,175,318,9,0,0
1,175,319,9,9,0
1,175,320,9,9,0
1,175,321,9,9,0
1,175,322,9,0,0
1,175,323,9,15,0
1,175,324,9,0,0
1,175,325,9,9,0
1,175,326,9,9,0
1,175,327,9,9,0
1,176,177,17,0,1
1,176,178,17,9,0
1,176,179,17,0,0
1,176,180,17,9,0
1,176,181,17,17,0
1,176,182,17,0,0
1,176,183,17,9,0
1,176,184,17,9,0
1,176,185,17,16,0
1,176,186,17,8,0
1,176,187,17,0,0
1,176,188,17,9,0
1,176,189,17,16,0
1,176,190,17,8,0
1,176,191,17,0,0
1,176,192,17,9,0
1,176,193,17,11,0
1,176,194,17,8,0
1,176,195,17,0,0
1,176,196,17,9,0
1,176,197,17,17,0
1,176,198,17,0,0
1,176,199,17,9,0
1,176,200,17,0,0
1,176,201,17,9,0
1,176,202,17,17,0
1,176,203,17,0,0
1,176,204,17,9,0
1,176,205,17,9,0
1,176,206,17,16,0
1,176,207,17,8,0
1,176,208,17,0,0
1,176,209,17,9,0
1,176,210,17,16,0
1,176,211,17,8,0
1,176,212,17,0,0
1,176,213,17,9,0
1,176,214,17,11,0
1,176,215,17,8,0
1,176,216,17,0,0
1,176,217,17,9,0
1,176,218,17,17,0
1,176,219,17,0,0
1,176,220,17,9,0
1,176,221,17,0,0
1,176,222,17,9,0
1,176,223,17,17,0
1,176,224,17,0,0
1,176,225,17,9,0
1,176,226,17,9,0
1,176,227,17,16,0
1,176,228,17,8,0
1,176,229,17,0,0
1,176,230,17,9,0
1,176,231,17,16,0
1,176,232,17,8,0
1,176,233,17,0,0
1,176,234,17,9,0
1,176,235,17,11,0
1,176,236,17,8,0
1,176,237,17,0,0
1,176,238,17,9,0
1,176,239,17,17,0
1,176,240,17,0,0
1,176,241,17,9,0
1,176,242,17,0,0
1,176,243,17,9,0
1,176,244,17,17,0
1,176,245,17,0,0
1,176,246,17,9,0
1,176,247,17,9,0
1,176,248,17,16,0
1,176,249,17,8,0
1,176,250,17,0,0
1,176,251,17,9,0
1,176,252,17,16,0
1,176,253,17,8,0
1,176,254,17,0,0
1,176,255,17,9,0
1,176,256,17,11,0
1,176,257,17,8,0
1,176,258,17,0,0
1,176,259,17,9,0
1,176,260,17,16,0
1,176,261,17,8,0
1,176,262,17,0,0
1,176,263,17,15,0
1,176,264,17,0,0
1,176,265,17,9,0
1,176,266,17,9,0
1,176,267,17,9,0
1,176,268,17,0,0
1,176,269,17,15,0
1,176,270,17,0,0
1,176,271,17,9,0
1,176,272,17,9,0
1,176,273,17,9,0
1,176,274,17,0,0
1,176,275,17,15,0
1,176,276,17,0,0
1,176,277,17,9,0
1,176,278,17,9,0
1,176,279,17,9,0
1,176,280,17,0,0
1,176,281,17,15,0
1,176,282,17,0,0
1,176,283,17,9,0
1,176,284,17,9,0
1,176,285,17,9,0
1,176,286,17,0,0
1,176,287,17,15,0
1,176,288,17,0,0
1,176,289,17,9,0
1,176,290,17,9,0
1,176,291,17,9,0
1,176,292,17,0,0
1,176,293,17,15,0
1,176,294,17,0,0
1,176,295,17,9,0
1,176,296,17,9,0
1,176,297,17,9,0
1,176,298,17,0,0
1,176,299,17,15,0
1,176,300,17,0,0
1,176,301,17,9,0
1,176,302,17,9,0
1,176,303,17,9,0
1,176,304,17,0,0
1,176,305,17,15,0
1,176,306,17,0,0
1,176,307,17,9,0
1,176,308,17,9,0
1,176,309,17,9,0
1,176,310,17,0,0
1,176,311,17,15,0
1,176,312,17,0,0
1,176,313,17,9,0
1,176,314,17,9,0
1,176,315,17,9,0
1,176,316,17,0,0
1,176,317,17,15,0
1,176,318,17,0,0
1,176,319,17,9,0
1,176,320,17,9,0
1,176,321,17,9,0
1,176,322,17,0,0
1,176,323,17,15,0
1,176,324,17,0,0
1,176,325,17,9,0
1,176,326,17,9,0
1,176,327,17,9,0
1,177,178,0,9,1
1,177,179,0,0,1
1,177,180,0,9,0
1,177,181,0,17,0
1,177,182,0,0,0
1,177,183,0,9,0
1,177,184,0,9,0
1,177,185,0,16,0
1,177,186,0,8,0
1,177,187,0,0,1
1,177,188,0,9,0
1,177,189,0,16,0
1,177,190,0,8,0
1,177,191,0,0,0
1,177,192,0,9,0
1,177,193,0,11,0
1,177,194,0,8,0
1,177,195,0,0,0
1,177,196,0,9,0
1,177,197,0,17,0
1,177,198,0,0,0
1,177,199,0,9,0
1,177,200,0,0,0
1,177,201,0,9,0
1,177,202,0,17,0
1,177,203,0,0,0
1,177,204,0,9,0
1,177,205,0,9,0
1,177,206,0,16,0
1,177,207,0,8,0
1,177,208,0,0,0
1,177,209,0,9,0
1,177,210,0,16,0
1,177,211,0,8,0
1,177,212,0,0,0
1,177,213,0,9,0
1,177,214,0,11,0
1,177,215,0,8,0
1,177,216,0,0,0
1,177,217,0,9,0
1,177,218,0,17,0
1,177,219,0,0,0
1,177,220,0,9,0
1,177,221,0,0,0
1,177,222,0,9,0
1,177,223,0,17,0
1,177,224,0,0,0
1,177,225,0,9,0
1,177,226,0,9,0
1,177,227,0,16,0
1,177,228,0,8,0
1,177,229,0,0,0
1,177,230,0,9,0
1,177,231,0,16,0
1,177,232,0,8,0
1,177,233,0,0,0
1,177,234,0,9,0
1,177,235,0,11,0
1,177,236,0,8,0
1,177,237,0,0,0
1,177,238,0,9,0
1,177,239,0,17,0
1,177,240,0,0,0
1,177,241,0,9,0
1,177,242,0,0,0
1,177,243,0,9,0
1,177,244,0,17,0
1,177,245,0,0,0
1,177,246,0,9,0
1,177,247,0,9,0
1,177,248,0,16,0
1,177,249,0,8,0
1,177,250,0,0,0
1,177,251,0,9,0
1,177,252,0,16,0
1,177,253,0,8,0
1,177,254,0,0,0
1,177,255,0,9,0
1,177,256,0,11,0
1,177,257,0,8,0
1,177,258,0,0,0
1,177,259,0,9,0
1,177,260,0,16,0
1,177,261,0,8,0
1,177,262,0,0,0
1,177,263,0,15,0
1,177,264,0,0,0
1,177,265,0,9,0
1,177,266,0,9,0
1,177,267,0,9,0
1,177,268,0,0,0
1,177,269,0,15,0
1,177,270,0,0,0
1,177,271,0,9,0
1,177,272,0,9,0
1,177,273,0,9,0
1,177,274,0,0,0
1,177,275,0,15,0
1,177,276,0,0,0
1,177,277,0,9,0
1,177,278,0,9,0
1,177,279,0,9,0
1,177,280,0,0,0
1,177,281,0,15,0
1,177,282,0,0,0
1,177,283,0,9,0
1,177,284,0,9,0
1,177,285,0,9,0
1,177,286,0,0,0
1,177,287,0,15,0
1,177,288,0,0,0
1,177,289,0,9,0
1,177,290,0,9,0
1,177,291,0,9,0
1,177,292,0,0,0
1,177,293,0,15,0
1,177,294,0,0,0
1,177,295,0,9,0
1,177,296,0,9,0
1,177,297,0,9,0
1,177,298,0,0,0
1,177,299,0,15,0
1,177,300,0,0,0
1,177,301,0,9,0
1,177,302,0,9,0
1,177,303,0,9,0
1,177,304,0,0,0
1,177,305,0,15,0
1,177,306,0,0,0
1,177,307,0,9,0
1,177,308,0,9,0
1,177,309,0,9,0
1,177,310,0,0,0
1,177,311,0,15,0
1,177,312,0,0,0
1,177,313,0,9,0
1,177,314,0,9,0
1,177,315,0,9,0
1,177,316,0,0,0
1,177,317,0,15,0
1,177,318,0,0,0
1,177,319,0,9,0
1,177,320,0,9,0
1,177,321,0,9,0
1,177,322,0,0,0
1,177,323,0,15,0
1,177,324,0,0,0
1,177,325,0,9,0
1,177,326,0,9,0
1,177,327,0,9,0
1,178,179,9,0,0
1,178,180,9,9,0
1,178,181,9,17,0
1,178,182,9,0,0
1,178,183,9,9,0
1,178,184,9,9,0
1,178,185,9,16,0
1,178,186,9,8,0
1,178,187,9,0,0
1,178,188,9,9,0
1,178,189,9,16,0
1,178,190,9,8,0
1,178,191,9,0,0
1,178,192,9,9,0
1,178,193,9,11,0
1,178,194,9,8,0
1,178,195,9,0,0
1,178,196,9,9,0
1,178,197,9,17,0
1,178,198,9,0,0
1,178,199,9,9,0
1,178,200,9,0,0
1,178,201,9,9,0
1,178,202,9,17,0
1,178,203,9,0,0
1,178,204,9,9,0
1,178,205,9,9,0
1,178,206,9,16,0
1,178,207,9,8,0
1,178,208,9,0,0
1,178,209,9,9,0
1,178,210,9,16,0
1,178,211,9,8,0
1,178,212,9,0,0
1,178,213,9,9,0
1,178,214,9,11,0
1,178,215,9,8,0
1,178,216,9,0,0
1,178,217,9,9,0
1,178,218,9,17,0
1,178,219,9,0,0
1,178,220,9,9,0
1,178,221,9,0,0
1,178,222,9,9,0
1,178,223,9,17,0
1,178,224,9,0,0
1,178,225,9,9,0
1,178,226,9,9,0
1,178,227,9,16,0
1,178,228,9,8,0
1,178,229,9,0,0
1,178,230,9,9,0
1,178,231,9,16,0
1,178,232,9,8,0
1,178,233,9,0,0
1,178,234,9,9,0
1,178,235,9,11,0
1,178,236,9,8,0
1,178,237,9,0,0
1,178,238,9,9,0
1,178,239,9,17,0
1,178,240,9,0,0
1,178,241,9,9,0
1,178,242,9,0,0
1,178,243,9,9,0
1,178,244,9,17,0
1,178,245,9,0,0
1,178,246,9,9,0
1,178,247,9,9,0
1,178,248,9,16,0
1,178,249,9,8,0
1,178,250,9,0,0
1,178,251,9,9,0
1,178,252,9,16,0
1,178,253,9,8,0
1,178,254,9,0,0
1,178,255,9,9,0
1,178,256,9,11,0
1,178,257,9,8,0
1,178,258,9,0,0
1,178,259,9,9,0
1,178,260,9,16,0
1,178,261,9,8,0
1,178,262,9,0,0
1,178,263,9,15,0
1,178,264,9,0,0
1,178,265,9,9,0
1,178,266,9,9,0
1,178,267,9,9,0
1,178,268,9,0,0
1,178,269,9,15,0
1,178,270,9,0,0
1,178,271,9,9,0
1,178,272,9,9,0
1,178,273,9,9,0
1,178,274,9,0,0
1,178,275,9,15,0
1,178,276,9,0,0
1,178,277,9,9,0
1,178,278,9,9,0
1,178,279,9,9,0
1,178,280,9,0,0
1,178,281,9,15,0
1,178,282,9,0,0
1,178,283,9,9,0
1,178,284,9,9,0
1,178,285,9,9,0
1,178,286,9,0,0
1,178,287,9,15,0
1,178,288,9,0,0
1,178,289,9,9,0
1,178,290,9,9,0
1,178,291,9,9,0
1,178,292,9,0,0
1,178,293,9,15,0
1,178,294,9,0,0
1,178,295,9,9,0
1,178,296,9,9,0
1,178,297,9,9,0
1,178,298,9,0,0
1,178,299,9,15,0
1,178,300,9,0,0
1,178,301,9,9,0
1,178,302,9,9,0
1,178,303,9,9,0
1,178,304,9,0,0
1,178,305,9,15,0
1,178,306,9,0,0
1,178,307,9,9,0
1,178,308,9,9,0
1,178,309,9,9,0
1,178,310,9,0,0
1,178,311,9,15,0
1,178,312,9,0,0
1,178,313,9,9,0
1,178,314,9,9,0
1,178,315,9,9,0
1,178,316,9,0,0
1,178,317,9,15,0
1,178,318,9,0,0
1,178,319,9,9,0
1,178,320,9,9,0
1,178,321,9,9,0
1,178,322,9,0,0
1,178,323,9,15,0
1,178,324,9,0,0
1,178,325,9,9,0
1,178,326,9,9,0
1,178,327,9,9,0
1,179,180,0,9,1
1,179,181,0,17,1
1,179,182,0,0,1
1,179,183,0,9,0
1,179,184,0,9,0
1,179,185,0,16,0
1,179,186,0,8,0
1,179,187,0,0,0
1,179,188,0,9,0
1,179,189,0,16,0
1,179,190,0,8,0
1,179,191,0,0,0
1,179,192,0,9,0
1,179,193,0,11,0
1,179,194,0,8,0
1,179,195,0,0,0
1,179,196,0,9,0
1,179,197,0,17,0
1,179,198,0,0,0
1,179,199,0,9,0
1,179,200,0,0,0
1,179,201,0,9,0
1,179,202,0,17,0
1,179,203,0,0,0
1,179,204,0,9,0
1,179,205,0,9,0
1,179,206,0,16,0
1,179,207,0,8,0
1,179,208,0,0,0
1,179,209,0,9,0
1,179,210,0,16,0
1,179,211,0,8,0
1,179,212,0,0,0
1,179,213,0,9,0
1,179,214,0,11,0
1,179,215,0,8,0
1,179,216,0,0,0
1,179,217,0,9,0
1,179,218,0,17,0
1,179,219,0,0,0
1,179,220,0,9,0
1,179,221,0,0,0
1,179,222,0,9,0
1,179,223,0,17,0
1,179,224,0,0,0
1,179,225,0,9,0
1,179,226,0,9,0
1,179,227,0,16,0
1,179,228,0,8,0
1,179,229,0,0,0
1,179,230,0,9,0
1,179,231,0,16,0
1,179,232,0,8,0
1,179,233,0,0,0
1,179,234,0,9,0
1,179,235,0,11,0
1,179,236,0,8,0
1,179,237,0,0,0
1,179,238,0,9,0
1,179,239,0,17,0
1,179,240,0,0,0
1,179,241,0,9,0
1,179,242,0,0,0
1,179,243,0,9,0
1,179,244,0,17,0
1,179,245,0,0,0
1,179,246,0,9,0
1,179,247,0,9,0
1,179,248,0,16,0
1,179,249,0,8,0
1,179,250,0,0,0
1,179,251,0,9,0
1,179,252,0,16,0
1,179,253,0,8,0
1,179,254,0,0,0
1,179,255,0,9,0
1,179,256,0,11,0
1,179,257,0,8,0
1,179,258,0,0,0
1,179,259,0,9,0
1,179,260,0,16,0
1,179,261,0,8,0
1,179,262,0,0,0
1,179,263,0,15,0
1,179,264,0,0,0
1,179,265,0,9,0
1,179,266,0,9,0
1,179,267,0,9,0
1,179,268,0,0,0
1,179,269,0,15,0
1,179,270,0,0,0
1,179,271,0,9,0
1,179,272,0,9,0
1,179,273,0,9,0
1,179,274,0,0,0
1,179,275,0,15,0
1,179,276,0,0,0
1,179,277,0,9,0
1,179,278,0,9,0
1,179,279,0,9,0
1,179,280,0,0,0
1,179,281,0,15,0
1,179,282,0,0,0
1,179,283,0,9,0
1,179,284,0,9,0
1,179,285,0,9,0
1,179,286,0,0,0
1,179,287,0,15,0
1,179,288,0,0,0
1,179,289,0,9,0
1,179,290,0,9,0
1,179,291,0,9,0
1,179,292,0,0,0
1,179,293,0,15,0
1,179,294,0,0,0
1,179,295,0,9,0
1,179,296,0,9,0
1,179,297,0,9,0
1,179,298,0,0,0
1,179,299,0,15,0
1,179,300,0,0,0
1,179,301,0,9,0
1,179,302,0,9,0
1,179,303,0,9,0
1,179,304,0,0,0
1,179,305,0,15,0
1,179,306,0,0,0
1,179,307,0,9,0
1,179,308,0,9,0
1,179,309,0,9,0
1,179,310,0,0,0
1,179,311,0,15,0
1,179,312,0,0,0
1,179,313,0,9,0
1,179,314,0,9,0
1,179,315,0,9,0
1,179,316,0,0,0
1,179,317,0,15,0
1,179,318,0,0,0
1,179,319,0,9,0
1,179,320,0,9,0
1,179,321,0,9,0
1,179,322,0,0,0
1,179,323,0,15,0
1,179,324,0,0,0
1,179,325,0,9,0
1,179,326,0,9,0
1,179,327,0,9,0
1,180,181,9,17,0
1,180,182,9,0,0
1,180,183,9,9,0
1,180,184,9,9,0
1,180,185,9,16,0
1,180,186,9,8,0
1,180,187,9,0,0
1,180,188,9,9,0
1,180,189,9,16,0
1,180,190,9,8,0
1,180,191,9,0,0
1,180,192,9,9,0
1,180,193,9,11,0
1,180,194,9,8,0
1,180,195,9,0,0
1,180,196,9,9,0
1,180,197,9,17,0
1,180,198,9,0,0
1,180,199,9,9,0
1,180,200,9,0,0
1,180,201,9,9,0
1,180,202,9,17,0
1,180,203,9,0,0
1,180,204,9,9,0
1,180,205,9,9,0
1,180,206,9,16,0
1,180,207,9,8,0
1,180,208,9,0,0
1,180,209,9,9,0
1,180,210,9,16,0
1,180,211,9,8,0
1,180,212,9,0,0
1,180,213,9,9,0
1,180,214,9,11,0
1,180,215,9,8,0
1,180,216,9,0,0
1,180,217,9,9,0
1,180,218,9,17,0
1,180,219,9,0,0
1,180,220,9,9,0
1,180,221,9,0,0
1,180,222,9,9,0
1,180,223,9,17,0
1,180,224,9,0,0
1,180,225,9,9,0
1,180,226,9,9,0
1,180,227,9,16,0
1,180,228,9,8,0
1,180,229,9,0,0
1,180,230,9,9,0
1,180,231,9,16,0
1,180,232,9,8,0
1,180,233,9,0,0
1,180,234,9,9,0
1,180,235,9,11,0
1,180,236,9,8,0
1,180,237,9,0,0
1,180,238,9,9,0
1,180,239,9,17,0
1,180,240,9,0,0
1,180,241,9,9,0
1,180,242,9,0,0
1,180,243,9,9,0
1,180,244,9,17,0
1,180,245,9,0,0
1,180,246,9,9,0
1,180,247,9,9,0
1,180,248,9,16,0
1,180,249,9,8,0
1,180,250,9,0,0
1,180,251,9,9,0
1,180,252,9,16,0
1,180,253,9,8,0
1,180,254,9,0,0
1,180,255,9,9,0
1,180,256,9,11,0
1,180,257,9,8,0
1,180,258,9,0,0
1,180,259,9,9,0
1,180,260,9,16,0
1,180,261,9,8,0
1,180,262,9,0,0
1,180,263,9,15,0
1,180,264,9,0,0
1,180,265,9,9,0
1,180,266,9,9,0
1,180,267,9,9,0
1,180,268,9,0,0
1,180,269,9,15,0
1,180,270,9,0,0
1,180,271,9,9,0
1,180,272,9,9,0
1,180,273,9,9,0
1,180,274,9,0,0
1,180,275,9,15,0
1,180,276,9,0,0
1,180,277,9,9,0
1,180,278,9,9,0
1,180,279,9,9,0
1,180,280,9,0,0
1,180,281,9,15,0
1,180,282,9,0,0
1,180,283,9,9,0
1,180,284,9,9,0
1,180,285,9,9,0
1,180,286,9,0,0
1,180,287,9,15,0
1,180,288,9,0,0
1,180,289,9,9,0
1,180,290,9,9,0
1,180,291,9,9,0
1,180,292,9,0,0
1,180,293,9,15,0
1,180,294,9,0,0
1,180,295,9,9,0
1,180,296,9,9,0
1,180,297,9,9,0
1,180,298,9,0,0
1,180,299,9,15,0
1,180,300,9,0,0
1,180,301,9,9,0
1,180,302,9,9,0
1,180,303,9,9,0
1,180,304,9,0,0
1,180,305,9,15,0
1,180,306,9,0,0
1,180,307,9,9,0
1,180,308,9,9,0
1,180,309,9,9,0
1,180,310,9,0,0
1,180,311,9,15,0
1,180,312,9,0,0
1,180,313,9,9,0
1,180,314,9,9,0
1,180,315,9,9,0
1,180,316,9,0,0
1,180,317,9,15,0
1,180,318,9,0,0
1,180,319,9,9,0
1,180,320,9,9,0
1,180,321,9,9,0
1,180,322,9,0,0
1,180,323,9,15,0
1,180,324,9,0,0
1,180,325,9,9,0
1,180,326,9,9,0
1,180,327,9,9,0
1,181,182,17,0,0
1,181,183,17,9,0
1,181,184,17,9,0
1,181,185,17,16,0
1,181,186,17,8,0
1,181,187,17,0,0
1,181,188,17,9,0
1,181,189,17,16,0
1,181,190,17,8,0
1,181,191,17,0,0
1,181,192,17,9,0
1,181,193,17,11,0
1,181,194,17,8,0
1,181,195,17,0,1
1,181,196,17,9,0
1,181,197,17,17,0
1,181,198,17,0,0
1,181,199,17,9,0
1,181,200,17,0,0
1,181,201,17,9,0
1,181,202,17,17,0
1,181,203,17,0,0
1,181,204,17,9,0
1,181,205,17,9,0
1,181,206,17,16,0
1,181,207,17,8,0
1,181,208,17,0,0
1,181,209,17,9,0
1,181,210,17,16,0
1,181,211,17,8,0
1,181,212,17,0,0
1,181,213,17,9,0
1,181,214,17,11,0
1,181,215,17,8,0
1,181,216,17,0,0
1,181,217,17,9,0
1,181,218,17,17,0
1,181,219,17,0,0
1,181,220,17,9,0
1,181,221,17,0,0
1,181,222,17,9,0
1,181,223,17,17,0
1,181,224,17,0,0
1,181,225,17,9,0
1,181,226,17,9,0
1,181,227,17,16,0
1,181,228,17,8,0
1,181,229,17,0,0
1,181,230,17,9,0
1,181,231,17,16,0
1,181,232,17,8,0
1,181,233,17,0,0
1,181,234,17,9,0
1,181,235,17,11,0
1,181,236,17,8,0
1,181,237,17,0,0
1,181,238,17,9,0
1,181,239,17,17,0
1,181,240,17,0,0
1,181,241,17,9,0
1,181,242,17,0,0
1,181,243,17,9,0
1,181,244,17,17,0
1,181,245,17,0,0
1,181,246,17,9,0
1,181,247,17,9,0
1,181,248,17,16,0
1,181,249,17,8,0
1,181,250,17,0,0
1,181,251,17,9,0
1,181,252,17,16,0
1,181,253,17,8,0
1,181,254,17,0,0
1,181,255,17,9,0
1,181,256,17,11,0
1,181,257,17,8,0
1,181,258,17,0,0
1,181,259,17,9,0
1,181,260,17,16,0
1,181,261,17,8,0
1,181,262,17,0,0
1,181,263,17,15,0
1,181,264,17,0,0
1,181,265,17,9,0
1,181,266,17,9,0
1,181,267,17,9,0
1,181,268,17,0,0
1,181,269,17,15,0
1,181,270,17,0,0
1,181,271,17,9,0
1,181,272,17,9,0
1,181,273,17,9,0
1,181,274,17,0,0
1,181,275,17,15,0
1,181,276,17,0,0
1,181,277,17,9,0
1,181,278,17,9,0
1,181,279,17,9,0
1,181,280,17,0,0
1,181,281,17,15,0
1,181,282,17,0,0
1,181,283,17,9,0
1,181,284,17,9,0
1,181,285,17,9,0
1,181,286,17,0,0
1,181,287,17,15,0
1,181,288,17,0,0
1,181,289,17,9,0
1,181,290,17,9,0
1,181,291,17,9,0
1,181,292,17,0,0
1,181,293,17,15,0
1,181,294,17,0,0
1,181,295,17,9,0
1,181,296,17,9,0
1,181,297,17,9,0
1,181,298,17,0,0
1,181,299,17,15,0
1,181,300,17,0,0
1,181,301,17,9,0
1,181,302,17,9,0
1,181,303,17,9,0
1,181,304,17,0,0
1,181,305,17,15,0
1,181,306,17,0,0
1,181,307,17,9,0
1,181,308,17,9,0
1,181,309,17,9,0
1,181,310,17,0,0
1,181,311,17,15,0
1,181,312,17,0,0
1,181,313,17,9,0
1,181,314,17,9,0
1,181,315,17,9,0
1,181,316,17,0,0
1,181,317,17,15,0
1,181,318,17,0,0
1,181,319,17,9,0
1,181,320,17,9,0
1,181,321,17,9,0
1,181,322,17,0,0
1,181,323,17,15,0
1,181,324,17,0,0
1,181,325,17,9,0
1,181,326,17,9,0
1,181,327,17,9,0
1,182,183,0,9,1
1,182,184,0,9,1
1,182,185,0,16,1
1,182,186,0,8,0
1,182,187,0,0,0
1,182,188,0,9,0
1,182,189,0,16,0
1,182,190,0,8,0
1,182,191,0,0,0
1,182,192,0,9,0
1,182,193,0,11,0
1,182,194,0,8,0
1,182,195,0,0,0
1,182,196,0,9,0
1,182,197,0,17,0
1,182,198,0,0,0
1,182,199,0,9,0
1,182,200,0,0,0
1,182,201,0,9,0
1,182,202,0,17,0
1,182,203,0,0,0
1,182,204,0,9,0
1,182,205,0,9,0
1,182,206,0,16,0
1,182,207,0,8,0
1,182,208,0,0,0
1,182,209,0,9,0
1,182,210,0,16,0
1,182,211,0,8,0
1,182,212,0,0,0
1,182,213,0,9,0
1,182,214,0,11,0
1,182,215,0,8,0
1,182,216,0,0,0
1,182,217,0,9,0
1,182,218,0,17,0
1,182,219,0,0,0
1,182,220,0,9,0
1,182,221,0,0,0
1,182,222,0,9,0
1,182,223,0,17,0
1,182,224,0,0,0
1,182,225,0,9,0
1,182,226,0,9,0
1,182,227,0,16,0
1,182,228,0,8,0
1,182,229,0,0,0
1,182,230,0,9,0
1,182,231,0,16,0
1,182,232,0,8,0
1,182,233,0,0,0
1,182,234,0,9,0
1,182,235,0,11,0
1,182,236,0,8,0
1,182,237,0,0,0
1,182,238,0,9,0
1,182,239,0,17,0
1,182,240,0,0,0
1,182,241,0,9,0
1,182,242,0,0,0
1,182,243,0,9,0
1,182,244,0,17,0
1,182,245,0,0,0
1,182,246,0,9,0
1,182,247,0,9,0
1,182,248,0,16,0
1,182,249,0,8,0
1,182,250,0,0,0
1,182,251,0,9,0
1,182,252,0,16,0
1,182,253,0,8,0
1,182,254,0,0,0
1,182,255,0,9,0
1,182,256,0,11,0
1,182,257,0,8,0
1,182,258,0,0,0
1,182,259,0,9,0
1,182,260,0,16,0
1,182,261,0,8,0
1,182,262,0,0,0
1,182,263,0,15,0
1,182,264,0,0,0
1,182,265,0,9,0
1,182,266,0,9,0
1,182,267,0,9,0
1,182,268,0,0,0
1,182,269,0,15,0
1,182,270,0,0,0
1,182,271,0,9,0
1,182,272,0,9,0
1,182,273,0,9,0
1,182,274,0,0,0
1,182,275,0,15,0
1,182,276,0,0,0
1,182,277,0,9,0
1,182,278,0,9,0
1,182,279,0,9,0
1,182,280,0,0,0
1,182,281,0,15,0
1,182,282,0,0,0
1,182,283,0,9,0
1,182,284,0,9,0
1,182,285,0,9,0
1,182,286,0,0,0
1,182,287,0,15,0
1,182,288,0,0,0
1,182,289,0,9,0
1,182,290,0,9,0
1,182,291,0,9,0
1,182,292,0,0,0
1,182,293,0,15,0
1,182,294,0,0,0
1,182,295,0,9,0
1,182,296,0,9,0
1,182,297,0,9,0
1,182,298,0,0,0
1,182,299,0,15,0
1,182,300,0,0,0
1,182,301,0,9,0
1,182,302,0,9,0
1,182,303,0,9,0
1,182,304,0,0,0
1,182,305,0,15,0
1,182,306,0,0,0
1,182,307,0,9,0
1,182,308,0,9,0
1,182,309,0,9,0
1,182,310,0,0,0
1,182,311,0,15,0
1,182,312,0,0,0
1,182,313,0,9,0
1,182,314,0,9,0
1,182,315,0,9,0
1,182,316,0,0,0
1,182,317,0,15,0
1,182,318,0,0,0
1,182,319,0,9,0
1,182,320,0,9,0
1,182,321,0,9,0
1,182,322,0,0,0
1,182,323,0,15,0
1,182,324,0,0,0
1,182,325,0,9,0
1,182,326,0,9,0
1,182,327,0,9,0
1,183,184,9,9,0
1,183,185,9,16,0
1,183,186,9,8,0
1,183,187,9,0,0
1,183,188,9,9,0
1,183,189,9,16,0
1,183,190,9,8,0
1,183,191,9,0,0
1,183,192,9,9,0
1,183,193,9,11,0
1,183,194,9,8,0
1,183,195,9,0,0
1,183,196,9,9,0
1,183,197,9,17,0
1,183,198,9,0,0
1,183,199,9,9,0
1,183,200,9,0,0
1,183,201,9,9,0
1,183,202,9,17,0
1,183,203,9,0,0
1,183,204,9,9,0
1,183,205,9,9,0
1,183,206,9,16,0
1,183,207,9,8,0
1,183,208,9,0,0
1,183,209,9,9,0
1,183,210,9,16,0
1,183,211,9,8,0
1,183,212,9,0,0
1,183,213,9,9,0
1,183,214,9,11,0
1,183,215,9,8,0
1,183,216,9,0,0
1,183,217,9,9,0
1,183,218,9,17,0
1,183,219,9,0,0
1,183,220,9,9,0
1,183,221,9,0,0
1,183,222,9,9,0
1,183,223,9,17,0
1,183,224,9,0,0
1,183,225,9,9,0
1,183,226,9,9,0
1,183,227,9,16,0
1,183,228,9,8,0
1,183,229,9,0,0
1,183,230,9,9,0
1,183,231,9,16,0
1,183,232,9,8,0
1,183,233,9,0,0
1,183,234,9,9,0
1,183,235,9,11,0
1,183,236,9,8,0
1,183,237,9,0,0
1,183,238,9,9,0
1,183,239,9,17,0
1,183,240,9,0,0
1,183,241,9,9,0
1,183,242,9,0,0
1,183,243,9,9,0
1,183,244,9,17,0
1,183,245,9,0,0
1,183,246,9,9,0
1,183,247,9,9,0
1,183,248,9,16,0
1,183,249,9,8,0
1,183,250,9,0,0
1,183,251,9,9,0
1,183,252,9,16,0
1,183,253,9,8,0
1,183,254,9,0,0
1,183,255,9,9,0
1,183,256,9,11,0
1,183,257,9,8,0
1,183,258,9,0,0
1,183,259,9,9,0
1,183,260,9,16,0
1,183,261,9,8,0
1,183,262,9,0,0
1,183,263,9,15,0
1,183,264,9,0,0
1,183,265,9,9,0
1,183,266,9,9,0
1,183,267,9,9,0
1,183,268,9,0,0
1,183,269,9,15,0
1,183,270,9,0,0
1,183,271,9,9,0
1,183,272,9,9,0
1,183,273,9,9,0
1,183,274,9,0,0
1,183,275,9,15,0
1,183,276,9,0,0
1,183,277,9,9,0
1,183,278,9,9,0
1,183,279,9,9,0
1,183,280,9,0,0
1,183,281,9,15,0
1,183,282,9,0,0
1,183,283,9,9,0
1,183,284,9,9,0
1,183,285,9,9,0
1,183,286,9,0,0
1,183,287,9,15,0
1,183,288,9,0,0
1,183,289,9,9,0
1,183,290,9,9,0
1,183,291,9,9,0
1,183,292,9,0,0
1,183,293,9,15,0
1,183,294,9,0,0
1,183,295,9,9,0
1,183,296,9,9,0
1,183,297,9,9,0
1,183,298,9,0,0
1,183,299,9,15,0
1,183,300,9,0,0
1,183,301,9,9,0
1,183,302,9,9,0
1,183,303,9,9,0
1,183,304,9,0,0
1,183,305,9,15,0
1,183,306,9,0,0
1,183,307,9,9,0
1,183,308,9,9,0
1,183,309,9,9,0
1,183,310,9,0,0
1,183,311,9,15,0
1,183,312,9,0,0
1,183,313,9,9,0
1,183,314,9,9,0
1,183,315,9,9,0
1,183,316,9,0,0
1,183,317,9,15,0
1,183,318,9,0,0
1,183,319,9,9,0
1,183,320,9,9,0
1,183,321,9,9,0
1,183,322,9,0,0
1,183,323,9,15,0
1,183,324,9,0,0
1,183,325,9,9,0
1,183,326,9,9,0
1,183,327,9,9,0
1,184,185,9,16,0
1,184,186,9,8,0
1,184,187,9,0,0
1,184,188,9,9,0
1,184,189,9,16,0
1,184,190,9,8,0
1,184,191,9,0,0
1,184,192,9,9,0
1,184,193,9,11,0
1,184,194,9,8,0
1,184,195,9,0,0
1,184,196,9,9,0
1,184,197,9,17,0
1,184,198,9,0,0
1,184,199,9,9,0
1,184,200,9,0,0
1,184,201,9,9,0
1,184,202,9,17,0
1,184,203,9,0,0
1,184,204,9,9,0
1,184,205,9,9,0
1,184,206,9,16,0
1,184,207,9,8,0
1,184,208,9,0,0
1,184,209,9,9,0
1,184,210,9,16,0
1,184,211,9,8,0
1,184,212,9,0,0
1,184,213,9,9,0
1,184,214,9,11,0
1,184,215,9,8,0
1,184,216,9,0,0
1,184,217,9,9,0
1,184,218,9,17,0
1,184,219,9,0,0
1,184,220,9,9,0
1,184,221,9,0,0
1,184,222,9,9,0
1,184,223,9,17,0
1,184,224,9,0,0
1,184,225,9,9,0
1,184,226,9,9,0
1,184,227,9,16,0
1,184,228,9,8,0
1,184,229,9,0,0
1,184,230,9,9,0
1,184,231,9,16,0
1,184,232,9,8,0
1,184,233,9,0,0
1,184,234,9,9,0
1,184,235,9,11,0
1,184,236,9,8,0
1,184,237,9,0,0
1,184,238,9,9,0
1,184,239,9,17,0
1,184,240,9,0,0
1,184,241,9,9,0
1,184,242,9,0,0
1,184,243,9,9,0
1,184,244,9,17,0
1,184,245,9,0,0
1,184,246,9,9,0
1,184,247,9,9,0
1,184,248,9,16,0
1,184,249,9,8,0
1,184,250,9,0,0
1,184,251,9,9,0
1,184,252,9,16,0
1,184,253,9,8,0
1,184,254,9,0,0
1,184,255,9,9,0
1,184,256,9,11,0
1,184,257,9,8,0
1,184,258,9,0,0
1,184,259,9,9,0
1,184,260,9,16,0
1,184,261,9,8,0
1,184,262,9,0,0
1,184,263,9,15,0
1,184,264,9,0,0
1,184,265,9,9,0
1,184,266,9,9,0
1,184,267,9,9,0
1,184,268,9,0,0
1,184,269,9,15,0
1,184,270,9,0,0
1,184,271,9,9,0
1,184,272,9,9,0
1,184,273,9,9,0
1,184,274,9,0,0
1,184,275,9,15,0
1,184,276,9,0,0
1,184,277,9,9,0
1,184,278,9,9,0
1,184,279,9,9,0
1,184,280,9,0,0
1,184,281,9,15,0
1,184,282,9,0,0
1,184,283,9,9,0
1,184,284,9,9,0
1,184,285,9,9,0
1,184,286,9,0,0
1,184,287,9,15,0
1,184,288,9,0,0
1,184,289,9,9,0
1,184,290,9,9,0
1,184,291,9,9,0
1,184,292,9,0,0
1,184,293,9,15,0
1,184,294,9,0,0
1,184,295,9,9,0
1,184,296,9,9,0
1,184,297,9,9,0
1,184,298,9,0,0
1,184,299,9,15,0
1,184,300,9,0,0
1,184,301,9,9,0
1,184,302,9,9,0
1,184,303,9,9,0
1,184,304,9,0,0
1,184,305,9,15,0
1,184,306,9,0,0
1,184,307,9,9,0
1,184,308,9,9,0
1,184,309,9,9,0
1,184,310,9,0,0
1,184,311,9,15,0
1,184,312,9,0,0
1,184,313,9,9,0
1,184,314,9,9,0
1,184,315,9,9,0
1,184,316,9,0,0
1,184,317,9,15,0
1,184,318,9,0,0
1,184,319,9,9,0
1,184,320,9,9,0
1,184,321,9,9,0
1,184,322,9,0,0
1,184,323,9,15,0
1,184,324,9,0,0
1,184,325,9,9,0
1,184,326,9,9,0
1,184,327,9,9,0
1,185,186,16,8,1
1,185,187,16,0,0
1,185,188,16,9,0
1,185,189,16,16,0
1,185,190,16,8,0
1,185,191,16,0,0
1,185,192,16,9,0
1,185,193,16,11,0
1,185,194,16,8,0
1,185,195,16,0,0
1,185,196,16,9,0
1,185,197,16,17,0
1,185,198,16,0,0
1,185,199,16,9,0
1,185,200,16,0,0
1,185,201,16,9,0
1,185,202,16,17,0
1,185,203,16,0,0
1,185,204,16,9,0
1,185,205,16,9,0
1,185,206,16,16,0
1,185,207,16,8,0
1,185,208,16,0,0
1,185,209,16,9,0
1,185,210,16,16,0
1,185,211,16,8,0
1,185,212,16,0,0
1,185,213,16,9,0
1,185,214,16,11,0
1,185,215,16,8,0
1,185,216,16,0,0
1,185,217,16,9,0
1,185,218,16,17,0
1,185,219,16,0,0
1,185,220,16,9,0
1,185,221,16,0,0
1,185,222,16,9,0
1,185,223,16,17,0
1,185,224,16,0,0
1,185,225,16,9,0
1,185,226,16,9,0
1,185,227,16,16,0
1,185,228,16,8,0
1,185,229,16,0,0
1,185,230,16,9,0
1,185,231,16,16,0
1,185,232,16,8,0
1,185,233,16,0,0
1,185,234,16,9,0
1,185,235,16,11,0
1,185,236,16,8,0
1,185,237,16,0,0
1,185,238,16,9,0
1,185,239,16,17,0
1,185,240,16,0,0
1,185,241,16,9,0
1,185,242,16,0,0
1,185,243,16,9,0
1,185,244,16,17,0
1,185,245,16,0,0
1,185,246,16,9,0
1,185,247,16,9,0
1,185,248,16,16,0
1,185,249,16,8,0
1,185,250,16,0,0
1,185,251,16,9,0
1,185,252,16,16,0
1,185,253,16,8,0
1,185,254,16,0,0
1,185,255,16,9,0
1,185,256,16,11,0
1,185,257,16,8,0
1,185,258,16,0,0
1,185,259,16,9,0
1,185,260,16,16,0
1,185,261,16,8,0
1,185,262,16,0,0
1,185,263,16,15,0
1,185,264,16,0,0
1,185,265,16,9,0
1,185,266,16,9,0
1,185,267,16,9,0
1,185,268,16,0,0
1,185,269,16,15,0
1,185,270,16,0,0
1,185,271,16,9,0
1,185,272,16,9,0
1,185,273,16,9,0
1,185,274,16,0,0
1,185,275,16,15,0
1,185,276,16,0,0
1,185,277,16,9,0
1,185,278,16,9,0
1,185,279,16,9,0
1,185,280,16,0,0
1,185,281,16,15,0
1,185,282,16,0,0
1,185,283,16,9,0
1,185,284,16,9,0
1,185,285,16,9,0
1,185,286,16,0,0
1,185,287,16,15,0
1,185,288,16,0,0
1,185,289,16,9,0
1,185,290,16,9,0
1,185,291,16,9,0
1,185,292,16,0,0
1,185,293,16,15,0
1,185,294,16,0,0
1,185,295,16,9,0
1,185,296,16,9,0
1,185,297,16,9,0
1,185,298,16,0,0
1,185,299,16,15,0
1,185,300,16,0,0
1,185,301,16,9,0
1,185,302,16,9,0
1,185,303,16,9,0
1,185,304,16,0,0
1,185,305,16,15,0
1,185,306,16,0,0
1,185,307,16,9,0
1,185,308,16,9,0
1,185,309,16,9,0
1,185,310,16,0,0
1,185,311,16,15,0
1,185,312,16,0,0
1,185,313,16,9,0
1,185,314,16,9,0
1,185,315,16,9,0
1,185,316,16,0,0
1,185,317,16,15,0
1,185,318,16,0,0
1,185,319,16,9,0
1,185,320,16,9,0
1,185,321,16,9,0
1,185,322,16,0,0
1,185,323,16,15,0
1,185,324,16,0,0
1,185,325,16,9,0
1,185,326,16,9,0
1,185,327,16,9,0
1,186,187,8,0,0
1,186,188,8,9,0
1,186,189,8,16,0
1,186,190,8,8,0
1,186,191,8,0,0
1,186,192,8,9,0
1,186,193,8,11,0
1,186,194,8,8,0
1,186,195,8,0,0
1,186,196,8,9,0
1,186,197,8,17,0
1,186,198,8,0,0
1,186,199,8,9,0
1,186,200,8,0,0
1,186,201,8,9,0
1,186,202,8,17,0
1,186,203,8,0,0
1,186,204,8,9,0
1,186,205,8,9,0
1,186,206,8,16,0
1,186,207,8,8,0
1,186,208,8,0,0
1,186,209,8,9,0
1,186,210,8,16,0
1,186,211,8,8,0
1,186,212,8,0,0
1,186,213,8,9,0
1,186,214,8,11,0
1,186,215,8,8,0
1,186,216,8,0,0
1,186,217,8,9,0
1,186,218,8,17,0
1,186,219,8,0,0
1,186,220,8,9,0
1,186,221,8,0,0
1,186,222,8,9,0
1,186,223,8,17,0
1,186,224,8,0,0
1,186,225,8,9,0
1,186,226,8,9,0
1,186,227,8,16,0
1,186,228,8,8,0
1,186,229,8,0,0
1,186,230,8,9,0
1,186,231,8,16,0
1,186,232,8,8,0
1,186,233,8,0,0
1,186,234,8,9,0
1,186,235,8,11,0
1,186,236,8,8,0
1,186,237,8,0,0
1,186,238,8,9,0
1,186,239,8,17,0
1,186,240,8,0,0
1,186,241,8,9,0
1,186,242,8,0,0
1,186,243,8,9,0
1,186,244,8,17,0
1,186,245,8,0,0
1,186,246,8,9,0
1,186,247,8,9,0
1,186,248,8,16,0
1,186,249,8,8,0
1,186,250,8,0,0
1,186,251,8,9,0
1,186,252,8,16,0
1,186,253,8,8,0
1,186,254,8,0,0
1,186,255,8,9,0
1,186,256,8,11,0
1,186,257,8,8,0
1,186,258,8,0,0
1,186,259,8,9,0
1,186,260,8,16,0
1,186,261,8,8,0
1,186,262,8,0,0
1,186,263,8,15,0
1,186,264,8,0,0
1,186,265,8,9,0
1,186,266,8,9,0
1,186,267,8,9,0
1,186,268,8,0,0
1,186,269,8,15,0
1,186,270,8,0,0
1,186,271,8,9,0
1,186,272,8,9,0
1,186,273,8,9,0
1,186,274,8,0,0
1,186,275,8,15,0
1,186,276,8,0,0
1,186,277,8,9,0
1,186,278,8,9,0
1,186,279,8,9,0
1,186,280,8,0,0
1,186,281,8,15,0
1,186,282,8,0,0
1,186,283,8,9,0
1,186,284,8,9,0
1,186,285,8,9,0
1,186,286,8,0,0
1,186,287,8,15,0
1,186,288,8,0,0
1,186,289,8,9,0
1,186,290,8,9,0
1,186,291,8,9,0
1,186,292,8,0,0
1,186,293,8,15,0
1,186,294,8,0,0
1,186,295,8,9,0
1,186,296,8,9,0
1,186,297,8,9,0
1,186,298,8,0,0
1,186,299,8,15,0
1,186,300,8,0,0
1,186,301,8,9,0
1,186,302,8,9,0
1,186,303,8,9,0
1,186,304,8,0,0
1,186,305,8,15,0
1,186,306,8,0,0
1,186,307,8,9,0
1,186,308,8,9,0
1,186,309,8,9,0
1,186,310,8,0,0
1,186,311,8,15,0
1,186,312,8,0,0
1,186,313,8,9,0
1,186,314,8,9,0
1,186,315,8,9,0
1,186,316,8,0,0
1,186,317,8,15,0
1,186,318,8,0,0
1,186,319,8,9,0
1,186,320,8,9,0
1,186,321,8,9,0
1,186,322,8,0,0
1,186,323,8,15,0
1,186,324,8,0,0
1,186,325,8,9,0
1,186,326,8,9,0
1,186,327,8,9,0
1,187,188,0,9,1
1,187,189,0,16,1
1,187,190,0,8,0
1,187,191,0,0,1
1,187,192,0,9,0
1,187,193,0,11,0
1,187,194,0,8,0
1,187,195,0,0,0
1,187,196,0,9,0
1,187,197,0,17,0
1,187,198,0,0,0
1,187,199,0,9,0
1,187,200,0,0,0
1,187,201,0,9,0
1,187,202,0,17,0
1,187,203,0,0,0
1,187,204,0,9,0
1,187,205,0,9,0
1,187,206,0,16,0
1,187,207,0,8,0
1,187,208,0,0,0
1,187,209,0,9,0
1,187,210,0,16,0
1,187,211,0,8,0
1,187,212,0,0,0
1,187,213,0,9,0
1,187,214,0,11,0
1,187,215,0,8,0
1,187,216,0,0,0
1,187,217,0,9,0
1,187,218,0,17,0
1,187,219,0,0,0
1,187,220,0,9,0
1,187,221,0,0,0
1,187,222,0,9,0
1,187,223,0,17,0
1,187,224,0,0,0
1,187,225,0,9,0
1,187,226,0,9,0
1,187,227,0,16,0
1,187,228,0,8,0
1,187,229,0,0,0
1,187,230,0,9,0
1,187,231,0,16,0
1,187,232,0,8,0
1,187,233,0,0,0
1,187,234,0,9,0
1,187,235,0,11,0
1,187,236,0,8,0
1,187,237,0,0,0
1,187,238,0,9,0
1,187,239,0,17,0
1,187,240,0,0,0
1,187,241,0,9,0
1,187,242,0,0,0
1,187,243,0,9,0
1,187,244,0,17,0
1,187,245,0,0,0
1,187,246,0,9,0
1,187,247,0,9,0
1,187,248,0,16,0
1,187,249,0,8,0
1,187,250,0,0,0
1,187,251,0,9,0
1,187,252,0,16,0
1,187,253,0,8,0
1,187,254,0,0,0
1,187,255,0,9,0
1,187,256,0,11,0
1,187,257,0,8,0
1,187,258,0,0,0
1,187,259,0,9,0
1,187,260,0,16,0
1,187,261,0,8,0
1,187,262,0,0,0
1,187,263,0,15,0
1,187,264,0,0,0
1,187,265,0,9,0
1,187,266,0,9,0
1,187,267,0,9,0
1,187,268,0,0,0
1,187,269,0,15,0
1,187,270,0,0,0
1,187,271,0,9,0
1,187,272,0,9,0
1,187,273,0,9,0
1,187,274,0,0,0
1,187,275,0,15,0
1,187,276,0,0,0
1,187,277,0,9,0
1,187,278,0,9,0
1,187,279,0,9,0
1,187,280,0,0,0
1,187,281,0,15,0
1,187,282,0,0,0
1,187,283,0,9,0
1,187,284,0,9,0
1,187,285,0,9,0
1,187,286,0,0,0
1,187,287,0,15,0
1,187,288,0,0,0
1,187,289,0,9,0
1,187,290,0,9,0
1,187,291,0,9,0
1,187,292,0,0,0
1,187,293,0,15,0
1,187,294,0,0,0
1,187,295,0,9,0
1,187,296,0,9,0
1,187,297,0,9,0
1,187,298,0,0,0
1,187,299,0,15,0
1,187,300,0,0,0
1,187,301,0,9,0
1,187,302,0,9,0
1,187,303,0,9,0
1,187,304,0,0,0
1,187,305,0,15,0
1,187,306,0,0,0
1,187,307,0,9,0
1,187,308,0,9,0
1,187,309,0,9,0
1,187,310,0,0,0
1,187,311,0,15,0
1,187,312,0,0,0
1,187,313,0,9,0
1,187,314,0,9,0
1,187,315,0,9,0
1,187,316,0,0,0
1,187,317,0,15,0
1,187,318,0,0,0
1,187,319,0,9,0
1,187,320,0,9,0
1,187,321,0,9,0
1,187,322,0,0,0
1,187,323,0,15,0
1,187,324,0,0,0
1,187,325,0,9,0
1,187,326,0,9,0
1,187,327,0,9,0
1,188,189,9,16,0
1,188,190,9,8,0
1,188,191,9,0,0
1,188,192,9,9,0
1,188,193,9,11,0
1,188,194,9,8,0
1,188,195,9,0,0
1,188,196,9,9,0
1,188,197,9,17,0
1,188,198,9,0,0
1,188,199,9,9,0
1,188,200,9,0,0
1,188,201,9,9,0
1,188,202,9,17,0
1,188,203,9,0,0
1,188,204,9,9,0
1,188,205,9,9,0
1,188,206,9,16,0
1,188,207,9,8,0
1,188,208,9,0,0
1,188,209,9,9,0
1,188,210,9,16,0
1,188,211,9,8,0
1,188,212,9,0,0
1,188,213,9,9,0
1,188,214,9,11,0
1,188,215,9,8,0
1,188,216,9,0,0
1,188,217,9,9,0
1,188,218,9,17,0
1,188,219,9,0,0
1,188,220,9,9,0
1,188,221,9,0,0
1,188,222,9,9,0
1,188,223,9,17,0
1,188,224,9,0,0
1,188,225,9,9,0
1,188,226,9,9,0
1,188,227,9,16,0
1,188,228,9,8,0
1,188,229,9,0,0
1,188,230,9,9,0
1,188,231,9,16,0
1,188,232,9,8,0
1,188,233,9,0,0
1,188,234,9,9,0
1,188,235,9,11,0
1,188,236,9,8,0
1,188,237,9,0,0
1,188,238,9,9,0
1,188,239,9,17,0
1,188,240,9,0,0
1,188,241,9,9,0
1,188,242,9,0,0
1,188,243,9,9,0
1,188,244,9,17,0
1,188,245,9,0,0
1,188,246,9,9,0
1,188,247,9,9,0
1,188,248,9,16,0
1,188,249,9,8,0
1,188,250,9,0,0
1,188,251,9,9,0
1,188,252,9,16,0
1,188,253,9,8,0
1,188,254,9,0,0
1,188,255,9,9,0
1,188,256,9,11,0
1,188,257,9,8,0
1,188,258,9,0,0
1,188,259,9,9,0
1,188,260,9,16,0
1,188,261,9,8,0
1,188,262,9,0,0
1,188,263,9,15,0
1,188,264,9,0,0
1,188,265,9,9,0
1,188,266,9,9,0
1,188,267,9,9,0
1,188,268,9,0,0
1,188,269,9,15,0
1,188,270,9,0,0
1,188,271,9,9,0
1,188,272,9,9,0
1,188,273,9,9,0
1,188,274,9,0,0
1,188,275,9,15,0
1,188,276,9,0,0
1,188,277,9,9,0
1,188,278,9,9,0
1,188,279,9,9,0
1,188,280,9,0,0
1,188,281,9,15,0
1,188,282,9,0,0
1,188,283,9,9,0
1,188,284,9,9,0
1,188,285,9,9,0
1,188,286,9,0,0
1,188,287,9,15,0
1,188,288,9,0,0
1,188,289,9,9,0
1,188,290,9,9,0
1,188,291,9,9,0
1,188,292,9,0,0
1,188,293,9,15,0
1,188,294,9,0,0
1,188,295,9,9,0
1,188,296,9,9,0
1,188,297,9,9,0
1,188,298,9,0,0
1,188,299,9,15,0
1,188,300,9,0,0
1,188,301,9,9,0
1,188,302,9,9,0
1,188,303,9,9,0
1,188,304,9,0,0
1,188,305,9,15,0
1,188,306,9,0,0
1,188,307,9,9,0
1,188,308,9,9,0
1,188,309,9,9,0
1,188,310,9,0,0
1,188,311,9,15,0
1,188,312,9,0,0
1,188,313,9,9,0
1,188,314,9,9,0
1,188,315,9,9,0
1,188,316,9,0,0
1,188,317,9,15,0
1,188,318,9,0,0
1,188,319,9,9,0
1,188,320,9,9,0
1,188,321,9,9,0
1,188,322,9,0,0
1,188,323,9,15,0
1,188,324,9,0,0
1,188,325,9,9,0
1,188,326,9,9,0
1,188,327,9,9,0
1,189,190,16,8,1
1,189,191,16,0,0
1,189,192,16,9,0
1,189,193,16,11,0
1,189,194,16,8,0
1,189,195,16,0,0
1,189,196,16,9,0
1,189,197,16,17,0
1,189,198,16,0,0
1,189,199,16,9,0
1,189,200,16,0,0
1,189,201,16,9,0
1,189,202,16,17,0
1,189,203,16,0,0
1,189,204,16,9,0
1,189,205,16,9,0
1,189,206,16,16,0
1,189,207,16,8,0
1,189,208,16,0,0
1,189,209,16,9,0
1,189,210,16,16,0
1,189,211,16,8,0
1,189,212,16,0,0
1,189,213,16,9,0
1,189,214,16,11,0
1,189,215,16,8,0
1,189,216,16,0,0
1,189,217,16,9,0
1,189,218,16,17,0
1,189,219,16,0,0
1,189,220,16,9,0
1,189,221,16,0,0
1,189,222,16,9,0
1,189,223,16,17,0
1,189,224,16,0,0
1,189,225,16,9,0
1,189,226,16,9,0
1,189,227,16,16,0
1,189,228,16,8,0
1,189,229,16,0,0
1,189,230,16,9,0
1,189,231,16,16,0
1,189,232,16,8,0
1,189,233,16,0,0
1,189,234,16,9,0
1,189,235,16,11,0
1,189,236,16,8,0
1,189,237,16,0,0
1,189,238,16,9,0
1,189,239,16,17,0
1,189,240,16,0,0
1,189,241,16,9,0
1,189,242,16,0,0
1,189,243,16,9,0
1,189,244,16,17,0
1,189,245,16,0,0
1,189,246,16,9,0
1,189,247,16,9,0
1,189,248,16,16,0
1,189,249,16,8,0
1,189,250,16,0,0
1,189,251,16,9,0
1,189,252,16,16,0
1,189,253,16,8,0
1,189,254,16,0,0
1,189,255,16,9,0
1,189,256,16,11,0
1,189,257,16,8,0
1,189,258,16,0,0
1,189,259,16,9,0
1,189,260,16,16,0
1,189,261,16,8,0
1,189,262,16,0,0
1,189,263,16,15,0
1,189,264,16,0,0
1,189,265,16,9,0
1,189,266,16,9,0
1,189,267,16,9,0
1,189,268,16,0,0
1,189,269,16,15,0
1,189,270,16,0,0
1,189,271,16,9,0
1,189,272,16,9,0
1,189,273,16,9,0
1,189,274,16,0,0
1,189,275,16,15,0
1,189,276,16,0,0
1,189,277,16,9,0
1,189,278,16,9,0
1,189,279,16,9,0
1,189,280,16,0,0
1,189,281,16,15,0
1,189,282,16,0,0
1,189,283,16,9,0
1,189,284,16,9,0
1,189,285,16,9,0
1,189,286,16,0,0
1,189,287,16,15,0
1,189,288,16,0,0
1,189,289,16,9,0
1,189,290,16,9,0
1,189,291,16,9,0
1,189,292,16,0,0
1,189,293,16,15,0
1,189,294,16,0,0
1,189,295,16,9,0
1,189,296,16,9,0
1,189,297,16,9,0
1,189,298,16,0,0
1,189,299,16,15,0
1,189,300,16,0,0
1,189,301,16,9,0
1,189,302,16,9,0
1,189,303,16,9,0
1,189,304,16,0,0
1,189,305,16,15,0
1,189,306,16,0,0
1,189,307,16,9,0
1,189,308,16,9,0
1,189,309,16,9,0
1,189,310,16,0,0
1,189,311,16,15,0
1,189,312,16,0,0
1,189,313,16,9,0
1,189,314,16,9,0
1,189,315,16,9,0
1,189,316,16,0,0
1,189,317,16,15,0
1,189,318,16,0,0
1,189,319,16,9,0
1,189,320,16,9,0
1,189,321,16,9,0
1,189,322,16,0,0
1,189,323,16,15,0
1,189,324,16,0,0
1,189,325,16,9,0
1,189,326,16,9,0
1,189,327,16,9,0
1,190,191,8,0,0
1,190,192,8,9,0
1,190,193,8,11,0
1,190,194,8,8,0
1,190,195,8,0,0
1,190,196,8,9,0
1,190,197,8,17,0
1,190,198,8,0,0
1,190,199,8,9,0
1,190,200,8,0,0
1,190,201,8,9,0
1,190,202,8,17,0
1,190,203,8,0,0
1,190,204,8,9,0
1,190,205,8,9,0
1,190,206,8,16,0
1,190,207,8,8,0
1,190,208,8,0,0
1,190,209,8,9,0
1,190,210,8,16,0
1,190,211,8,8,0
1,190,212,8,0,0
1,190,213,8,9,0
1,190,214,8,11,0
1,190,215,8,8,0
1,190,216,8,0,0
1,190,217,8,9,0
1,190,218,8,17,0
1,190,219,8,0,0
1,190,220,8,9,0
1,190,221,8,0,0
1,190,222,8,9,0
1,190,223,8,17,0
1,190,224,8,0,0
1,190,225,8,9,0
1,190,226,8,9,0
1,190,227,8,16,0
1,190,228,8,8,0
1,190,229,8,0,0
1,190,230,8,9,0
1,190,231,8,16,0
1,190,232,8,8,0
1,190,233,8,0,0
1,190,234,8,9,0
1,190,235,8,11,0
1,190,236,8,8,0
1,190,237,8,0,0
1,190,238,8,9,0
1,190,239,8,17,0
1,190,240,8,0,0
1,190,241,8,9,0
1,190,242,8,0,0
1,190,243,8,9,0
1,190,244,8,17,0
1,190,245,8,0,0
1,190,246,8,9,0
1,190,247,8,9,0
1,190,248,8,16,0
1,190,249,8,8,0
1,190,250,8,0,0
1,190,251,8,9,0
1,190,252,8,16,0
1,190,253,8,8,0
1,190,254,8,0,0
1,190,255,8,9,0
1,190,256,8,11,0
1,190,257,8,8,0
1,190,258,8,0,0
1,190,259,8,9,0
1,190,260,8,16,0
1,190,261,8,8,0
1,190,262,8,0,0
1,190,263,8,15,0
1,190,264,8,0,0
1,190,265,8,9,0
1,190,266,8,9,0
1,190,267,8,9,0
1,190,268,8,0,0
1,190,269,8,15,0
1,190,270,8,0,0
1,190,271,8,9,0
1,190,272,8,9,0
1,190,273,8,9,0
1,190,274,8,0,0
1,190,275,8,15,0
1,190,276,8,0,0
1,190,277,8,9,0
1,190,278,8,9,0
1,190,279,8,9,0
1,190,280,8,0,0
1,190,281,8,15,0
1,190,282,8,0,0
1,190,283,8,9,0
1,190,284,8,9,0
1,190,285,8,9,0
1,190,286,8,0,0
1,190,287,8,15,0
1,190,288,8,0,0
1,190,289,8,9,0
1,190,290,8,9,0
1,190,291,8,9,0
1,190,292,8,0,0
1,190,293,8,15,0
1,190,294,8,0,0
1,190,295,8,9,0
1,190,296,8,9,0
1,190,297,8,9,0
1,190,298,8,0,0
1,190,299,8,15,0
1,190,300,8,0,0
1,190,301,8,9,0
1,190,302,8,9,0
1,190,303,8,9,0
1,190,304,8,0,0
1,190,305,8,15,0
1,190,306,8,0,0
1,190,307,8,9,0
1,190,308,8,9,0
1,190,309,8,9,0
1,190,310,8,0,0
1,190,311,8,15,0
1,190,312,8,0,0
1,190,313,8,9,0
1,190,314,8,9,0
1,190,315,8,9,0
1,190,316,8,0,0
1,190,317,8,15,0
1,190,318,8,0,0
1,190,319,8,9,0
1,190,320,8,9,0
1,190,321,8,9,0
1,190,322,8,0,0
1,190,323,8,15,0
1,190,324,8,0,0
1,190,325,8,9,0
1,190,326,8,9,0
1,190,327,8,9,0
1,191,192,0,9,1
1,191,193,0,11,1
1,191,194,0,8,0
1,191,195,0,0,1
1,191,196,0,9,0
1,191,197,0,17,0
1,191,198,0,0,0
1,191,199,0,9,0
1,191,200,0,0,0
1,191,201,0,9,0
1,191,202,0,17,0
1,191,203,0,0,0
1,191,204,0,9,0
1,191,205,0,9,0
1,191,206,0,16,0
1,191,207,0,8,0
1,191,208,0,0,0
1,191,209,0,9,0
1,191,210,0,16,0
1,191,211,0,8,0
1,191,212,0,0,0
1,191,213,0,9,0
1,191,214,0,11,0
1,191,215,0,8,0
1,191,216,0,0,0
1,191,217,0,9,0
1,191,218,0,17,0
1,191,219,0,0,0
1,191,220,0,9,0
1,191,221,0,0,0
1,191,222,0,9,0
1,191,223,0,17,0
1,191,224,0,0,0
1,191,225,0,9,0
1,191,226,0,9,0
1,191,227,0,16,0
1,191,228,0,8,0
1,191,229,0,0,0
1,191,230,0,9,0
1,191,231,0,16,0
1,191,232,0,8,0
1,191,233,0,0,0
1,191,234,0,9,0
1,191,235,0,11,0
1,191,236,0,8,0
1,191,237,0,0,0
1,191,238,0,9,0
1,191,239,0,17,0
1,191,240,0,0,0
1,191,241,0,9,0
1,191,242,0,0,0
1,191,243,0,9,0
1,191,244,0,17,0
1,191,245,0,0,0
1,191,246,0,9,0
1,191,247,0,9,0
1,191,248,0,16,0
1,191,249,0,8,0
1,191,250,0,0,0
1,191,251,0,9,0
1,191,252,0,16,0
1,191,253,0,8,0
1,191,254,0,0,0
1,191,255,0,9,0
1,191,256,0,11,0
1,191,257,0,8,0
1,191,258,0,0,0
1,191,259,0,9,0
1,191,260,0,16,0
1,191,261,0,8,0
1,191,262,0,0,0
1,191,263,0,15,0
1,191,264,0,0,0
1,191,265,0,9,0
1,191,266,0,9,0
1,191,267,0,9,0
1,191,268,0,0,0
1,191,269,0,15,0
1,191,270,0,0,0
1,191,271,0,9,0
1,191,272,0,9,0
1,191,273,0,9,0
1,191,274,0,0,0
1,191,275,0,15,0
1,191,276,0,0,0
1,191,277,0,9,0
1,191,278,0,9,0
1,191,279,0,9,0
1,191,280,0,0,0
1,191,281,0,15,0
1,191,282,0,0,0
1,191,283,0,9,0
1,191,284,0,9,0
1,191,285,0,9,0
1,191,286,0,0,0
1,191,287,0,15,0
1,191,288,0,0,0
1,191,289,0,9,0
1,191,290,0,9,0
1,191,291,0,9,0
1,191,292,0,0,0
1,191,293,0,15,0
1,191,294,0,0,0
1,191,295,0,9,0
1,191,296,0,9,0
1,191,297,0,9,0
1,191,298,0,0,0
1,191,299,0,15,0
1,191,300,0,0,0
1,191,301,0,9,0
1,191,302,0,9,0
1,191,303,0,9,0
1,191,304,0,0,0
1,191,305,0,15,0
1,191,306,0,0,0
1,191,307,0,9,0
1,191,308,0,9,0
1,191,309,0,9,0
1,191,310,0,0,0
1,191,311,0,15,0
1,191,312,0,0,0
1,191,313,0,9,0
1,191,314,0,9,0
1,191,315,0,9,0
1,191,316,0,0,0
1,191,317,0,15,0
1,191,318,0,0,0
1,191,319,0,9,0
1,191,320,0,9,0
1,191,321,0,9,0
1,191,322,0,0,0
1,191,323,0,15,0
1,191,324,0,0,0
1,191,325,0,9,0
1,191,326,0,9,0
1,191,327,0,9,0
1,192,193,9,11,0
1,192,194,9,8,0
1,192,195,9,0,0
1,192,196,9,9,0
1,192,197,9,17,0
1,192,198,9,0,0
1,192,199,9,9,0
1,192,200,9,0,0
1,192,201,9,9,0
1,192,202,9,17,0
1,192,203,9,0,0
1,192,204,9,9,0
1,192,205,9,9,0
1,192,206,9,16,0
1,192,207,9,8,0
1,192,208,9,0,0
1,192,209,9,9,0
1,192,210,9,16,0
1,192,211,9,8,0
1,192,212,9,0,0
1,192,213,9,9,0
1,192,214,9,11,0
1,192,215,9,8,0
1,192,216,9,0,0
1,192,217,9,9,0
1,192,218,9,17,0
1,192,219,9,0,0
1,192,220,9,9,0
1,192,221,9,0,0
1,192,222,9,9,0
1,192,223,9,17,0
1,192,224,9,0,0
1,192,225,9,9,0
1,192,226,9,9,0
1,192,227,9,16,0
1,192,228,9,8,0
1,192,229,9,0,0
1,192,230,9,9,0
1,192,231,9,16,0
1,192,232,9,8,0
1,192,233,9,0,0
1,192,234,9,9,0
1,192,235,9,11,0
1,192,236,9,8,0
1,192,237,9,0,0
1,192,238,9,9,0
1,192,239,9,17,0
1,192,240,9,0,0
1,192,241,9,9,0
1,192,242,9,0,0
1,192,243,9,9,0
1,192,244,9,17,0
1,192,245,9,0,0
1,192,246,9,9,0
1,192,247,9,9,0
1,192,248,9,16,0
1,192,249,9,8,0
1,192,250,9,0,0
1,192,251,9,9,0
1,192,252,9,16,0
1,192,253,9,8,0
1,192,254,9,0,0
1,192,255,9,9,0
1,192,256,9,11,0
1,192,257,9,8,0
1,192,258,9,0,0
1,192,259,9,9,0
1,192,260,9,16,0
1,192,261,9,8,0
1,192,262,9,0,0
1,192,263,9,15,0
1,192,264,9,0,0
1,192,265,9,9,0
1,192,266,9,9,0
1,192,267,9,9,0
1,192,268,9,0,0
1,192,269,9,15,0
1,192,270,9,0,0
1,192,271,9,9,0
1,192,272,9,9,0
1,192,273,9,9,0
1,192,274,9,0,0
1,192,275,9,15,0
1,192,276,9,0,0
1,192,277,9,9,0
1,192,278,9,9,0
1,192,279,9,9,0
1,192,280,9,0,0
1,192,281,9,15,0
1,192,282,9,0,0
1,192,283,9,9,0
1,192,284,9,9,0
1,192,285,9,9,0
1,192,286,9,0,0
1,192,287,9,15,0
1,192,288,9,0,0
1,192,289,9,9,0
1,192,290,9,9,0
1,192,291,9,9,0
1,192,292,9,0,0
1,192,293,9,15,0
1,192,294,9,0,0
1,192,295,9,9,0
1,192,296,9,9,0
1,192,297,9,9,0
1,192,298,9,0,0
1,192,299,9,15,0
1,192,300,9,0,0
1,192,301,9,9,0
1,192,302,9,9,0
1,192,303,9,9,0
1,192,304,9,0,0
1,192,305,9,15,0
1,192,306,9,0,0
1,192,307,9,9,0
1,192,308,9,9,0
1,192,309,9,9,0
1,192,310,9,0,0
1,192,311,9,15,0
1,192,312,9,0,0
1,192,313,9,9,0
1,192,314,9,9,0
1,192,315,9,9,0
1,192,316,9,0,0
1,192,317,9,15,0
1,192,318,9,0,0
1,192,319,9,9,0
1,192,320,9,9,0
1,192,321,9,9,0
1,192,322,9,0,0
1,192,323,9,15,0
1,192,324,9,0,0
1,192,325,9,9,0
1,192,326,9,9,0
1,192,327,9,9,0
1,193,194,11,8,1
1,193,195,11,0,0
1,193,196,11,9,0
1,193,197,11,17,0
1,193,198,11,0,0
1,193,199,11,9,0
1,193,200,11,0,0
1,193,201,11,9,0
1,193,202,11,17,0
1,193,203,11,0,0
1,193,204,11,9,0
1,193,205,11,9,0
1,193,206,11,16,0
1,193,207,11,8,0
1,193,208,11,0,0
1,193,209,11,9,0
1,193,210,11,16,0
1,193,211,11,8,0
1,193,212,11,0,0
1,193,213,11,9,0
1,193,214,11,11,0
1,193,215,11,8,0
1,193,216,11,0,0
1,193,217,11,9,0
1,193,218,11,17,0
1,193,219,11,0,0
1,193,220,11,9,0
1,193,221,11,0,0
1,193,222,11,9,0
1,193,223,11,17,0
1,193,224,11,0,0
1,193,225,11,9,0
1,193,226,11,9,0
1,193,227,11,16,0
1,193,228,11,8,0
1,193,229,11,0,0
1,193,230,11,9,0
1,193,231,11,16,0
1,193,232,11,8,0
1,193,233,11,0,0
1,193,234,11,9,0
1,193,235,11,11,0
1,193,236,11,8,0
1,193,237,11,0,0
1,193,238,11,9,0
1,193,239,11,17,0
1,193,240,11,0,0
1,193,241,11,9,0
1,193,242,11,0,0
1,193,243,11,9,0
1,193,244,11,17,0
1,193,245,11,0,0
1,193,246,11,9,0
1,193,247,11,9,0
1,193,248,11,16,0
1,193,249,11,8,0
1,193,250,11,0,0
1,193,251,11,9,0
1,193,252,11,16,0
1,193,253,11,8,0
1,193,254,11,0,0
1,193,255,11,9,0
1,193,256,11,11,0
1,193,257,11,8,0
1,193,258,11,0,0
1,193,259,11,9,0
1,193,260,11,16,0
1,193,261,11,8,0
1,193,262,11,0,0
1,193,263,11,15,0
1,193,264,11,0,0
1,193,265,11,9,0
1,193,266,11,9,0
1,193,267,11,9,0
1,193,268,11,0,0
1,193,269,11,15,0
1,193,270,11,0,0
1,193,271,11,9,0
1,193,272,11,9,0
1,193,273,11,9,0
1,193,274,11,0,0
1,193,275,11,15,0
1,193,276,11,0,0
1,193,277,11,9,0
1,193,278,11,9,0
1,193,279,11,9,0
1,193,280,11,0,1
1,193,281,11,15,0
1,193,282,11,0,0
1,193,283,11,9,0
1,193,284,11,9,0
1,193,285,11,9,0
1,193,286,11,0,0
1,193,287,11,15,0
1,193,288,11,0,0
1,193,289,11,9,0
1,193,290,11,9,0
1,193,291,11,9,0
1,193,292,11,0,0
1,193,293,11,15,0
1,193,294,11,0,0
1,193,295,11,9,0
1,193,296,11,9,0
1,193,297,11,9,0
1,193,298,11,0,0
1,193,299,11,15,0
1,193,300,11,0,0
1,193,301,11,9,0
1,193,302,11,9,0
1,193,303,11,9,0
1,193,304,11,0,0
1,193,305,11,15,0
1,193,306,11,0,0
1,193,307,11,9,0
1,193,308,11,9,0
1,193,309,11,9,0
1,193,310,11,0,0
1,193,311,11,15,0
1,193,312,11,0,0
1,193,313,11,9,0
1,193,314,11,9,0
1,193,315,11,9,0
1,193,316,11,0,0
1,193,317,11,15,0
1,193,318,11,0,0
1,193,319,11,9,0
1,193,320,11,9,0
1,193,321,11,9,0
1,193,322,11,0,0
1,193,323,11,15,0
1,193,324,11,0,0
1,193,325,11,9,0
1,193,326,11,9,0
1,193,327,11,9,0
1,194,195,8,0,0
1,194,196,8,9,0
1,194,197,8,17,0
1,194,198,8,0,0
1,194,199,8,9,0
1,194,200,8,0,0
1,194,201,8,9,0
1,194,202,8,17,0
1,194,203,8,0,0
1,194,204,8,9,0
1,194,205,8,9,0
1,194,206,8,16,0
1,194,207,8,8,0
1,194,208,8,0,0
1,194,209,8,9,0
1,194,210,8,16,0
1,194,211,8,8,0
1,194,212,8,0,0
1,194,213,8,9,0
1,194,214,8,11,0
1,194,215,8,8,0
1,194,216,8,0,0
1,194,217,8,9,0
1,194,218,8,17,0
1,194,219,8,0,0
1,194,220,8,9,0
1,194,221,8,0,0
1,194,222,8,9,0
1,194,223,8,17,0
1,194,224,8,0,0
1,194,225,8,9,0
1,194,226,8,9,0
1,194,227,8,16,0
1,194,228,8,8,0
1,194,229,8,0,0
1,194,230,8,9,0
1,194,231,8,16,0
1,194,232,8,8,0
1,194,233,8,0,0
1,194,234,8,9,0
1,194,235,8,11,0
1,194,236,8,8,0
1,194,237,8,0,0
1,194,238,8,9,0
1,194,239,8,17,0
1,194,240,8,0,0
1,194,241,8,9,0
1,194,242,8,0,0
1,194,243,8,9,0
1,194,244,8,17,0
1,194,245,8,0,0
1,194,246,8,9,0
1,194,247,8,9,0
1,194,248,8,16,0
1,194,249,8,8,0
1,194,250,8,0,0
1,194,251,8,9,0
1,194,252,8,16,0
1,194,253,8,8,0
1,194,254,8,0,0
1,194,255,8,9,0
1,194,256,8,11,0
1,194,257,8,8,0
1,194,258,8,0,0
1,194,259,8,9,0
1,194,260,8,16,0
1,194,261,8,8,0
1,194,262,8,0,0
1,194,263,8,15,0
1,194,264,8,0,0
1,194,265,8,9,0
1,194,266,8,9,0
1,194,267,8,9,0
1,194,268,8,0,0
1,194,269,8,15,0
1,194,270,8,0,0
1,194,271,8,9,0
1,194,272,8,9,0
1,194,273,8,9,0
1,194,274,8,0,0
1,194,275,8,15,0
1,194,276,8,0,0
1,194,277,8,9,0
1,194,278,8,9,0
1,194,279,8,9,0
1,194,280,8,0,0
1,194,281,8,15,0
1,194,282,8,0,0
1,194,283,8,9,0
1,194,284,8,9,0
1,194,285,8,9,0
1,194,286,8,0,0
1,194,287,8,15,0
1,194,288,8,0,0
1,194,289,8,9,0
1,194,290,8,9,0
1,194,291,8,9,0
1,194,292,8,0,0
1,194,293,8,15,0
1,194,294,8,0,0
1,194,295,8,9,0
1,194,296,8,9,0
1,194,297,8,9,0
1,194,298,8,0,0
1,194,299,8,15,0
1,194,300,8,0,0
1,194,301,8,9,0
1,194,302,8,9,0
1,194,303,8,9,0
1,194,304,8,0,0
1,194,305,8,15,0
1,194,306,8,0,0
1,194,307,8,9,0
1,194,308,8,9,0
1,194,309,8,9,0
1,194,310,8,0,0
1,194,311,8,15,0
1,194,312,8,0,0
1,194,313,8,9,0
1,194,314,8,9,0
1,194,315,8,9,0
1,194,316,8,0,0
1,194,317,8,15,0
1,194,318,8,0,0
1,194,319,8,9,0
1,194,320,8,9,0
1,194,321,8,9,0
1,194,322,8,0,0
1,194,323,8,15,0
1,194,324,8,0,0
1,194,325,8,9,0
1,194,326,8,9,0
1,194,327,8,9,0
1,195,196,0,9,1
1,195,197,0,17,1
1,195,198,0,0,0
1,195,199,0,9,0
1,195,200,0,0,0
1,195,201,0,9,0
1,195,202,0,17,0
1,195,203,0,0,0
1,195,204,0,9,0
1,195,205,0,9,0
1,195,206,0,16,0
1,195,207,0,8,0
1,195,208,0,0,0
1,195,209,0,9,0
1,195,210,0,16,0
1,195,211,0,8,0
1,195,212,0,0,0
1,195,213,0,9,0
1,195,214,0,11,0
1,195,215,0,8,0
1,195,216,0,0,0
1,195,217,0,9,0
1,195,218,0,17,0
1,195,219,0,0,0
1,195,220,0,9,0
1,195,221,0,0,0
1,195,222,0,9,0
1,195,223,0,17,0
1,195,224,0,0,0
1,195,225,0,9,0
1,195,226,0,9,0
1,195,227,0,16,0
1,195,228,0,8,0
1,195,229,0,0,0
1,195,230,0,9,0
1,195,231,0,16,0
1,195,232,0,8,0
1,195,233,0,0,0
1,195,234,0,9,0
1,195,235,0,11,0
1,195,236,0,8,0
1,195,237,0,0,0
1,195,238,0,9,0
1,195,239,0,17,0
1,195,240,0,0,0
1,195,241,0,9,0
1,195,242,0,0,0
1,195,243,0,9,0
1,195,244,0,17,0
1,195,245,0,0,0
1,195,246,0,9,0
1,195,247,0,9,0
1,195,248,0,16,0
1,195,249,0,8,0
1,195,250,0,0,0
1,195,251,0,9,0
1,195,252,0,16,0
1,195,253,0,8,0
1,195,254,0,0,0
1,195,255,0,9,0
1,195,256,0,11,0
1,195,257,0,8,0
1,195,258,0,0,0
1,195,259,0,9,0
1,195,260,0,16,0
1,195,261,0,8,0
1,195,262,0,0,0
1,195,263,0,15,0
1,195,264,0,0,0
1,195,265,0,9,0
1,195,266,0,9,0
1,195,267,0,9,0
1,195,268,0,0,0
1,195,269,0,15,0
1,195,270,0,0,0
1,195,271,0,9,0
1,195,272,0,9,0
1,195,273,0,9,0
1,195,274,0,0,0
1,195,275,0,15,0
1,195,276,0,0,0
1,195,277,0,9,0
1,195,278,0,9,0
1,195,279,0,9,0
1,195,280,0,0,0
1,195,281,0,15,0
1,195,282,0,0,0
1,195,283,0,9,0
1,195,284,0,9,0
1,195,285,0,9,0
1,195,286,0,0,0
1,195,287,0,15,0
1,195,288,0,0,0
1,195,289,0,9,0
1,195,290,0,9,0
1,195,291,0,9,0
1,195,292,0,0,0
1,195,293,0,15,0
1,195,294,0,0,0
1,195,295,0,9,0
1,195,296,0,9,0
1,195,297,0,9,0
1,195,298,0,0,0
1,195,299,0,15,0
1,195,300,0,0,0
1,195,301,0,9,0
1,195,302,0,9,0
1,195,303,0,9,0
1,195,304,0,0,0
1,195,305,0,15,0
1,195,306,0,0,0
1,195,307,0,9,0
1,195,308,0,9,0
1,195,309,0,9,0
1,195,310,0,0,0
1,195,311,0,15,0
1,195,312,0,0,0
1,195,313,0,9,0
1,195,314,0,9,0
1,195,315,0,9,0
1,195,316,0,0,0
1,195,317,0,15,0
1,195,318,0,0,0
1,195,319,0,9,0
1,195,320,0,9,0
1,195,321,0,9,0
1,195,322,0,0,0
1,195,323,0,15,0
1,195,324,0,0,0
1,195,325,0,9,0
1,195,326,0,9,0
1,195,327,0,9,0
1,196,197,9,17,0
1,196,198,9,0,0
1,196,199,9,9,0
1,196,200,9,0,0
1,196,201,9,9,0
1,196,202,9,17,0
1,196,203,9,0,0
1,196,204,9,9,0
1,196,205,9,9,0
1,196,206,9,16,0
1,196,207,9,8,0
1,196,208,9,0,0
1,196,209,9,9,0
1,196,210,9,16,0
1,196,211,9,8,0
1,196,212,9,0,0
1,196,213,9,9,0
1,196,214,9,11,0
1,196,215,9,8,0
1,196,216,9,0,0
1,196,217,9,9,0
1,196,218,9,17,0
1,196,219,9,0,0
1,196,220,9,9,0
1,196,221,9,0,0
1,196,222,9,9,0
1,196,223,9,17,0
1,196,224,9,0,0
1,196,225,9,9,0
1,196,226,9,9,0
1,196,227,9,16,0
1,196,228,9,8,0
1,196,229,9,0,0
1,196,230,9,9,0
1,196,231,9,16,0
1,196,232,9,8,0
1,196,233,9,0,0
1,196,234,9,9,0
1,196,235,9,11,0
1,196,236,9,8,0
1,196,237,9,0,0
1,196,238,9,9,0
1,196,239,9,17,0
1,196,240,9,0,0
1,196,241,9,9,0
1,196,242,9,0,0
1,196,243,9,9,0
1,196,244,9,17,0
1,196,245,9,0,0
1,196,246,9,9,0
1,196,247,9,9,0
1,196,248,9,16,0
1,196,249,9,8,0
1,196,250,9,0,0
1,196,251,9,9,0
1,196,252,9,16,0
1,196,253,9,8,0
1,196,254,9,0,0
1,196,255,9,9,0
1,196,256,9,11,0
1,196,257,9,8,0
1,196,258,9,0,0
1,196,259,9,9,0
1,196,260,9,16,0
1,196,261,9,8,0
1,196,262,9,0,0
1,196,263,9,15,0
1,196,264,9,0,0
1,196,265,9,9,0
1,196,266,9,9,0
1,196,267,9,9,0
1,196,268,9,0,0
1,196,269,9,15,0
1,196,270,9,0,0
1,196,271,9,9,0
1,196,272,9,9,0
1,196,273,9,9,0
1,196,274,9,0,0
1,196,275,9,15,0
1,196,276,9,0,0
1,196,277,9,9,0
1,196,278,9,9,0
1,196,279,9,9,0
1,196,280,9,0,0
1,196,281,9,15,0
1,196,282,9,0,0
1,196,283,9,9,0
1,196,284,9,9,0
1,196,285,9,9,0
1,196,286,9,0,0
1,196,287,9,15,0
1,196,288,9,0,0
1,196,289,9,9,0
1,196,290,9,9,0
1,196,291,9,9,0
1,196,292,9,0,0
1,196,293,9,15,0
1,196,294,9,0,0
1,196,295,9,9,0
1,196,296,9,9,0
1,196,297,9,9,0
1,196,298,9,0,0
1,196,299,9,15,0
1,196,300,9,0,0
1,196,301,9,9,0
1,196,302,9,9,0
1,196,303,9,9,0
1,196,304,9,0,0
1,196,305,9,15,0
1,196,306,9,0,0
1,196,307,9,9,0
1,196,308,9,9,0
1,196,309,9,9,0
1,196,310,9,0,0
1,196,311,9,15,0
1,196,312,9,0,0
1,196,313,9,9,0
1,196,314,9,9,0
1,196,315,9,9,0
1,196,316,9,0,0
1,196,317,9,15,0
1,196,318,9,0,0
1,196,319,9,9,0
1,196,320,9,9,0
1,196,321,9,9,0
1,196,322,9,0,0
1,196,323,9,15,0
1,196,324,9,0,0
1,196,325,9,9,0
1,196,326,9,9,0
1,196,327,9,9,0
1,197,198,17,0,1
1,197,199,17,9,0
1,197,200,17,0,0
1,197,201,17,9,0
1,197,202,17,17,0
1,197,203,17,0,0
1,197,204,17,9,0
1,197,205,17,9,0
1,197,206,17,16,0
1,197,207,17,8,0
1,197,208,17,0,0
1,197,209,17,9,0
1,197,210,17,16,0
1,197,211,17,8,0
1,197,212,17,0,0
1,197,213,17,9,0
1,197,214,17,11,0
1,197,215,17,8,0
1,197,216,17,0,0
1,197,217,17,9,0
1,197,218,17,17,0
1,197,219,17,0,0
1,197,220,17,9,0
1,197,221,17,0,0
1,197,222,17,9,0
1,197,223,17,17,0
1,197,224,17,0,0
1,197,225,17,9,0
1,197,226,17,9,0
1,197,227,17,16,0
1,197,228,17,8,0
1,197,229,17,0,0
1,197,230,17,9,0
1,197,231,17,16,0
1,197,232,17,8,0
1,197,233,17,0,0
1,197,234,17,9,0
1,197,235,17,11,0
1,197,236,17,8,0
1,197,237,17,0,0
1,197,238,17,9,0
1,197,239,17,17,0
1,197,240,17,0,0
1,197,241,17,9,0
1,197,242,17,0,0
1,197,243,17,9,0
1,197,244,17,17,0
1,197,245,17,0,0
1,197,246,17,9,0
1,197,247,17,9,0
1,197,248,17,16,0
1,197,249,17,8,0
1,197,250,17,0,0
1,197,251,17,9,0
1,197,252,17,16,0
1,197,253,17,8,0
1,197,254,17,0,0
1,197,255,17,9,0
1,197,256,17,11,0
1,197,257,17,8,0
1,197,258,17,0,0
1,197,259,17,9,0
1,197,260,17,16,0
1,197,261,17,8,0
1,197,262,17,0,0
1,197,263,17,15,0
1,197,264,17,0,0
1,197,265,17,9,0
1,197,266,17,9,0
1,197,267,17,9,0
1,197,268,17,0,0
1,197,269,17,15,0
1,197,270,17,0,0
1,197,271,17,9,0
1,197,272,17,9,0
1,197,273,17,9,0
1,197,274,17,0,0
1,197,275,17,15,0
1,197,276,17,0,0
1,197,277,17,9,0
1,197,278,17,9,0
1,197,279,17,9,0
1,197,280,17,0,0
1,197,281,17,15,0
1,197,282,17,0,0
1,197,283,17,9,0
1,197,284,17,9,0
1,197,285,17,9,0
1,197,286,17,0,0
1,197,287,17,15,0
1,197,288,17,0,0
1,197,289,17,9,0
1,197,290,17,9,0
1,197,291,17,9,0
1,197,292,17,0,0
1,197,293,17,15,0
1,197,294,17,0,0
1,197,295,17,9,0
1,197,296,17,9,0
1,197,297,17,9,0
1,197,298,17,0,0
1,197,299,17,15,0
1,197,300,17,0,0
1,197,301,17,9,0
1,197,302,17,9,0
1,197,303,17,9,0
1,197,304,17,0,0
1,197,305,17,15,0
1,197,306,17,0,0
1,197,307,17,9,0
1,197,308,17,9,0
1,197,309,17,9,0
1,197,310,17,0,0
1,197,311,17,15,0
1,197,312,17,0,0
1,197,313,17,9,0
1,197,314,17,9,0
1,197,315,17,9,0
1,197,316,17,0,0
1,197,317,17,15,0
1,197,318,17,0,0
1,197,319,17,9,0
1,197,320,17,9,0
1,197,321,17,9,0
1,197,322,17,0,0
1,197,323,17,15,0
1,197,324,17,0,0
1,197,325,17,9,0
1,197,326,17,9,0
1,197,327,17,9,0
1,198,199,0,9,1
1,198,200,0,0,1
1,198,201,0,9,0
1,198,202,0,17,0
1,198,203,0,0,0
1,198,204,0,9,0
1,198,205,0,9,0
1,198,206,0,16,0
1,198,207,0,8,0
1,198,208,0,0,1
1,198,209,0,9,0
1,198,210,0,16,0
1,198,211,0,8,0
1,198,212,0,0,0
1,198,213,0,9,0
1,198,214,0,11,0
1,198,215,0,8,0
1,198,216,0,0,0
1,198,217,0,9,0
1,198,218,0,17,0
1,198,219,0,0,0
1,198,220,0,9,0
1,198,221,0,0,0
1,198,222,0,9,0
1,198,223,0,17,0
1,198,224,0,0,0
1,198,225,0,9,0
1,198,226,0,9,0
1,198,227,0,16,0
1,198,228,0,8,0
1,198,229,0,0,0
1,198,230,0,9,0
1,198,231,0,16,0
1,198,232,0,8,0
1,198,233,0,0,0
1,198,234,0,9,0
1,198,235,0,11,0
1,198,236,0,8,0
1,198,237,0,0,0
1,198,238,0,9,0
1,198,239,0,17,0
1,198,240,0,0,0
1,198,241,0,9,0
1,198,242,0,0,0
1,198,243,0,9,0
1,198,244,0,17,0
1,198,245,0,0,0
1,198,246,0,9,0
1,198,247,0,9,0
1,198,248,0,16,0
1,198,249,0,8,0
1,198,250,0,0,0
1,198,251,0,9,0
1,198,252,0,16,0
1,198,253,0,8,0
1,198,254,0,0,0
1,198,255,0,9,0
1,198,256,0,11,0
1,198,257,0,8,0
1,198,258,0,0,0
1,198,259,0,9,0
1,198,260,0,16,0
1,198,261,0,8,0
1,198,262,0,0,0
1,198,263,0,15,0
1,198,264,0,0,0
1,198,265,0,9,0
1,198,266,0,9,0
1,198,267,0,9,0
1,198,268,0,0,0
1,198,269,0,15,0
1,198,270,0,0,0
1,198,271,0,9,0
1,198,272,0,9,0
1,198,273,0,9,0
1,198,274,0,0,0
1,198,275,0,15,0
1,198,276,0,0,0
1,198,277,0,9,0
1,198,278,0,9,0
1,198,279,0,9,0
1,198,280,0,0,0
1,198,281,0,15,0
1,198,282,0,0,0
1,198,283,0,9,0
1,198,284,0,9,0
1,198,285,0,9,0
1,198,286,0,0,0
1,198,287,0,15,0
1,198,288,0,0,0
1,198,289,0,9,0
1,198,290,0,9,0
1,198,291,0,9,0
1,198,292,0,0,0
1,198,293,0,15,0
1,198,294,0,0,0
1,198,295,0,9,0
1,198,296,0,9,0
1,198,297,0,9,0
1,198,298,0,0,0
1,198,299,0,15,0
1,198,300,0,0,0
1,198,301,0,9,0
1,198,302,0,9,0
1,198,303,0,9,0
1,198,304,0,0,0
1,198,305,0,15,0
1,198,306,0,0,0
1,198,307,0,9,0
1,198,308,0,9,0
1,198,309,0,9,0
1,198,310,0,0,0
1,198,311,0,15,0
1,198,312,0,0,0
1,198,313,0,9,0
1,198,314,0,9,0
1,198,315,0,9,0
1,198,316,0,0,0
1,198,317,0,15,0
1,198,318,0,0,0
1,198,319,0,9,0
1,198,320,0,9,0
1,198,321,0,9,0
1,198,322,0,0,0
1,198,323,0,15,0
1,198,324,0,0,0
1,198,325,0,9,0
1,198,326,0,9,0
1,198,327,0,9,0
1,199,200,9,0,0
1,199,201,9,9,0
1,199,202,9,17,0
1,199,203,9,0,0
1,199,204,9,9,0
1,199,205,9,9,0
1,199,206,9,16,0
1,199,207,9,8,0
1,199,208,9,0,0
1,199,209,9,9,0
1,199,210,9,16,0
1,199,211,9,8,0
1,199,212,9,0,0
1,199,213,9,9,0
1,199,214,9,11,0
1,199,215,9,8,0
1,199,216,9,0,0
1,199,217,9,9,0
1,199,218,9,17,0
1,199,219,9,0,0
1,199,220,9,9,0
1,199,221,9,0,0
1,199,222,9,9,0
1,199,223,9,17,0
1,199,224,9,0,0
1,199,225,9,9,0
1,199,226,9,9,0
1,199,227,9,16,0
1,199,228,9,8,0
1,199,229,9,0,0
1,199,230,9,9,0
1,199,231,9,16,0
1,199,232,9,8,0
1,199,233,9,0,0
1,199,234,9,9,0
1,199,235,9,11,0
1,199,236,9,8,0
1,199,237,9,0,0
1,199,238,9,9,0
1,199,239,9,17,0
1,199,240,9,0,0
1,199,241,9,9,0
1,199,242,9,0,0
1,199,243,9,9,0
1,199,244,9,17,0
1,199,245,9,0,0
1,199,246,9,9,0
1,199,247,9,9,0
1,199,248,9,16,0
1,199,249,9,8,0
1,199,250,9,0,0
1,199,251,9,9,0
1,199,252,9,16,0
1,199,253,9,8,0
1,199,254,9,0,0
1,199,255,9,9,0
1,199,256,9,11,0
1,199,257,9,8,0
1,199,258,9,0,0
1,199,259,9,9,0
1,199,260,9,16,0
1,199,261,9,8,0
1,199,262,9,0,0
1,199,263,9,15,0
1,199,264,9,0,0
1,199,265,9,9,0
1,199,266,9,9,0
1,199,267,9,9,0
1,199,268,9,0,0
1,199,269,9,15,0
1,199,270,9,0,0
1,199,271,9,9,0
1,199,272,9,9,0
1,199,273,9,9,0
1,199,274,9,0,0
1,199,275,9,15,0
1,199,276,9,0,0
1,199,277,9,9,0
1,199,278,9,9,0
1,199,279,9,9,0
1,199,280,9,0,0
1,199,281,9,15,0
1,199,282,9,0,0
1,199,283,9,9,0
1,199,284,9,9,0
1,199,285,9,9,0
1,199,286,9,0,0
1,199,287,9,15,0
1,199,288,9,0,0
1,199,289,9,9,0
1,199,290,9,9,0
1,199,291,9,9,0
1,199,292,9,0,0
1,199,293,9,15,0
1,199,294,9,0,0
1,199,295,9,9,0
1,199,296,9,9,0
1,199,297,9,9,0
1,199,298,9,0,0
1,199,299,9,15,0
1,199,300,9,0,0
1,199,301,9,9,0
1,199,302,9,9,0
1,199,303,9,9,0
1,199,304,9,0,0
1,199,305,9,15,0
1,199,306,9,0,0
1,199,307,9,9,0
1,199,308,9,9,0
1,199,309,9,9,0
1,199,310,9,0,0
1,199,311,9,15,0
1,199,312,9,0,0
1,199,313,9,9,0
1,199,314,9,9,0
1,199,315,9,9,0
1,199,316,9,0,0
1,199,317,9,15,0
1,199,318,9,0,0
1,199,319,9,9,0
1,199,320,9,9,0
1,199,321,9,9,0
1,199,322,9,0,0
1,199,323,9,15,0
1,199,324,9,0,0
1,199,325,9,9,0
1,199,326,9,9,0
1,199,327,9,9,0
1,200,201,0,9,1
1,200,202,0,17,1
1,200,203,0,0,1
1,200,204,0,9,0
1,200,205,0,9,0
1,200,206,0,16,0
1,200,207,0,8,0
1,200,208,0,0,0
1,200,209,0,9,0
1,200,210,0,16,0
1,200,211,0,8,0
1,200,212,0,0,0
1,200,213,0,9,0
1,200,214,0,11,0
1,200,215,0,8,0
1,200,216,0,0,0
1,200,217,0,9,0
1,200,218,0,17,0
1,200,219,0,0,0
1,200,220,0,9,0
1,200,221,0,0,0
1,200,222,0,9,0
1,200,223,0,17,0
1,200,224,0,0,0
1,200,225,0,9,0
1,200,226,0,9,0
1,200,227,0,16,0
1,200,228,0,8,0
1,200,229,0,0,0
1,200,230,0,9,0
1,200,231,0,16,0
1,200,232,0,8,0
1,200,233,0,0,0
1,200,234,0,9,0
1,200,235,0,11,0
1,200,236,0,8,0
1,200,237,0,0,0
1,200,238,0,9,0
1,200,239,0,17,0
1,200,240,0,0,0
1,200,241,0,9,0
1,200,242,0,0,0
1,200,243,0,9,0
1,200,244,0,17,0
1,200,245,0,0,0
1,200,246,0,9,0
1,200,247,0,9,0
1,200,248,0,16,0
1,200,249,0,8,0
1,200,250,0,0,0
1,200,251,0,9,0
1,200,252,0,16,0
1,200,253,0,8,0
1,200,254,0,0,0
1,200,255,0,9,0
1,200,256,0,11,0
1,200,257,0,8,0
1,200,258,0,0,0
1,200,259,0,9,0
1,200,260,0,16,0
1,200,261,0,8,0
1,200,262,0,0,0
1,200,263,0,15,0
1,200,264,0,0,0
1,200,265,0,9,0
1,200,266,0,9,0
1,200,267,0,9,0
1,200,268,0,0,0
1,200,269,0,15,0
1,200,270,0,0,0
1,200,271,0,9,0
1,200,272,0,9,0
1,200,273,0,9,0
1,200,274,0,0,0
1,200,275,0,15,0
1,200,276,0,0,0
1,200,277,0,9,0
1,200,278,0,9,0
1,200,279,0,9,0
1,200,280,0,0,0
1,200,281,0,15,0
1,200,282,0,0,0
1,200,283,0,9,0
1,200,284,0,9,0
1,200,285,0,9,0
1,200,286,0,0,0
1,200,287,0,15,0
1,200,288,0,0,0
1,200,289,0,9,0
1,200,290,0,9,0
1,200,291,0,9,0
1,200,292,0,0,0
1,200,293,0,15,0
1,200,294,0,0,0
1,200,295,0,9,0
1,200,296,0,9,0
1,200,297,0,9,0
1,200,298,0,0,0
1,200,299,0,15,0
1,200,300,0,0,0
1,200,301,0,9,0
1,200,302,0,9,0
1,200,303,0,9,0
1,200,304,0,0,0
1,200,305,0,15,0
1,200,306,0,0,0
1,200,307,0,9,0
1,200,308,0,9,0
1,200,309,0,9,0
1,200,310,0,0,0
1,200,311,0,15,0
1,200,312,0,0,0
1,200,313,0,9,0
1,200,314,0,9,0
1,200,315,0,9,0
1,200,316,0,0,0
1,200,317,0,15,0
1,200,318,0,0,0
1,200,319,0,9,0
1,200,320,0,9,0
1,200,321,0,9,0
1,200,322,0,0,0
1,200,323,0,15,0
1,200,324,0,0,0
1,200,325,0,9,0
1,200,326,0,9,0
1,200,327,0,9,0
1,201,202,9,17,0
1,201,203,9,0,0
1,201,204,9,9,0
1,201,205,9,9,0
1,201,206,9,16,0
1,201,207,9,8,0
1,201,208,9,0,0
1,201,209,9,9,0
1,201,210,9,16,0
1,201,211,9,8,0
1,201,212,9,0,0
1,201,213,9,9,0
1,201,214,9,11,0
1,201,215,9,8,0
1,201,216,9,0,0
1,201,217,9,9,0
1,201,218,9,17,0
1,201,219,9,0,0
1,201,220,9,9,0
1,201,221,9,0,0
1,201,222,9,9,0
1,201,223,9,17,0
1,201,224,9,0,0
1,201,225,9,9,0
1,201,226,9,9,0
1,201,227,9,16,0
1,201,228,9,8,0
1,201,229,9,0,0
1,201,230,9,9,0
1,201,231,9,16,0
1,201,232,9,8,0
1,201,233,9,0,0
1,201,234,9,9,0
1,201,235,9,11,0
1,201,236,9,8,0
1,201,237,9,0,0
1,201,238,9,9,0
1,201,239,9,17,0
1,201,240,9,0,0
1,201,241,9,9,0
1,201,242,9,0,0
1,201,243,9,9,0
1,201,244,9,17,0
1,201,245,9,0,0
1,201,246,9,9,0
1,201,247,9,9,0
1,201,248,9,16,0
1,201,249,9,8,0
1,201,250,9,0,0
1,201,251,9,9,0
1,201,252,9,16,0
1,201,253,9,8,0
1,201,254,9,0,0
1,201,255,9,9,0
1,201,256,9,11,0
1,201,257,9,8,0
1,201,258,9,0,0
1,201,259,9,9,0
1,201,260,9,16,0
1,201,261,9,8,0
1,201,262,9,0,0
1,201,263,9,15,0
1,201,264,9,0,0
1,201,265,9,9,0
1,201,266,9,9,0
1,201,267,9,9,0
1,201,268,9,0,0
1,201,269,9,15,0
1,201,270,9,0,0
1,201,271,9,9,0
1,201,272,9,9,0
1,201,273,9,9,0
1,201,274,9,0,0
1,201,275,9,15,0
1,201,276,9,0,0
1,201,277,9,9,0
1,201,278,9,9,0
1,201,279,9,9,0
1,201,280,9,0,0
1,201,281,9,15,0
1,201,282,9,0,0
1,201,283,9,9,0
1,201,284,9,9,0
1,201,285,9,9,0
1,201,286,9,0,0
1,201,287,9,15,0
1,201,288,9,0,0
1,201,289,9,9,0
1,201,290,9,9,0
1,201,291,9,9,0
1,201,292,9,0,0
1,201,293,9,15,0
1,201,294,9,0,0
1,201,295,9,9,0
1,201,296,9,9,0
1,201,297,9,9,0
1,201,298,9,0,0
1,201,299,9,15,0
1,201,300,9,0,0
1,201,301,9,9,0
1,201,302,9,9,0
1,201,303,9,9,0
1,201,304,9,0,0
1,201,305,9,15,0
1,201,306,9,0,0
1,201,307,9,9,0
1,201,308,9,9,0
1,201,309,9,9,0
1,201,310,9,0,0
1,201,311,9,15,0
1,201,312,9,0,0
1,201,313,9,9,0
1,201,314,9,9,0
1,201,315,9,9,0
1,201,316,9,0,0
1,201,317,9,15,0
1,201,318,9,0,0
1,201,319,9,9,0
1,201,320,9,9,0
1,201,321,9,9,0
1,201,322,9,0,0
1,201,323,9,15,0
1,201,324,9,0,0
1,201,325,9,9,0
1,201,326,9,9,0
1,201,327,9,9,0
1,202,203,17,0,0
1,202,204,17,9,0
1,202,205,17,9,0
1,202,206,17,16,0
1,202,207,17,8,0
1,202,208,17,0,0
1,202,209,17,9,0
1,202,210,17,16,0
1,202,211,17,8,0
1,202,212,17,0,0
1,202,213,17,9,0
1,202,214,17,11,0
1,202,215,17,8,0
1,202,216,17,0,1
1,202,217,17,9,0
1,202,218,17,17,0
1,202,219,17,0,0
1,202,220,17,9,0
1,202,221,17,0,0
1,202,222,17,9,0
1,202,223,17,17,0
1,202,224,17,0,0
1,202,225,17,9,0
1,202,226,17,9,0
1,202,227,17,16,0
1,202,228,17,8,0
1,202,229,17,0,0
1,202,230,17,9,0
1,202,231,17,16,0
1,202,232,17,8,0
1,202,233,17,0,0
1,202,234,17,9,0
1,202,235,17,11,0
1,202,236,17,8,0
1,202,237,17,0,0
1,202,238,17,9,0
1,202,239,17,17,0
1,202,240,17,0,0
1,202,241,17,9,0
1,202,242,17,0,0
1,202,243,17,9,0
1,202,244,17,17,0
1,202,245,17,0,0
1,202,246,17,9,0
1,202,247,17,9,0
1,202,248,17,16,0
1,202,249,17,8,0
1,202,250,17,0,0
1,202,251,17,9,0
1,202,252,17,16,0
1,202,253,17,8,0
1,202,254,17,0,0
1,202,255,17,9,0
1,202,256,17,11,0
1,202,257,17,8,0
1,202,258,17,0,0
1,202,259,17,9,0
1,202,260,17,16,0
1,202,261,17,8,0
1,202,262,17,0,0
1,202,263,17,15,0
1,202,264,17,0,0
1,202,265,17,9,0
1,202,266,17,9,0
1,202,267,17,9,0
1,202,268,17,0,0
1,202,269,17,15,0
1,202,270,17,0,0
1,202,271,17,9,0
1,202,272,17,9,0
1,202,273,17,9,0
1,202,274,17,0,0
1,202,275,17,15,0
1,202,276,17,0,0
1,202,277,17,9,0
1,202,278,17,9,0
1,202,279,17,9,0
1,202,280,17,0,0
1,202,281,17,15,0
1,202,282,17,0,0
1,202,283,17,9,0
1,202,284,17,9,0
1,202,285,17,9,0
1,202,286,17,0,0
1,202,287,17,15,0
1,202,288,17,0,0
1,202,289,17,9,0
1,202,290,17,9,0
1,202,291,17,9,0
1,202,292,17,0,0
1,202,293,17,15,0
1,202,294,17,0,0
1,202,295,17,9,0
1,202,296,17,9,0
1,202,297,17,9,0
1,202,298,17,0,0
1,202,299,17,15,0
1,202,300,17,0,0
1,202,301,17,9,0
1,202,302,17,9,0
1,202,303,17,9,0
1,202,304,17,0,0
1,202,305,17,15,0
1,202,306,17,0,0
1,202,307,17,9,0
1,202,308,17,9,0
1,202,309,17,9,0
1,202,310,17,0,0
1,202,311,17,15,0
1,202,312,17,0,0
1,202,313,17,9,0
1,202,314,17,9,0
1,202,315,17,9,0
1,202,316,17,0,0
1,202,317,17,15,0
1,202,318,17,0,0
1,202,319,17,9,0
1,202,320,17,9,0
1,202,321,17,9,0
1,202,322,17,0,0
1,202,323,17,15,0
1,202,324,17,0,0
1,202,325,17,9,0
1,202,326,17,9,0
1,202,327,17,9,0
1,203,204,0,9,1
1,203,205,0,9,1
1,203,206,0,16,1
1,203,207,0,8,0
1,203,208,0,0,0
1,203,209,0,9,0
1,203,210,0,16,0
1,203,211,0,8,0
1,203,212,0,0,0
1,203,213,0,9,0
1,203,214,0,11,0
1,203,215,0,8,0
1,203,216,0,0,0
1,203,217,0,9,0
1,203,218,0,17,0
1,203,219,0,0,0
1,203,220,0,9,0
1,203,221,0,0,0
1,203,222,0,9,0
1,203,223,0,17,0
1,203,224,0,0,0
1,203,225,0,9,0
1,203,226,0,9,0
1,203,227,0,16,0
1,203,228,0,8,0
1,203,229,0,0,0
1,203,230,0,9,0
1,203,231,0,16,0
1,203,232,0,8,0
1,203,233,0,0,0
1,203,234,0,9,0
1,203,235,0,11,0
1,203,236,0,8,0
1,203,237,0,0,0
1,203,238,0,9,0
1,203,239,0,17,0
1,203,240,0,0,0
1,203,241,0,9,0
1,203,242,0,0,0
1,203,243,0,9,0
1,203,244,0,17,0
1,203,245,0,0,0
1,203,246,0,9,0
1,203,247,0,9,0
1,203,248,0,16,0
1,203,249,0,8,0
1,203,250,0,0,0
1,203,251,0,9,0
1,203,252,0,16,0
1,203,253,0,8,0
1,203,254,0,0,0
1,203,255,0,9,0
1,203,256,0,11,0
1,203,257,0,8,0
1,203,258,0,0,0
1,203,259,0,9,0
1,203,260,0,16,0
1,203,261,0,8,0
1,203,262,0,0,0
1,203,263,0,15,0
1,203,264,0,0,0
1,203,265,0,9,0
1,203,266,0,9,0
1,203,267,0,9,0
1,203,268,0,0,0
1,203,269,0,15,0
1,203,270,0,0,0
1,203,271,0,9,0
1,203,272,0,9,0
1,203,273,0,9,0
1,203,274,0,0,0
1,203,275,0,15,0
1,203,276,0,0,0
1,203,277,0,9,0
1,203,278,0,9,0
1,203,279,0,9,0
1,203,280,0,0,0
1,203,281,0,15,0
1,203,282,0,0,0
1,203,283,0,9,0
1,203,284,0,9,0
1,203,285,0,9,0
1,203,286,0,0,0
1,203,287,0,15,0
1,203,288,0,0,0
1,203,289,0,9,0
1,203,290,0,9,0
1,203,291,0,9,0
1,203,292,0,0,0
1,203,293,0,15,0
1,203,294,0,0,0
1,203,295,0,9,0
1,203,296,0,9,0
1,203,297,0,9,0
1,203,298,0,0,0
1,203,299,0,15,0
1,203,300,0,0,0
1,203,301,0,9,0
1,203,302,0,9,0
1,203,303,0,9,0
1,203,304,0,0,0
1,203,305,0,15,0
1,203,306,0,0,0
1,203,307,0,9,0
1,203,308,0,9,0
1,203,309,0,9,0
1,203,310,0,0,0
1,203,311,0,15,0
1,203,312,0,0,0
1,203,313,0,9,0
1,203,314,0,9,0
1,203,315,0,9,0
1,203,316,0,0,0
1,203,317,0,15,0
1,203,318,0,0,0
1,203,319,0,9,0
1,203,320,0,9,0
1,203,321,0,9,0
1,203,322,0,0,0
1,203,323,0,15,0
1,203,324,0,0,0
1,203,325,0,9,0
1,203,326,0,9,0
1,203,327,0,9,0
1,204,205,9,9,0
1,204,206,9,16,0
1,204,207,9,8,0
1,204,208,9,0,0
1,204,209,9,9,0
1,204,210,9,16,0
1,204,211,9,8,0
1,204,212,9,0,0
1,204,213,9,9,0
1,204,214,9,11,0
1,204,215,9,8,0
1,204,216,9,0,0
1,204,217,9,9,0
1,204,218,9,17,0
1,204,219,9,0,0
1,204,220,9,9,0
1,204,221,9,0,0
1,204,222,9,9,0
1,204,223,9,17,0
1,204,224,9,0,0
1,204,225,9,9,0
1,204,226,9,9,0
1,204,227,9,16,0
1,204,228,9,8,0
1,204,229,9,0,0
1,204,230,9,9,0
1,204,231,9,16,0
1,204,232,9,8,0
1,204,233,9,0,0
1,204,234,9,9,0
1,204,235,9,11,0
1,204,236,9,8,0
1,204,237,9,0,0
1,204,238,9,9,0
1,204,239,9,17,0
1,204,240,9,0,0
1,204,241,9,9,0
1,204,242,9,0,0
1,204,243,9,9,0
1,204,244,9,17,0
1,204,245,9,0,0
1,204,246,9,9,0
1,204,247,9,9,0
1,204,248,9,16,0
1,204,249,9,8,0
1,204,250,9,0,0
1,204,251,9,9,0
1,204,252,9,16,0
1,204,253,9,8,0
1,204,254,9,0,0
1,204,255,9,9,0
1,204,256,9,11,0
1,204,257,9,8,0
1,204,258,9,0,0
1,204,259,9,9,0
1,204,260,9,16,0
1,204,261,9,8,0
1,204,262,9,0,0
1,204,263,9,15,0
1,204,264,9,0,0
1,204,265,9,9,0
1,204,266,9,9,0
1,204,267,9,9,0
1,204,268,9,0,0
1,204,269,9,15,0
1,204,270,9,0,0
1,204,271,9,9,0
1,204,272,9,9,0
1,204,273,9,9,0
1,204,274,9,0,0
1,204,275,9,15,0
1,204,276,9,0,0
1,204,277,9,9,0
1,204,278,9,9,0
1,204,279,9,9,0
1,204,280,9,0,0
1,204,281,9,15,0
1,204,282,9,0,0
1,204,283,9,9,0
1,204,284,9,9,0
1,204,285,9,9,0
1,204,286,9,0,0
1,204,287,9,15,0
1,204,288,9,0,0
1,204,289,9,9,0
1,204,290,9,9,0
1,204,291,9,9,0
1,204,292,9,0,0
1,204,293,9,15,0
1,204,294,9,0,0
1,204,295,9,9,0
1,204,296,9,9,0
1,204,297,9,9,0
1,204,298,9,0,0
1,204,299,9,15,0
1,204,300,9,0,0
1,204,301,9,9,0
1,204,302,9,9,0
1,204,303,9,9,0
1,204,304,9,0,0
1,204,305,9,15,0
1,204,306,9,0,0
1,204,307,9,9,0
1,204,308,9,9,0
1,204,309,9,9,0
1,204,310,9,0,0
1,204,311,9,15,0
1,204,312,9,0,0
1,204,313,9,9,0
1,204,314,9,9,0
1,204,315,9,9,0
1,204,316,9,0,0
1,204,317,9,15,0
1,204,318,9,0,0
1,204,319,9,9,0
1,204,320,9,9,0
1,204,321,9,9,0
1,204,322,9,0,0
1,204,323,9,15,0
1,204,324,9,0,0
1,204,325,9,9,0
1,204,326,9,9,0
1,204,327,9,9,0
1,205,206,9,16,0
1,205,207,9,8,0
1,205,208,9,0,0
1,205,209,9,9,0
1,205,210,9,16,0
1,205,211,9,8,0
1,205,212,9,0,0
1,205,213,9,9,0
1,205,214,9,11,0
1,205,215,9,8,0
1,205,216,9,0,0
1,205,217,9,9,0
1,205,218,9,17,0
1,205,219,9,0,0
1,205,220,9,9,0
1,205,221,9,0,0
1,205,222,9,9,0
1,205,223,9,17,0
1,205,224,9,0,0
1,205,225,9,9,0
1,205,226,9,9,0
1,205,227,9,16,0
1,205,228,9,8,0
1,205,229,9,0,0
1,205,230,9,9,0
1,205,231,9,16,0
1,205,232,9,8,0
1,205,233,9,0,0
1,205,234,9,9,0
1,205,235,9,11,0
1,205,236,9,8,0
1,205,237,9,0,0
1,205,238,9,9,0
1,205,239,9,17,0
1,205,240,9,0,0
1,205,241,9,9,0
1,205,242,9,0,0
1,205,243,9,9,0
1,205,244,9,17,0
1,205,245,9,0,0
1,205,246,9,9,0
1,205,247,9,9,0
1,205,248,9,16,0
1,205,249,9,8,0
1,205,250,9,0,0
1,205,251,9,9,0
1,205,252,9,16,0
1,205,253,9,8,0
1,205,254,9,0,0
1,205,255,9,9,0
1,205,256,9,11,0
1,205,257,9,8,0
1,205,258,9,0,0
1,205,259,9,9,0
1,205,260,9,16,0
1,205,261,9,8,0
1,205,262,9,0,0
1,205,263,9,15,0
1,205,264,9,0,0
1,205,265,9,9,0
1,205,266,9,9,0
1,205,267,9,9,0
1,205,268,9,0,0
1,205,269,9,15,0
1,205,270,9,0,0
1,205,271,9,9,0
1,205,272,9,9,0
1,205,273,9,9,0
1,205,274,9,0,0
1,205,275,9,15,0
1,205,276,9,0,0
1,205,277,9,9,0
1,205,278,9,9,0
1,205,279,9,9,0
1,205,280,9,0,0
1,205,281,9,15,0
1,205,282,9,0,0
1,205,283,9,9,0
1,205,284,9,9,0
1,205,285,9,9,0
1,205,286,9,0,0
1,205,287,9,15,0
1,205,288,9,0,0
1,205,289,9,9,0
1,205,290,9,9,0
1,205,291,9,9,0
1,205,292,9,0,0
1,205,293,9,15,0
1,205,294,9,0,0
1,205,295,9,9,0
1,205,296,9,9,0
1,205,297,9,9,0
1,205,298,9,0,0
1,205,299,9,15,0
1,205,300,9,0,0
1,205,301,9,9,0
1,205,302,9,9,0
1,205,303,9,9,0
1,205,304,9,0,0
1,205,305,9,15,0
1,205,306,9,0,0
1,205,307,9,9,0
1,205,308,9,9,0
1,205,309,9,9,0
1,205,310,9,0,0
1,205,311,9,15,0
1,205,312,9,0,0
1,205,313,9,9,0
1,205,314,9,9,0
1,205,315,9,9,0
1,205,316,9,0,0
1,205,317,9,15,0
1,205,318,9,0,0
1,205,319,9,9,0
1,205,320,9,9,0
1,205,321,9,9,0
1,205,322,9,0,0
1,205,323,9,15,0
1,205,324,9,0,0
1,205,325,9,9,0
1,205,326,9,9,0
1,205,327,9,9,0
1,206,207,16,8,1
1,206,208,16,0,0
1,206,209,16,9,0
1,206,210,16,16,0
1,206,211,16,8,0
1,206,212,16,0,0
1,206,213,16,9,0
1,206,214,16,11,0
1,206,215,16,8,0
1,206,216,16,0,0
1,206,217,16,9,0
1,206,218,16,17,0
1,206,219,16,0,0
1,206,220,16,9,0
1,206,221,16,0,0
1,206,222,16,9,0
1,206,223,16,17,0
1,206,224,16,0,0
1,206,225,16,9,0
1,206,226,16,9,0
1,206,227,16,16,0
1,206,228,16,8,0
1,206,229,16,0,0
1,206,230,16,9,0
1,206,231,16,16,0
1,206,232,16,8,0
1,206,233,16,0,0
1,206,234,16,9,0
1,206,235,16,11,0
1,206,236,16,8,0
1,206,237,16,0,0
1,206,238,16,9,0
1,206,239,16,17,0
1,206,240,16,0,0
1,206,241,16,9,0
1,206,242,16,0,0
1,206,243,16,9,0
1,206,244,16,17,0
1,206,245,16,0,0
1,206,246,16,9,0
1,206,247,16,9,0
1,206,248,16,16,0
1,206,249,16,8,0
1,206,250,16,0,0
1,206,251,16,9,0
1,206,252,16,16,0
1,206,253,16,8,0
1,206,254,16,0,0
1,206,255,16,9,0
1,206,256,16,11,0
1,206,257,16,8,0
1,206,258,16,0,0
1,206,259,16,9,0
1,206,260,16,16,0
1,206,261,16,8,0
1,206,262,16,0,0
1,206,263,16,15,0
1,206,264,16,0,0
1,206,265,16,9,0
1,206,266,16,9,0
1,206,267,16,9,0
1,206,268,16,0,0
1,206,269,16,15,0
1,206,270,16,0,0
1,206,271,16,9,0
1,206,272,16,9,0
1,206,273,16,9,0
1,206,274,16,0,0
1,206,275,16,15,0
1,206,276,16,0,0
1,206,277,16,9,0
1,206,278,16,9,0
1,206,279,16,9,0
1,206,280,16,0,0
1,206,281,16,15,0
1,206,282,16,0,0
1,206,283,16,9,0
1,206,284,16,9,0
1,206,285,16,9,0
1,206,286,16,0,0
1,206,287,16,15,0
1,206,288,16,0,0
1,206,289,16,9,0
1,206,290,16,9,0
1,206,291,16,9,0
1,206,292,16,0,0
1,206,293,16,15,0
1,206,294,16,0,0
1,206,295,16,9,0
1,206,296,16,9,0
1,206,297,16,9,0
1,206,298,16,0,0
1,206,299,16,15,0
1,206,300,16,0,0
1,206,301,16,9,0
1,206,302,16,9,0
1,206,303,16,9,0
1,206,304,16,0,0
1,206,305,16,15,0
1,206,306,16,0,0
1,206,307,16,9,0
1,206,308,16,9,0
1,206,309,16,9,0
1,206,310,16,0,0
1,206,311,16,15,0
1,206,312,16,0,0
1,206,313,16,9,0
1,206,314,16,9,0
1,206,315,16,9,0
1,206,316,16,0,0
1,206,317,16,15,0
1,206,318,16,0,0
1,206,319,16,9,0
1,206,320,16,9,0
1,206,321,16,9,0
1,206,322,16,0,0
1,206,323,16,15,0
1,206,324,16,0,0
1,206,325,16,9,0
1,206,326,16,9,0
1,206,327,16,9,0
1,207,208,8,0,0
1,207,209,8,9,0
1,207,210,8,16,0
1,207,211,8,8,0
1,207,212,8,0,0
1,207,213,8,9,0
1,207,214,8,11,0
1,207,215,8,8,0
1,207,216,8,0,0
1,207,217,8,9,0
1,207,218,8,17,0
1,207,219,8,0,0
1,207,220,8,9,0
1,207,221,8,0,0
1,207,222,8,9,0
1,207,223,8,17,0
1,207,224,8,0,0
1,207,225,8,9,0
1,207,226,8,9,0
1,207,227,8,16,0
1,207,228,8,8,0
1,207,229,8,0,0
1,207,230,8,9,0
1,207,231,8,16,0
1,207,232,8,8,0
1,207,233,8,0,0
1,207,234,8,9,0
1,207,235,8,11,0
1,207,236,8,8,0
1,207,237,8,0,0
1,207,238,8,9,0
1,207,239,8,17,0
1,207,240,8,0,0
1,207,241,8,9,0
1,207,242,8,0,0
1,207,243,8,9,0
1,207,244,8,17,0
1,207,245,8,0,0
1,207,246,8,9,0
1,207,247,8,9,0
1,207,248,8,16,0
1,207,249,8,8,0
1,207,250,8,0,0
1,207,251,8,9,0
1,207,252,8,16,0
1,207,253,8,8,0
1,207,254,8,0,0
1,207,255,8,9,0
1,207,256,8,11,0
1,207,257,8,8,0
1,207,258,8,0,0
1,207,259,8,9,0
1,207,260,8,16,0
1,207,261,8,8,0
1,207,262,8,0,0
1,207,263,8,15,0
1,207,264,8,0,0
1,207,265,8,9,0
1,207,266,8,9,0
1,207,267,8,9,0
1,207,268,8,0,0
1,207,269,8,15,0
1,207,270,8,0,0
1,207,271,8,9,0
1,207,272,8,9,0
1,207,273,8,9,0
1,207,274,8,0,0
1,207,275,8,15,0
1,207,276,8,0,0
1,207,277,8,9,0
1,207,278,8,9,0
1,207,279,8,9,0
1,207,280,8,0,0
1,207,281,8,15,0
1,207,282,8,0,0
1,207,283,8,9,0
1,207,284,8,9,0
1,207,285,8,9,0
1,207,286,8,0,0
1,207,287,8,15,0
1,207,288,8,0,0
1,207,289,8,9,0
1,207,290,8,9,0
1,207,291,8,9,0
1,207,292,8,0,0
1,207,293,8,15,0
1,207,294,8,0,0
1,207,295,8,9,0
1,207,296,8,9,0
1,207,297,8,9,0
1,207,298,8,0,0
1,207,299,8,15,0
1,207,300,8,0,0
1,207,301,8,9,0
1,207,302,8,9,0
1,207,303,8,9,0
1,207,304,8,0,0
1,207,305,8,15,0
1,207,306,8,0,0
1,207,307,8,9,0
1,207,308,8,9,0
1,207,309,8,9,0
1,207,310,8,0,0
1,207,311,8,15,0
1,207,312,8,0,0
1,207,313,8,9,0
1,207,314,8,9,0
1,207,315,8,9,0
1,207,316,8,0,0
1,207,317,8,15,0
1,207,318,8,0,0
1,207,319,8,9,0
1,207,320,8,9,0
1,207,321,8,9,0
1,207,322,8,0,0
1,207,323,8,15,0
1,207,324,8,0,0
1,207,325,8,9,0
1,207,326,8,9,0
1,207,327,8,9,0
1,208,209,0,9,1
1,208,210,0,16,1
1,208,211,0,8,0
1,208,212,0,0,1
1,208,213,0,9,0
1,208,214,0,11,0
1,208,215,0,8,0
1,208,216,0,0,0
1,208,217,0,9,0
1,208,218,0,17,0
1,208,219,0,0,0
1,208,220,0,9,0
1,208,221,0,0,0
1,208,222,0,9,0
1,208,223,0,17,0
1,208,224,0,0,0
1,208,225,0,9,0
1,208,226,0,9,0
1,208,227,0,16,0
1,208,228,0,8,0
1,208,229,0,0,0
1,208,230,0,9,0
1,208,231,0,16,0
1,208,232,0,8,0
1,208,233,0,0,0
1,208,234,0,9,0
1,208,235,0,11,0
1,208,236,0,8,0
1,208,237,0,0,0
1,208,238,0,9,0
1,208,239,0,17,0
1,208,240,0,0,0
1,208,241,0,9,0
1,208,242,0,0,0
1,208,243,0,9,0
1,208,244,0,17,0
1,208,245,0,0,0
1,208,246,0,9,0
1,208,247,0,9,0
1,208,248,0,16,0
1,208,249,0,8,0
1,208,250,0,0,0
1,208,251,0,9,0
1,208,252,0,16,0
1,208,253,0,8,0
1,208,254,0,0,0
1,208,255,0,9,0
1,208,256,0,11,0
1,208,257,0,8,0
1,208,258,0,0,0
1,208,259,0,9,0
1,208,260,0,16,0
1,208,261,0,8,0
1,208,262,0,0,0
1,208,263,0,15,0
1,208,264,0,0,0
1,208,265,0,9,0
1,208,266,0,9,0
1,208,267,0,9,0
1,208,268,0,0,0
1,208,269,0,15,0
1,208,270,0,0,0
1,208,271,0,9,0
1,208,272,0,9,0
1,208,273,0,9,0
1,208,274,0,0,0
1,208,275,0,15,0
1,208,276,0,0,0
1,208,277,0,9,0
1,208,278,0,9,0
1,208,279,0,9,0
1,208,280,0,0,0
1,208,281,0,15,0
1,208,282,0,0,0
1,208,283,0,9,0
1,208,284,0,9,0
1,208,285,0,9,0
1,208,286,0,0,0
1,208,287,0,15,0
1,208,288,0,0,0
1,208,289,0,9,0
1,208,290,0,9,0
1,208,291,0,9,0
1,208,292,0,0,0
1,208,293,0,15,0
1,208,294,0,0,0
1,208,295,0,9,0
1,208,296,0,9,0
1,208,297,0,9,0
1,208,298,0,0,0
1,208,299,0,15,0
1,208,300,0,0,0
1,208,301,0,9,0
1,208,302,0,9,0
1,208,303,0,9,0
1,208,304,0,0,0
1,208,305,0,15,0
1,208,306,0,0,0
1,208,307,0,9,0
1,208,308,0,9,0
1,208,309,0,9,0
1,208,310,0,0,0
1,208,311,0,15,0
1,208,312,0,0,0
1,208,313,0,9,0
1,208,314,0,9,0
1,208,315,0,9,0
1,208,316,0,0,0
1,208,317,0,15,0
1,208,318,0,0,0
1,208,319,0,9,0
1,208,320,0,9,0
1,208,321,0,9,0
1,208,322,0,0,0
1,208,323,0,15,0
1,208,324,0,0,0
1,208,325,0,9,0
1,208,326,0,9,0
1,208,327,0,9,0
1,209,210,9,16,0
1,209,211,9,8,0
1,209,212,9,0,0
1,209,213,9,9,0
1,209,214,9,11,0
1,209,215,9,8,0
1,209,216,9,0,0
1,209,217,9,9,0
1,209,218,9,17,0
1,209,219,9,0,0
1,209,220,9,9,0
1,209,221,9,0,0
1,209,222,9,9,0
1,209,223,9,17,0
1,209,224,9,0,0
1,209,225,9,9,0
1,209,226,9,9,0
1,209,227,9,16,0
1,209,228,9,8,0
1,209,229,9,0,0
1,209,230,9,9,0
1,209,231,9,16,0
1,209,232,9,8,0
1,209,233,9,0,0
1,209,234,9,9,0
1,209,235,9,11,0
1,209,236,9,8,0
1,209,237,9,0,0
1,209,238,9,9,0
1,209,239,9,17,0
1,209,240,9,0,0
1,209,241,9,9,0
1,209,242,9,0,0
1,209,243,9,9,0
1,209,244,9,17,0
1,209,245,9,0,0
1,209,246,9,9,0
1,209,247,9,9,0
1,209,248,9,16,0
1,209,249,9,8,0
1,209,250,9,0,0
1,209,251,9,9,0
1,209,252,9,16,0
1,209,253,9,8,0
1,209,254,9,0,0
1,209,255,9,9,0
1,209,256,9,11,0
1,209,257,9,8,0
1,209,258,9,0,0
1,209,259,9,9,0
1,209,260,9,16,0
1,209,261,9,8,0
1,209,262,9,0,0
1,209,263,9,15,0
1,209,264,9,0,0
1,209,265,9,9,0
1,209,266,9,9,0
1,209,267,9,9,0
1,209,268,9,0,0
1,209,269,9,15,0
1,209,270,9,0,0
1,209,271,9,9,0
1,209,272,9,9,0
1,209,273,9,9,0
1,209,274,9,0,0
1,209,275,9,15,0
1,209,276,9,0,0
1,209,277,9,9,0
1,209,278,9,9,0
1,209,279,9,9,0
1,209,280,9,0,0
1,209,281,9,15,0
1,209,282,9,0,0
1,209,283,9,9,0
1,209,284,9,9,0
1,209,285,9,9,0
1,209,286,9,0,0
1,209,287,9,15,0
1,209,288,9,0,0
1,209,289,9,9,0
1,209,290,9,9,0
1,209,291,9,9,0
1,209,292,9,0,0
1,209,293,9,15,0
1,209,294,9,0,0
1,209,295,9,9,0
1,209,296,9,9,0
1,209,297,9,9,0
1,209,298,9,0,0
1,209,299,9,15,0
1,209,300,9,0,0
1,209,301,9,9,0
1,209,302,9,9,0
1,209,303,9,9,0
1,209,304,9,0,0
1,209,305,9,15,0
1,209,306,9,0,0
1,209,307,9,9,0
1,209,308,9,9,0
1,209,309,9,9,0
1,209,310,9,0,0
1,209,311,9,15,0
1,209,312,9,0,0
1,209,313,9,9,0
1,209,314,9,9,0
1,209,315,9,9,0
1,209,316,9,0,0
1,209,317,9,15,0
1,209,318,9,0,0
1,209,319,9,9,0
1,209,320,9,9,0
1,209,321,9,9,0
1,209,322,9,0,0
1,209,323,9,15,0
1,209,324,9,0,0
1,209,325,9,9,0
1,209,326,9,9,0
1,209,327,9,9,0
1,210,211,16,8,1
1,210,212,16,0,0
1,210,213,16,9,0
1,210,214,16,11,0
1,210,215,16,8,0
1,210,216,16,0,0
1,210,217,16,9,0
1,210,218,16,17,0
1,210,219,16,0,0
1,210,220,16,9,0
1,210,221,16,0,0
1,210,222,16,9,0
1,210,223,16,17,0
1,210,224,16,0,0
1,210,225,16,9,0
1,210,226,16,9,0
1,210,227,16,16,0
1,210,228,16,8,0
1,210,229,16,0,0
1,210,230,16,9,0
1,210,231,16,16,0
1,210,232,16,8,0
1,210,233,16,0,0
1,210,234,16,9,0
1,210,235,16,11,0
1,210,236,16,8,0
1,210,237,16,0,0
1,210,238,16,9,0
1,210,239,16,17,0
1,210,240,16,0,0
1,210,241,16,9,0
1,210,242,16,0,0
1,210,243,16,9,0
1,210,244,16,17,0
1,210,245,16,0,0
1,210,246,16,9,0
1,210,247,16,9,0
1,210,248,16,16,0
1,210,249,16,8,0
1,210,250,16,0,0
1,210,251,16,9,0
1,210,252,16,16,0
1,210,253,16,8,0
1,210,254,16,0,0
1,210,255,16,9,0
1,210,256,16,11,0
1,210,257,16,8,0
1,210,258,16,0,0
1,210,259,16,9,0
1,210,260,16,16,0
1,210,261,16,8,0
1,210,262,16,0,0
1,210,263,16,15,0
1,210,264,16,0,0
1,210,265,16,9,0
1,210,266,16,9,0
1,210,267,16,9,0
1,210,268,16,0,0
1,210,269,16,15,0
1,210,270,16,0,0
1,210,271,16,9,0
1,210,272,16,9,0
1,210,273,16,9,0
1,210,274,16,0,0
1,210,275,16,15,0
1,210,276,16,0,0
1,210,277,16,9,0
1,210,278,16,9,0
1,210,279,16,9,0
1,210,280,16,0,0
1,210,281,16,15,0
1,210,282,16,0,0
1,210,283,16,9,0
1,210,284,16,9,0
1,210,285,16,9,0
1,210,286,16,0,0
1,210,287,16,15,0
1,210,288,16,0,0
1,210,289,16,9,0
1,210,290,16,9,0
1,210,291,16,9,0
1,210,292,16,0,0
1,210,293,16,15,0
1,210,294,16,0,0
1,210,295,16,9,0
1,210,296,16,9,0
1,210,297,16,9,0
1,210,298,16,0,0
1,210,299,16,15,0
1,210,300,16,0,0
1,210,301,16,9,0
1,210,302,16,9,0
1,210,303,16,9,0
1,210,304,16,0,0
1,210,305,16,15,0
1,210,306,16,0,0
1,210,307,16,9,0
1,210,308,16,9,0
1,210,309,16,9,0
1,210,310,16,0,0
1,210,311,16,15,0
1,210,312,16,0,0
1,210,313,16,9,0
1,210,314,16,9,0
1,210,315,16,9,0
1,210,316,16,0,0
1,210,317,16,15,0
1,210,318,16,0,0
1,210,319,16,9,0
1,210,320,16,9,0
1,210,321,16,9,0
1,210,322,16,0,0
1,210,323,16,15,0
1,210,324,16,0,0
1,210,325,16,9,0
1,210,326,16,9,0
1,210,327,16,9,0
1,211,212,8,0,0
1,211,213,8,9,0
1,211,214,8,11,0
1,211,215,8,8,0
1,211,216,8,0,0
1,211,217,8,9,0
1,211,218,8,17,0
1,211,219,8,0,0
1,211,220,8,9,0
1,211,221,8,0,0
1,211,222,8,9,0
1,211,223,8,17,0
1,211,224,8,0,0
1,211,225,8,9,0
1,211,226,8,9,0
1,211,227,8,16,0
1,211,228,8,8,0
1,211,229,8,0,0
1,211,230,8,9,0
1,211,231,8,16,0
1,211,232,8,8,0
1,211,233,8,0,0
1,211,234,8,9,0
1,211,235,8,11,0
1,211,236,8,8,0
1,211,237,8,0,0
1,211,238,8,9,0
1,211,239,8,17,0
1,211,240,8,0,0
1,211,241,8,9,0
1,211,242,8,0,0
1,211,243,8,9,0
1,211,244,8,17,0
1,211,245,8,0,0
1,211,246,8,9,0
1,211,247,8,9,0
1,211,248,8,16,0
1,211,249,8,8,0
1,211,250,8,0,0
1,211,251,8,9,0
1,211,252,8,16,0
1,211,253,8,8,0
1,211,254,8,0,0
1,211,255,8,9,0
1,211,256,8,11,0
1,211,257,8,8,0
1,211,258,8,0,0
1,211,259,8,9,0
1,211,260,8,16,0
1,211,261,8,8,0
1,211,262,8,0,0
1,211,263,8,15,0
1,211,264,8,0,0
1,211,265,8,9,0
1,211,266,8,9,0
1,211,267,8,9,0
1,211,268,8,0,0
1,211,269,8,15,0
1,211,270,8,0,0
1,211,271,8,9,0
1,211,272,8,9,0
1,211,273,8,9,0
1,211,274,8,0,0
1,211,275,8,15,0
1,211,276,8,0,0
1,211,277,8,9,0
1,211,278,8,9,0
1,211,279,8,9,0
1,211,280,8,0,0
1,211,281,8,15,0
1,211,282,8,0,0
1,211,283,8,9,0
1,211,284,8,9,0
1,211,285,8,9,0
1,211,286,8,0,0
1,211,287,8,15,0
1,211,288,8,0,0
1,211,289,8,9,0
1,211,290,8,9,0
1,211,291,8,9,0
1,211,292,8,0,0
1,211,293,8,15,0
1,211,294,8,0,0
1,211,295,8,9,0
1,211,296,8,9,0
1,211,297,8,9,0
1,211,298,8,0,0
1,211,299,8,15,0
1,211,300,8,0,0
1,211,301,8,9,0
1,211,302,8,9,0
1,211,303,8,9,0
1,211,304,8,0,0
1,211,305,8,15,0
1,211,306,8,0,0
1,211,307,8,9,0
1,211,308,8,9,0
1,211,309,8,9,0
1,211,310,8,0,0
1,211,311,8,15,0
1,211,312,8,0,0
1,211,313,8,9,0
1,211,314,8,9,0
1,211,315,8,9,0
1,211,316,8,0,0
1,211,317,8,15,0
1,211,318,8,0,0
1,211,319,8,9,0
1,211,320,8,9,0
1,211,321,8,9,0
1,211,322,8,0,0
1,211,323,8,15,0
1,211,324,8,0,0
1,211,325,8,9,0
1,211,326,8,9,0
1,211,327,8,9,0
1,212,213,0,9,1
1,212,214,0,11,1
1,212,215,0,8,0
1,212,216,0,0,1
1,212,217,0,9,0
1,212,218,0,17,0
1,212,219,0,0,0
1,212,220,0,9,0
1,212,221,0,0,0
1,212,222,0,9,0
1,212,223,0,17,0
1,212,224,0,0,0
1,212,225,0,9,0
1,212,226,0,9,0
1,212,227,0,16,0
1,212,228,0,8,0
1,212,229,0,0,0
1,212,230,0,9,0
1,212,231,0,16,0
1,212,232,0,8,0
1,212,233,0,0,0
1,212,234,0,9,0
1,212,235,0,11,0
1,212,236,0,8,0
1,212,237,0,0,0
1,212,238,0,9,0
1,212,239,0,17,0
1,212,240,0,0,0
1,212,241,0,9,0
1,212,242,0,0,0
1,212,243,0,9,0
1,212,244,0,17,0
1,212,245,0,0,0
1,212,246,0,9,0
1,212,247,0,9,0
1,212,248,0,16,0
1,212,249,0,8,0
1,212,250,0,0,0
1,212,251,0,9,0
1,212,252,0,16,0
1,212,253,0,8,0
1,212,254,0,0,0
1,212,255,0,9,0
1,212,256,0,11,0
1,212,257,0,8,0
1,212,258,0,0,0
1,212,259,0,9,0
1,212,260,0,16,0
1,212,261,0,8,0
1,212,262,0,0,0
1,212,263,0,15,0
1,212,264,0,0,0
1,212,265,0,9,0
1,212,266,0,9,0
1,212,267,0,9,0
1,212,268,0,0,0
1,212,269,0,15,0
1,212,270,0,0,0
1,212,271,0,9,0
1,212,272,0,9,0
1,212,273,0,9,0
1,212,274,0,0,0
1,212,275,0,15,0
1,212,276,0,0,0
1,212,277,0,9,0
1,212,278,0,9,0
1,212,279,0,9,0
1,212,280,0,0,0
1,212,281,0,15,0
1,212,282,0,0,0
1,212,283,0,9,0
1,212,284,0,9,0
1,212,285,0,9,0
1,212,286,0,0,0
1,212,287,0,15,0
1,212,288,0,0,0
1,212,289,0,9,0
1,212,290,0,9,0
1,212,291,0,9,0
1,212,292,0,0,0
1,212,293,0,15,0
1,212,294,0,0,0
1,212,295,0,9,0
1,212,296,0,9,0
1,212,297,0,9,0
1,212,298,0,0,0
1,212,299,0,15,0
1,212,300,0,0,0
1,212,301,0,9,0
1,212,302,0,9,0
1,212,303,0,9,0
1,212,304,0,0,0
1,212,305,0,15,0
1,212,306,0,0,0
1,212,307,0,9,0
1,212,308,0,9,0
1,212,309,0,9,0
1,212,310,0,0,0
1,212,311,0,15,0
1,212,312,0,0,0
1,212,313,0,9,0
1,212,314,0,9,0
1,212,315,0,9,0
1,212,316,0,0,0
1,212,317,0,15,0
1,212,318,0,0,0
1,212,319,0,9,0
1,212,320,0,9,0
1,212,321,0,9,0
1,212,322,0,0,0
1,212,323,0,15,0
1,212,324,0,0,0
1,212,325,0,9,0
1,212,326,0,9,0
1,212,327,0,9,0
1,213,214,9,11,0
1,213,215,9,8,0
1,213,216,9,0,0
1,213,217,9,9,0
1,213,218,9,17,0
1,213,219,9,0,0
1,213,220,9,9,0
1,213,221,9,0,0
1,213,222,9,9,0
1,213,223,9,17,0
1,213,224,9,0,0
1,213,225,9,9,0
1,213,226,9,9,0
1,213,227,9,16,0
1,213,228,9,8,0
1,213,229,9,0,0
1,213,230,9,9,0
1,213,231,9,16,0
1,213,232,9,8,0
1,213,233,9,0,0
1,213,234,9,9,0
1,213,235,9,11,0
1,213,236,9,8,0
1,213,237,9,0,0
1,213,238,9,9,0
1,213,239,9,17,0
1,213,240,9,0,0
1,213,241,9,9,0
1,213,242,9,0,0
1,213,243,9,9,0
1,213,244,9,17,0
1,213,245,9,0,0
1,213,246,9,9,0
1,213,247,9,9,0
1,213,248,9,16,0
1,213,249,9,8,0
1,213,250,9,0,0
1,213,251,9,9,0
1,213,252,9,16,0
1,213,253,9,8,0
1,213,254,9,0,0
1,213,255,9,9,0
1,213,256,9,11,0
1,213,257,9,8,0
1,213,258,9,0,0
1,213,259,9,9,0
1,213,260,9,16,0
1,213,261,9,8,0
1,213,262,9,0,0
1,213,263,9,15,0
1,213,264,9,0,0
1,213,265,9,9,0
1,213,266,9,9,0
1,213,267,9,9,0
1,213,268,9,0,0
1,213,269,9,15,0
1,213,270,9,0,0
1,213,271,9,9,0
1,213,272,9,9,0
1,213,273,9,9,0
1,213,274,9,0,0
1,213,275,9,15,0
1,213,276,9,0,0
1,213,277,9,9,0
1,213,278,9,9,0
1,213,279,9,9,0
1,213,280,9,0,0
1,213,281,9,15,0
1,213,282,9,0,0
1,213,283,9,9,0
1,213,284,9,9,0
1,213,285,9,9,0
1,213,286,9,0,0
1,213,287,9,15,0
1,213,288,9,0,0
1,213,289,9,9,0
1,213,290,9,9,0
1,213,291,9,9,0
1,213,292,9,0,0
1,213,293,9,15,0
1,213,294,9,0,0
1,213,295,9,9,0
1,213,296,9,9,0
1,213,297,9,9,0
1,213,298,9,0,0
1,213,299,9,15,0
1,213,300,9,0,0
1,213,301,9,9,0
1,213,302,9,9,0
1,213,303,9,9,0
1,213,304,9,0,0
1,213,305,9,15,0
1,213,306,9,0,0
1,213,307,9,9,0
1,213,308,9,9,0
1,213,309,9,9,0
1,213,310,9,0,0
1,213,311,9,15,0
1,213,312,9,0,0
1,213,313,9,9,0
1,213,314,9,9,0
1,213,315,9,9,0
1,213,316,9,0,0
1,213,317,9,15,0
1,213,318,9,0,0
1,213,319,9,9,0
1,213,320,9,9,0
1,213,321,9,9,0
1,213,322,9,0,0
1,213,323,9,15,0
1,213,324,9,0,0
1,213,325,9,9,0
1,213,326,9,9,0
1,213,327,9,9,0
1,214,215,11,8,1
1,214,216,11,0,0
1,214,217,11,9,0
1,214,218,11,17,0
1,214,219,11,0,0
1,214,220,11,9,0
1,214,221,11,0,0
1,214,222,11,9,0
1,214,223,11,17,0
1,214,224,11,0,0
1,214,225,11,9,0
1,214,226,11,9,0
1,214,227,11,16,0
1,214,228,11,8,0
1,214,229,11,0,0
1,214,230,11,9,0
1,214,231,11,16,0
1,214,232,11,8,0
1,214,233,11,0,0
1,214,234,11,9,0
1,214,235,11,11,0
1,214,236,11,8,0
1,214,237,11,0,0
1,214,238,11,9,0
1,214,239,11,17,0
1,214,240,11,0,0
1,214,241,11,9,0
1,214,242,11,0,0
1,214,243,11,9,0
1,214,244,11,17,0
1,214,245,11,0,0
1,214,246,11,9,0
1,214,247,11,9,0
1,214,248,11,16,0
1,214,249,11,8,0
1,214,250,11,0,0
1,214,251,11,9,0
1,214,252,11,16,0
1,214,253,11,8,0
1,214,254,11,0,0
1,214,255,11,9,0
1,214,256,11,11,0
1,214,257,11,8,0
1,214,258,11,0,0
1,214,259,11,9,0
1,214,260,11,16,0
1,214,261,11,8,0
1,214,262,11,0,0
1,214,263,11,15,0
1,214,264,11,0,0
1,214,265,11,9,0
1,214,266,11,9,0
1,214,267,11,9,0
1,214,268,11,0,0
1,214,269,11,15,0
1,214,270,11,0,0
1,214,271,11,9,0
1,214,272,11,9,0
1,214,273,11,9,0
1,214,274,11,0,1
1,214,275,11,15,0
1,214,276,11,0,0
1,214,277,11,9,0
1,214,278,11,9,0
1,214,279,11,9,0
1,214,280,11,0,0
1,214,281,11,15,0
1,214,282,11,0,0
1,214,283,11,9,0
1,214,284,11,9,0
1,214,285,11,9,0
1,214,286,11,0,0
1,214,287,11,15,0
1,214,288,11,0,0
1,214,289,11,9,0
1,214,290,11,9,0
1,214,291,11,9,0
1,214,292,11,0,0
1,214,293,11,15,0
1,214,294,11,0,0
1,214,295,11,9,0
1,214,296,11,9,0
1,214,297,11,9,0
1,214,298,11,0,0
1,214,299,11,15,0
1,214,300,11,0,0
1,214,301,11,9,0
1,214,302,11,9,0
1,214,303,11,9,0
1,214,304,11,0,0
1,214,305,11,15,0
1,214,306,11,0,0
1,214,307,11,9,0
1,214,308,11,9,0
1,214,309,11,9,0
1,214,310,11,0,0
1,214,311,11,15,0
1,214,312,11,0,0
1,214,313,11,9,0
1,214,314,11,9,0
1,214,315,11,9,0
1,214,316,11,0,0
1,214,317,11,15,0
1,214,318,11,0,0
1,214,319,11,9,0
1,214,320,11,9,0
1,214,321,11,9,0
1,214,322,11,0,0
1,214,323,11,15,0
1,214,324,11,0,0
1,214,325,11,9,0
1,214,326,11,9,0
1,214,327,11,9,0
1,215,216,8,0,0
1,215,217,8,9,0
1,215,218,8,17,0
1,215,219,8,0,0
1,215,220,8,9,0
1,215,221,8,0,0
1,215,222,8,9,0
1,215,223,8,17,0
1,215,224,8,0,0
1,215,225,8,9,0
1,215,226,8,9,0
1,215,227,8,16,0
1,215,228,8,8,0
1,215,229,8,0,0
1,215,230,8,9,0
1,215,231,8,16,0
1,215,232,8,8,0
1,215,233,8,0,0
1,215,234,8,9,0
1,215,235,8,11,0
1,215,236,8,8,0
1,215,237,8,0,0
1,215,238,8,9,0
1,215,239,8,17,0
1,215,240,8,0,0
1,215,241,8,9,0
1,215,242,8,0,0
1,215,243,8,9,0
1,215,244,8,17,0
1,215,245,8,0,0
1,215,246,8,9,0
1,215,247,8,9,0
1,215,248,8,16,0
1,215,249,8,8,0
1,215,250,8,0,0
1,215,251,8,9,0
1,215,252,8,16,0
1,215,253,8,8,0
1,215,254,8,0,0
1,215,255,8,9,0
1,215,256,8,11,0
1,215,257,8,8,0
1,215,258,8,0,0
1,215,259,8,9,0
1,215,260,8,16,0
1,215,261,8,8,0
1,215,262,8,0,0
1,215,263,8,15,0
1,215,264,8,0,0
1,215,265,8,9,0
1,215,266,8,9,0
1,215,267,8,9,0
1,215,268,8,0,0
1,215,269,8,15,0
1,215,270,8,0,0
1,215,271,8,9,0
1,215,272,8,9,0
1,215,273,8,9,0
1,215,274,8,0,0
1,215,275,8,15,0
1,215,276,8,0,0
1,215,277,8,9,0
1,215,278,8,9,0
1,215,279,8,9,0
1,215,280,8,0,0
1,215,281,8,15,0
1,215,282,8,0,0
1,215,283,8,9,0
1,215,284,8,9,0
1,215,285,8,9,0
1,215,286,8,0,0
1,215,287,8,15,0
1,215,288,8,0,0
1,215,289,8,9,0
1,215,290,8,9,0
1,215,291,8,9,0
1,215,292,8,0,0
1,215,293,8,15,0
1,215,294,8,0,0
1,215,295,8,9,0
1,215,296,8,9,0
1,215,297,8,9,0
1,215,298,8,0,0
1,215,299,8,15,0
1,215,300,8,0,0
1,215,301,8,9,0
1,215,302,8,9,0
1,215,303,8,9,0
1,215,304,8,0,0
1,215,305,8,15,0
1,215,306,8,0,0
1,215,307,8,9,0
1,215,308,8,9,0
1,215,309,8,9,0
1,215,310,8,0,0
1,215,311,8,15,0
1,215,312,8,0,0
1,215,313,8,9,0
1,215,314,8,9,0
1,215,315,8,9,0
1,215,316,8,0,0
1,215,317,8,15,0
1,215,318,8,0,0
1,215,319,8,9,0
1,215,320,8,9,0
1,215,321,8,9,0
1,215,322,8,0,0
1,215,323,8,15,0
1,215,324,8,0,0
1,215,325,8,9,0
1,215,326,8,9,0
1,215,327,8,9,0
1,216,217,0,9,1
1,216,218,0,17,1
1,216,219,0,0,0
1,216,220,0,9,0
1,216,221,0,0,0
1,216,222,0,9,0
1,216,223,0,17,0
1,216,224,0,0,0
1,216,225,0,9,0
1,216,226,0,9,0
1,216,227,0,16,0
1,216,228,0,8,0
1,216,229,0,0,0
1,216,230,0,9,0
1,216,231,0,16,0
1,216,232,0,8,0
1,216,233,0,0,0
1,216,234,0,9,0
1,216,235,0,11,0
1,216,236,0,8,0
1,216,237,0,0,0
1,216,238,0,9,0
1,216,239,0,17,0
1,216,240,0,0,0
1,216,241,0,9,0
1,216,242,0,0,0
1,216,243,0,9,0
1,216,244,0,17,0
1,216,245,0,0,0
1,216,246,0,9,0
1,216,247,0,9,0
1,216,248,0,16,0
1,216,249,0,8,0
1,216,250,0,0,0
1,216,251,0,9,0
1,216,252,0,16,0
1,216,253,0,8,0
1,216,254,0,0,0
1,216,255,0,9,0
1,216,256,0,11,0
1,216,257,0,8,0
1,216,258,0,0,0
1,216,259,0,9,0
1,216,260,0,16,0
1,216,261,0,8,0
1,216,262,0,0,0
1,216,263,0,15,0
1,216,264,0,0,0
1,216,265,0,9,0
1,216,266,0,9,0
1,216,267,0,9,0
1,216,268,0,0,0
1,216,269,0,15,0
1,216,270,0,0,0
1,216,271,0,9,0
1,216,272,0,9,0
1,216,273,0,9,0
1,216,274,0,0,0
1,216,275,0,15,0
1,216,276,0,0,0
1,216,277,0,9,0
1,216,278,0,9,0
1,216,279,0,9,0
1,216,280,0,0,0
1,216,281,0,15,0
1,216,282,0,0,0
1,216,283,0,9,0
1,216,284,0,9,0
1,216,285,0,9,0
1,216,286,0,0,0
1,216,287,0,15,0
1,216,288,0,0,0
1,216,289,0,9,0
1,216,290,0,9,0
1,216,291,0,9,0
1,216,292,0,0,0
1,216,293,0,15,0
1,216,294,0,0,0
1,216,295,0,9,0
1,216,296,0,9,0
1,216,297,0,9,0
1,216,298,0,0,0
1,216,299,0,15,0
1,216,300,0,0,0
1,216,301,0,9,0
1,216,302,0,9,0
1,216,303,0,9,0
1,216,304,0,0,0
1,216,305,0,15,0
1,216,306,0,0,0
1,216,307,0,9,0
1,216,308,0,9,0
1,216,309,0,9,0
1,216,310,0,0,0
1,216,311,0,15,0
1,216,312,0,0,0
1,216,313,0,9,0
1,216,314,0,9,0
1,216,315,0,9,0
1,216,316,0,0,0
1,216,317,0,15,0
1,216,318,0,0,0
1,216,319,0,9,0
1,216,320,0,9,0
1,216,321,0,9,0
1,216,322,0,0,0
1,216,323,0,15,0
1,216,324,0,0,0
1,216,325,0,9,0
1,216,326,0,9,0
1,216,327,0,9,0
1,217,218,9,17,0
1,217,219,9,0,0
1,217,220,9,9,0
1,217,221,9,0,0
1,217,222,9,9,0
1,217,223,9,17,0
1,217,224,9,0,0
1,217,225,9,9,0
1,217,226,9,9,0
1,217,227,9,16,0
1,217,228,9,8,0
1,217,229,9,0,0
1,217,230,9,9,0
1,217,231,9,16,0
1,217,232,9,8,0
1,217,233,9,0,0
1,217,234,9,9,0
1,217,235,9,11,0
1,217,236,9,8,0
1,217,237,9,0,0
1,217,238,9,9,0
1,217,239,9,17,0
1,217,240,9,0,0
1,217,241,9,9,0
1,217,242,9,0,0
1,217,243,9,9,0
1,217,244,9,17,0
1,217,245,9,0,0
1,217,246,9,9,0
1,217,247,9,9,0
1,217,248,9,16,0
1,217,249,9,8,0
1,217,250,9,0,0
1,217,251,9,9,0
1,217,252,9,16,0
1,217,253,9,8,0
1,217,254,9,0,0
1,217,255,9,9,0
1,217,256,9,11,0
1,217,257,9,8,0
1,217,258,9,0,0
1,217,259,9,9,0
1,217,260,9,16,0
1,217,261,9,8,0
1,217,262,9,0,0
1,217,263,9,15,0
1,217,264,9,0,0
1,217,265,9,9,0
1,217,266,9,9,0
1,217,267,9,9,0
1,217,268,9,0,0
1,217,269,9,15,0
1,217,270,9,0,0
1,217,271,9,9,0
1,217,272,9,9,0
1,217,273,9,9,0
1,217,274,9,0,0
1,217,275,9,15,0
1,217,276,9,0,0
1,217,277,9,9,0
1,217,278,9,9,0
1,217,279,9,9,0
1,217,280,9,0,0
1,217,281,9,15,0
1,217,282,9,0,0
1,217,283,9,9,0
1,217,284,9,9,0
1,217,285,9,9,0
1,217,286,9,0,0
1,217,287,9,15,0
1,217,288,9,0,0
1,217,289,9,9,0
1,217,290,9,9,0
1,217,291,9,9,0
1,217,292,9,0,0
1,217,293,9,15,0
1,217,294,9,0,0
1,217,295,9,9,0
1,217,296,9,9,0
1,217,297,9,9,0
1,217,298,9,0,0
1,217,299,9,15,0
1,217,300,9,0,0
1,217,301,9,9,0
1,217,302,9,9,0
1,217,303,9,9,0
1,217,304,9,0,0
1,217,305,9,15,0
1,217,306,9,0,0
1,217,307,9,9,0
1,217,308,9,9,0
1,217,309,9,9,0
1,217,310,9,0,0
1,217,311,9,15,0
1,217,312,9,0,0
1,217,313,9,9,0
1,217,314,9,9,0
1,217,315,9,9,0
1,217,316,9,0,0
1,217,317,9,15,0
1,217,318,9,0,0
1,217,319,9,9,0
1,217,320,9,9,0
1,217,321,9,9,0
1,217,322,9,0,0
1,217,323,9,15,0
1,217,324,9,0,0
1,217,325,9,9,0
1,217,326,9,9,0
1,217,327,9,9,0
1,218,219,17,0,1
1,218,220,17,9,0
1,218,221,17,0,0
1,218,222,17,9,0
1,218,223,17,17,0
1,218,224,17,0,0
1,218,225,17,9,0
1,218,226,17,9,0
1,218,227,17,16,0
1,218,228,17,8,0
1,218,229,17,0,0
1,218,230,17,9,0
1,218,231,17,16,0
1,218,232,17,8,0
1,218,233,17,0,0
1,218,234,17,9,0
1,218,235,17,11,0
1,218,236,17,8,0
1,218,237,17,0,0
1,218,238,17,9,0
1,218,239,17,17,0
1,218,240,17,0,0
1,218,241,17,9,0
1,218,242,17,0,0
1,218,243,17,9,0
1,218,244,17,17,0
1,218,245,17,0,0
1,218,246,17,9,0
1,218,247,17,9,0
1,218,248,17,16,0
1,218,249,17,8,0
1,218,250,17,0,0
1,218,251,17,9,0
1,218,252,17,16,0
1,218,253,17,8,0
1,218,254,17,0,0
1,218,255,17,9,0
1,218,256,17,11,0
1,218,257,17,8,0
1,218,258,17,0,0
1,218,259,17,9,0
1,218,260,17,16,0
1,218,261,17,8,0
1,218,262,17,0,0
1,218,263,17,15,0
1,218,264,17,0,0
1,218,265,17,9,0
1,218,266,17,9,0
1,218,267,17,9,0
1,218,268,17,0,0
1,218,269,17,15,0
1,218,270,17,0,0
1,218,271,17,9,0
1,218,272,17,9,0
1,218,273,17,9,0
1,218,274,17,0,0
1,218,275,17,15,0
1,218,276,17,0,0
1,218,277,17,9,0
1,218,278,17,9,0
1,218,279,17,9,0
1,218,280,17,0,0
1,218,281,17,15,0
1,218,282,17,0,0
1,218,283,17,9,0
1,218,284,17,9,0
1,218,285,17,9,0
1,218,286,17,0,0
1,218,287,17,15,0
1,218,288,17,0,0
1,218,289,17,9,0
1,218,290,17,9,0
1,218,291,17,9,0
1,218,292,17,0,0
1,218,293,17,15,0
1,218,294,17,0,0
1,218,295,17,9,0
1,218,296,17,9,0
1,218,297,17,9,0
1,218,298,17,0,0
1,218,299,17,15,0
1,218,300,17,0,0
1,218,301,17,9,0
1,218,302,17,9,0
1,218,303,17,9,0
1,218,304,17,0,0
1,218,305,17,15,0
1,218,306,17,0,0
1,218,307,17,9,0
1,218,308,17,9,0
1,218,309,17,9,0
1,218,310,17,0,0
1,218,311,17,15,0
1,218,312,17,0,0
1,218,313,17,9,0
1,218,314,17,9,0
1,218,315,17,9,0
1,218,316,17,0,0
1,218,317,17,15,0
1,218,318,17,0,0
1,218,319,17,9,0
1,218,320,17,9,0
1,218,321,17,9,0
1,218,322,17,0,0
1,218,323,17,15,0
1,218,324,17,0,0
1,218,325,17,9,0
1,218,326,17,9,0
1,218,327,17,9,0
1,219,220,0,9,1
1,219,221,0,0,1
1,219,222,0,9,0
1,219,223,0,17,0
1,219,224,0,0,0
1,219,225,0,9,0
1,219,226,0,9,0
1,219,227,0,16,0
1,219,228,0,8,0
1,219,229,0,0,1
1,219,230,0,9,0
1,219,231,0,16,0
1,219,232,0,8,0
1,219,233,0,0,0
1,219,234,0,9,0
1,219,235,0,11,0
1,219,236,0,8,0
1,219,237,0,0,0
1,219,238,0,9,0
1,219,239,0,17,0
1,219,240,0,0,0
1,219,241,0,9,0
1,219,242,0,0,0
1,219,243,0,9,0
1,219,244,0,17,0
1,219,245,0,0,0
1,219,246,0,9,0
1,219,247,0,9,0
1,219,248,0,16,0
1,219,249,0,8,0
1,219,250,0,0,0
1,219,251,0,9,0
1,219,252,0,16,0
1,219,253,0,8,0
1,219,254,0,0,0
1,219,255,0,9,0
1,219,256,0,11,0
1,219,257,0,8,0
1,219,258,0,0,0
1,219,259,0,9,0
1,219,260,0,16,0
1,219,261,0,8,0
1,219,262,0,0,0
1,219,263,0,15,0
1,219,264,0,0,0
1,219,265,0,9,0
1,219,266,0,9,0
1,219,267,0,9,0
1,219,268,0,0,0
1,219,269,0,15,0
1,219,270,0,0,0
1,219,271,0,9,0
1,219,272,0,9,0
1,219,273,0,9,0
1,219,274,0,0,0
1,219,275,0,15,0
1,219,276,0,0,0
1,219,277,0,9,0
1,219,278,0,9,0
1,219,279,0,9,0
1,219,280,0,0,0
1,219,281,0,15,0
1,219,282,0,0,0
1,219,283,0,9,0
1,219,284,0,9,0
1,219,285,0,9,0
1,219,286,0,0,0
1,219,287,0,15,0
1,219,288,0,0,0
1,219,289,0,9,0
1,219,290,0,9,0
1,219,291,0,9,0
1,219,292,0,0,0
1,219,293,0,15,0
1,219,294,0,0,0
1,219,295,0,9,0
1,219,296,0,9,0
1,219,297,0,9,0
1,219,298,0,0,0
1,219,299,0,15,0
1,219,300,0,0,0
1,219,301,0,9,0
1,219,302,0,9,0
1,219,303,0,9,0
1,219,304,0,0,0
1,219,305,0,15,0
1,219,306,0,0,0
1,219,307,0,9,0
1,219,308,0,9,0
1,219,309,0,9,0
1,219,310,0,0,0
1,219,311,0,15,0
1,219,312,0,0,0
1,219,313,0,9,0
1,219,314,0,9,0
1,219,315,0,9,0
1,219,316,0,0,0
1,219,317,0,15,0
1,219,318,0,0,0
1,219,319,0,9,0
1,219,320,0,9,0
1,219,321,0,9,0
1,219,322,0,0,0
1,219,323,0,15,0
1,219,324,0,0,0
1,219,325,0,9,0
1,219,326,0,9,0
1,219,327,0,9,0
1,220,221,9,0,0
1,220,222,9,9,0
1,220,223,9,17,0
1,220,224,9,0,0
1,220,225,9,9,0
1,220,226,9,9,0
1,220,227,9,16,0
1,220,228,9,8,0
1,220,229,9,0,0
1,220,230,9,9,0
1,220,231,9,16,0
1,220,232,9,8,0
1,220,233,9,0,0
1,220,234,9,9,0
1,220,235,9,11,0
1,220,236,9,8,0
1,220,237,9,0,0
1,220,238,9,9,0
1,220,239,9,17,0
1,220,240,9,0,0
1,220,241,9,9,0
1,220,242,9,0,0
1,220,243,9,9,0
1,220,244,9,17,0
1,220,245,9,0,0
1,220,246,9,9,0
1,220,247,9,9,0
1,220,248,9,16,0
1,220,249,9,8,0
1,220,250,9,0,0
1,220,251,9,9,0
1,220,252,9,16,0
1,220,253,9,8,0
1,220,254,9,0,0
1,220,255,9,9,0
1,220,256,9,11,0
1,220,257,9,8,0
1,220,258,9,0,0
1,220,259,9,9,0
1,220,260,9,16,0
1,220,261,9,8,0
1,220,262,9,0,0
1,220,263,9,15,0
1,220,264,9,0,0
1,220,265,9,9,0
1,220,266,9,9,0
1,220,267,9,9,0
1,220,268,9,0,0
1,220,269,9,15,0
1,220,270,9,0,0
1,220,271,9,9,0
1,220,272,9,9,0
1,220,273,9,9,0
1,220,274,9,0,0
1,220,275,9,15,0
1,220,276,9,0,0
1,220,277,9,9,0
1,220,278,9,9,0
1,220,279,9,9,0
1,220,280,9,0,0
1,220,281,9,15,0
1,220,282,9,0,0
1,220,283,9,9,0
1,220,284,9,9,0
1,220,285,9,9,0
1,220,286,9,0,0
1,220,287,9,15,0
1,220,288,9,0,0
1,220,289,9,9,0
1,220,290,9,9,0
1,220,291,9,9,0
1,220,292,9,0,0
1,220,293,9,15,0
1,220,294,9,0,0
1,220,295,9,9,0
1,220,296,9,9,0
1,220,297,9,9,0
1,220,298,9,0,0
1,220,299,9,15,0
1,220,300,9,0,0
1,220,301,9,9,0
1,220,302,9,9,0
1,220,303,9,9,0
1,220,304,9,0,0
1,220,305,9,15,0
1,220,306,9,0,0
1,220,307,9,9,0
1,220,308,9,9,0
1,220,309,9,9,0
1,220,310,9,0,0
1,220,311,9,15,0
1,220,312,9,0,0
1,220,313,9,9,0
1,220,314,9,9,0
1,220,315,9,9,0
1,220,316,9,0,0
1,220,317,9,15,0
1,220,318,9,0,0
1,220,319,9,9,0
1,220,320,9,9,0
1,220,321,9,9,0
1,220,322,9,0,0
1,220,323,9,15,0
1,220,324,9,0,0
1,220,325,9,9,0
1,220,326,9,9,0
1,220,327,9,9,0
1,221,222,0,9,1
1,221,223,0,17,1
1,221,224,0,0,1
1,221,225,0,9,0
1,221,226,0,9,0
1,221,227,0,16,0
1,221,228,0,8,0
1,221,229,0,0,0
1,221,230,0,9,0
1,221,231,0,16,0
1,221,232,0,8,0
1,221,233,0,0,0
1,221,234,0,9,0
1,221,235,0,11,0
1,221,236,0,8,0
1,221,237,0,0,0
1,221,238,0,9,0
1,221,239,0,17,0
1,221,240,0,0,0
1,221,241,0,9,0
1,221,242,0,0,0
1,221,243,0,9,0
1,221,244,0,17,0
1,221,245,0,0,0
1,221,246,0,9,0
1,221,247,0,9,0
1,221,248,0,16,0
1,221,249,0,8,0
1,221,250,0,0,0
1,221,251,0,9,0
1,221,252,0,16,0
1,221,253,0,8,0
1,221,254,0,0,0
1,221,255,0,9,0
1,221,256,0,11,0
1,221,257,0,8,0
1,221,258,0,0,0
1,221,259,0,9,0
1,221,260,0,16,0
1,221,261,0,8,0
1,221,262,0,0,0
1,221,263,0,15,0
1,221,264,0,0,0
1,221,265,0,9,0
1,221,266,0,9,0
1,221,267,0,9,0
1,221,268,0,0,0
1,221,269,0,15,0
1,221,270,0,0,0
1,221,271,0,9,0
1,221,272,0,9,0
1,221,273,0,9,0
1,221,274,0,0,0
1,221,275,0,15,0
1,221,276,0,0,0
1,221,277,0,9,0
1,221,278,0,9,0
1,221,279,0,9,0
1,221,280,0,0,0
1,221,281,0,15,0
1,221,282,0,0,0
1,221,283,0,9,0
1,221,284,0,9,0
1,221,285,0,9,0
1,221,286,0,0,0
1,221,287,0,15,0
1,221,288,0,0,0
1,221,289,0,9,0
1,221,290,0,9,0
1,221,291,0,9,0
1,221,292,0,0,0
1,221,293,0,15,0
1,221,294,0,0,0
1,221,295,0,9,0
1,221,296,0,9,0
1,221,297,0,9,0
1,221,298,0,0,0
1,221,299,0,15,0
1,221,300,0,0,0
1,221,301,0,9,0
1,221,302,0,9,0
1,221,303,0,9,0
1,221,304,0,0,0
1,221,305,0,15,0
1,221,306,0,0,0
1,221,307,0,9,0
1,221,308,0,9,0
1,221,309,0,9,0
1,221,310,0,0,0
1,221,311,0,15,0
1,221,312,0,0,0
1,221,313,0,9,0
1,221,314,0,9,0
1,221,315,0,9,0
1,221,316,0,0,0
1,221,317,0,15,0
1,221,318,0,0,0
1,221,319,0,9,0
1,221,320,0,9,0
1,221,321,0,9,0
1,221,322,0,0,0
1,221,323,0,15,0
1,221,324,0,0,0
1,221,325,0,9,0
1,221,326,0,9,0
1,221,327,0,9,0
1,222,223,9,17,0
1,222,224,9,0,0
1,222,225,9,9,0
1,222,226,9,9,0
1,222,227,9,16,0
1,222,228,9,8,0
1,222,229,9,0,0
1,222,230,9,9,0
1,222,231,9,16,0
1,222,232,9,8,0
1,222,233,9,0,0
1,222,234,9,9,0
1,222,235,9,11,0
1,222,236,9,8,0
1,222,237,9,0,0
1,222,238,9,9,0
1,222,239,9,17,0
1,222,240,9,0,0
1,222,241,9,9,0
1,222,242,9,0,0
1,222,243,9,9,0
1,222,244,9,17,0
1,222,245,9,0,0
1,222,246,9,9,0
1,222,247,9,9,0
1,222,248,9,16,0
1,222,249,9,8,0
1,222,250,9,0,0
1,222,251,9,9,0
1,222,252,9,16,0
1,222,253,9,8,0
1,222,254,9,0,0
1,222,255,9,9,0
1,222,256,9,11,0
1,222,257,9,8,0
1,222,258,9,0,0
1,222,259,9,9,0
1,222,260,9,16,0
1,222,261,9,8,0
1,222,262,9,0,0
1,222,263,9,15,0
1,222,264,9,0,0
1,222,265,9,9,0
1,222,266,9,9,0
1,222,267,9,9,0
1,222,268,9,0,0
1,222,269,9,15,0
1,222,270,9,0,0
1,222,271,9,9,0
1,222,272,9,9,0
1,222,273,9,9,0
1,222,274,9,0,0
1,222,275,9,15,0
1,222,276,9,0,0
1,222,277,9,9,0
1,222,278,9,9,0
1,222,279,9,9,0
1,222,280,9,0,0
1,222,281,9,15,0
1,222,282,9,0,0
1,222,283,9,9,0
1,222,284,9,9,0
1,222,285,9,9,0
1,222,286,9,0,0
1,222,287,9,15,0
1,222,288,9,0,0
1,222,289,9,9,0
1,222,290,9,9,0
1,222,291,9,9,0
1,222,292,9,0,0
1,222,293,9,15,0
1,222,294,9,0,0
1,222,295,9,9,0
1,222,296,9,9,0
1,222,297,9,9,0
1,222,298,9,0,0
1,222,299,9,15,0
1,222,300,9,0,0
1,222,301,9,9,0
1,222,302,9,9,0
1,222,303,9,9,0
1,222,304,9,0,0
1,222,305,9,15,0
1,222,306,9,0,0
1,222,307,9,9,0
1,222,308,9,9,0
1,222,309,9,9,0
1,222,310,9,0,0
1,222,311,9,15,0
1,222,312,9,0,0
1,222,313,9,9,0
1,222,314,9,9,0
1,222,315,9,9,0
1,222,316,9,0,0
1,222,317,9,15,0
1,222,318,9,0,0
1,222,319,9,9,0
1,222,320,9,9,0
1,222,321,9,9,0
1,222,322,9,0,0
1,222,323,9,15,0
1,222,324,9,0,0
1,222,325,9,9,0
1,222,326,9,9,0
1,222,327,9,9,0
1,223,224,17,0,0
1,223,225,17,9,0
1,223,226,17,9,0
1,223,227,17,16,0
1,223,228,17,8,0
1,223,229,17,0,0
1,223,230,17,9,0
1,223,231,17,16,0
1,223,232,17,8,0
1,223,233,17,0,0
1,223,234,17,9,0
1,223,235,17,11,0
1,223,236,17,8,0
1,223,237,17,0,1
1,223,238,17,9,0
1,223,239,17,17,0
1,223,240,17,0,0
1,223,241,17,9,0
1,223,242,17,0,0
1,223,243,17,9,0
1,223,244,17,17,0
1,223,245,17,0,0
1,223,246,17,9,0
1,223,247,17,9,0
1,223,248,17,16,0
1,223,249,17,8,0
1,223,250,17,0,0
1,223,251,17,9,0
1,223,252,17,16,0
1,223,253,17,8,0
1,223,254,17,0,0
1,223,255,17,9,0
1,223,256,17,11,0
1,223,257,17,8,0
1,223,258,17,0,0
1,223,259,17,9,0
1,223,260,17,16,0
1,223,261,17,8,0
1,223,262,17,0,0
1,223,263,17,15,0
1,223,264,17,0,0
1,223,265,17,9,0
1,223,266,17,9,0
1,223,267,17,9,0
1,223,268,17,0,0
1,223,269,17,15,0
1,223,270,17,0,0
1,223,271,17,9,0
1,223,272,17,9,0
1,223,273,17,9,0
1,223,274,17,0,0
1,223,275,17,15,0
1,223,276,17,0,0
1,223,277,17,9,0
1,223,278,17,9,0
1,223,279,17,9,0
1,223,280,17,0,0
1,223,281,17,15,0
1,223,282,17,0,0
1,223,283,17,9,0
1,223,284,17,9,0
1,223,285,17,9,0
1,223,286,17,0,0
1,223,287,17,15,0
1,223,288,17,0,0
1,223,289,17,9,0
1,223,290,17,9,0
1,223,291,17,9,0
1,223,292,17,0,0
1,223,293,17,15,0
1,223,294,17,0,0
1,223,295,17,9,0
1,223,296,17,9,0
1,223,297,17,9,0
1,223,298,17,0,0
1,223,299,17,15,0
1,223,300,17,0,0
1,223,301,17,9,0
1,223,302,17,9,0
1,223,303,17,9,0
1,223,304,17,0,0
1,223,305,17,15,0
1,223,306,17,0,0
1,223,307,17,9,0
1,223,308,17,9,0
1,223,309,17,9,0
1,223,310,17,0,0
1,223,311,17,15,0
1,223,312,17,0,0
1,223,313,17,9,0
1,223,314,17,9,0
1,223,315,17,9,0
1,223,316,17,0,0
1,223,317,17,15,0
1,223,318,17,0,0
1,223,319,17,9,0
1,223,320,17,9,0
1,223,321,17,9,0
1,223,322,17,0,0
1,223,323,17,15,0
1,223,324,17,0,0
1,223,325,17,9,0
1,223,326,17,9,0
1,223,327,17,9,0
1,224,225,0,9,1
1,224,226,0,9,1
1,224,227,0,16,1
1,224,228,0,8,0
1,224,229,0,0,0
1,224,230,0,9,0
1,224,231,0,16,0
1,224,232,0,8,0
1,224,233,0,0,0
1,224,234,0,9,0
1,224,235,0,11,0
1,224,236,0,8,0
1,224,237,0,0,0
1,224,238,0,9,0
1,224,239,0,17,0
1,224,240,0,0,0
1,224,241,0,9,0
1,224,242,0,0,0
1,224,243,0,9,0
1,224,244,0,17,0
1,224,245,0,0,0
1,224,246,0,9,0
1,224,247,0,9,0
1,224,248,0,16,0
1,224,249,0,8,0
1,224,250,0,0,0
1,224,251,0,9,0
1,224,252,0,16,0
1,224,253,0,8,0
1,224,254,0,0,0
1,224,255,0,9,0
1,224,256,0,11,0
1,224,257,0,8,0
1,224,258,0,0,0
1,224,259,0,9,0
1,224,260,0,16,0
1,224,261,0,8,0
1,224,262,0,0,0
1,224,263,0,15,0
1,224,264,0,0,0
1,224,265,0,9,0
1,224,266,0,9,0
1,224,267,0,9,0
1,224,268,0,0,0
1,224,269,0,15,0
1,224,270,0,0,0
1,224,271,0,9,0
1,224,272,0,9,0
1,224,273,0,9,0
1,224,274,0,0,0
1,224,275,0,15,0
1,224,276,0,0,0
1,224,277,0,9,0
1,224,278,0,9,0
1,224,279,0,9,0
1,224,280,0,0,0
1,224,281,0,15,0
1,224,282,0,0,0
1,224,283,0,9,0
1,224,284,0,9,0
1,224,285,0,9,0
1,224,286,0,0,0
1,224,287,0,15,0
1,224,288,0,0,0
1,224,289,0,9,0
1,224,290,0,9,0
1,224,291,0,9,0
1,224,292,0,0,0
1,224,293,0,15,0
1,224,294,0,0,0
1,224,295,0,9,0
1,224,296,0,9,0
1,224,297,0,9,0
1,224,298,0,0,0
1,224,299,0,15,0
1,224,300,0,0,0
1,224,301,0,9,0
1,224,302,0,9,0
1,224,303,0,9,0
1,224,304,0,0,0
1,224,305,0,15,0
1,224,306,0,0,0
1,224,307,0,9,0
1,224,308,0,9,0
1,224,309,0,9,0
1,224,310,0,0,0
1,224,311,0,15,0
1,224,312,0,0,0
1,224,313,0,9,0
1,224,314,0,9,0
1,224,315,0,9,0
1,224,316,0,0,0
1,224,317,0,15,0
1,224,318,0,0,0
1,224,319,0,9,0
1,224,320,0,9,0
1,224,321,0,9,0
1,224,322,0,0,0
1,224,323,0,15,0
1,224,324,0,0,0
1,224,325,0,9,0
1,224,326,0,9,0
1,224,327,0,9,0
1,225,226,9,9,0
1,225,227,9,16,0
1,225,228,9,8,0
1,225,229,9,0,0
1,225,230,9,9,0
1,225,231,9,16,0
1,225,232,9,8,0
1,225,233,9,0,0
1,225,234,9,9,0
1,225,235,9,11,0
1,225,236,9,8,0
1,225,237,9,0,0
1,225,238,9,9,0
1,225,239,9,17,0
1,225,240,9,0,0
1,225,241,9,9,0
1,225,242,9,0,0
1,225,243,9,9,0
1,225,244,9,17,0
1,225,245,9,0,0
1,225,246,9,9,0
1,225,247,9,9,0
1,225,248,9,16,0
1,225,249,9,8,0
1,225,250,9,0,0
1,225,251,9,9,0
1,225,252,9,16,0
1,225,253,9,8,0
1,225,254,9,0,0
1,225,255,9,9,0
1,225,256,9,11,0
1,225,257,9,8,0
1,225,258,9,0,0
1,225,259,9,9,0
1,225,260,9,16,0
1,225,261,9,8,0
1,225,262,9,0,0
1,225,263,9,15,0
1,225,264,9,0,0
1,225,265,9,9,0
1,225,266,9,9,0
1,225,267,9,9,0
1,225,268,9,0,0
1,225,269,9,15,0
1,225,270,9,0,0
1,225,271,9,9,0
1,225,272,9,9,0
1,225,273,9,9,0
1,225,274,9,0,0
1,225,275,9,15,0
1,225,276,9,0,0
1,225,277,9,9,0
1,225,278,9,9,0
1,225,279,9,9,0
1,225,280,9,0,0
1,225,281,9,15,0
1,225,282,9,0,0
1,225,283,9,9,0
1,225,284,9,9,0
1,225,285,9,9,0
1,225,286,9,0,0
1,225,287,9,15,0
1,225,288,9,0,0
1,225,289,9,9,0
1,225,290,9,9,0
1,225,291,9,9,0
1,225,292,9,0,0
1,225,293,9,15,0
1,225,294,9,0,0
1,225,295,9,9,0
1,225,296,9,9,0
1,225,297,9,9,0
1,225,298,9,0,0
1,225,299,9,15,0
1,225,300,9,0,0
1,225,301,9,9,0
1,225,302,9,9,0
1,225,303,9,9,0
1,225,304,9,0,0
1,225,305,9,15,0
1,225,306,9,0,0
1,225,307,9,9,0
1,225,308,9,9,0
1,225,309,9,9,0
1,225,310,9,0,0
1,225,311,9,15,0
1,225,312,9,0,0
1,225,313,9,9,0
1,225,314,9,9,0
1,225,315,9,9,0
1,225,316,9,0,0
1,225,317,9,15,0
1,225,318,9,0,0
1,225,319,9,9,0
1,225,320,9,9,0
1,225,321,9,9,0
1,225,322,9,0,0
1,225,323,9,15,0
1,225,324,9,0,0
1,225,325,9,9,0
1,225,326,9,9,0
1,225,327,9,9,0
1,226,227,9,16,0
1,226,228,9,8,0
1,226,229,9,0,0
1,226,230,9,9,0
1,226,231,9,16,0
1,226,232,9,8,0
1,226,233,9,0,0
1,226,234,9,9,0
1,226,235,9,11,0
1,226,236,9,8,0
1,226,237,9,0,0
1,226,238,9,9,0
1,226,239,9,17,0
1,226,240,9,0,0
1,226,241,9,9,0
1,226,242,9,0,0
1,226,243,9,9,0
1,226,244,9,17,0
1,226,245,9,0,0
1,226,246,9,9,0
1,226,247,9,9,0
1,226,248,9,16,0
1,226,249,9,8,0
1,226,250,9,0,0
1,226,251,9,9,0
1,226,252,9,16,0
1,226,253,9,8,0
1,226,254,9,0,0
1,226,255,9,9,0
1,226,256,9,11,0
1,226,257,9,8,0
1,226,258,9,0,0
1,226,259,9,9,0
1,226,260,9,16,0
1,226,261,9,8,0
1,226,262,9,0,0
1,226,263,9,15,0
1,226,264,9,0,0
1,226,265,9,9,0
1,226,266,9,9,0
1,226,267,9,9,0
1,226,268,9,0,0
1,226,269,9,15,0
1,226,270,9,0,0
1,226,271,9,9,0
1,226,272,9,9,0
1,226,273,9,9,0
1,226,274,9,0,0
1,226,275,9,15,0
1,226,276,9,0,0
1,226,277,9,9,0
1,226,278,9,9,0
1,226,279,9,9,0
1,226,280,9,0,0
1,226,281,9,15,0
1,226,282,9,0,0
1,226,283,9,9,0
1,226,284,9,9,0
1,226,285,9,9,0
1,226,286,9,0,0
1,226,287,9,15,0
1,226,288,9,0,0
1,226,289,9,9,0
1,226,290,9,9,0
1,226,291,9,9,0
1,226,292,9,0,0
1,226,293,9,15,0
1,226,294,9,0,0
1,226,295,9,9,0
1,226,296,9,9,0
1,226,297,9,9,0
1,226,298,9,0,0
1,226,299,9,15,0
1,226,300,9,0,0
1,226,301,9,9,0
1,226,302,9,9,0
1,226,303,9,9,0
1,226,304,9,0,0
1,226,305,9,15,0
1,226,306,9,0,0
1,226,307,9,9,0
1,226,308,9,9,0
1,226,309,9,9,0
1,226,310,9,0,0
1,226,311,9,15,0
1,226,312,9,0,0
1,226,313,9,9,0
1,226,314,9,9,0
1,226,315,9,9,0
1,226,316,9,0,0
1,226,317,9,15,0
1,226,318,9,0,0
1,226,319,9,9,0
1,226,320,9,9,0
1,226,321,9,9,0
1,226,322,9,0,0
1,226,323,9,15,0
1,226,324,9,0,0
1,226,325,9,9,0
1,226,326,9,9,0
1,226,327,9,9,0
1,227,228,16,8,1
1,227,229,16,0,0
1,227,230,16,9,0
1,227,231,16,16,0
1,227,232,16,8,0
1,227,233,16,0,0
1,227,234,16,9,0
1,227,235,16,11,0
1,227,236,16,8,0
1,227,237,16,0,0
1,227,238,16,9,0
1,227,239,16,17,0
1,227,240,16,0,0
1,227,241,16,9,0
1,227,242,16,0,0
1,227,243,16,9,0
1,227,244,16,17,0
1,227,245,16,0,0
1,227,246,16,9,0
1,227,247,16,9,0
1,227,248,16,16,0
1,227,249,16,8,0
1,227,250,16,0,0
1,227,251,16,9,0
1,227,252,16,16,0
1,227,253,16,8,0
1,227,254,16,0,0
1,227,255,16,9,0
1,227,256,16,11,0
1,227,257,16,8,0
1,227,258,16,0,0
1,227,259,16,9,0
1,227,260,16,16,0
1,227,261,16,8,0
1,227,262,16,0,0
1,227,263,16,15,0
1,227,264,16,0,0
1,227,265,16,9,0
1,227,266,16,9,0
1,227,267,16,9,0
1,227,268,16,0,0
1,227,269,16,15,0
1,227,270,16,0,0
1,227,271,16,9,0
1,227,272,16,9,0
1,227,273,16,9,0
1,227,274,16,0,0
1,227,275,16,15,0
1,227,276,16,0,0
1,227,277,16,9,0
1,227,278,16,9,0
1,227,279,16,9,0
1,227,280,16,0,0
1,227,281,16,15,0
1,227,282,16,0,0
1,227,283,16,9,0
1,227,284,16,9,0
1,227,285,16,9,0
1,227,286,16,0,0
1,227,287,16,15,0
1,227,288,16,0,0
1,227,289,16,9,0
1,227,290,16,9,0
1,227,291,16,9,0
1,227,292,16,0,0
1,227,293,16,15,0
1,227,294,16,0,0
1,227,295,16,9,0
1,227,296,16,9,0
1,227,297,16,9,0
1,227,298,16,0,0
1,227,299,16,15,0
1,227,300,16,0,0
1,227,301,16,9,0
1,227,302,16,9,0
1,227,303,16,9,0
1,227,304,16,0,0
1,227,305,16,15,0
1,227,306,16,0,0
1,227,307,16,9,0
1,227,308,16,9,0
1,227,309,16,9,0
1,227,310,16,0,0
1,227,311,16,15,0
1,227,312,16,0,0
1,227,313,16,9,0
1,227,314,16,9,0
1,227,315,16,9,0
1,227,316,16,0,0
1,227,317,16,15,0
1,227,318,16,0,0
1,227,319,16,9,0
1,227,320,16,9,0
1,227,321,16,9,0
1,227,322,16,0,0
1,227,323,16,15,0
1,227,324,16,0,0
1,227,325,16,9,0
1,227,326,16,9,0
1,227,327,16,9,0
1,228,229,8,0,0
1,228,230,8,9,0
1,228,231,8,16,0
1,228,232,8,8,0
1,228,233,8,0,0
1,228,234,8,9,0
1,228,235,8,11,0
1,228,236,8,8,0
1,228,237,8,0,0
1,228,238,8,9,0
1,228,239,8,17,0
1,228,240,8,0,0
1,228,241,8,9,0
1,228,242,8,0,0
1,228,243,8,9,0
1,228,244,8,17,0
1,228,245,8,0,0
1,228,246,8,9,0
1,228,247,8,9,0
1,228,248,8,16,0
1,228,249,8,8,0
1,228,250,8,0,0
1,228,251,8,9,0
1,228,252,8,16,0
1,228,253,8,8,0
1,228,254,8,0,0
1,228,255,8,9,0
1,228,256,8,11,0
1,228,257,8,8,0
1,228,258,8,0,0
1,228,259,8,9,0
1,228,260,8,16,0
1,228,261,8,8,0
1,228,262,8,0,0
1,228,263,8,15,0
1,228,264,8,0,0
1,228,265,8,9,0
1,228,266,8,9,0
1,228,267,8,9,0
1,228,268,8,0,0
1,228,269,8,15,0
1,228,270,8,0,0
1,228,271,8,9,0
1,228,272,8,9,0
1,228,273,8,9,0
1,228,274,8,0,0
1,228,275,8,15,0
1,228,276,8,0,0
1,228,277,8,9,0
1,228,278,8,9,0
1,228,279,8,9,0
1,228,280,8,0,0
1,228,281,8,15,0
1,228,282,8,0,0
1,228,283,8,9,0
1,228,284,8,9,0
1,228,285,8,9,0
1,228,286,8,0,0
1,228,287,8,15,0
1,228,288,8,0,0
1,228,289,8,9,0
1,228,290,8,9,0
1,228,291,8,9,0
1,228,292,8,0,0
1,228,293,8,15,0
1,228,294,8,0,0
1,228,295,8,9,0
1,228,296,8,9,0
1,228,297,8,9,0
1,228,298,8,0,0
1,228,299,8,15,0
1,228,300,8,0,0
1,228,301,8,9,0
1,228,302,8,9,0
1,228,303,8,9,0
1,228,304,8,0,0
1,228,305,8,15,0
1,228,306,8,0,0
1,228,307,8,9,0
1,228,308,8,9,0
1,228,309,8,9,0
1,228,310,8,0,0
1,228,311,8,15,0
1,228,312,8,0,0
1,228,313,8,9,0
1,228,314,8,9,0
1,228,315,8,9,0
1,228,316,8,0,0
1,228,317,8,15,0
1,228,318,8,0,0
1,228,319,8,9,0
1,228,320,8,9,0
1,228,321,8,9,0
1,228,322,8,0,0
1,228,323,8,15,0
1,228,324,8,0,0
1,228,325,8,9,0
1,228,326,8,9,0
1,228,327,8,9,0
1,229,230,0,9,1
1,229,231,0,16,1
1,229,232,0,8,0
1,229,233,0,0,1
1,229,234,0,9,0
1,229,235,0,11,0
1,229,236,0,8,0
1,229,237,0,0,0
1,229,238,0,9,0
1,229,239,0,17,0
1,229,240,0,0,0
1,229,241,0,9,0
1,229,242,0,0,0
1,229,243,0,9,0
1,229,244,0,17,0
1,229,245,0,0,0
1,229,246,0,9,0
1,229,247,0,9,0
1,229,248,0,16,0
1,229,249,0,8,0
1,229,250,0,0,0
1,229,251,0,9,0
1,229,252,0,16,0
1,229,253,0,8,0
1,229,254,0,0,0
1,229,255,0,9,0
1,229,256,0,11,0
1,229,257,0,8,0
1,229,258,0,0,0
1,229,259,0,9,0
1,229,260,0,16,0
1,229,261,0,8,0
1,229,262,0,0,0
1,229,263,0,15,0
1,229,264,0,0,0
1,229,265,0,9,0
1,229,266,0,9,0
1,229,267,0,9,0
1,229,268,0,0,0
1,229,269,0,15,0
1,229,270,0,0,0
1,229,271,0,9,0
1,229,272,0,9,0
1,229,273,0,9,0
1,229,274,0,0,0
1,229,275,0,15,0
1,229,276,0,0,0
1,229,277,0,9,0
1,229,278,0,9,0
1,229,279,0,9,0
1,229,280,0,0,0
1,229,281,0,15,0
1,229,282,0,0,0
1,229,283,0,9,0
1,229,284,0,9,0
1,229,285,0,9,0
1,229,286,0,0,0
1,229,287,0,15,0
1,229,288,0,0,0
1,229,289,0,9,0
1,229,290,0,9,0
1,229,291,0,9,0
1,229,292,0,0,0
1,229,293,0,15,0
1,229,294,0,0,0
1,229,295,0,9,0
1,229,296,0,9,0
1,229,297,0,9,0
1,229,298,0,0,0
1,229,299,0,15,0
1,229,300,0,0,0
1,229,301,0,9,0
1,229,302,0,9,0
1,229,303,0,9,0
1,229,304,0,0,0
1,229,305,0,15,0
1,229,306,0,0,0
1,229,307,0,9,0
1,229,308,0,9,0
1,229,309,0,9,0
1,229,310,0,0,0
1,229,311,0,15,0
1,229,312,0,0,0
1,229,313,0,9,0
1,229,314,0,9,0
1,229,315,0,9,0
1,229,316,0,0,0
1,229,317,0,15,0
1,229,318,0,0,0
1,229,319,0,9,0
1,229,320,0,9,0
1,229,321,0,9,0
1,229,322,0,0,0
1,229,323,0,15,0
1,229,324,0,0,0
1,229,325,0,9,0
1,229,326,0,9,0
1,229,327,0,9,0
1,230,231,9,16,0
1,230,232,9,8,0
1,230,233,9,0,0
1,230,234,9,9,0
1,230,235,9,11,0
1,230,236,9,8,0
1,230,237,9,0,0
1,230,238,9,9,0
1,230,239,9,17,0
1,230,240,9,0,0
1,230,241,9,9,0
1,230,242,9,0,0
1,230,243,9,9,0
1,230,244,9,17,0
1,230,245,9,0,0
1,230,246,9,9,0
1,230,247,9,9,0
1,230,248,9,16,0
1,230,249,9,8,0
1,230,250,9,0,0
1,230,251,9,9,0
1,230,252,9,16,0
1,230,253,9,8,0
1,230,254,9,0,0
1,230,255,9,9,0
1,230,256,9,11,0
1,230,257,9,8,0
1,230,258,9,0,0
1,230,259,9,9,0
1,230,260,9,16,0
1,230,261,9,8,0
1,230,262,9,0,0
1,230,263,9,15,0
1,230,264,9,0,0
1,230,265,9,9,0
1,230,266,9,9,0
1,230,267,9,9,0
1,230,268,9,0,0
1,230,269,9,15,0
1,230,270,9,0,0
1,230,271,9,9,0
1,230,272,9,9,0
1,230,273,9,9,0
1,230,274,9,0,0
1,230,275,9,15,0
1,230,276,9,0,0
1,230,277,9,9,0
1,230,278,9,9,0
1,230,279,9,9,0
1,230,280,9,0,0
1,230,281,9,15,0
1,230,282,9,0,0
1,230,283,9,9,0
1,230,284,9,9,0
1,230,285,9,9,0
1,230,286,9,0,0
1,230,287,9,15,0
1,230,288,9,0,0
1,230,289,9,9,0
1,230,290,9,9,0
1,230,291,9,9,0
1,230,292,9,0,0
1,230,293,9,15,0
1,230,294,9,0,0
1,230,295,9,9,0
1,230,296,9,9,0
1,230,297,9,9,0
1,230,298,9,0,0
1,230,299,9,15,0
1,230,300,9,0,0
1,230,301,9,9,0
1,230,302,9,9,0
1,230,303,9,9,0
1,230,304,9,0,0
1,230,305,9,15,0
1,230,306,9,0,0
1,230,307,9,9,0
1,230,308,9,9,0
1,230,309,9,9,0
1,230,310,9,0,0
1,230,311,9,15,0
1,230,312,9,0,0
1,230,313,9,9,0
1,230,314,9,9,0
1,230,315,9,9,0
1,230,316,9,0,0
1,230,317,9,15,0
1,230,318,9,0,0
1,230,319,9,9,0
1,230,320,9,9,0
1,230,321,9,9,0
1,230,322,9,0,0
1,230,323,9,15,0
1,230,324,9,0,0
1,230,325,9,9,0
1,230,326,9,9,0
1,230,327,9,9,0
1,231,232,16,8,1
1,231,233,16,0,0
1,231,234,16,9,0
1,231,235,16,11,0
1,231,236,16,8,0
1,231,237,16,0,0
1,231,238,16,9,0
1,231,239,16,17,0
1,231,240,16,0,0
1,231,241,16,9,0
1,231,242,16,0,0
1,231,243,16,9,0
1,231,244,16,17,0
1,231,245,16,0,0
1,231,246,16,9,0
1,231,247,16,9,0
1,231,248,16,16,0
1,231,249,16,8,0
1,231,250,16,0,0
1,231,251,16,9,0
1,231,252,16,16,0
1,231,253,16,8,0
1,231,254,16,0,0
1,231,255,16,9,0
1,231,256,16,11,0
1,231,257,16,8,0
1,231,258,16,0,0
1,231,259,16,9,0
1,231,260,16,16,0
1,231,261,16,8,0
1,231,262,16,0,0
1,231,263,16,15,0
1,231,264,16,0,0
1,231,265,16,9,0
1,231,266,16,9,0
1,231,267,16,9,0
1,231,268,16,0,0
1,231,269,16,15,0
1,231,270,16,0,0
1,231,271,16,9,0
1,231,272,16,9,0
1,231,273,16,9,0
1,231,274,16,0,0
1,231,275,16,15,0
1,231,276,16,0,0
1,231,277,16,9,0
1,231,278,16,9,0
1,231,279,16,9,0
1,231,280,16,0,0
1,231,281,16,15,0
1,231,282,16,0,0
1,231,283,16,9,0
1,231,284,16,9,0
1,231,285,16,9,0
1,231,286,16,0,0
1,231,287,16,15,0
1,231,288,16,0,0
1,231,289,16,9,0
1,231,290,16,9,0
1,231,291,16,9,0
1,231,292,16,0,0
1,231,293,16,15,0
1,231,294,16,0,0
1,231,295,16,9,0
1,231,296,16,9,0
1,231,297,16,9,0
1,231,298,16,0,0
1,231,299,16,15,0
1,231,300,16,0,0
1,231,301,16,9,0
1,231,302,16,9,0
1,231,303,16,9,0
1,231,304,16,0,0
1,231,305,16,15,0
1,231,306,16,0,0
1,231,307,16,9,0
1,231,308,16,9,0
1,231,309,16,9,0
1,231,310,16,0,0
1,231,311,16,15,0
1,231,312,16,0,0
1,231,313,16,9,0
1,231,314,16,9,0
1,231,315,16,9,0
1,231,316,16,0,0
1,231,317,16,15,0
1,231,318,16,0,0
1,231,319,16,9,0
1,231,320,16,9,0
1,231,321,16,9,0
1,231,322,16,0,0
1,231,323,16,15,0
1,231,324,16,0,0
1,231,325,16,9,0
1,231,326,16,9,0
1,231,327,16,9,0
1,232,233,8,0,0
1,232,234,8,9,0
1,232,235,8,11,0
1,232,236,8,8,0
1,232,237,8,0,0
1,232,238,8,9,0
1,232,239,8,17,0
1,232,240,8,0,0
1,232,241,8,9,0
1,232,242,8,0,0
1,232,243,8,9,0
1,232,244,8,17,0
1,232,245,8,0,0
1,232,246,8,9,0
1,232,247,8,9,0
1,232,248,8,16,0
1,232,249,8,8,0
1,232,250,8,0,0
1,232,251,8,9,0
1,232,252,8,16,0
1,232,253,8,8,0
1,232,254,8,0,0
1,232,255,8,9,0
1,232,256,8,11,0
1,232,257,8,8,0
1,232,258,8,0,0
1,232,259,8,9,0
1,232,260,8,16,0
1,232,261,8,8,0
1,232,262,8,0,0
1,232,263,8,15,0
1,232,264,8,0,0
1,232,265,8,9,0
1,232,266,8,9,0
1,232,267,8,9,0
1,232,268,8,0,0
1,232,269,8,15,0
1,232,270,8,0,0
1,232,271,8,9,0
1,232,272,8,9,0
1,232,273,8,9,0
1,232,274,8,0,0
1,232,275,8,15,0
1,232,276,8,0,0
1,232,277,8,9,0
1,232,278,8,9,0
1,232,279,8,9,0
1,232,280,8,0,0
1,232,281,8,15,0
1,232,282,8,0,0
1,232,283,8,9,0
1,232,284,8,9,0
1,232,285,8,9,0
1,232,286,8,0,0
1,232,287,8,15,0
1,232,288,8,0,0
1,232,289,8,9,0
1,232,290,8,9,0
1,232,291,8,9,0
1,232,292,8,0,0
1,232,293,8,15,0
1,232,294,8,0,0
1,232,295,8,9,0
1,232,296,8,9,0
1,232,297,8,9,0
1,232,298,8,0,0
1,232,299,8,15,0
1,232,300,8,0,0
1,232,301,8,9,0
1,232,302,8,9,0
1,232,303,8,9,0
1,232,304,8,0,0
1,232,305,8,15,0
1,232,306,8,0,0
1,232,307,8,9,0
1,232,308,8,9,0
1,232,309,8,9,0
1,232,310,8,0,0
1,232,311,8,15,0
1,232,312,8,0,0
1,232,313,8,9,0
1,232,314,8,9,0
1,232,315,8,9,0
1,232,316,8,0,0
1,232,317,8,15,0
1,232,318,8,0,0
1,232,319,8,9,0
1,232,320,8,9,0
1,232,321,8,9,0
1,232,322,8,0,0
1,232,323,8,15,0
1,232,324,8,0,0
1,232,325,8,9,0
1,232,326,8,9,0
1,232,327,8,9,0
1,233,234,0,9,1
1,233,235,0,11,1
1,233,236,0,8,0
1,233,237,0,0,1
1,233,238,0,9,0
1,233,239,0,17,0
1,233,240,0,0,0
1,233,241,0,9,0
1,233,242,0,0,0
1,233,243,0,9,0
1,233,244,0,17,0
1,233,245,0,0,0
1,233,246,0,9,0
1,233,247,0,9,0
1,233,248,0,16,0
1,233,249,0,8,0
1,233,250,0,0,0
1,233,251,0,9,0
1,233,252,0,16,0
1,233,253,0,8,0
1,233,254,0,0,0
1,233,255,0,9,0
1,233,256,0,11,0
1,233,257,0,8,0
1,233,258,0,0,0
1,233,259,0,9,0
1,233,260,0,16,0
1,233,261,0,8,0
1,233,262,0,0,0
1,233,263,0,15,0
1,233,264,0,0,0
1,233,265,0,9,0
1,233,266,0,9,0
1,233,267,0,9,0
1,233,268,0,0,0
1,233,269,0,15,0
1,233,270,0,0,0
1,233,271,0,9,0
1,233,272,0,9,0
1,233,273,0,9,0
1,233,274,0,0,0
1,233,275,0,15,0
1,233,276,0,0,0
1,233,277,0,9,0
1,233,278,0,9,0
1,233,279,0,9,0
1,233,280,0,0,0
1,233,281,0,15,0
1,233,282,0,0,0
1,233,283,0,9,0
1,233,284,0,9,0
1,233,285,0,9,0
1,233,286,0,0,0
1,233,287,0,15,0
1,233,288,0,0,0
1,233,289,0,9,0
1,233,290,0,9,0
1,233,291,0,9,0
1,233,292,0,0,0
1,233,293,0,15,0
1,233,294,0,0,0
1,233,295,0,9,0
1,233,296,0,9,0
1,233,297,0,9,0
1,233,298,0,0,0
1,233,299,0,15,0
1,233,300,0,0,0
1,233,301,0,9,0
1,233,302,0,9,0
1,233,303,0,9,0
1,233,304,0,0,0
1,233,305,0,15,0
1,233,306,0,0,0
1,233,307,0,9,0
1,233,308,0,9,0
1,233,309,0,9,0
1,233,310,0,0,0
1,233,311,0,15,0
1,233,312,0,0,0
1,233,313,0,9,0
1,233,314,0,9,0
1,233,315,0,9,0
1,233,316,0,0,0
1,233,317,0,15,0
1,233,318,0,0,0
1,233,319,0,9,0
1,233,320,0,9,0
1,233,321,0,9,0
1,233,322,0,0,0
1,233,323,0,15,0
1,233,324,0,0,0
1,233,325,0,9,0
1,233,326,0,9,0
1,233,327,0,9,0
1,234,235,9,11,0
1,234,236,9,8,0
1,234,237,9,0,0
1,234,238,9,9,0
1,234,239,9,17,0
1,234,240,9,0,0
1,234,241,9,9,0
1,234,242,9,0,0
1,234,243,9,9,0
1,234,244,9,17,0
1,234,245,9,0,0
1,234,246,9,9,0
1,234,247,9,9,0
1,234,248,9,16,0
1,234,249,9,8,0
1,234,250,9,0,0
1,234,251,9,9,0
1,234,252,9,16,0
1,234,253,9,8,0
1,234,254,9,0,0
1,234,255,9,9,0
1,234,256,9,11,0
1,234,257,9,8,0
1,234,258,9,0,0
1,234,259,9,9,0
1,234,260,9,16,0
1,234,261,9,8,0
1,234,262,9,0,0
1,234,263,9,15,0
1,234,264,9,0,0
1,234,265,9,9,0
1,234,266,9,9,0
1,234,267,9,9,0
1,234,268,9,0,0
1,234,269,9,15,0
1,234,270,9,0,0
1,234,271,9,9,0
1,234,272,9,9,0
1,234,273,9,9,0
1,234,274,9,0,0
1,234,275,9,15,0
1,234,276,9,0,0
1,234,277,9,9,0
1,234,278,9,9,0
1,234,279,9,9,0
1,234,280,9,0,0
1,234,281,9,15,0
1,234,282,9,0,0
1,234,283,9,9,0
1,234,284,9,9,0
1,234,285,9,9,0
1,234,286,9,0,0
1,234,287,9,15,0
1,234,288,9,0,0
1,234,289,9,9,0
1,234,290,9,9,0
1,234,291,9,9,0
1,234,292,9,0,0
1,234,293,9,15,0
1,234,294,9,0,0
1,234,295,9,9,0
1,234,296,9,9,0
1,234,297,9,9,0
1,234,298,9,0,0
1,234,299,9,15,0
1,234,300,9,0,0
1,234,301,9,9,0
1,234,302,9,9,0
1,234,303,9,9,0
1,234,304,9,0,0
1,234,305,9,15,0
1,234,306,9,0,0
1,234,307,9,9,0
1,234,308,9,9,0
1,234,309,9,9,0
1,234,310,9,0,0
1,234,311,9,15,0
1,234,312,9,0,0
1,234,313,9,9,0
1,234,314,9,9,0
1,234,315,9,9,0
1,234,316,9,0,0
1,234,317,9,15,0
1,234,318,9,0,0
1,234,319,9,9,0
1,234,320,9,9,0
1,234,321,9,9,0
1,234,322,9,0,0
1,234,323,9,15,0
1,234,324,9,0,0
1,234,325,9,9,0
1,234,326,9,9,0
1,234,327,9,9,0
1,235,236,11,8,1
1,235,237,11,0,0
1,235,238,11,9,0
1,235,239,11,17,0
1,235,240,11,0,0
1,235,241,11,9,0
1,235,242,11,0,0
1,235,243,11,9,0
1,235,244,11,17,0
1,235,245,11,0,0
1,235,246,11,9,0
1,235,247,11,9,0
1,235,248,11,16,0
1,235,249,11,8,0
1,235,250,11,0,0
1,235,251,11,9,0
1,235,252,11,16,0
1,235,253,11,8,0
1,235,254,11,0,0
1,235,255,11,9,0
1,235,256,11,11,0
1,235,257,11,8,0
1,235,258,11,0,0
1,235,259,11,9,0
1,235,260,11,16,0
1,235,261,11,8,0
1,235,262,11,0,0
1,235,263,11,15,0
1,235,264,11,0,0
1,235,265,11,9,0
1,235,266,11,9,0
1,235,267,11,9,0
1,235,268,11,0,1
1,235,269,11,15,0
1,235,270,11,0,0
1,235,271,11,9,0
1,235,272,11,9,0
1,235,273,11,9,0
1,235,274,11,0,0
1,235,275,11,15,0
1,235,276,11,0,0
1,235,277,11,9,0
1,235,278,11,9,0
1,235,279,11,9,0
1,235,280,11,0,0
1,235,281,11,15,0
1,235,282,11,0,0
1,235,283,11,9,0
1,235,284,11,9,0
1,235,285,11,9,0
1,235,286,11,0,0
1,235,287,11,15,0
1,235,288,11,0,0
1,235,289,11,9,0
1,235,290,11,9,0
1,235,291,11,9,0
1,235,292,11,0,0
1,235,293,11,15,0
1,235,294,11,0,0
1,235,295,11,9,0
1,235,296,11,9,0
1,235,297,11,9,0
1,235,298,11,0,0
1,235,299,11,15,0
1,235,300,11,0,0
1,235,301,11,9,0
1,235,302,11,9,0
1,235,303,11,9,0
1,235,304,11,0,0
1,235,305,11,15,0
1,235,306,11,0,0
1,235,307,11,9,0
1,235,308,11,9,0
1,235,309,11,9,0
1,235,310,11,0,0
1,235,311,11,15,0
1,235,312,11,0,0
1,235,313,11,9,0
1,235,314,11,9,0
1,235,315,11,9,0
1,235,316,11,0,0
1,235,317,11,15,0
1,235,318,11,0,0
1,235,319,11,9,0
1,235,320,11,9,0
1,235,321,11,9,0
1,235,322,11,0,0
1,235,323,11,15,0
1,235,324,11,0,0
1,235,325,11,9,0
1,235,326,11,9,0
1,235,327,11,9,0
1,236,237,8,0,0
1,236,238,8,9,0
1,236,239,8,17,0
1,236,240,8,0,0
1,236,241,8,9,0
1,236,242,8,0,0
1,236,243,8,9,0
1,236,244,8,17,0
1,236,245,8,0,0
1,236,246,8,9,0
1,236,247,8,9,0
1,236,248,8,16,0
1,236,249,8,8,0
1,236,250,8,0,0
1,236,251,8,9,0
1,236,252,8,16,0
1,236,253,8,8,0
1,236,254,8,0,0
1,236,255,8,9,0
1,236,256,8,11,0
1,236,257,8,8,0
1,236,258,8,0,0
1,236,259,8,9,0
1,236,260,8,16,0
1,236,261,8,8,0
1,236,262,8,0,0
1,236,263,8,15,0
1,236,264,8,0,0
1,236,265,8,9,0
1,236,266,8,9,0
1,236,267,8,9,0
1,236,268,8,0,0
1,236,269,8,15,0
1,236,270,8,0,0
1,236,271,8,9,0
1,236,272,8,9,0
1,236,273,8,9,0
1,236,274,8,0,0
1,236,275,8,15,0
1,236,276,8,0,0
1,236,277,8,9,0
1,236,278,8,9,0
1,236,279,8,9,0
1,236,280,8,0,0
1,236,281,8,15,0
1,236,282,8,0,0
1,236,283,8,9,0
1,236,284,8,9,0
1,236,285,8,9,0
1,236,286,8,0,0
1,236,287,8,15,0
1,236,288,8,0,0
1,236,289,8,9,0
1,236,290,8,9,0
1,236,291,8,9,0
1,236,292,8,0,0
1,236,293,8,15,0
1,236,294,8,0,0
1,236,295,8,9,0
1,236,296,8,9,0
1,236,297,8,9,0
1,236,298,8,0,0
1,236,299,8,15,0
1,236,300,8,0,0
1,236,301,8,9,0
1,236,302,8,9,0
1,236,303,8,9,0
1,236,304,8,0,0
1,236,305,8,15,0
1,236,306,8,0,0
1,236,307,8,9,0
1,236,308,8,9,0
1,236,309,8,9,0
1,236,310,8,0,0
1,236,311,8,15,0
1,236,312,8,0,0
1,236,313,8,9,0
1,236,314,8,9,0
1,236,315,8,9,0
1,236,316,8,0,0
1,236,317,8,15,0
1,236,318,8,0,0
1,236,319,8,9,0
1,236,320,8,9,0
1,236,321,8,9,0
1,236,322,8,0,0
1,236,323,8,15,0
1,236,324,8,0,0
1,236,325,8,9,0
1,236,326,8,9,0
1,236,327,8,9,0
1,237,238,0,9,1
1,237,239,0,17,1
1,237,240,0,0,0
1,237,241,0,9,0
1,237,242,0,0,0
1,237,243,0,9,0
1,237,244,0,17,0
1,237,245,0,0,0
1,237,246,0,9,0
1,237,247,0,9,0
1,237,248,0,16,0
1,237,249,0,8,0
1,237,250,0,0,0
1,237,251,0,9,0
1,237,252,0,16,0
1,237,253,0,8,0
1,237,254,0,0,0
1,237,255,0,9,0
1,237,256,0,11,0
1,237,257,0,8,0
1,237,258,0,0,0
1,237,259,0,9,0
1,237,260,0,16,0
1,237,261,0,8,0
1,237,262,0,0,0
1,237,263,0,15,0
1,237,264,0,0,0
1,237,265,0,9,0
1,237,266,0,9,0
1,237,267,0,9,0
1,237,268,0,0,0
1,237,269,0,15,0
1,237,270,0,0,0
1,237,271,0,9,0
1,237,272,0,9,0
1,237,273,0,9,0
1,237,274,0,0,0
1,237,275,0,15,0
1,237,276,0,0,0
1,237,277,0,9,0
1,237,278,0,9,0
1,237,279,0,9,0
1,237,280,0,0,0
1,237,281,0,15,0
1,237,282,0,0,0
1,237,283,0,9,0
1,237,284,0,9,0
1,237,285,0,9,0
1,237,286,0,0,0
1,237,287,0,15,0
1,237,288,0,0,0
1,237,289,0,9,0
1,237,290,0,9,0
1,237,291,0,9,0
1,237,292,0,0,0
1,237,293,0,15,0
1,237,294,0,0,0
1,237,295,0,9,0
1,237,296,0,9,0
1,237,297,0,9,0
1,237,298,0,0,0
1,237,299,0,15,0
1,237,300,0,0,0
1,237,301,0,9,0
1,237,302,0,9,0
1,237,303,0,9,0
1,237,304,0,0,0
1,237,305,0,15,0
1,237,306,0,0,0
1,237,307,0,9,0
1,237,308,0,9,0
1,237,309,0,9,0
1,237,310,0,0,0
1,237,311,0,15,0
1,237,312,0,0,0
1,237,313,0,9,0
1,237,314,0,9,0
1,237,315,0,9,0
1,237,316,0,0,0
1,237,317,0,15,0
1,237,318,0,0,0
1,237,319,0,9,0
1,237,320,0,9,0
1,237,321,0,9,0
1,237,322,0,0,0
1,237,323,0,15,0
1,237,324,0,0,0
1,237,325,0,9,0
1,237,326,0,9,0
1,237,327,0,9,0
1,238,239,9,17,0
1,238,240,9,0,0
1,238,241,9,9,0
1,238,242,9,0,0
1,238,243,9,9,0
1,238,244,9,17,0
1,238,245,9,0,0
1,238,246,9,9,0
1,238,247,9,9,0
1,238,248,9,16,0
1,238,249,9,8,0
1,238,250,9,0,0
1,238,251,9,9,0
1,238,252,9,16,0
1,238,253,9,8,0
1,238,254,9,0,0
1,238,255,9,9,0
1,238,256,9,11,0
1,238,257,9,8,0
1,238,258,9,0,0
1,238,259,9,9,0
1,238,260,9,16,0
1,238,261,9,8,0
1,238,262,9,0,0
1,238,263,9,15,0
1,238,264,9,0,0
1,238,265,9,9,0
1,238,266,9,9,0
1,238,267,9,9,0
1,238,268,9,0,0
1,238,269,9,15,0
1,238,270,9,0,0
1,238,271,9,9,0
1,238,272,9,9,0
1,238,273,9,9,0
1,238,274,9,0,0
1,238,275,9,15,0
1,238,276,9,0,0
1,238,277,9,9,0
1,238,278,9,9,0
1,238,279,9,9,0
1,238,280,9,0,0
1,238,281,9,15,0
1,238,282,9,0,0
1,238,283,9,9,0
1,238,284,9,9,0
1,238,285,9,9,0
1,238,286,9,0,0
1,238,287,9,15,0
1,238,288,9,0,0
1,238,289,9,9,0
1,238,290,9,9,0
1,238,291,9,9,0
1,238,292,9,0,0
1,238,293,9,15,0
1,238,294,9,0,0
1,238,295,9,9,0
1,238,296,9,9,0
1,238,297,9,9,0
1,238,298,9,0,0
1,238,299,9,15,0
1,238,300,9,0,0
1,238,301,9,9,0
1,238,302,9,9,0
1,238,303,9,9,0
1,238,304,9,0,0
1,238,305,9,15,0
1,238,306,9,0,0
1,238,307,9,9,0
1,238,308,9,9,0
1,238,309,9,9,0
1,238,310,9,0,0
1,238,311,9,15,0
1,238,312,9,0,0
1,238,313,9,9,0
1,238,314,9,9,0
1,238,315,9,9,0
1,238,316,9,0,0
1,238,317,9,15,0
1,238,318,9,0,0
1,238,319,9,9,0
1,238,320,9,9,0
1,238,321,9,9,0
1,238,322,9,0,0
1,238,323,9,15,0
1,238,324,9,0,0
1,238,325,9,9,0
1,238,326,9,9,0
1,238,327,9,9,0
1,239,240,17,0,1
1,239,241,17,9,0
1,239,242,17,0,0
1,239,243,17,9,0
1,239,244,17,17,0
1,239,245,17,0,0
1,239,246,17,9,0
1,239,247,17,9,0
1,239,248,17,16,0
1,239,249,17,8,0
1,239,250,17,0,0
1,239,251,17,9,0
1,239,252,17,16,0
1,239,253,17,8,0
1,239,254,17,0,0
1,239,255,17,9,0
1,239,256,17,11,0
1,239,257,17,8,0
1,239,258,17,0,0
1,239,259,17,9,0
1,239,260,17,16,0
1,239,261,17,8,0
1,239,262,17,0,0
1,239,263,17,15,0
1,239,264,17,0,0
1,239,265,17,9,0
1,239,266,17,9,0
1,239,267,17,9,0
1,239,268,17,0,0
1,239,269,17,15,0
1,239,270,17,0,0
1,239,271,17,9,0
1,239,272,17,9,0
1,239,273,17,9,0
1,239,274,17,0,0
1,239,275,17,15,0
1,239,276,17,0,0
1,239,277,17,9,0
1,239,278,17,9,0
1,239,279,17,9,0
1,239,280,17,0,0
1,239,281,17,15,0
1,239,282,17,0,0
1,239,283,17,9,0
1,239,284,17,9,0
1,239,285,17,9,0
1,239,286,17,0,0
1,239,287,17,15,0
1,239,288,17,0,0
1,239,289,17,9,0
1,239,290,17,9,0
1,239,291,17,9,0
1,239,292,17,0,0
1,239,293,17,15,0
1,239,294,17,0,0
1,239,295,17,9,0
1,239,296,17,9,0
1,239,297,17,9,0
1,239,298,17,0,0
1,239,299,17,15,0
1,239,300,17,0,0
1,239,301,17,9,0
1,239,302,17,9,0
1,239,303,17,9,0
1,239,304,17,0,0
1,239,305,17,15,0
1,239,306,17,0,0
1,239,307,17,9,0
1,239,308,17,9,0
1,239,309,17,9,0
1,239,310,17,0,0
1,239,311,17,15,0
1,239,312,17,0,0
1,239,313,17,9,0
1,239,314,17,9,0
1,239,315,17,9,0
1,239,316,17,0,0
1,239,317,17,15,0
1,239,318,17,0,0
1,239,319,17,9,0
1,239,320,17,9,0
1,239,321,17,9,0
1,239,322,17,0,0
1,239,323,17,15,0
1,239,324,17,0,0
1,239,325,17,9,0
1,239,326,17,9,0
1,239,327,17,9,0
1,240,241,0,9,1
1,240,242,0,0,1
1,240,243,0,9,0
1,240,244,0,17,0
1,240,245,0,0,0
1,240,246,0,9,0
1,240,247,0,9,0
1,240,248,0,16,0
1,240,249,0,8,0
1,240,250,0,0,1
1,240,251,0,9,0
1,240,252,0,16,0
1,240,253,0,8,0
1,240,254,0,0,0
1,240,255,0,9,0
1,240,256,0,11,0
1,240,257,0,8,0
1,240,258,0,0,0
1,240,259,0,9,0
1,240,260,0,16,0
1,240,261,0,8,0
1,240,262,0,0,0
1,240,263,0,15,0
1,240,264,0,0,0
1,240,265,0,9,0
1,240,266,0,9,0
1,240,267,0,9,0
1,240,268,0,0,0
1,240,269,0,15,0
1,240,270,0,0,0
1,240,271,0,9,0
1,240,272,0,9,0
1,240,273,0,9,0
1,240,274,0,0,0
1,240,275,0,15,0
1,240,276,0,0,0
1,240,277,0,9,0
1,240,278,0,9,0
1,240,279,0,9,0
1,240,280,0,0,0
1,240,281,0,15,0
1,240,282,0,0,0
1,240,283,0,9,0
1,240,284,0,9,0
1,240,285,0,9,0
1,240,286,0,0,0
1,240,287,0,15,0
1,240,288,0,0,0
1,240,289,0,9,0
1,240,290,0,9,0
1,240,291,0,9,0
1,240,292,0,0,0
1,240,293,0,15,0
1,240,294,0,0,0
1,240,295,0,9,0
1,240,296,0,9,0
1,240,297,0,9,0
1,240,298,0,0,0
1,240,299,0,15,0
1,240,300,0,0,0
1,240,301,0,9,0
1,240,302,0,9,0
1,240,303,0,9,0
1,240,304,0,0,0
1,240,305,0,15,0
1,240,306,0,0,0
1,240,307,0,9,0
1,240,308,0,9,0
1,240,309,0,9,0
1,240,310,0,0,0
1,240,311,0,15,0
1,240,312,0,0,0
1,240,313,0,9,0
1,240,314,0,9,0
1,240,315,0,9,0
1,240,316,0,0,0
1,240,317,0,15,0
1,240,318,0,0,0
1,240,319,0,9,0
1,240,320,0,9,0
1,240,321,0,9,0
1,240,322,0,0,0
1,240,323,0,15,0
1,240,324,0,0,0
1,240,325,0,9,0
1,240,326,0,9,0
1,240,327,0,9,0
1,241,242,9,0,0
1,241,243,9,9,0
1,241,244,9,17,0
1,241,245,9,0,0
1,241,246,9,9,0
1,241,247,9,9,0
1,241,248,9,16,0
1,241,249,9,8,0
1,241,250,9,0,0
1,241,251,9,9,0
1,241,252,9,16,0
1,241,253,9,8,0
1,241,254,9,0,0
1,241,255,9,9,0
1,241,256,9,11,0
1,241,257,9,8,0
1,241,258,9,0,0
1,241,259,9,9,0
1,241,260,9,16,0
1,241,261,9,8,0
1,241,262,9,0,0
1,241,263,9,15,0
1,241,264,9,0,0
1,241,265,9,9,0
1,241,266,9,9,0
1,241,267,9,9,0
1,241,268,9,0,0
1,241,269,9,15,0
1,241,270,9,0,0
1,241,271,9,9,0
1,241,272,9,9,0
1,241,273,9,9,0
1,241,274,9,0,0
1,241,275,9,15,0
1,241,276,9,0,0
1,241,277,9,9,0
1,241,278,9,9,0
1,241,279,9,9,0
1,241,280,9,0,0
1,241,281,9,15,0
1,241,282,9,0,0
1,241,283,9,9,0
1,241,284,9,9,0
1,241,285,9,9,0
1,241,286,9,0,0
1,241,287,9,15,0
1,241,288,9,0,0
1,241,289,9,9,0
1,241,290,9,9,0
1,241,291,9,9,0
1,241,292,9,0,0
1,241,293,9,15,0
1,241,294,9,0,0
1,241,295,9,9,0
1,241,296,9,9,0
1,241,297,9,9,0
1,241,298,9,0,0
1,241,299,9,15,0
1,241,300,9,0,0
1,241,301,9,9,0
1,241,302,9,9,0
1,241,303,9,9,0
1,241,304,9,0,0
1,241,305,9,15,0
1,241,306,9,0,0
1,241,307,9,9,0
1,241,308,9,9,0
1,241,309,9,9,0
1,241,310,9,0,0
1,241,311,9,15,0
1,241,312,9,0,0
1,241,313,9,9,0
1,241,314,9,9,0
1,241,315,9,9,0
1,241,316,9,0,0
1,241,317,9,15,0
1,241,318,9,0,0
1,241,319,9,9,0
1,241,320,9,9,0
1,241,321,9,9,0
1,241,322,9,0,0
1,241,323,9,15,0
1,241,324,9,0,0
1,241,325,9,9,0
1,241,326,9,9,0
1,241,327,9,9,0
1,242,243,0,9,1
1,242,244,0,17,1
1,242,245,0,0,1
1,242,246,0,9,0
1,242,247,0,9,0
1,242,248,0,16,0
1,242,249,0,8,0
1,242,250,0,0,0
1,242,251,0,9,0
1,242,252,0,16,0
1,242,253,0,8,0
1,242,254,0,0,0
1,242,255,0,9,0
1,242,256,0,11,0
1,242,257,0,8,0
1,242,258,0,0,0
1,242,259,0,9,0
1,242,260,0,16,0
1,242,261,0,8,0
1,242,262,0,0,0
1,242,263,0,15,0
1,242,264,0,0,0
1,242,265,0,9,0
1,242,266,0,9,0
1,242,267,0,9,0
1,242,268,0,0,0
1,242,269,0,15,0
1,242,270,0,0,0
1,242,271,0,9,0
1,242,272,0,9,0
1,242,273,0,9,0
1,242,274,0,0,0
1,242,275,0,15,0
1,242,276,0,0,0
1,242,277,0,9,0
1,242,278,0,9,0
1,242,279,0,9,0
1,242,280,0,0,0
1,242,281,0,15,0
1,242,282,0,0,0
1,242,283,0,9,0
1,242,284,0,9,0
1,242,285,0,9,0
1,242,286,0,0,0
1,242,287,0,15,0
1,242,288,0,0,0
1,242,289,0,9,0
1,242,290,0,9,0
1,242,291,0,9,0
1,242,292,0,0,0
1,242,293,0,15,0
1,242,294,0,0,0
1,242,295,0,9,0
1,242,296,0,9,0
1,242,297,0,9,0
1,242,298,0,0,0
1,242,299,0,15,0
1,242,300,0,0,0
1,242,301,0,9,0
1,242,302,0,9,0
1,242,303,0,9,0
1,242,304,0,0,0
1,242,305,0,15,0
1,242,306,0,0,0
1,242,307,0,9,0
1,242,308,0,9,0
1,242,309,0,9,0
1,242,310,0,0,0
1,242,311,0,15,0
1,242,312,0,0,0
1,242,313,0,9,0
1,242,314,0,9,0
1,242,315,0,9,0
1,242,316,0,0,0
1,242,317,0,15,0
1,242,318,0,0,0
1,242,319,0,9,0
1,242,320,0,9,0
1,242,321,0,9,0
1,242,322,0,0,0
1,242,323,0,15,0
1,242,324,0,0,0
1,242,325,0,9,0
1,242,326,0,9,0
1,242,327,0,9,0
1,243,244,9,17,0
1,243,245,9,0,0
1,243,246,9,9,0
1,243,247,9,9,0
1,243,248,9,16,0
1,243,249,9,8,0
1,243,250,9,0,0
1,243,251,9,9,0
1,243,252,9,16,0
1,243,253,9,8,0
1,243,254,9,0,0
1,243,255,9,9,0
1,243,256,9,11,0
1,243,257,9,8,0
1,243,258,9,0,0
1,243,259,9,9,0
1,243,260,9,16,0
1,243,261,9,8,0
1,243,262,9,0,0
1,243,263,9,15,0
1,243,264,9,0,0
1,243,265,9,9,0
1,243,266,9,9,0
1,243,267,9,9,0
1,243,268,9,0,0
1,243,269,9,15,0
1,243,270,9,0,0
1,243,271,9,9,0
1,243,272,9,9,0
1,243,273,9,9,0
1,243,274,9,0,0
1,243,275,9,15,0
1,243,276,9,0,0
1,243,277,9,9,0
1,243,278,9,9,0
1,243,279,9,9,0
1,243,280,9,0,0
1,243,281,9,15,0
1,243,282,9,0,0
1,243,283,9,9,0
1,243,284,9,9,0
1,243,285,9,9,0
1,243,286,9,0,0
1,243,287,9,15,0
1,243,288,9,0,0
1,243,289,9,9,0
1,243,290,9,9,0
1,243,291,9,9,0
1,243,292,9,0,0
1,243,293,9,15,0
1,243,294,9,0,0
1,243,295,9,9,0
1,243,296,9,9,0
1,243,297,9,9,0
1,243,298,9,0,0
1,243,299,9,15,0
1,243,300,9,0,0
1,243,301,9,9,0
1,243,302,9,9,0
1,243,303,9,9,0
1,243,304,9,0,0
1,243,305,9,15,0
1,243,306,9,0,0
1,243,307,9,9,0
1,243,308,9,9,0
1,243,309,9,9,0
1,243,310,9,0,0
1,243,311,9,15,0
1,243,312,9,0,0
1,243,313,9,9,0
1,243,314,9,9,0
1,243,315,9,9,0
1,243,316,9,0,0
1,243,317,9,15,0
1,243,318,9,0,0
1,243,319,9,9,0
1,243,320,9,9,0
1,243,321,9,9,0
1,243,322,9,0,0
1,243,323,9,15,0
1,243,324,9,0,0
1,243,325,9,9,0
1,243,326,9,9,0
1,243,327,9,9,0
1,244,245,17,0,0
1,244,246,17,9,0
1,244,247,17,9,0
1,244,248,17,16,0
1,244,249,17,8,0
1,244,250,17,0,0
1,244,251,17,9,0
1,244,252,17,16,0
1,244,253,17,8,0
1,244,254,17,0,0
1,244,255,17,9,0
1,244,256,17,11,0
1,244,257,17,8,0
1,244,258,17,0,1
1,244,259,17,9,0
1,244,260,17,16,0
1,244,261,17,8,0
1,244,262,17,0,0
1,244,263,17,15,0
1,244,264,17,0,0
1,244,265,17,9,0
1,244,266,17,9,0
1,244,267,17,9,0
1,244,268,17,0,0
1,244,269,17,15,0
1,244,270,17,0,0
1,244,271,17,9,0
1,244,272,17,9,0
1,244,273,17,9,0
1,244,274,17,0,0
1,244,275,17,15,0
1,244,276,17,0,0
1,244,277,17,9,0
1,244,278,17,9,0
1,244,279,17,9,0
1,244,280,17,0,0
1,244,281,17,15,0
1,244,282,17,0,0
1,244,283,17,9,0
1,244,284,17,9,0
1,244,285,17,9,0
1,244,286,17,0,0
1,244,287,17,15,0
1,244,288,17,0,0
1,244,289,17,9,0
1,244,290,17,9,0
1,244,291,17,9,0
1,244,292,17,0,0
1,244,293,17,15,0
1,244,294,17,0,0
1,244,295,17,9,0
1,244,296,17,9,0
1,244,297,17,9,0
1,244,298,17,0,0
1,244,299,17,15,0
1,244,300,17,0,0
1,244,301,17,9,0
1,244,302,17,9,0
1,244,303,17,9,0
1,244,304,17,0,0
1,244,305,17,15,0
1,244,306,17,0,0
1,244,307,17,9,0
1,244,308,17,9,0
1,244,309,17,9,0
1,244,310,17,0,0
1,244,311,17,15,0
1,244,312,17,0,0
1,244,313,17,9,0
1,244,314,17,9,0
1,244,315,17,9,0
1,244,316,17,0,0
1,244,317,17,15,0
1,244,318,17,0,0
1,244,319,17,9,0
1,244,320,17,9,0
1,244,321,17,9,0
1,244,322,17,0,0
1,244,323,17,15,0
1,244,324,17,0,0
1,244,325,17,9,0
1,244,326,17,9,0
1,244,327,17,9,0
1,245,246,0,9,1
1,245,247,0,9,1
1,245,248,0,16,1
1,245,249,0,8,0
1,245,250,0,0,0
1,245,251,0,9,0
1,245,252,0,16,0
1,245,253,0,8,0
1,245,254,0,0,0
1,245,255,0,9,0
1,245,256,0,11,0
1,245,257,0,8,0
1,245,258,0,0,0
1,245,259,0,9,0
1,245,260,0,16,0
1,245,261,0,8,0
1,245,262,0,0,0
1,245,263,0,15,0
1,245,264,0,0,0
1,245,265,0,9,0
1,245,266,0,9,0
1,245,267,0,9,0
1,245,268,0,0,0
1,245,269,0,15,0
1,245,270,0,0,0
1,245,271,0,9,0
1,245,272,0,9,0
1,245,273,0,9,0
1,245,274,0,0,0
1,245,275,0,15,0
1,245,276,0,0,0
1,245,277,0,9,0
1,245,278,0,9,0
1,245,279,0,9,0
1,245,280,0,0,0
1,245,281,0,15,0
1,245,282,0,0,0
1,245,283,0,9,0
1,245,284,0,9,0
1,245,285,0,9,0
1,245,286,0,0,0
1,245,287,0,15,0
1,245,288,0,0,0
1,245,289,0,9,0
1,245,290,0,9,0
1,245,291,0,9,0
1,245,292,0,0,0
1,245,293,0,15,0
1,245,294,0,0,0
1,245,295,0,9,0
1,245,296,0,9,0
1,245,297,0,9,0
1,245,298,0,0,0
1,245,299,0,15,0
1,245,300,0,0,0
1,245,301,0,9,0
1,245,302,0,9,0
1,245,303,0,9,0
1,245,304,0,0,0
1,245,305,0,15,0
1,245,306,0,0,0
1,245,307,0,9,0
1,245,308,0,9,0
1,245,309,0,9,0
1,245,310,0,0,0
1,245,311,0,15,0
1,245,312,0,0,0
1,245,313,0,9,0
1,245,314,0,9,0
1,245,315,0,9,0
1,245,316,0,0,0
1,245,317,0,15,0
1,245,318,0,0,0
1,245,319,0,9,0
1,245,320,0,9,0
1,245,321,0,9,0
1,245,322,0,0,0
1,245,323,0,15,0
1,245,324,0,0,0
1,245,325,0,9,0
1,245,326,0,9,0
1,245,327,0,9,0
1,246,247,9,9,0
1,246,248,9,16,0
1,246,249,9,8,0
1,246,250,9,0,0
1,246,251,9,9,0
1,246,252,9,16,0
1,246,253,9,8,0
1,246,254,9,0,0
1,246,255,9,9,0
1,246,256,9,11,0
1,246,257,9,8,0
1,246,258,9,0,0
1,246,259,9,9,0
1,246,260,9,16,0
1,246,261,9,8,0
1,246,262,9,0,0
1,246,263,9,15,0
1,246,264,9,0,0
1,246,265,9,9,0
1,246,266,9,9,0
1,246,267,9,9,0
1,246,268,9,0,0
1,246,269,9,15,0
1,246,270,9,0,0
1,246,271,9,9,0
1,246,272,9,9,0
1,246,273,9,9,0
1,246,274,9,0,0
1,246,275,9,15,0
1,246,276,9,0,0
1,246,277,9,9,0
1,246,278,9,9,0
1,246,279,9,9,0
1,246,280,9,0,0
1,246,281,9,15,0
1,246,282,9,0,0
1,246,283,9,9,0
1,246,284,9,9,0
1,246,285,9,9,0
1,246,286,9,0,0
1,246,287,9,15,0
1,246,288,9,0,0
1,246,289,9,9,0
1,246,290,9,9,0
1,246,291,9,9,0
1,246,292,9,0,0
1,246,293,9,15,0
1,246,294,9,0,0
1,246,295,9,9,0
1,246,296,9,9,0
1,246,297,9,9,0
1,246,298,9,0,0
1,246,299,9,15,0
1,246,300,9,0,0
1,246,301,9,9,0
1,246,302,9,9,0
1,246,303,9,9,0
1,246,304,9,0,0
1,246,305,9,15,0
1,246,306,9,0,0
1,246,307,9,9,0
1,246,308,9,9,0
1,246,309,9,9,0
1,246,310,9,0,0
1,246,311,9,15,0
1,246,312,9,0,0
1,246,313,9,9,0
1,246,314,9,9,0
1,246,315,9,9,0
1,246,316,9,0,0
1,246,317,9,15,0
1,246,318,9,0,0
1,246,319,9,9,0
1,246,320,9,9,0
1,246,321,9,9,0
1,246,322,9,0,0
1,246,323,9,15,0
1,246,324,9,0,0
1,246,325,9,9,0
1,246,326,9,9,0
1,246,327,9,9,0
1,247,248,9,16,0
1,247,249,9,8,0
1,247,250,9,0,0
1,247,251,9,9,0
1,247,252,9,16,0
1,247,253,9,8,0
1,247,254,9,0,0
1,247,255,9,9,0
1,247,256,9,11,0
1,247,257,9,8,0
1,247,258,9,0,0
1,247,259,9,9,0
1,247,260,9,16,0
1,247,261,9,8,0
1,247,262,9,0,0
1,247,263,9,15,0
1,247,264,9,0,0
1,247,265,9,9,0
1,247,266,9,9,0
1,247,267,9,9,0
1,247,268,9,0,0
1,247,269,9,15,0
1,247,270,9,0,0
1,247,271,9,9,0
1,247,272,9,9,0
1,247,273,9,9,0
1,247,274,9,0,0
1,247,275,9,15,0
1,247,276,9,0,0
1,247,277,9,9,0
1,247,278,9,9,0
1,247,279,9,9,0
1,247,280,9,0,0
1,247,281,9,15,0
1,247,282,9,0,0
1,247,283,9,9,0
1,247,284,9,9,0
1,247,285,9,9,0
1,247,286,9,0,0
1,247,287,9,15,0
1,247,288,9,0,0
1,247,289,9,9,0
1,247,290,9,9,0
1,247,291,9,9,0
1,247,292,9,0,0
1,247,293,9,15,0
1,247,294,9,0,0
1,247,295,9,9,0
1,247,296,9,9,0
1,247,297,9,9,0
1,247,298,9,0,0
1,247,299,9,15,0
1,247,300,9,0,0
1,247,301,9,9,0
1,247,302,9,9,0
1,247,303,9,9,0
1,247,304,9,0,0
1,247,305,9,15,0
1,247,306,9,0,0
1,247,307,9,9,0
1,247,308,9,9,0
1,247,309,9,9,0
1,247,310,9,0,0
1,247,311,9,15,0
1,247,312,9,0,0
1,247,313,9,9,0
1,247,314,9,9,0
1,247,315,9,9,0
1,247,316,9,0,0
1,247,317,9,15,0
1,247,318,9,0,0
1,247,319,9,9,0
1,247,320,9,9,0
1,247,321,9,9,0
1,247,322,9,0,0
1,247,323,9,15,0
1,247,324,9,0,0
1,247,325,9,9,0
1,247,326,9,9,0
1,247,327,9,9,0
1,248,249,16,8,1
1,248,250,16,0,0
1,248,251,16,9,0
1,248,252,16,16,0
1,248,253,16,8,0
1,248,254,16,0,0
1,248,255,16,9,0
1,248,256,16,11,0
1,248,257,16,8,0
1,248,258,16,0,0
1,248,259,16,9,0
1,248,260,16,16,0
1,248,261,16,8,0
1,248,262,16,0,0
1,248,263,16,15,0
1,248,264,16,0,0
1,248,265,16,9,0
1,248,266,16,9,0
1,248,267,16,9,0
1,248,268,16,0,0
1,248,269,16,15,0
1,248,270,16,0,0
1,248,271,16,9,0
1,248,272,16,9,0
1,248,273,16,9,0
1,248,274,16,0,0
1,248,275,16,15,0
1,248,276,16,0,0
1,248,277,16,9,0
1,248,278,16,9,0
1,248,279,16,9,0
1,248,280,16,0,0
1,248,281,16,15,0
1,248,282,16,0,0
1,248,283,16,9,0
1,248,284,16,9,0
1,248,285,16,9,0
1,248,286,16,0,0
1,248,287,16,15,0
1,248,288,16,0,0
1,248,289,16,9,0
1,248,290,16,9,0
1,248,291,16,9,0
1,248,292,16,0,0
1,248,293,16,15,0
1,248,294,16,0,0
1,248,295,16,9,0
1,248,296,16,9,0
1,248,297,16,9,0
1,248,298,16,0,0
1,248,299,16,15,0
1,248,300,16,0,0
1,248,301,16,9,0
1,248,302,16,9,0
1,248,303,16,9,0
1,248,304,16,0,0
1,248,305,16,15,0
1,248,306,16,0,0
1,248,307,16,9,0
1,248,308,16,9,0
1,248,309,16,9,0
1,248,310,16,0,0
1,248,311,16,15,0
1,248,312,16,0,0
1,248,313,16,9,0
1,248,314,16,9,0
1,248,315,16,9,0
1,248,316,16,0,0
1,248,317,16,15,0
1,248,318,16,0,0
1,248,319,16,9,0
1,248,320,16,9,0
1,248,321,16,9,0
1,248,322,16,0,0
1,248,323,16,15,0
1,248,324,16,0,0
1,248,325,16,9,0
1,248,326,16,9,0
1,248,327,16,9,0
1,249,250,8,0,0
1,249,251,8,9,0
1,249,252,8,16,0
1,249,253,8,8,0
1,249,254,8,0,0
1,249,255,8,9,0
1,249,256,8,11,0
1,249,257,8,8,0
1,249,258,8,0,0
1,249,259,8,9,0
1,249,260,8,16,0
1,249,261,8,8,0
1,249,262,8,0,0
1,249,263,8,15,0
1,249,264,8,0,0
1,249,265,8,9,0
1,249,266,8,9,0
1,249,267,8,9,0
1,249,268,8,0,0
1,249,269,8,15,0
1,249,270,8,0,0
1,249,271,8,9,0
1,249,272,8,9,0
1,249,273,8,9,0
1,249,274,8,0,0
1,249,275,8,15,0
1,249,276,8,0,0
1,249,277,8,9,0
1,249,278,8,9,0
1,249,279,8,9,0
1,249,280,8,0,0
1,249,281,8,15,0
1,249,282,8,0,0
1,249,283,8,9,0
1,249,284,8,9,0
1,249,285,8,9,0
1,249,286,8,0,0
1,249,287,8,15,0
1,249,288,8,0,0
1,249,289,8,9,0
1,249,290,8,9,0
1,249,291,8,9,0
1,249,292,8,0,0
1,249,293,8,15,0
1,249,294,8,0,0
1,249,295,8,9,0
1,249,296,8,9,0
1,249,297,8,9,0
1,249,298,8,0,0
1,249,299,8,15,0
1,249,300,8,0,0
1,249,301,8,9,0
1,249,302,8,9,0
1,249,303,8,9,0
1,249,304,8,0,0
1,249,305,8,15,0
1,249,306,8,0,0
1,249,307,8,9,0
1,249,308,8,9,0
1,249,309,8,9,0
1,249,310,8,0,0
1,249,311,8,15,0
1,249,312,8,0,0
1,249,313,8,9,0
1,249,314,8,9,0
1,249,315,8,9,0
1,249,316,8,0,0
1,249,317,8,15,0
1,249,318,8,0,0
1,249,319,8,9,0
1,249,320,8,9,0
1,249,321,8,9,0
1,249,322,8,0,0
1,249,323,8,15,0
1,249,324,8,0,0
1,249,325,8,9,0
1,249,326,8,9,0
1,249,327,8,9,0
1,250,251,0,9,1
1,250,252,0,16,1
1,250,253,0,8,0
1,250,254,0,0,1
1,250,255,0,9,0
1,250,256,0,11,0
1,250,257,0,8,0
1,250,258,0,0,0
1,250,259,0,9,0
1,250,260,0,16,0
1,250,261,0,8,0
1,250,262,0,0,0
1,250,263,0,15,0
1,250,264,0,0,0
1,250,265,0,9,0
1,250,266,0,9,0
1,250,267,0,9,0
1,250,268,0,0,0
1,250,269,0,15,0
1,250,270,0,0,0
1,250,271,0,9,0
1,250,272,0,9,0
1,250,273,0,9,0
1,250,274,0,0,0
1,250,275,0,15,0
1,250,276,0,0,0
1,250,277,0,9,0
1,250,278,0,9,0
1,250,279,0,9,0
1,250,280,0,0,0
1,250,281,0,15,0
1,250,282,0,0,0
1,250,283,0,9,0
1,250,284,0,9,0
1,250,285,0,9,0
1,250,286,0,0,0
1,250,287,0,15,0
1,250,288,0,0,0
1,250,289,0,9,0
1,250,290,0,9,0
1,250,291,0,9,0
1,250,292,0,0,0
1,250,293,0,15,0
1,250,294,0,0,0
1,250,295,0,9,0
1,250,296,0,9,0
1,250,297,0,9,0
1,250,298,0,0,0
1,250,299,0,15,0
1,250,300,0,0,0
1,250,301,0,9,0
1,250,302,0,9,0
1,250,303,0,9,0
1,250,304,0,0,0
1,250,305,0,15,0
1,250,306,0,0,0
1,250,307,0,9,0
1,250,308,0,9,0
1,250,309,0,9,0
1,250,310,0,0,0
1,250,311,0,15,0
1,250,312,0,0,0
1,250,313,0,9,0
1,250,314,0,9,0
1,250,315,0,9,0
1,250,316,0,0,0
1,250,317,0,15,0
1,250,318,0,0,0
1,250,319,0,9,0
1,250,320,0,9,0
1,250,321,0,9,0
1,250,322,0,0,0
1,250,323,0,15,0
1,250,324,0,0,0
1,250,325,0,9,0
1,250,326,0,9,0
1,250,327,0,9,0
1,251,252,9,16,0
1,251,253,9,8,0
1,251,254,9,0,0
1,251,255,9,9,0
1,251,256,9,11,0
1,251,257,9,8,0
1,251,258,9,0,0
1,251,259,9,9,0
1,251,260,9,16,0
1,251,261,9,8,0
1,251,262,9,0,0
1,251,263,9,15,0
1,251,264,9,0,0
1,251,265,9,9,0
1,251,266,9,9,0
1,251,267,9,9,0
1,251,268,9,0,0
1,251,269,9,15,0
1,251,270,9,0,0
1,251,271,9,9,0
1,251,272,9,9,0
1,251,273,9,9,0
1,251,274,9,0,0
1,251,275,9,15,0
1,251,276,9,0,0
1,251,277,9,9,0
1,251,278,9,9,0
1,251,279,9,9,0
1,251,280,9,0,0
1,251,281,9,15,0
1,251,282,9,0,0
1,251,283,9,9,0
1,251,284,9,9,0
1,251,285,9,9,0
1,251,286,9,0,0
1,251,287,9,15,0
1,251,288,9,0,0
1,251,289,9,9,0
1,251,290,9,9,0
1,251,291,9,9,0
1,251,292,9,0,0
1,251,293,9,15,0
1,251,294,9,0,0
1,251,295,9,9,0
1,251,296,9,9,0
1,251,297,9,9,0
1,251,298,9,0,0
1,251,299,9,15,0
1,251,300,9,0,0
1,251,301,9,9,0
1,251,302,9,9,0
1,251,303,9,9,0
1,251,304,9,0,0
1,251,305,9,15,0
1,251,306,9,0,0
1,251,307,9,9,0
1,251,308,9,9,0
1,251,309,9,9,0
1,251,310,9,0,0
1,251,311,9,15,0
1,251,312,9,0,0
1,251,313,9,9,0
1,251,314,9,9,0
1,251,315,9,9,0
1,251,316,9,0,0
1,251,317,9,15,0
1,251,318,9,0,0
1,251,319,9,9,0
1,251,320,9,9,0
1,251,321,9,9,0
1,251,322,9,0,0
1,251,323,9,15,0
1,251,324,9,0,0
1,251,325,9,9,0
1,251,326,9,9,0
1,251,327,9,9,0
1,252,253,16,8,1
1,252,254,16,0,0
1,252,255,16,9,0
1,252,256,16,11,0
1,252,257,16,8,0
1,252,258,16,0,0
1,252,259,16,9,0
1,252,260,16,16,0
1,252,261,16,8,0
1,252,262,16,0,0
1,252,263,16,15,0
1,252,264,16,0,0
1,252,265,16,9,0
1,252,266,16,9,0
1,252,267,16,9,0
1,252,268,16,0,0
1,252,269,16,15,0
1,252,270,16,0,0
1,252,271,16,9,0
1,252,272,16,9,0
1,252,273,16,9,0
1,252,274,16,0,0
1,252,275,16,15,0
1,252,276,16,0,0
1,252,277,16,9,0
1,252,278,16,9,0
1,252,279,16,9,0
1,252,280,16,0,0
1,252,281,16,15,0
1,252,282,16,0,0
1,252,283,16,9,0
1,252,284,16,9,0
1,252,285,16,9,0
1,252,286,16,0,0
1,252,287,16,15,0
1,252,288,16,0,0
1,252,289,16,9,0
1,252,290,16,9,0
1,252,291,16,9,0
1,252,292,16,0,0
1,252,293,16,15,0
1,252,294,16,0,0
1,252,295,16,9,0
1,252,296,16,9,0
1,252,297,16,9,0
1,252,298,16,0,0
1,252,299,16,15,0
1,252,300,16,0,0
1,252,301,16,9,0
1,252,302,16,9,0
1,252,303,16,9,0
1,252,304,16,0,0
1,252,305,16,15,0
1,252,306,16,0,0
1,252,307,16,9,0
1,252,308,16,9,0
1,252,309,16,9,0
1,252,310,16,0,0
1,252,311,16,15,0
1,252,312,16,0,0
1,252,313,16,9,0
1,252,314,16,9,0
1,252,315,16,9,0
1,252,316,16,0,0
1,252,317,16,15,0
1,252,318,16,0,0
1,252,319,16,9,0
1,252,320,16,9,0
1,252,321,16,9,0
1,252,322,16,0,0
1,252,323,16,15,0
1,252,324,16,0,0
1,252,325,16,9,0
1,252,326,16,9,0
1,252,327,16,9,0
1,253,254,8,0,0
1,253,255,8,9,0
1,253,256,8,11,0
1,253,257,8,8,0
1,253,258,8,0,0
1,253,259,8,9,0
1,253,260,8,16,0
1,253,261,8,8,0
1,253,262,8,0,0
1,253,263,8,15,0
1,253,264,8,0,0
1,253,265,8,9,0
1,253,266,8,9,0
1,253,267,8,9,0
1,253,268,8,0,0
1,253,269,8,15,0
1,253,270,8,0,0
1,253,271,8,9,0
1,253,272,8,9,0
1,253,273,8,9,0
1,253,274,8,0,0
1,253,275,8,15,0
1,253,276,8,0,0
1,253,277,8,9,0
1,253,278,8,9,0
1,253,279,8,9,0
1,253,280,8,0,0
1,253,281,8,15,0
1,253,282,8,0,0
1,253,283,8,9,0
1,253,284,8,9,0
1,253,285,8,9,0
1,253,286,8,0,0
1,253,287,8,15,0
1,253,288,8,0,0
1,253,289,8,9,0
1,253,290,8,9,0
1,253,291,8,9,0
1,253,292,8,0,0
1,253,293,8,15,0
1,253,294,8,0,0
1,253,295,8,9,0
1,253,296,8,9,0
1,253,297,8,9,0
1,253,298,8,0,0
1,253,299,8,15,0
1,253,300,8,0,0
1,253,301,8,9,0
1,253,302,8,9,0
1,253,303,8,9,0
1,253,304,8,0,0
1,253,305,8,15,0
1,253,306,8,0,0
1,253,307,8,9,0
1,253,308,8,9,0
1,253,309,8,9,0
1,253,310,8,0,0
1,253,311,8,15,0
1,253,312,8,0,0
1,253,313,8,9,0
1,253,314,8,9,0
1,253,315,8,9,0
1,253,316,8,0,0
1,253,317,8,15,0
1,253,318,8,0,0
1,253,319,8,9,0
1,253,320,8,9,0
1,253,321,8,9,0
1,253,322,8,0,0
1,253,323,8,15,0
1,253,324,8,0,0
1,253,325,8,9,0
1,253,326,8,9,0
1,253,327,8,9,0
1,254,255,0,9,1
1,254,256,0,11,1
1,254,257,0,8,0
1,254,258,0,0,1
1,254,259,0,9,0
1,254,260,0,16,0
1,254,261,0,8,0
1,254,262,0,0,0
1,254,263,0,15,0
1,254,264,0,0,0
1,254,265,0,9,0
1,254,266,0,9,0
1,254,267,0,9,0
1,254,268,0,0,0
1,254,269,0,15,0
1,254,270,0,0,0
1,254,271,0,9,0
1,254,272,0,9,0
1,254,273,0,9,0
1,254,274,0,0,0
1,254,275,0,15,0
1,254,276,0,0,0
1,254,277,0,9,0
1,254,278,0,9,0
1,254,279,0,9,0
1,254,280,0,0,0
1,254,281,0,15,0
1,254,282,0,0,0
1,254,283,0,9,0
1,254,284,0,9,0
1,254,285,0,9,0
1,254,286,0,0,0
1,254,287,0,15,0
1,254,288,0,0,0
1,254,289,0,9,0
1,254,290,0,9,0
1,254,291,0,9,0
1,254,292,0,0,0
1,254,293,0,15,0
1,254,294,0,0,0
1,254,295,0,9,0
1,254,296,0,9,0
1,254,297,0,9,0
1,254,298,0,0,0
1,254,299,0,15,0
1,254,300,0,0,0
1,254,301,0,9,0
1,254,302,0,9,0
1,254,303,0,9,0
1,254,304,0,0,0
1,254,305,0,15,0
1,254,306,0,0,0
1,254,307,0,9,0
1,254,308,0,9,0
1,254,309,0,9,0
1,254,310,0,0,0
1,254,311,0,15,0
1,254,312,0,0,0
1,254,313,0,9,0
1,254,314,0,9,0
1,254,315,0,9,0
1,254,316,0,0,0
1,254,317,0,15,0
1,254,318,0,0,0
1,254,319,0,9,0
1,254,320,0,9,0
1,254,321,0,9,0
1,254,322,0,0,0
1,254,323,0,15,0
1,254,324,0,0,0
1,254,325,0,9,0
1,254,326,0,9,0
1,254,327,0,9,0
1,255,256,9,11,0
1,255,257,9,8,0
1,255,258,9,0,0
1,255,259,9,9,0
1,255,260,9,16,0
1,255,261,9,8,0
1,255,262,9,0,0
1,255,263,9,15,0
1,255,264,9,0,0
1,255,265,9,9,0
1,255,266,9,9,0
1,255,267,9,9,0
1,255,268,9,0,0
1,255,269,9,15,0
1,255,270,9,0,0
1,255,271,9,9,0
1,255,272,9,9,0
1,255,273,9,9,0
1,255,274,9,0,0
1,255,275,9,15,0
1,255,276,9,0,0
1,255,277,9,9,0
1,255,278,9,9,0
1,255,279,9,9,0
1,255,280,9,0,0
1,255,281,9,15,0
1,255,282,9,0,0
1,255,283,9,9,0
1,255,284,9,9,0
1,255,285,9,9,0
1,255,286,9,0,0
1,255,287,9,15,0
1,255,288,9,0,0
1,255,289,9,9,0
1,255,290,9,9,0
1,255,291,9,9,0
1,255,292,9,0,0
1,255,293,9,15,0
1,255,294,9,0,0
1,255,295,9,9,0
1,255,296,9,9,0
1,255,297,9,9,0
1,255,298,9,0,0
1,255,299,9,15,0
1,255,300,9,0,0
1,255,301,9,9,0
1,255,302,9,9,0
1,255,303,9,9,0
1,255,304,9,0,0
1,255,305,9,15,0
1,255,306,9,0,0
1,255,307,9,9,0
1,255,308,9,9,0
1,255,309,9,9,0
1,255,310,9,0,0
1,255,311,9,15,0
1,255,312,9,0,0
1,255,313,9,9,0
1,255,314,9,9,0
1,255,315,9,9,0
1,255,316,9,0,0
1,255,317,9,15,0
1,255,318,9,0,0
1,255,319,9,9,0
1,255,320,9,9,0
1,255,321,9,9,0
1,255,322,9,0,0
1,255,323,9,15,0
1,255,324,9,0,0
1,255,325,9,9,0
1,255,326,9,9,0
1,255,327,9,9,0
1,256,257,11,8,1
1,256,258,11,0,0
1,256,259,11,9,0
1,256,260,11,16,0
1,256,261,11,8,0
1,256,262,11,0,1
1,256,263,11,15,0
1,256,264,11,0,0
1,256,265,11,9,0
1,256,266,11,9,0
1,256,267,11,9,0
1,256,268,11,0,0
1,256,269,11,15,0
1,256,270,11,0,0
1,256,271,11,9,0
1,256,272,11,9,0
1,256,273,11,9,0
1,256,274,11,0,0
1,256,275,11,15,0
1,256,276,11,0,0
1,256,277,11,9,0
1,256,278,11,9,0
1,256,279,11,9,0
1,256,280,11,0,0
1,256,281,11,15,0
1,256,282,11,0,0
1,256,283,11,9,0
1,256,284,11,9,0
1,256,285,11,9,0
1,256,286,11,0,0
1,256,287,11,15,0
1,256,288,11,0,0
1,256,289,11,9,0
1,256,290,11,9,0
1,256,291,11,9,0
1,256,292,11,0,0
1,256,293,11,15,0
1,256,294,11,0,0
1,256,295,11,9,0
1,256,296,11,9,0
1,256,297,11,9,0
1,256,298,11,0,0
1,256,299,11,15,0
1,256,300,11,0,0
1,256,301,11,9,0
1,256,302,11,9,0
1,256,303,11,9,0
1,256,304,11,0,0
1,256,305,11,15,0
1,256,306,11,0,0
1,256,307,11,9,0
1,256,308,11,9,0
1,256,309,11,9,0
1,256,310,11,0,0
1,256,311,11,15,0
1,256,312,11,0,0
1,256,313,11,9,0
1,256,314,11,9,0
1,256,315,11,9,0
1,256,316,11,0,0
1,256,317,11,15,0
1,256,318,11,0,0
1,256,319,11,9,0
1,256,320,11,9,0
1,256,321,11,9,0
1,256,322,11,0,0
1,256,323,11,15,0
1,256,324,11,0,0
1,256,325,11,9,0
1,256,326,11,9,0
1,256,327,11,9,0
1,257,258,8,0,0
1,257,259,8,9,0
1,257,260,8,16,0
1,257,261,8,8,0
1,257,262,8,0,0
1,257,263,8,15,0
1,257,264,8,0,0
1,257,265,8,9,0
1,257,266,8,9,0
1,257,267,8,9,0
1,257,268,8,0,0
1,257,269,8,15,0
1,257,270,8,0,0
1,257,271,8,9,0
1,257,272,8,9,0
1,257,273,8,9,0
1,257,274,8,0,0
1,257,275,8,15,0
1,257,276,8,0,0
1,257,277,8,9,0
1,257,278,8,9,0
1,257,279,8,9,0
1,257,280,8,0,0
1,257,281,8,15,0
1,257,282,8,0,0
1,257,283,8,9,0
1,257,284,8,9,0
1,257,285,8,9,0
1,257,286,8,0,0
1,257,287,8,15,0
1,257,288,8,0,0
1,257,289,8,9,0
1,257,290,8,9,0
1,257,291,8,9,0
1,257,292,8,0,0
1,257,293,8,15,0
1,257,294,8,0,0
1,257,295,8,9,0
1,257,296,8,9,0
1,257,297,8,9,0
1,257,298,8,0,0
1,257,299,8,15,0
1,257,300,8,0,0
1,257,301,8,9,0
1,257,302,8,9,0
1,257,303,8,9,0
1,257,304,8,0,0
1,257,305,8,15,0
1,257,306,8,0,0
1,257,307,8,9,0
1,257,308,8,9,0
1,257,309,8,9,0
1,257,310,8,0,0
1,257,311,8,15,0
1,257,312,8,0,0
1,257,313,8,9,0
1,257,314,8,9,0
1,257,315,8,9,0
1,257,316,8,0,0
1,257,317,8,15,0
1,257,318,8,0,0
1,257,319,8,9,0
1,257,320,8,9,0
1,257,321,8,9,0
1,257,322,8,0,0
1,257,323,8,15,0
1,257,324,8,0,0
1,257,325,8,9,0
1,257,326,8,9,0
1,257,327,8,9,0
1,258,259,0,9,1
1,258,260,0,16,1
1,258,261,0,8,0
1,258,262,0,0,0
1,258,263,0,15,0
1,258,264,0,0,0
1,258,265,0,9,0
1,258,266,0,9,0
1,258,267,0,9,0
1,258,268,0,0,0
1,258,269,0,15,0
1,258,270,0,0,0
1,258,271,0,9,0
1,258,272,0,9,0
1,258,273,0,9,0
1,258,274,0,0,0
1,258,275,0,15,0
1,258,276,0,0,0
1,258,277,0,9,0
1,258,278,0,9,0
1,258,279,0,9,0
1,258,280,0,0,0
1,258,281,0,15,0
1,258,282,0,0,0
1,258,283,0,9,0
1,258,284,0,9,0
1,258,285,0,9,0
1,258,286,0,0,0
1,258,287,0,15,0
1,258,288,0,0,0
1,258,289,0,9,0
1,258,290,0,9,0
1,258,291,0,9,0
1,258,292,0,0,0
1,258,293,0,15,0
1,258,294,0,0,0
1,258,295,0,9,0
1,258,296,0,9,0
1,258,297,0,9,0
1,258,298,0,0,0
1,258,299,0,15,0
1,258,300,0,0,0
1,258,301,0,9,0
1,258,302,0,9,0
1,258,303,0,9,0
1,258,304,0,0,0
1,258,305,0,15,0
1,258,306,0,0,0
1,258,307,0,9,0
1,258,308,0,9,0
1,258,309,0,9,0
1,258,310,0,0,0
1,258,311,0,15,0
1,258,312,0,0,0
1,258,313,0,9,0
1,258,314,0,9,0
1,258,315,0,9,0
1,258,316,0,0,0
1,258,317,0,15,0
1,258,318,0,0,0
1,258,319,0,9,0
1,258,320,0,9,0
1,258,321,0,9,0
1,258,322,0,0,0
1,258,323,0,15,0
1,258,324,0,0,0
1,258,325,0,9,0
1,258,326,0,9,0
1,258,327,0,9,0
1,259,260,9,16,0
1,259,261,9,8,0
1,259,262,9,0,0
1,259,263,9,15,0
1,259,264,9,0,0
1,259,265,9,9,0
1,259,266,9,9,0
1,259,267,9,9,0
1,259,268,9,0,0
1,259,269,9,15,0
1,259,270,9,0,0
1,259,271,9,9,0
1,259,272,9,9,0
1,259,273,9,9,0
1,259,274,9,0,0
1,259,275,9,15,0
1,259,276,9,0,0
1,259,277,9,9,0
1,259,278,9,9,0
1,259,279,9,9,0
1,259,280,9,0,0
1,259,281,9,15,0
1,259,282,9,0,0
1,259,283,9,9,0
1,259,284,9,9,0
1,259,285,9,9,0
1,259,286,9,0,0
1,259,287,9,15,0
1,259,288,9,0,0
1,259,289,9,9,0
1,259,290,9,9,0
1,259,291,9,9,0
1,259,292,9,0,0
1,259,293,9,15,0
1,259,294,9,0,0
1,259,295,9,9,0
1,259,296,9,9,0
1,259,297,9,9,0
1,259,298,9,0,0
1,259,299,9,15,0
1,259,300,9,0,0
1,259,301,9,9,0
1,259,302,9,9,0
1,259,303,9,9,0
1,259,304,9,0,0
1,259,305,9,15,0
1,259,306,9,0,0
1,259,307,9,9,0
1,259,308,9,9,0
1,259,309,9,9,0
1,259,310,9,0,0
1,259,311,9,15,0
1,259,312,9,0,0
1,259,313,9,9,0
1,259,314,9,9,0
1,259,315,9,9,0
1,259,316,9,0,0
1,259,317,9,15,0
1,259,318,9,0,0
1,259,319,9,9,0
1,259,320,9,9,0
1,259,321,9,9,0
1,259,322,9,0,0
1,259,323,9,15,0
1,259,324,9,0,0
1,259,325,9,9,0
1,259,326,9,9,0
1,259,327,9,9,0
1,260,261,16,8,1
1,260,262,16,0,0
1,260,263,16,15,0
1,260,264,16,0,0
1,260,265,16,9,0
1,260,266,16,9,0
1,260,267,16,9,0
1,260,268,16,0,0
1,260,269,16,15,0
1,260,270,16,0,0
1,260,271,16,9,0
1,260,272,16,9,0
1,260,273,16,9,0
1,260,274,16,0,0
1,260,275,16,15,0
1,260,276,16,0,0
1,260,277,16,9,0
1,260,278,16,9,0
1,260,279,16,9,0
1,260,280,16,0,0
1,260,281,16,15,0
1,260,282,16,0,0
1,260,283,16,9,0
1,260,284,16,9,0
1,260,285,16,9,0
1,260,286,16,0,0
1,260,287,16,15,0
1,260,288,16,0,0
1,260,289,16,9,0
1,260,290,16,9,0
1,260,291,16,9,0
1,260,292,16,0,0
1,260,293,16,15,0
1,260,294,16,0,0
1,260,295,16,9,0
1,260,296,16,9,0
1,260,297,16,9,0
1,260,298,16,0,0
1,260,299,16,15,0
1,260,300,16,0,0
1,260,301,16,9,0
1,260,302,16,9,0
1,260,303,16,9,0
1,260,304,16,0,0
1,260,305,16,15,0
1,260,306,16,0,0
1,260,307,16,9,0
1,260,308,16,9,0
1,260,309,16,9,0
1,260,310,16,0,0
1,260,311,16,15,0
1,260,312,16,0,0
1,260,313,16,9,0
1,260,314,16,9,0
1,260,315,16,9,0
1,260,316,16,0,0
1,260,317,16,15,0
1,260,318,16,0,0
1,260,319,16,9,0
1,260,320,16,9,0
1,260,321,16,9,0
1,260,322,16,0,0
1,260,323,16,15,0
1,260,324,16,0,0
1,260,325,16,9,0
1,260,326,16,9,0
1,260,327,16,9,0
1,261,262,8,0,0
1,261,263,8,15,0
1,261,264,8,0,0
1,261,265,8,9,0
1,261,266,8,9,0
1,261,267,8,9,0
1,261,268,8,0,0
1,261,269,8,15,0
1,261,270,8,0,0
1,261,271,8,9,0
1,261,272,8,9,0
1,261,273,8,9,0
1,261,274,8,0,0
1,261,275,8,15,0
1,261,276,8,0,0
1,261,277,8,9,0
1,261,278,8,9,0
1,261,279,8,9,0
1,261,280,8,0,0
1,261,281,8,15,0
1,261,282,8,0,0
1,261,283,8,9,0
1,261,284,8,9,0
1,261,285,8,9,0
1,261,286,8,0,0
1,261,287,8,15,0
1,261,288,8,0,0
1,261,289,8,9,0
1,261,290,8,9,0
1,261,291,8,9,0
1,261,292,8,0,0
1,261,293,8,15,0
1,261,294,8,0,0
1,261,295,8,9,0
1,261,296,8,9,0
1,261,297,8,9,0
1,261,298,8,0,0
1,261,299,8,15,0
1,261,300,8,0,0
1,261,301,8,9,0
1,261,302,8,9,0
1,261,303,8,9,0
1,261,304,8,0,0
1,261,305,8,15,0
1,261,306,8,0,0
1,261,307,8,9,0
1,261,308,8,9,0
1,261,309,8,9,0
1,261,310,8,0,0
1,261,311,8,15,0
1,261,312,8,0,0
1,261,313,8,9,0
1,261,314,8,9,0
1,261,315,8,9,0
1,261,316,8,0,0
1,261,317,8,15,0
1,261,318,8,0,0
1,261,319,8,9,0
1,261,320,8,9,0
1,261,321,8,9,0
1,261,322,8,0,0
1,261,323,8,15,0
1,261,324,8,0,0
1,261,325,8,9,0
1,261,326,8,9,0
1,261,327,8,9,0
1,262,263,0,15,1
1,262,264,0,0,1
1,262,265,0,9,0
1,262,266,0,9,0
1,262,267,0,9,0
1,262,268,0,0,0
1,262,269,0,15,0
1,262,270,0,0,0
1,262,271,0,9,0
1,262,272,0,9,0
1,262,273,0,9,0
1,262,274,0,0,0
1,262,275,0,15,0
1,262,276,0,0,0
1,262,277,0,9,0
1,262,278,0,9,0
1,262,279,0,9,0
1,262,280,0,0,0
1,262,281,0,15,0
1,262,282,0,0,0
1,262,283,0,9,0
1,262,284,0,9,0
1,262,285,0,9,0
1,262,286,0,0,0
1,262,287,0,15,0
1,262,288,0,0,0
1,262,289,0,9,0
1,262,290,0,9,0
1,262,291,0,9,0
1,262,292,0,0,0
1,262,293,0,15,0
1,262,294,0,0,0
1,262,295,0,9,0
1,262,296,0,9,0
1,262,297,0,9,0
1,262,298,0,0,0
1,262,299,0,15,0
1,262,300,0,0,0
1,262,301,0,9,0
1,262,302,0,9,0
1,262,303,0,9,0
1,262,304,0,0,0
1,262,305,0,15,0
1,262,306,0,0,0
1,262,307,0,9,0
1,262,308,0,9,0
1,262,309,0,9,0
1,262,310,0,0,0
1,262,311,0,15,0
1,262,312,0,0,0
1,262,313,0,9,0
1,262,314,0,9,0
1,262,315,0,9,0
1,262,316,0,0,0
1,262,317,0,15,0
1,262,318,0,0,0
1,262,319,0,9,0
1,262,320,0,9,0
1,262,321,0,9,0
1,262,322,0,0,0
1,262,323,0,15,0
1,262,324,0,0,0
1,262,325,0,9,0
1,262,326,0,9,0
1,262,327,0,9,0
1,263,264,15,0,0
1,263,265,15,9,0
1,263,266,15,9,0
1,263,267,15,9,0
1,263,268,15,0,0
1,263,269,15,15,0
1,263,270,15,0,0
1,263,271,15,9,0
1,263,272,15,9,0
1,263,273,15,9,0
1,263,274,15,0,0
1,263,275,15,15,0
1,263,276,15,0,0
1,263,277,15,9,0
1,263,278,15,9,0
1,263,279,15,9,0
1,263,280,15,0,0
1,263,281,15,15,0
1,263,282,15,0,0
1,263,283,15,9,0
1,263,284,15,9,0
1,263,285,15,9,0
1,263,286,15,0,0
1,263,287,15,15,0
1,263,288,15,0,0
1,263,289,15,9,0
1,263,290,15,9,0
1,263,291,15,9,0
1,263,292,15,0,0
1,263,293,15,15,0
1,263,294,15,0,0
1,263,295,15,9,0
1,263,296,15,9,0
1,263,297,15,9,0
1,263,298,15,0,0
1,263,299,15,15,0
1,263,300,15,0,0
1,263,301,15,9,0
1,263,302,15,9,0
1,263,303,15,9,0
1,263,304,15,0,0
1,263,305,15,15,0
1,263,306,15,0,0
1,263,307,15,9,0
1,263,308,15,9,0
1,263,309,15,9,0
1,263,310,15,0,0
1,263,311,15,15,0
1,263,312,15,0,0
1,263,313,15,9,0
1,263,314,15,9,0
1,263,315,15,9,0
1,263,316,15,0,0
1,263,317,15,15,0
1,263,318,15,0,0
1,263,319,15,9,0
1,263,320,15,9,0
1,263,321,15,9,0
1,263,322,15,0,0
1,263,323,15,15,0
1,263,324,15,0,0
1,263,325,15,9,0
1,263,326,15,9,0
1,263,327,15,9,0
1,264,265,0,9,1
1,264,266,0,9,1
1,264,267,0,9,1
1,264,268,0,0,0
1,264,269,0,15,0
1,264,270,0,0,0
1,264,271,0,9,0
1,264,272,0,9,0
1,264,273,0,9,0
1,264,274,0,0,0
1,264,275,0,15,0
1,264,276,0,0,0
1,264,277,0,9,0
1,264,278,0,9,0
1,264,279,0,9,0
1,264,280,0,0,0
1,264,281,0,15,0
1,264,282,0,0,0
1,264,283,0,9,0
1,264,284,0,9,0
1,264,285,0,9,0
1,264,286,0,0,0
1,264,287,0,15,0
1,264,288,0,0,0
1,264,289,0,9,0
1,264,290,0,9,0
1,264,291,0,9,0
1,264,292,0,0,0
1,264,293,0,15,0
1,264,294,0,0,0
1,264,295,0,9,0
1,264,296,0,9,0
1,264,297,0,9,0
1,264,298,0,0,0
1,264,299,0,15,0
1,264,300,0,0,0
1,264,301,0,9,0
1,264,302,0,9,0
1,264,303,0,9,0
1,264,304,0,0,0
1,264,305,0,15,0
1,264,306,0,0,0
1,264,307,0,9,0
1,264,308,0,9,0
1,264,309,0,9,0
1,264,310,0,0,0
1,264,311,0,15,0
1,264,312,0,0,0
1,264,313,0,9,0
1,264,314,0,9,0
1,264,315,0,9,0
1,264,316,0,0,0
1,264,317,0,15,0
1,264,318,0,0,0
1,264,319,0,9,0
1,264,320,0,9,0
1,264,321,0,9,0
1,264,322,0,0,0
1,264,323,0,15,0
1,264,324,0,0,0
1,264,325,0,9,0
1,264,326,0,9,0
1,264,327,0,9,0
1,265,266,9,9,0
1,265,267,9,9,0
1,265,268,9,0,0
1,265,269,9,15,0
1,265,270,9,0,0
1,265,271,9,9,0
1,265,272,9,9,0
1,265,273,9,9,0
1,265,274,9,0,0
1,265,275,9,15,0
1,265,276,9,0,0
1,265,277,9,9,0
1,265,278,9,9,0
1,265,279,9,9,0
1,265,280,9,0,0
1,265,281,9,15,0
1,265,282,9,0,0
1,265,283,9,9,0
1,265,284,9,9,0
1,265,285,9,9,0
1,265,286,9,0,0
1,265,287,9,15,0
1,265,288,9,0,0
1,265,289,9,9,0
1,265,290,9,9,0
1,265,291,9,9,0
1,265,292,9,0,0
1,265,293,9,15,0
1,265,294,9,0,0
1,265,295,9,9,0
1,265,296,9,9,0
1,265,297,9,9,0
1,265,298,9,0,0
1,265,299,9,15,0
1,265,300,9,0,0
1,265,301,9,9,0
1,265,302,9,9,0
1,265,303,9,9,0
1,265,304,9,0,0
1,265,305,9,15,0
1,265,306,9,0,0
1,265,307,9,9,0
1,265,308,9,9,0
1,265,309,9,9,0
1,265,310,9,0,0
1,265,311,9,15,0
1,265,312,9,0,0
1,265,313,9,9,0
1,265,314,9,9,0
1,265,315,9,9,0
1,265,316,9,0,0
1,265,317,9,15,0
1,265,318,9,0,0
1,265,319,9,9,0
1,265,320,9,9,0
1,265,321,9,9,0
1,265,322,9,0,0
1,265,323,9,15,0
1,265,324,9,0,0
1,265,325,9,9,0
1,265,326,9,9,0
1,265,327,9,9,0
1,266,267,9,9,0
1,266,268,9,0,0
1,266,269,9,15,0
1,266,270,9,0,0
1,266,271,9,9,0
1,266,272,9,9,0
1,266,273,9,9,0
1,266,274,9,0,0
1,266,275,9,15,0
1,266,276,9,0,0
1,266,277,9,9,0
1,266,278,9,9,0
1,266,279,9,9,0
1,266,280,9,0,0
1,266,281,9,15,0
1,266,282,9,0,0
1,266,283,9,9,0
1,266,284,9,9,0
1,266,285,9,9,0
1,266,286,9,0,0
1,266,287,9,15,0
1,266,288,9,0,0
1,266,289,9,9,0
1,266,290,9,9,0
1,266,291,9,9,0
1,266,292,9,0,0
1,266,293,9,15,0
1,266,294,9,0,0
1,266,295,9,9,0
1,266,296,9,9,0
1,266,297,9,9,0
1,266,298,9,0,0
1,266,299,9,15,0
1,266,300,9,0,0
1,266,301,9,9,0
1,266,302,9,9,0
1,266,303,9,9,0
1,266,304,9,0,0
1,266,305,9,15,0
1,266,306,9,0,0
1,266,307,9,9,0
1,266,308,9,9,0
1,266,309,9,9,0
1,266,310,9,0,0
1,266,311,9,15,0
1,266,312,9,0,0
1,266,313,9,9,0
1,266,314,9,9,0
1,266,315,9,9,0
1,266,316,9,0,0
1,266,317,9,15,0
1,266,318,9,0,0
1,266,319,9,9,0
1,266,320,9,9,0
1,266,321,9,9,0
1,266,322,9,0,0
1,266,323,9,15,0
1,266,324,9,0,0
1,266,325,9,9,0
1,266,326,9,9,0
1,266,327,9,9,0
1,267,268,9,0,0
1,267,269,9,15,0
1,267,270,9,0,0
1,267,271,9,9,0
1,267,272,9,9,0
1,267,273,9,9,0
1,267,274,9,0,0
1,267,275,9,15,0
1,267,276,9,0,0
1,267,277,9,9,0
1,267,278,9,9,0
1,267,279,9,9,0
1,267,280,9,0,0
1,267,281,9,15,0
1,267,282,9,0,0
1,267,283,9,9,0
1,267,284,9,9,0
1,267,285,9,9,0
1,267,286,9,0,0
1,267,287,9,15,0
1,267,288,9,0,0
1,267,289,9,9,0
1,267,290,9,9,0
1,267,291,9,9,0
1,267,292,9,0,0
1,267,293,9,15,0
1,267,294,9,0,0
1,267,295,9,9,0
1,267,296,9,9,0
1,267,297,9,9,0
1,267,298,9,0,0
1,267,299,9,15,0
1,267,300,9,0,0
1,267,301,9,9,0
1,267,302,9,9,0
1,267,303,9,9,0
1,267,304,9,0,0
1,267,305,9,15,0
1,267,306,9,0,0
1,267,307,9,9,0
1,267,308,9,9,0
1,267,309,9,9,0
1,267,310,9,0,0
1,267,311,9,15,0
1,267,312,9,0,0
1,267,313,9,9,0
1,267,314,9,9,0
1,267,315,9,9,0
1,267,316,9,0,0
1,267,317,9,15,0
1,267,318,9,0,0
1,267,319,9,9,0
1,267,320,9,9,0
1,267,321,9,9,0
1,267,322,9,0,0
1,267,323,9,15,0
1,267,324,9,0,0
1,267,325,9,9,0
1,267,326,9,9,0
1,267,327,9,9,0
1,268,269,0,15,1
1,268,270,0,0,1
1,268,271,0,9,0
1,268,272,0,9,0
1,268,273,0,9,0
1,268,274,0,0,0
1,268,275,0,15,0
1,268,276,0,0,0
1,268,277,0,9,0
1,268,278,0,9,0
1,268,279,0,9,0
1,268,280,0,0,0
1,268,281,0,15,0
1,268,282,0,0,0
1,268,283,0,9,0
1,268,284,0,9,0
1,268,285,0,9,0
1,268,286,0,0,0
1,268,287,0,15,0
1,268,288,0,0,0
1,268,289,0,9,0
1,268,290,0,9,0
1,268,291,0,9,0
1,268,292,0,0,0
1,268,293,0,15,0
1,268,294,0,0,0
1,268,295,0,9,0
1,268,296,0,9,0
1,268,297,0,9,0
1,268,298,0,0,0
1,268,299,0,15,0
1,268,300,0,0,0
1,268,301,0,9,0
1,268,302,0,9,0
1,268,303,0,9,0
1,268,304,0,0,0
1,268,305,0,15,0
1,268,306,0,0,0
1,268,307,0,9,0
1,268,308,0,9,0
1,268,309,0,9,0
1,268,310,0,0,0
1,268,311,0,15,0
1,268,312,0,0,0
1,268,313,0,9,0
1,268,314,0,9,0
1,268,315,0,9,0
1,268,316,0,0,0
1,268,317,0,15,0
1,268,318,0,0,0
1,268,319,0,9,0
1,268,320,0,9,0
1,268,321,0,9,0
1,268,322,0,0,0
1,268,323,0,15,0
1,268,324,0,0,0
1,268,325,0,9,0
1,268,326,0,9,0
1,268,327,0,9,0
1,269,270,15,0,0
1,269,271,15,9,0
1,269,272,15,9,0
1,269,273,15,9,0
1,269,274,15,0,0
1,269,275,15,15,0
1,269,276,15,0,0
1,269,277,15,9,0
1,269,278,15,9,0
1,269,279,15,9,0
1,269,280,15,0,0
1,269,281,15,15,0
1,269,282,15,0,0
1,269,283,15,9,0
1,269,284,15,9,0
1,269,285,15,9,0
1,269,286,15,0,0
1,269,287,15,15,0
1,269,288,15,0,0
1,269,289,15,9,0
1,269,290,15,9,0
1,269,291,15,9,0
1,269,292,15,0,0
1,269,293,15,15,0
1,269,294,15,0,0
1,269,295,15,9,0
1,269,296,15,9,0
1,269,297,15,9,0
1,269,298,15,0,0
1,269,299,15,15,0
1,269,300,15,0,0
1,269,301,15,9,0
1,269,302,15,9,0
1,269,303,15,9,0
1,269,304,15,0,0
1,269,305,15,15,0
1,269,306,15,0,0
1,269,307,15,9,0
1,269,308,15,9,0
1,269,309,15,9,0
1,269,310,15,0,0
1,269,311,15,15,0
1,269,312,15,0,0
1,269,313,15,9,0
1,269,314,15,9,0
1,269,315,15,9,0
1,269,316,15,0,0
1,269,317,15,15,0
1,269,318,15,0,0
1,269,319,15,9,0
1,269,320,15,9,0
1,269,321,15,9,0
1,269,322,15,0,0
1,269,323,15,15,0
1,269,324,15,0,0
1,269,325,15,9,0
1,269,326,15,9,0
1,269,327,15,9,0
1,270,271,0,9,1
1,270,272,0,9,1
1,270,273,0,9,1
1,270,274,0,0,0
1,270,275,0,15,0
1,270,276,0,0,0
1,270,277,0,9,0
1,270,278,0,9,0
1,270,279,0,9,0
1,270,280,0,0,0
1,270,281,0,15,0
1,270,282,0,0,0
1,270,283,0,9,0
1,270,284,0,9,0
1,270,285,0,9,0
1,270,286,0,0,0
1,270,287,0,15,0
1,270,288,0,0,0
1,270,289,0,9,0
1,270,290,0,9,0
1,270,291,0,9,0
1,270,292,0,0,0
1,270,293,0,15,0
1,270,294,0,0,0
1,270,295,0,9,0
1,270,296,0,9,0
1,270,297,0,9,0
1,270,298,0,0,0
1,270,299,0,15,0
1,270,300,0,0,0
1,270,301,0,9,0
1,270,302,0,9,0
1,270,303,0,9,0
1,270,304,0,0,0
1,270,305,0,15,0
1,270,306,0,0,0
1,270,307,0,9,0
1,270,308,0,9,0
1,270,309,0,9,0
1,270,310,0,0,0
1,270,311,0,15,0
1,270,312,0,0,0
1,270,313,0,9,0
1,270,314,0,9,0
1,270,315,0,9,0
1,270,316,0,0,0
1,270,317,0,15,0
1,270,318,0,0,0
1,270,319,0,9,0
1,270,320,0,9,0
1,270,321,0,9,0
1,270,322,0,0,0
1,270,323,0,15,0
1,270,324,0,0,0
1,270,325,0,9,0
1,270,326,0,9,0
1,270,327,0,9,0
1,271,272,9,9,0
1,271,273,9,9,0
1,271,274,9,0,0
1,271,275,9,15,0
1,271,276,9,0,0
1,271,277,9,9,0
1,271,278,9,9,0
1,271,279,9,9,0
1,271,280,9,0,0
1,271,281,9,15,0
1,271,282,9,0,0
1,271,283,9,9,0
1,271,284,9,9,0
1,271,285,9,9,0
1,271,286,9,0,0
1,271,287,9,15,0
1,271,288,9,0,0
1,271,289,9,9,0
1,271,290,9,9,0
1,271,291,9,9,0
1,271,292,9,0,0
1,271,293,9,15,0
1,271,294,9,0,0
1,271,295,9,9,0
1,271,296,9,9,0
1,271,297,9,9,0
1,271,298,9,0,0
1,271,299,9,15,0
1,271,300,9,0,0
1,271,301,9,9,0
1,271,302,9,9,0
1,271,303,9,9,0
1,271,304,9,0,0
1,271,305,9,15,0
1,271,306,9,0,0
1,271,307,9,9,0
1,271,308,9,9,0
1,271,309,9,9,0
1,271,310,9,0,0
1,271,311,9,15,0
1,271,312,9,0,0
1,271,313,9,9,0
1,271,314,9,9,0
1,271,315,9,9,0
1,271,316,9,0,0
1,271,317,9,15,0
1,271,318,9,0,0
1,271,319,9,9,0
1,271,320,9,9,0
1,271,321,9,9,0
1,271,322,9,0,0
1,271,323,9,15,0
1,271,324,9,0,0
1,271,325,9,9,0
1,271,326,9,9,0
1,271,327,9,9,0
1,272,273,9,9,0
1,272,274,9,0,0
1,272,275,9,15,0
1,272,276,9,0,0
1,272,277,9,9,0
1,272,278,9,9,0
1,272,279,9,9,0
1,272,280,9,0,0
1,272,281,9,15,0
1,272,282,9,0,0
1,272,283,9,9,0
1,272,284,9,9,0
1,272,285,9,9,0
1,272,286,9,0,0
1,272,287,9,15,0
1,272,288,9,0,0
1,272,289,9,9,0
1,272,290,9,9,0
1,272,291,9,9,0
1,272,292,9,0,0
1,272,293,9,15,0
1,272,294,9,0,0
1,272,295,9,9,0
1,272,296,9,9,0
1,272,297,9,9,0
1,272,298,9,0,0
1,272,299,9,15,0
1,272,300,9,0,0
1,272,301,9,9,0
1,272,302,9,9,0
1,272,303,9,9,0
1,272,304,9,0,0
1,272,305,9,15,0
1,272,306,9,0,0
1,272,307,9,9,0
1,272,308,9,9,0
1,272,309,9,9,0
1,272,310,9,0,0
1,272,311,9,15,0
1,272,312,9,0,0
1,272,313,9,9,0
1,272,314,9,9,0
1,272,315,9,9,0
1,272,316,9,0,0
1,272,317,9,15,0
1,272,318,9,0,0
1,272,319,9,9,0
1,272,320,9,9,0
1,272,321,9,9,0
1,272,322,9,0,0
1,272,323,9,15,0
1,272,324,9,0,0
1,272,325,9,9,0
1,272,326,9,9,0
1,272,327,9,9,0
1,273,274,9,0,0
1,273,275,9,15,0
1,273,276,9,0,0
1,273,277,9,9,0
1,273,278,9,9,0
1,273,279,9,9,0
1,273,280,9,0,0
1,273,281,9,15,0
1,273,282,9,0,0
1,273,283,9,9,0
1,273,284,9,9,0
1,273,285,9,9,0
1,273,286,9,0,0
1,273,287,9,15,0
1,273,288,9,0,0
1,273,289,9,9,0
1,273,290,9,9,0
1,273,291,9,9,0
1,273,292,9,0,0
1,273,293,9,15,0
1,273,294,9,0,0
1,273,295,9,9,0
1,273,296,9,9,0
1,273,297,9,9,0
1,273,298,9,0,0
1,273,299,9,15,0
1,273,300,9,0,0
1,273,301,9,9,0
1,273,302,9,9,0
1,273,303,9,9,0
1,273,304,9,0,0
1,273,305,9,15,0
1,273,306,9,0,0
1,273,307,9,9,0
1,273,308,9,9,0
1,273,309,9,9,0
1,273,310,9,0,0
1,273,311,9,15,0
1,273,312,9,0,0
1,273,313,9,9,0
1,273,314,9,9,0
1,273,315,9,9,0
1,273,316,9,0,0
1,273,317,9,15,0
1,273,318,9,0,0
1,273,319,9,9,0
1,273,320,9,9,0
1,273,321,9,9,0
1,273,322,9,0,0
1,273,323,9,15,0
1,273,324,9,0,0
1,273,325,9,9,0
1,273,326,9,9,0
1,273,327,9,9,0
1,274,275,0,15,1
1,274,276,0,0,1
1,274,277,0,9,0
1,274,278,0,9,0
1,274,279,0,9,0
1,274,280,0,0,0
1,274,281,0,15,0
1,274,282,0,0,0
1,274,283,0,9,0
1,274,284,0,9,0
1,274,285,0,9,0
1,274,286,0,0,0
1,274,287,0,15,0
1,274,288,0,0,0
1,274,289,0,9,0
1,274,290,0,9,0
1,274,291,0,9,0
1,274,292,0,0,0
1,274,293,0,15,0
1,274,294,0,0,0
1,274,295,0,9,0
1,274,296,0,9,0
1,274,297,0,9,0
1,274,298,0,0,0
1,274,299,0,15,0
1,274,300,0,0,0
1,274,301,0,9,0
1,274,302,0,9,0
1,274,303,0,9,0
1,274,304,0,0,0
1,274,305,0,15,0
1,274,306,0,0,0
1,274,307,0,9,0
1,274,308,0,9,0
1,274,309,0,9,0
1,274,310,0,0,0
1,274,311,0,15,0
1,274,312,0,0,0
1,274,313,0,9,0
1,274,314,0,9,0
1,274,315,0,9,0
1,274,316,0,0,0
1,274,317,0,15,0
1,274,318,0,0,0
1,274,319,0,9,0
1,274,320,0,9,0
1,274,321,0,9,0
1,274,322,0,0,0
1,274,323,0,15,0
1,274,324,0,0,0
1,274,325,0,9,0
1,274,326,0,9,0
1,274,327,0,9,0
1,275,276,15,0,0
1,275,277,15,9,0
1,275,278,15,9,0
1,275,279,15,9,0
1,275,280,15,0,0
1,275,281,15,15,0
1,275,282,15,0,0
1,275,283,15,9,0
1,275,284,15,9,0
1,275,285,15,9,0
1,275,286,15,0,0
1,275,287,15,15,0
1,275,288,15,0,0
1,275,289,15,9,0
1,275,290,15,9,0
1,275,291,15,9,0
1,275,292,15,0,0
1,275,293,15,15,0
1,275,294,15,0,0
1,275,295,15,9,0
1,275,296,15,9,0
1,275,297,15,9,0
1,275,298,15,0,0
1,275,299,15,15,0
1,275,300,15,0,0
1,275,301,15,9,0
1,275,302,15,9,0
1,275,303,15,9,0
1,275,304,15,0,0
1,275,305,15,15,0
1,275,306,15,0,0
1,275,307,15,9,0
1,275,308,15,9,0
1,275,309,15,9,0
1,275,310,15,0,0
1,275,311,15,15,0
1,275,312,15,0,0
1,275,313,15,9,0
1,275,314,15,9,0
1,275,315,15,9,0
1,275,316,15,0,0
1,275,317,15,15,0
1,275,318,15,0,0
1,275,319,15,9,0
1,275,320,15,9,0
1,275,321,15,9,0
1,275,322,15,0,0
1,275,323,15,15,0
1,275,324,15,0,0
1,275,325,15,9,0
1,275,326,15,9,0
1,275,327,15,9,0
1,276,277,0,9,1
1,276,278,0,9,1
1,276,279,0,9,1
1,276,280,0,0,0
1,276,281,0,15,0
1,276,282,0,0,0
1,276,283,0,9,0
1,276,284,0,9,0
1,276,285,0,9,0
1,276,286,0,0,0
1,276,287,0,15,0
1,276,288,0,0,0
1,276,289,0,9,0
1,276,290,0,9,0
1,276,291,0,9,0
1,276,292,0,0,0
1,276,293,0,15,0
1,276,294,0,0,0
1,276,295,0,9,0
1,276,296,0,9,0
1,276,297,0,9,0
1,276,298,0,0,0
1,276,299,0,15,0
1,276,300,0,0,0
1,276,301,0,9,0
1,276,302,0,9,0
1,276,303,0,9,0
1,276,304,0,0,0
1,276,305,0,15,0
1,276,306,0,0,0
1,276,307,0,9,0
1,276,308,0,9,0
1,276,309,0,9,0
1,276,310,0,0,0
1,276,311,0,15,0
1,276,312,0,0,0
1,276,313,0,9,0
1,276,314,0,9,0
1,276,315,0,9,0
1,276,316,0,0,0
1,276,317,0,15,0
1,276,318,0,0,0
1,276,319,0,9,0
1,276,320,0,9,0
1,276,321,0,9,0
1,276,322,0,0,0
1,276,323,0,15,0
1,276,324,0,0,0
1,276,325,0,9,0
1,276,326,0,9,0
1,276,327,0,9,0
1,277,278,9,9,0
1,277,279,9,9,0
1,277,280,9,0,0
1,277,281,9,15,0
1,277,282,9,0,0
1,277,283,9,9,0
1,277,284,9,9,0
1,277,285,9,9,0
1,277,286,9,0,0
1,277,287,9,15,0
1,277,288,9,0,0
1,277,289,9,9,0
1,277,290,9,9,0
1,277,291,9,9,0
1,277,292,9,0,0
1,277,293,9,15,0
1,277,294,9,0,0
1,277,295,9,9,0
1,277,296,9,9,0
1,277,297,9,9,0
1,277,298,9,0,0
1,277,299,9,15,0
1,277,300,9,0,0
1,277,301,9,9,0
1,277,302,9,9,0
1,277,303,9,9,0
1,277,304,9,0,0
1,277,305,9,15,0
1,277,306,9,0,0
1,277,307,9,9,0
1,277,308,9,9,0
1,277,309,9,9,0
1,277,310,9,0,0
1,277,311,9,15,0
1,277,312,9,0,0
1,277,313,9,9,0
1,277,314,9,9,0
1,277,315,9,9,0
1,277,316,9,0,0
1,277,317,9,15,0
1,277,318,9,0,0
1,277,319,9,9,0
1,277,320,9,9,0
1,277,321,9,9,0
1,277,322,9,0,0
1,277,323,9,15,0
1,277,324,9,0,0
1,277,325,9,9,0
1,277,326,9,9,0
1,277,327,9,9,0
1,278,279,9,9,0
1,278,280,9,0,0
1,278,281,9,15,0
1,278,282,9,0,0
1,278,283,9,9,0
1,278,284,9,9,0
1,278,285,9,9,0
1,278,286,9,0,0
1,278,287,9,15,0
1,278,288,9,0,0
1,278,289,9,9,0
1,278,290,9,9,0
1,278,291,9,9,0
1,278,292,9,0,0
1,278,293,9,15,0
1,278,294,9,0,0
1,278,295,9,9,0
1,278,296,9,9,0
1,278,297,9,9,0
1,278,298,9,0,0
1,278,299,9,15,0
1,278,300,9,0,0
1,278,301,9,9,0
1,278,302,9,9,0
1,278,303,9,9,0
1,278,304,9,0,0
1,278,305,9,15,0
1,278,306,9,0,0
1,278,307,9,9,0
1,278,308,9,9,0
1,278,309,9,9,0
1,278,310,9,0,0
1,278,311,9,15,0
1,278,312,9,0,0
1,278,313,9,9,0
1,278,314,9,9,0
1,278,315,9,9,0
1,278,316,9,0,0
1,278,317,9,15,0
1,278,318,9,0,0
1,278,319,9,9,0
1,278,320,9,9,0
1,278,321,9,9,0
1,278,322,9,0,0
1,278,323,9,15,0
1,278,324,9,0,0
1,278,325,9,9,0
1,278,326,9,9,0
1,278,327,9,9,0
1,279,280,9,0,0
1,279,281,9,15,0
1,279,282,9,0,0
1,279,283,9,9,0
1,279,284,9,9,0
1,279,285,9,9,0
1,279,286,9,0,0
1,279,287,9,15,0
1,279,288,9,0,0
1,279,289,9,9,0
1,279,290,9,9,0
1,279,291,9,9,0
1,279,292,9,0,0
1,279,293,9,15,0
1,279,294,9,0,0
1,279,295,9,9,0
1,279,296,9,9,0
1,279,297,9,9,0
1,279,298,9,0,0
1,279,299,9,15,0
1,279,300,9,0,0
1,279,301,9,9,0
1,279,302,9,9,0
1,279,303,9,9,0
1,279,304,9,0,0
1,279,305,9,15,0
1,279,306,9,0,0
1,279,307,9,9,0
1,279,308,9,9,0
1,279,309,9,9,0
1,279,310,9,0,0
1,279,311,9,15,0
1,279,312,9,0,0
1,279,313,9,9,0
1,279,314,9,9,0
1,279,315,9,9,0
1,279,316,9,0,0
1,279,317,9,15,0
1,279,318,9,0,0
1,279,319,9,9,0
1,279,320,9,9,0
1,279,321,9,9,0
1,279,322,9,0,0
1,279,323,9,15,0
1,279,324,9,0,0
1,279,325,9,9,0
1,279,326,9,9,0
1,279,327,9,9,0
1,280,281,0,15,1
1,280,282,0,0,1
1,280,283,0,9,0
1,280,284,0,9,0
1,280,285,0,9,0
1,280,286,0,0,0
1,280,287,0,15,0
1,280,288,0,0,0
1,280,289,0,9,0
1,280,290,0,9,0
1,280,291,0,9,0
1,280,292,0,0,0
1,280,293,0,15,0
1,280,294,0,0,0
1,280,295,0,9,0
1,280,296,0,9,0
1,280,297,0,9,0
1,280,298,0,0,0
1,280,299,0,15,0
1,280,300,0,0,0
1,280,301,0,9,0
1,280,302,0,9,0
1,280,303,0,9,0
1,280,304,0,0,0
1,280,305,0,15,0
1,280,306,0,0,0
1,280,307,0,9,0
1,280,308,0,9,0
1,280,309,0,9,0
1,280,310,0,0,0
1,280,311,0,15,0
1,280,312,0,0,0
1,280,313,0,9,0
1,280,314,0,9,0
1,280,315,0,9,0
1,280,316,0,0,0
1,280,317,0,15,0
1,280,318,0,0,0
1,280,319,0,9,0
1,280,320,0,9,0
1,280,321,0,9,0
1,280,322,0,0,0
1,280,323,0,15,0
1,280,324,0,0,0
1,280,325,0,9,0
1,280,326,0,9,0
1,280,327,0,9,0
1,281,282,15,0,0
1,281,283,15,9,0
1,281,284,15,9,0
1,281,285,15,9,0
1,281,286,15,0,0
1,281,287,15,15,0
1,281,288,15,0,0
1,281,289,15,9,0
1,281,290,15,9,0
1,281,291,15,9,0
1,281,292,15,0,0
1,281,293,15,15,0
1,281,294,15,0,0
1,281,295,15,9,0
1,281,296,15,9,0
1,281,297,15,9,0
1,281,298,15,0,0
1,281,299,15,15,0
1,281,300,15,0,0
1,281,301,15,9,0
1,281,302,15,9,0
1,281,303,15,9,0
1,281,304,15,0,0
1,281,305,15,15,0
1,281,306,15,0,0
1,281,307,15,9,0
1,281,308,15,9,0
1,281,309,15,9,0
1,281,310,15,0,0
1,281,311,15,15,0
1,281,312,15,0,0
1,281,313,15,9,0
1,281,314,15,9,0
1,281,315,15,9,0
1,281,316,15,0,0
1,281,317,15,15,0
1,281,318,15,0,0
1,281,319,15,9,0
1,281,320,15,9,0
1,281,321,15,9,0
1,281,322,15,0,0
1,281,323,15,15,0
1,281,324,15,0,0
1,281,325,15,9,0
1,281,326,15,9,0
1,281,327,15,9,0
1,282,283,0,9,1
1,282,284,0,9,1
1,282,285,0,9,1
1,282,286,0,0,0
1,282,287,0,15,0
1,282,288,0,0,0
1,282,289,0,9,0
1,282,290,0,9,0
1,282,291,0,9,0
1,282,292,0,0,0
1,282,293,0,15,0
1,282,294,0,0,0
1,282,295,0,9,0
1,282,296,0,9,0
1,282,297,0,9,0
1,282,298,0,0,0
1,282,299,0,15,0
1,282,300,0,0,0
1,282,301,0,9,0
1,282,302,0,9,0
1,282,303,0,9,0
1,282,304,0,0,0
1,282,305,0,15,0
1,282,306,0,0,0
1,282,307,0,9,0
1,282,308,0,9,0
1,282,309,0,9,0
1,282,310,0,0,0
1,282,311,0,15,0
1,282,312,0,0,0
1,282,313,0,9,0
1,282,314,0,9,0
1,282,315,0,9,0
1,282,316,0,0,0
1,282,317,0,15,0
1,282,318,0,0,0
1,282,319,0,9,0
1,282,320,0,9,0
1,282,321,0,9,0
1,282,322,0,0,0
1,282,323,0,15,0
1,282,324,0,0,0
1,282,325,0,9,0
1,282,326,0,9,0
1,282,327,0,9,0
1,283,284,9,9,0
1,283,285,9,9,0
1,283,286,9,0,0
1,283,287,9,15,0
1,283,288,9,0,0
1,283,289,9,9,0
1,283,290,9,9,0
1,283,291,9,9,0
1,283,292,9,0,0
1,283,293,9,15,0
1,283,294,9,0,0
1,283,295,9,9,0
1,283,296,9,9,0
1,283,297,9,9,0
1,283,298,9,0,0
1,283,299,9,15,0
1,283,300,9,0,0
1,283,301,9,9,0
1,283,302,9,9,0
1,283,303,9,9,0
1,283,304,9,0,0
1,283,305,9,15,0
1,283,306,9,0,0
1,283,307,9,9,0
1,283,308,9,9,0
1,283,309,9,9,0
1,283,310,9,0,0
1,283,311,9,15,0
1,283,312,9,0,0
1,283,313,9,9,0
1,283,314,9,9,0
1,283,315,9,9,0
1,283,316,9,0,0
1,283,317,9,15,0
1,283,318,9,0,0
1,283,319,9,9,0
1,283,320,9,9,0
1,283,321,9,9,0
1,283,322,9,0,0
1,283,323,9,15,0
1,283,324,9,0,0
1,283,325,9,9,0
1,283,326,9,9,0
1,283,327,9,9,0
1,284,285,9,9,0
1,284,286,9,0,0
1,284,287,9,15,0
1,284,288,9,0,0
1,284,289,9,9,0
1,284,290,9,9,0
1,284,291,9,9,0
1,284,292,9,0,0
1,284,293,9,15,0
1,284,294,9,0,0
1,284,295,9,9,0
1,284,296,9,9,0
1,284,297,9,9,0
1,284,298,9,0,0
1,284,299,9,15,0
1,284,300,9,0,0
1,284,301,9,9,0
1,284,302,9,9,0
1,284,303,9,9,0
1,284,304,9,0,0
1,284,305,9,15,0
1,284,306,9,0,0
1,284,307,9,9,0
1,284,308,9,9,0
1,284,309,9,9,0
1,284,310,9,0,0
1,284,311,9,15,0
1,284,312,9,0,0
1,284,313,9,9,0
1,284,314,9,9,0
1,284,315,9,9,0
1,284,316,9,0,0
1,284,317,9,15,0
1,284,318,9,0,0
1,284,319,9,9,0
1,284,320,9,9,0
1,284,321,9,9,0
1,284,322,9,0,0
1,284,323,9,15,0
1,284,324,9,0,0
1,284,325,9,9,0
1,284,326,9,9,0
1,284,327,9,9,0
1,285,286,9,0,0
1,285,287,9,15,0
1,285,288,9,0,0
1,285,289,9,9,0
1,285,290,9,9,0
1,285,291,9,9,0
1,285,292,9,0,0
1,285,293,9,15,0
1,285,294,9,0,0
1,285,295,9,9,0
1,285,296,9,9,0
1,285,297,9,9,0
1,285,298,9,0,0
1,285,299,9,15,0
1,285,300,9,0,0
1,285,301,9,9,0
1,285,302,9,9,0
1,285,303,9,9,0
1,285,304,9,0,0
1,285,305,9,15,0
1,285,306,9,0,0
1,285,307,9,9,0
1,285,308,9,9,0
1,285,309,9,9,0
1,285,310,9,0,0
1,285,311,9,15,0
1,285,312,9,0,0
1,285,313,9,9,0
1,285,314,9,9,0
1,285,315,9,9,0
1,285,316,9,0,0
1,285,317,9,15,0
1,285,318,9,0,0
1,285,319,9,9,0
1,285,320,9,9,0
1,285,321,9,9,0
1,285,322,9,0,0
1,285,323,9,15,0
1,285,324,9,0,0
1,285,325,9,9,0
1,285,326,9,9,0
1,285,327,9,9,0
1,286,287,0,15,1
1,286,288,0,0,1
1,286,289,0,9,0
1,286,290,0,9,0
1,286,291,0,9,0
1,286,292,0,0,0
1,286,293,0,15,0
1,286,294,0,0,0
1,286,295,0,9,0
1,286,296,0,9,0
1,286,297,0,9,0
1,286,298,0,0,0
1,286,299,0,15,0
1,286,300,0,0,0
1,286,301,0,9,0
1,286,302,0,9,0
1,286,303,0,9,0
1,286,304,0,0,0
1,286,305,0,15,0
1,286,306,0,0,0
1,286,307,0,9,0
1,286,308,0,9,0
1,286,309,0,9,0
1,286,310,0,0,0
1,286,311,0,15,0
1,286,312,0,0,0
1,286,313,0,9,0
1,286,314,0,9,0
1,286,315,0,9,0
1,286,316,0,0,0
1,286,317,0,15,0
1,286,318,0,0,0
1,286,319,0,9,0
1,286,320,0,9,0
1,286,321,0,9,0
1,286,322,0,0,0
1,286,323,0,15,0
1,286,324,0,0,0
1,286,325,0,9,0
1,286,326,0,9,0
1,286,327,0,9,0
1,287,288,15,0,0
1,287,289,15,9,0
1,287,290,15,9,0
1,287,291,15,9,0
1,287,292,15,0,0
1,287,293,15,15,0
1,287,294,15,0,0
1,287,295,15,9,0
1,287,296,15,9,0
1,287,297,15,9,0
1,287,298,15,0,0
1,287,299,15,15,0
1,287,300,15,0,0
1,287,301,15,9,0
1,287,302,15,9,0
1,287,303,15,9,0
1,287,304,15,0,0
1,287,305,15,15,0
1,287,306,15,0,0
1,287,307,15,9,0
1,287,308,15,9,0
1,287,309,15,9,0
1,287,310,15,0,0
1,287,311,15,15,0
1,287,312,15,0,0
1,287,313,15,9,0
1,287,314,15,9,0
1,287,315,15,9,0
1,287,316,15,0,0
1,287,317,15,15,0
1,287,318,15,0,0
1,287,319,15,9,0
1,287,320,15,9,0
1,287,321,15,9,0
1,287,322,15,0,0
1,287,323,15,15,0
1,287,324,15,0,0
1,287,325,15,9,0
1,287,326,15,9,0
1,287,327,15,9,0
1,288,289,0,9,1
1,288,290,0,9,1
1,288,291,0,9,1
1,288,292,0,0,0
1,288,293,0,15,0
1,288,294,0,0,0
1,288,295,0,9,0
1,288,296,0,9,0
1,288,297,0,9,0
1,288,298,0,0,0
1,288,299,0,15,0
1,288,300,0,0,0
1,288,301,0,9,0
1,288,302,0,9,0
1,288,303,0,9,0
1,288,304,0,0,0
1,288,305,0,15,0
1,288,306,0,0,0
1,288,307,0,9,0
1,288,308,0,9,0
1,288,309,0,9,0
1,288,310,0,0,0
1,288,311,0,15,0
1,288,312,0,0,0
1,288,313,0,9,0
1,288,314,0,9,0
1,288,315,0,9,0
1,288,316,0,0,0
1,288,317,0,15,0
1,288,318,0,0,0
1,288,319,0,9,0
1,288,320,0,9,0
1,288,321,0,9,0
1,288,322,0,0,0
1,288,323,0,15,0
1,288,324,0,0,0
1,288,325,0,9,0
1,288,326,0,9,0
1,288,327,0,9,0
1,289,290,9,9,0
1,289,291,9,9,0
1,289,292,9,0,0
1,289,293,9,15,0
1,289,294,9,0,0
1,289,295,9,9,0
1,289,296,9,9,0
1,289,297,9,9,0
1,289,298,9,0,0
1,289,299,9,15,0
1,289,300,9,0,0
1,289,301,9,9,0
1,289,302,9,9,0
1,289,303,9,9,0
1,289,304,9,0,0
1,289,305,9,15,0
1,289,306,9,0,0
1,289,307,9,9,0
1,289,308,9,9,0
1,289,309,9,9,0
1,289,310,9,0,0
1,289,311,9,15,0
1,289,312,9,0,0
1,289,313,9,9,0
1,289,314,9,9,0
1,289,315,9,9,0
1,289,316,9,0,0
1,289,317,9,15,0
1,289,318,9,0,0
1,289,319,9,9,0
1,289,320,9,9,0
1,289,321,9,9,0
1,289,322,9,0,0
1,289,323,9,15,0
1,289,324,9,0,0
1,289,325,9,9,0
1,289,326,9,9,0
1,289,327,9,9,0
1,290,291,9,9,0
1,290,292,9,0,0
1,290,293,9,15,0
1,290,294,9,0,0
1,290,295,9,9,0
1,290,296,9,9,0
1,290,297,9,9,0
1,290,298,9,0,0
1,290,299,9,15,0
1,290,300,9,0,0
1,290,301,9,9,0
1,290,302,9,9,0
1,290,303,9,9,0
1,290,304,9,0,0
1,290,305,9,15,0
1,290,306,9,0,0
1,290,307,9,9,0
1,290,308,9,9,0
1,290,309,9,9,0
1,290,310,9,0,0
1,290,311,9,15,0
1,290,312,9,0,0
1,290,313,9,9,0
1,290,314,9,9,0
1,290,315,9,9,0
1,290,316,9,0,0
1,290,317,9,15,0
1,290,318,9,0,0
1,290,319,9,9,0
1,290,320,9,9,0
1,290,321,9,9,0
1,290,322,9,0,0
1,290,323,9,15,0
1,290,324,9,0,0
1,290,325,9,9,0
1,290,326,9,9,0
1,290,327,9,9,0
1,291,292,9,0,0
1,291,293,9,15,0
1,291,294,9,0,0
1,291,295,9,9,0
1,291,296,9,9,0
1,291,297,9,9,0
1,291,298,9,0,0
1,291,299,9,15,0
1,291,300,9,0,0
1,291,301,9,9,0
1,291,302,9,9,0
1,291,303,9,9,0
1,291,304,9,0,0
1,291,305,9,15,0
1,291,306,9,0,0
1,291,307,9,9,0
1,291,308,9,9,0
1,291,309,9,9,0
1,291,310,9,0,0
1,291,311,9,15,0
1,291,312,9,0,0
1,291,313,9,9,0
1,291,314,9,9,0
1,291,315,9,9,0
1,291,316,9,0,0
1,291,317,9,15,0
1,291,318,9,0,0
1,291,319,9,9,0
1,291,320,9,9,0
1,291,321,9,9,0
1,291,322,9,0,0
1,291,323,9,15,0
1,291,324,9,0,0
1,291,325,9,9,0
1,291,326,9,9,0
1,291,327,9,9,0
1,292,293,0,15,1
1,292,294,0,0,1
1,292,295,0,9,0
1,292,296,0,9,0
1,292,297,0,9,0
1,292,298,0,0,0
1,292,299,0,15,0
1,292,300,0,0,0
1,292,301,0,9,0
1,292,302,0,9,0
1,292,303,0,9,0
1,292,304,0,0,0
1,292,305,0,15,0
1,292,306,0,0,0
1,292,307,0,9,0
1,292,308,0,9,0
1,292,309,0,9,0
1,292,310,0,0,0
1,292,311,0,15,0
1,292,312,0,0,0
1,292,313,0,9,0
1,292,314,0,9,0
1,292,315,0,9,0
1,292,316,0,0,0
1,292,317,0,15,0
1,292,318,0,0,0
1,292,319,0,9,0
1,292,320,0,9,0
1,292,321,0,9,0
1,292,322,0,0,0
1,292,323,0,15,0
1,292,324,0,0,0
1,292,325,0,9,0
1,292,326,0,9,0
1,292,327,0,9,0
1,293,294,15,0,0
1,293,295,15,9,0
1,293,296,15,9,0
1,293,297,15,9,0
1,293,298,15,0,0
1,293,299,15,15,0
1,293,300,15,0,0
1,293,301,15,9,0
1,293,302,15,9,0
1,293,303,15,9,0
1,293,304,15,0,0
1,293,305,15,15,0
1,293,306,15,0,0
1,293,307,15,9,0
1,293,308,15,9,0
1,293,309,15,9,0
1,293,310,15,0,0
1,293,311,15,15,0
1,293,312,15,0,0
1,293,313,15,9,0
1,293,314,15,9,0
1,293,315,15,9,0
1,293,316,15,0,0
1,293,317,15,15,0
1,293,318,15,0,0
1,293,319,15,9,0
1,293,320,15,9,0
1,293,321,15,9,0
1,293,322,15,0,0
1,293,323,15,15,0
1,293,324,15,0,0
1,293,325,15,9,0
1,293,326,15,9,0
1,293,327,15,9,0
1,294,295,0,9,1
1,294,296,0,9,1
1,294,297,0,9,1
1,294,298,0,0,0
1,294,299,0,15,0
1,294,300,0,0,0
1,294,301,0,9,0
1,294,302,0,9,0
1,294,303,0,9,0
1,294,304,0,0,0
1,294,305,0,15,0
1,294,306,0,0,0
1,294,307,0,9,0
1,294,308,0,9,0
1,294,309,0,9,0
1,294,310,0,0,0
1,294,311,0,15,0
1,294,312,0,0,0
1,294,313,0,9,0
1,294,314,0,9,0
1,294,315,0,9,0
1,294,316,0,0,0
1,294,317,0,15,0
1,294,318,0,0,0
1,294,319,0,9,0
1,294,320,0,9,0
1,294,321,0,9,0
1,294,322,0,0,0
1,294,323,0,15,0
1,294,324,0,0,0
1,294,325,0,9,0
1,294,326,0,9,0
1,294,327,0,9,0
1,295,296,9,9,0
1,295,297,9,9,0
1,295,298,9,0,0
1,295,299,9,15,0
1,295,300,9,0,0
1,295,301,9,9,0
1,295,302,9,9,0
1,295,303,9,9,0
1,295,304,9,0,0
1,295,305,9,15,0
1,295,306,9,0,0
1,295,307,9,9,0
1,295,308,9,9,0
1,295,309,9,9,0
1,295,310,9,0,0
1,295,311,9,15,0
1,295,312,9,0,0
1,295,313,9,9,0
1,295,314,9,9,0
1,295,315,9,9,0
1,295,316,9,0,0
1,295,317,9,15,0
1,295,318,9,0,0
1,295,319,9,9,0
1,295,320,9,9,0
1,295,321,9,9,0
1,295,322,9,0,0
1,295,323,9,15,0
1,295,324,9,0,0
1,295,325,9,9,0
1,295,326,9,9,0
1,295,327,9,9,0
1,296,297,9,9,0
1,296,298,9,0,0
1,296,299,9,15,0
1,296,300,9,0,0
1,296,301,9,9,0
1,296,302,9,9,0
1,296,303,9,9,0
1,296,304,9,0,0
1,296,305,9,15,0
1,296,306,9,0,0
1,296,307,9,9,0
1,296,308,9,9,0
1,296,309,9,9,0
1,296,310,9,0,0
1,296,311,9,15,0
1,296,312,9,0,0
1,296,313,9,9,0
1,296,314,9,9,0
1,296,315,9,9,0
1,296,316,9,0,0
1,296,317,9,15,0
1,296,318,9,0,0
1,296,319,9,9,0
1,296,320,9,9,0
1,296,321,9,9,0
1,296,322,9,0,0
1,296,323,9,15,0
1,296,324,9,0,0
1,296,325,9,9,0
1,296,326,9,9,0
1,296,327,9,9,0
1,297,298,9,0,0
1,297,299,9,15,0
1,297,300,9,0,0
1,297,301,9,9,0
1,297,302,9,9,0
1,297,303,9,9,0
1,297,304,9,0,0
1,297,305,9,15,0
1,297,306,9,0,0
1,297,307,9,9,0
1,297,308,9,9,0
1,297,309,9,9,0
1,297,310,9,0,0
1,297,311,9,15,0
1,297,312,9,0,0
1,297,313,9,9,0
1,297,314,9,9,0
1,297,315,9,9,0
1,297,316,9,0,0
1,297,317,9,15,0
1,297,318,9,0,0
1,297,319,9,9,0
1,297,320,9,9,0
1,297,321,9,9,0
1,297,322,9,0,0
1,297,323,9,15,0
1,297,324,9,0,0
1,297,325,9,9,0
1,297,326,9,9,0
1,297,327,9,9,0
1,298,299,0,15,1
1,298,300,0,0,1
1,298,301,0,9,0
1,298,302,0,9,0
1,298,303,0,9,0
1,298,304,0,0,0
1,298,305,0,15,0
1,298,306,0,0,0
1,298,307,0,9,0
1,298,308,0,9,0
1,298,309,0,9,0
1,298,310,0,0,0
1,298,311,0,15,0
1,298,312,0,0,0
1,298,313,0,9,0
1,298,314,0,9,0
1,298,315,0,9,0
1,298,316,0,0,0
1,298,317,0,15,0
1,298,318,0,0,0
1,298,319,0,9,0
1,298,320,0,9,0
1,298,321,0,9,0
1,298,322,0,0,0
1,298,323,0,15,0
1,298,324,0,0,0
1,298,325,0,9,0
1,298,326,0,9,0
1,298,327,0,9,0
1,299,300,15,0,0
1,299,301,15,9,0
1,299,302,15,9,0
1,299,303,15,9,0
1,299,304,15,0,0
1,299,305,15,15,0
1,299,306,15,0,0
1,299,307,15,9,0
1,299,308,15,9,0
1,299,309,15,9,0
1,299,310,15,0,0
1,299,311,15,15,0
1,299,312,15,0,0
1,299,313,15,9,0
1,299,314,15,9,0
1,299,315,15,9,0
1,299,316,15,0,0
1,299,317,15,15,0
1,299,318,15,0,0
1,299,319,15,9,0
1,299,320,15,9,0
1,299,321,15,9,0
1,299,322,15,0,0
1,299,323,15,15,0
1,299,324,15,0,0
1,299,325,15,9,0
1,299,326,15,9,0
1,299,327,15,9,0
1,300,301,0,9,1
1,300,302,0,9,1
1,300,303,0,9,1
1,300,304,0,0,0
1,300,305,0,15,0
1,300,306,0,0,0
1,300,307,0,9,0
1,300,308,0,9,0
1,300,309,0,9,0
1,300,310,0,0,0
1,300,311,0,15,0
1,300,312,0,0,0
1,300,313,0,9,0
1,300,314,0,9,0
1,300,315,0,9,0
1,300,316,0,0,0
1,300,317,0,15,0
1,300,318,0,0,0
1,300,319,0,9,0
1,300,320,0,9,0
1,300,321,0,9,0
1,300,322,0,0,0
1,300,323,0,15,0
1,300,324,0,0,0
1,300,325,0,9,0
1,300,326,0,9,0
1,300,327,0,9,0
1,301,302,9,9,0
1,301,303,9,9,0
1,301,304,9,0,0
1,301,305,9,15,0
1,301,306,9,0,0
1,301,307,9,9,0
1,301,308,9,9,0
1,301,309,9,9,0
1,301,310,9,0,0
1,301,311,9,15,0
1,301,312,9,0,0
1,301,313,9,9,0
1,301,314,9,9,0
1,301,315,9,9,0
1,301,316,9,0,0
1,301,317,9,15,0
1,301,318,9,0,0
1,301,319,9,9,0
1,301,320,9,9,0
1,301,321,9,9,0
1,301,322,9,0,0
1,301,323,9,15,0
1,301,324,9,0,0
1,301,325,9,9,0
1,301,326,9,9,0
1,301,327,9,9,0
1,302,303,9,9,0
1,302,304,9,0,0
1,302,305,9,15,0
1,302,306,9,0,0
1,302,307,9,9,0
1,302,308,9,9,0
1,302,309,9,9,0
1,302,310,9,0,0
1,302,311,9,15,0
1,302,312,9,0,0
1,302,313,9,9,0
1,302,314,9,9,0
1,302,315,9,9,0
1,302,316,9,0,0
1,302,317,9,15,0
1,302,318,9,0,0
1,302,319,9,9,0
1,302,320,9,9,0
1,302,321,9,9,0
1,302,322,9,0,0
1,302,323,9,15,0
1,302,324,9,0,0
1,302,325,9,9,0
1,302,326,9,9,0
1,302,327,9,9,0
1,303,304,9,0,0
1,303,305,9,15,0
1,303,306,9,0,0
1,303,307,9,9,0
1,303,308,9,9,0
1,303,309,9,9,0
1,303,310,9,0,0
1,303,311,9,15,0
1,303,312,9,0,0
1,303,313,9,9,0
1,303,314,9,9,0
1,303,315,9,9,0
1,303,316,9,0,0
1,303,317,9,15,0
1,303,318,9,0,0
1,303,319,9,9,0
1,303,320,9,9,0
1,303,321,9,9,0
1,303,322,9,0,0
1,303,323,9,15,0
1,303,324,9,0,0
1,303,325,9,9,0
1,303,326,9,9,0
1,303,327,9,9,0
1,304,305,0,15,1
1,304,306,0,0,1
1,304,307,0,9,0
1,304,308,0,9,0
1,304,309,0,9,0
1,304,310,0,0,0
1,304,311,0,15,0
1,304,312,0,0,0
1,304,313,0,9,0
1,304,314,0,9,0
1,304,315,0,9,0
1,304,316,0,0,0
1,304,317,0,15,0
1,304,318,0,0,0
1,304,319,0,9,0
1,304,320,0,9,0
1,304,321,0,9,0
1,304,322,0,0,0
1,304,323,0,15,0
1,304,324,0,0,0
1,304,325,0,9,0
1,304,326,0,9,0
1,304,327,0,9,0
1,305,306,15,0,0
1,305,307,15,9,0
1,305,308,15,9,0
1,305,309,15,9,0
1,305,310,15,0,0
1,305,311,15,15,0
1,305,312,15,0,0
1,305,313,15,9,0
1,305,314,15,9,0
1,305,315,15,9,0
1,305,316,15,0,0
1,305,317,15,15,0
1,305,318,15,0,0
1,305,319,15,9,0
1,305,320,15,9,0
1,305,321,15,9,0
1,305,322,15,0,0
1,305,323,15,15,0
1,305,324,15,0,0
1,305,325,15,9,0
1,305,326,15,9,0
1,305,327,15,9,0
1,306,307,0,9,1
1,306,308,0,9,1
1,306,309,0,9,1
1,306,310,0,0,0
1,306,311,0,15,0
1,306,312,0,0,0
1,306,313,0,9,0
1,306,314,0,9,0
1,306,315,0,9,0
1,306,316,0,0,0
1,306,317,0,15,0
1,306,318,0,0,0
1,306,319,0,9,0
1,306,320,0,9,0
1,306,321,0,9,0
1,306,322,0,0,0
1,306,323,0,15,0
1,306,324,0,0,0
1,306,325,0,9,0
1,306,326,0,9,0
1,306,327,0,9,0
1,307,308,9,9,0
1,307,309,9,9,0
1,307,310,9,0,0
1,307,311,9,15,0
1,307,312,9,0,0
1,307,313,9,9,0
1,307,314,9,9,0
1,307,315,9,9,0
1,307,316,9,0,0
1,307,317,9,15,0
1,307,318,9,0,0
1,307,319,9,9,0
1,307,320,9,9,0
1,307,321,9,9,0
1,307,322,9,0,0
1,307,323,9,15,0
1,307,324,9,0,0
1,307,325,9,9,0
1,307,326,9,9,0
1,307,327,9,9,0
1,308,309,9,9,0
1,308,310,9,0,0
1,308,311,9,15,0
1,308,312,9,0,0
1,308,313,9,9,0
1,308,314,9,9,0
1,308,315,9,9,0
1,308,316,9,0,0
1,308,317,9,15,0
1,308,318,9,0,0
1,308,319,9,9,0
1,308,320,9,9,0
1,308,321,9,9,0
1,308,322,9,0,0
1,308,323,9,15,0
1,308,324,9,0,0
1,308,325,9,9,0
1,308,326,9,9,0
1,308,327,9,9,0
1,309,310,9,0,0
1,309,311,9,15,0
1,309,312,9,0,0
1,309,313,9,9,0
1,309,314,9,9,0
1,309,315,9,9,0
1,309,316,9,0,0
1,309,317,9,15,0
1,309,318,9,0,0
1,309,319,9,9,0
1,309,320,9,9,0
1,309,321,9,9,0
1,309,322,9,0,0
1,309,323,9,15,0
1,309,324,9,0,0
1,309,325,9,9,0
1,309,326,9,9,0
1,309,327,9,9,0
1,310,311,0,15,1
1,310,312,0,0,1
1,310,313,0,9,0
1,310,314,0,9,0
1,310,315,0,9,0
1,310,316,0,0,0
1,310,317,0,15,0
1,310,318,0,0,0
1,310,319,0,9,0
1,310,320,0,9,0
1,310,321,0,9,0
1,310,322,0,0,0
1,310,323,0,15,0
1,310,324,0,0,0
1,310,325,0,9,0
1,310,326,0,9,0
1,310,327,0,9,0
1,311,312,15,0,0
1,311,313,15,9,0
1,311,314,15,9,0
1,311,315,15,9,0
1,311,316,15,0,0
1,311,317,15,15,0
1,311,318,15,0,0
1,311,319,15,9,0
1,311,320,15,9,0
1,311,321,15,9,0
1,311,322,15,0,0
1,311,323,15,15,0
1,311,324,15,0,0
1,311,325,15,9,0
1,311,326,15,9,0
1,311,327,15,9,0
1,312,313,0,9,1
1,312,314,0,9,1
1,312,315,0,9,1
1,312,316,0,0,0
1,312,317,0,15,0
1,312,318,0,0,0
1,312,319,0,9,0
1,312,320,0,9,0
1,312,321,0,9,0
1,312,322,0,0,0
1,312,323,0,15,0
1,312,324,0,0,0
1,312,325,0,9,0
1,312,326,0,9,0
1,312,327,0,9,0
1,313,314,9,9,0
1,313,315,9,9,0
1,313,316,9,0,0
1,313,317,9,15,0
1,313,318,9,0,0
1,313,319,9,9,0
1,313,320,9,9,0
1,313,321,9,9,0
1,313,322,9,0,0
1,313,323,9,15,0
1,313,324,9,0,0
1,313,325,9,9,0
1,313,326,9,9,0
1,313,327,9,9,0
1,314,315,9,9,0
1,314,316,9,0,0
1,314,317,9,15,0
1,314,318,9,0,0
1,314,319,9,9,0
1,314,320,9,9,0
1,314,321,9,9,0
1,314,322,9,0,0
1,314,323,9,15,0
1,314,324,9,0,0
1,314,325,9,9,0
1,314,326,9,9,0
1,314,327,9,9,0
1,315,316,9,0,0
1,315,317,9,15,0
1,315,318,9,0,0
1,315,319,9,9,0
1,315,320,9,9,0
1,315,321,9,9,0
1,315,322,9,0,0
1,315,323,9,15,0
1,315,324,9,0,0
1,315,325,9,9,0
1,315,326,9,9,0
1,315,327,9,9,0
1,316,317,0,15,1
1,316,318,0,0,1
1,316,319,0,9,0
1,316,320,0,9,0
1,316,321,0,9,0
1,316,322,0,0,0
1,316,323,0,15,0
1,316,324,0,0,0
1,316,325,0,9,0
1,316,326,0,9,0
1,316,327,0,9,0
1,317,318,15,0,0
1,317,319,15,9,0
1,317,320,15,9,0
1,317,321,15,9,0
1,317,322,15,0,0
1,317,323,15,15,0
1,317,324,15,0,0
1,317,325,15,9,0
1,317,326,15,9,0
1,317,327,15,9,0
1,318,319,0,9,1
1,318,320,0,9,1
1,318,321,0,9,1
1,318,322,0,0,0
1,318,323,0,15,0
1,318,324,0,0,0
1,318,325,0,9,0
1,318,326,0,9,0
1,318,327,0,9,0
1,319,320,9,9,0
1,319,321,9,9,0
1,319,322,9,0,0
1,319,323,9,15,0
1,319,324,9,0,0
1,319,325,9,9,0
1,319,326,9,9,0
1,319,327,9,9,0
1,320,321,9,9,0
1,320,322,9,0,0
1,320,323,9,15,0
1,320,324,9,0,0
1,320,325,9,9,0
1,320,326,9,9,0
1,320,327,9,9,0
1,321,322,9,0,0
1,321,323,9,15,0
1,321,324,9,0,0
1,321,325,9,9,0
1,321,326,9,9,0
1,321,327,9,9,0
1,322,323,0,15,1
1,322,324,0,0,1
1,322,325,0,9,0
1,322,326,0,9,0
1,322,327,0,9,0
1,323,324,15,0,0
1,323,325,15,9,0
1,323,326,15,9,0
1,323,327,15,9,0
1,324,325,0,9,1
1,324,326,0,9,1
1,324,327,0,9,1
1,325,326,9,9,0
1,325,327,9,9,0
1,326,327,9,9,0
