type_i,type_j,element_i,element_j,charge_i,charge_j,mass_i,mass_j,charge_diff,degree_i,degree_j,valence_i,valence_j,same_element,bond_exists
9,3,3,0,0.121,0.022,1.008,14.027,0.099,1,2,1,4,0,0
8,9,3,3,0.203,0.092,1.008,1.008,0.111,1,1,1,1,1,0
8,0,3,0,0.222,-0.019,1.008,12.011,0.241,1,4,1,4,0,0
0,0,0,0,0.01,0.011,12.011,12.011,0.0009999999999999,4,4,4,4,1,1
0,0,0,0,0.011,-0.243,12.011,12.011,0.254,4,4,4,4,1,0
0,0,0,0,-0.019,-0.239,12.011,12.011,0.22,4,4,4,4,1,0
16,9,5,3,-0.332,0.129,15.9994,1.008,0.461,2,1,2,1,0,0
8,9,3,3,0.224,0.106,1.008,1.008,0.118,1,1,1,1,1,0
9,8,3,3,0.123,0.203,1.008,1.008,0.08,1,1,1,1,1,0
11,8,4,3,-0.379,0.268,14.0067,1.008,0.647,3,1,3,1,0,1
9,9,3,3,0.131,0.091,1.008,1.008,0.04,1,1,1,1,1,0
0,0,0,0,-0.014,-0.019,12.011,12.011,0.0049999999999999,4,4,4,4,1,1
9,15,3,5,0.11,-0.355,1.008,15.9994,0.4649999999999999,1,1,1,2,0,0
9,9,3,3,0.11,0.11,1.008,1.008,0.0,1,1,1,1,1,0
9,0,3,0,0.109,-0.243,1.008,12.011,0.352,1,4,1,4,0,0
9,8,3,3,0.11,0.268,1.008,1.008,0.158,1,1,1,1,1,0
0,9,0,3,-0.126,0.131,12.011,1.008,0.257,3,1,4,1,0,1
0,0,0,0,0.145,0.28,12.011,12.011,0.135,4,3,4,4,1,0
8,9,3,3,0.271,0.091,1.008,1.008,0.18,1,1,1,1,1,0
8,9,3,3,0.27,0.132,1.008,1.008,0.138,1,1,1,1,1,0
9,9,3,3,0.11,0.105,1.008,1.008,0.005,1,1,1,1,1,0
0,17,0,5,-0.014,-0.32,12.011,15.9994,0.306,4,2,4,2,0,1
0,16,0,5,-0.019,-0.332,12.011,15.9994,0.313,4,2,4,2,0,1
11,8,4,3,-0.368,0.265,14.0067,1.008,0.633,3,1,3,1,0,0
0,0,0,0,-0.304,0.416,12.011,12.011,0.72,3,3,4,4,1,1
9,0,3,0,0.108,0.277,1.008,12.011,0.169,1,3,1,4,0,0
0,0,0,0,-0.32,0.367,12.011,12.011,0.687,3,4,4,4,1,0
0,9,0,3,-0.259,0.178,12.011,1.008,0.437,3,1,4,1,0,1
9,9,3,3,0.108,0.108,1.008,1.008,0.0,1,1,1,1,1,0
0,9,0,3,-0.014,0.108,12.011,1.008,0.122,4,1,4,1,0,0
0,9,0,3,-0.014,0.108,12.011,1.008,0.122,4,1,4,1,0,1
9,17,3,5,0.132,-0.31,1.008,15.9994,0.442,1,2,1,2,0,0
0,9,0,3,-0.319,0.171,12.011,1.008,0.49,3,1,4,1,0,1
9,8,3,3,0.091,0.279,1.008,1.008,0.188,1,1,1,1,1,0
0,9,0,3,0.446,0.171,12.011,1.008,0.275,4,1,4,1,0,0
15,0,5,0,-0.38,0.277,15.9994,12.011,0.657,1,3,2,4,0,0
0,4,0,0,-0.004,0.029,12.011,15.035,0.033,4,1,4,4,1,1
11,0,4,0,-0.368,-0.014,14.0067,12.011,0.354,3,4,3,4,0,0
17,0,5,0,-0.268,-0.031,15.9994,12.011,0.237,2,4,2,4,0,0
0,17,0,5,0.144,-0.268,12.011,15.9994,0.412,4,2,4,2,0,1
16,9,5,3,-0.333,0.112,15.9994,1.008,0.445,2,1,2,1,0,0
0,9,0,3,0.01,0.105,12.011,1.008,0.095,4,1,4,1,0,0
8,9,3,3,0.225,0.106,1.008,1.008,0.119,1,1,1,1,1,0
0,0,0,0,-0.031,-0.014,12.011,12.011,0.017,4,4,4,4,1,1
0,11,0,4,0.011,-0.368,12.011,14.0067,0.379,4,3,4,3,0,0
16,8,5,3,-0.337,0.279,15.9994,1.008,0.6160000000000001,2,1,2,1,0,1
9,0,3,0,0.077,-0.019,1.008,12.011,0.096,1,4,1,4,0,0
0,9,0,3,-0.031,0.132,12.011,1.008,0.163,4,1,4,1,0,1
9,9,3,3,0.129,0.107,1.008,1.008,0.022,1,1,1,1,1,0
9,16,3,5,0.094,-0.332,1.008,15.9994,0.426,1,2,1,2,0,0
2,4,0,0,-0.021,0.009,13.019,15.035,0.03,3,1,4,4,1,1
16,9,5,3,-0.323,0.107,15.9994,1.008,0.43,2,1,2,1,0,0
17,9,5,3,-0.322,0.097,15.9994,1.008,0.419,2,1,2,1,0,0
0,17,0,5,-0.019,-0.252,12.011,15.9994,0.233,4,2,4,2,0,0
9,9,3,3,0.112,0.107,1.008,1.008,0.005,1,1,1,1,1,0
8,9,3,3,0.242,0.089,1.008,1.008,0.153,1,1,1,1,1,0
9,9,3,3,0.108,0.106,1.008,1.008,0.002,1,1,1,1,1,0
16,8,5,3,-0.325,0.224,15.9994,1.008,0.549,2,1,2,1,0,1
13,10,4,3,-0.455,0.331,14.0067,1.008,0.786,3,1,3,1,0,1
0,11,0,4,0.011,-0.369,12.011,14.0067,0.38,4,3,4,3,0,1
8,9,3,3,0.27,0.107,1.008,1.008,0.163,1,1,1,1,1,0
9,0,3,0,0.117,0.28,1.008,12.011,0.163,1,3,1,4,0,0
0,9,0,3,-0.24,0.11,12.011,1.008,0.35,4,1,4,1,0,1
0,0,0,0,0.28,-0.243,12.011,12.011,0.523,3,4,4,4,1,0
0,9,0,3,-0.243,0.106,12.011,1.008,0.349,4,1,4,1,0,1
8,9,3,3,0.223,0.107,1.008,1.008,0.116,1,1,1,1,1,0
0,9,0,3,0.01,0.091,12.011,1.008,0.081,4,1,4,1,0,0
9,9,3,3,0.11,0.091,1.008,1.008,0.019,1,1,1,1,1,0
9,0,3,0,0.131,-0.031,1.008,12.011,0.162,1,4,1,4,0,0
9,16,3,5,0.117,-0.324,1.008,15.9994,0.441,1,2,1,2,0,0
8,8,3,3,0.224,0.265,1.008,1.008,0.041,1,1,1,1,1,0
9,9,3,3,0.161,0.106,1.008,1.008,0.055,1,1,1,1,1,0
9,0,3,0,0.11,-0.243,1.008,12.011,0.353,1,4,1,4,0,0
0,17,0,5,0.011,-0.251,12.011,15.9994,0.262,4,2,4,2,0,0
0,0,0,0,0.01,0.011,12.011,12.011,0.0009999999999999,4,4,4,4,1,1
0,9,0,3,-0.018,0.132,12.011,1.008,0.15,4,1,4,1,0,0
16,8,5,3,-0.325,0.223,15.9994,1.008,0.548,2,1,2,1,0,1
0,9,0,3,0.134,0.091,12.011,1.008,0.043,4,1,4,1,0,0
8,0,3,0,0.268,0.011,1.008,12.011,0.257,1,4,1,4,0,0
8,0,3,0,0.204,-0.243,1.008,12.011,0.4469999999999999,1,4,1,4,0,0
0,9,0,3,0.011,0.107,12.011,1.008,0.096,4,1,4,1,0,0
8,9,3,3,0.224,0.106,1.008,1.008,0.118,1,1,1,1,1,0
9,9,3,3,0.101,0.091,1.008,1.008,0.01,1,1,1,1,1,0
9,9,3,3,0.077,0.11,1.008,1.008,0.033,1,1,1,1,1,0
17,9,5,3,-0.322,0.117,15.9994,1.008,0.439,2,1,2,1,0,0
0,2,0,0,-0.044,-0.007,12.011,13.019,0.037,4,3,4,4,1,1
16,8,5,3,-0.325,0.223,15.9994,1.008,0.548,2,1,2,1,0,1
0,9,0,3,-0.126,0.131,12.011,1.008,0.257,3,1,4,1,0,1
9,0,3,0,0.091,0.01,1.008,12.011,0.081,1,4,1,4,0,0
9,0,3,0,0.11,-0.014,1.008,12.011,0.124,1,4,1,4,0,0
9,8,3,3,0.092,0.206,1.008,1.008,0.1139999999999999,1,1,1,1,1,0
0,10,0,3,0.422,0.462,12.011,1.008,0.04,3,1,4,1,0,0
9,15,3,5,0.106,-0.354,1.008,15.9994,0.4599999999999999,1,1,1,2,0,0
9,0,3,0,0.117,-0.239,1.008,12.011,0.356,1,4,1,4,0,0
11,8,4,3,-0.369,0.203,14.0067,1.008,0.5720000000000001,3,1,3,1,0,0
0,9,0,3,-0.018,0.105,12.011,1.008,0.123,4,1,4,1,0,1
0,16,0,5,0.01,-0.325,12.011,15.9994,0.335,4,2,4,2,0,1
0,9,0,3,-0.014,0.107,12.011,1.008,0.121,4,1,4,1,0,0
0,9,0,3,0.034,0.075,12.011,1.008,0.0409999999999999,4,1,4,1,0,1
9,8,3,3,0.077,0.279,1.008,1.008,0.202,1,1,1,1,1,0
0,9,0,3,-0.243,0.106,12.011,1.008,0.349,4,1,4,1,0,1
9,0,3,0,0.106,-0.243,1.008,12.011,0.349,1,4,1,4,0,0
0,16,0,5,-0.014,-0.332,12.011,15.9994,0.318,4,2,4,2,0,0
9,0,3,0,0.092,0.011,1.008,12.011,0.081,1,4,1,4,0,0
9,16,3,5,0.11,-0.325,1.008,15.9994,0.435,1,2,1,2,0,0
17,0,5,0,-0.323,0.134,15.9994,12.011,0.457,2,4,2,4,0,1
0,17,0,5,-0.023,-0.323,12.011,15.9994,0.3,4,2,4,2,0,0
0,9,0,3,-0.031,0.132,12.011,1.008,0.163,4,1,4,1,0,1
0,15,0,5,0.019,-0.352,12.011,15.9994,0.371,4,1,4,2,0,0
4,3,0,0,0.024,0.022,15.035,14.027,0.002,1,2,4,4,1,0
9,0,3,0,0.105,-0.031,1.008,12.011,0.136,1,4,1,4,0,0
9,17,3,5,0.108,-0.251,1.008,15.9994,0.359,1,2,1,2,0,0
8,0,3,0,0.268,0.01,1.008,12.011,0.258,1,4,1,4,0,0
17,9,5,3,-0.322,0.091,15.9994,1.008,0.413,2,1,2,1,0,0
9,16,3,5,0.143,-0.332,1.008,15.9994,0.475,1,2,1,2,0,0
9,0,3,0,0.162,0.01,1.008,12.011,0.152,1,4,1,4,0,0
9,9,3,3,0.137,0.11,1.008,1.008,0.027,1,1,1,1,1,0
0,9,0,3,-0.019,0.106,12.011,1.008,0.125,4,1,4,1,0,0
0,0,0,0,0.28,-0.243,12.011,12.011,0.523,3,4,4,4,1,0
16,0,5,0,-0.323,0.01,15.9994,12.011,0.333,2,4,2,4,0,0
9,9,3,3,0.11,0.106,1.008,1.008,0.004,1,1,1,1,1,0
9,9,3,3,0.11,0.106,1.008,1.008,0.004,1,1,1,1,1,0
17,0,5,0,-0.323,-0.019,15.9994,12.011,0.304,2,4,2,4,0,0
8,15,3,5,0.223,-0.355,1.008,15.9994,0.578,1,1,1,2,0,0
17,0,5,0,-0.323,-0.019,15.9994,12.011,0.304,2,4,2,4,0,0
11,8,4,3,-0.368,0.204,14.0067,1.008,0.572,3,1,3,1,0,1
8,9,3,3,0.271,0.106,1.008,1.008,0.165,1,1,1,1,1,0
11,8,4,3,-0.368,0.204,14.0067,1.008,0.572,3,1,3,1,0,1
0,11,0,4,0.01,-0.368,12.011,14.0067,0.378,4,3,4,3,0,0
14,18,4,5,0.599,-0.429,14.0067,15.9994,1.028,3,1,3,2,0,1
0,0,0,0,0.011,0.28,12.011,12.011,0.269,4,3,4,4,1,0
0,0,0,0,0.011,0.134,12.011,12.011,0.123,4,4,4,4,1,0
0,9,0,3,-0.019,0.132,12.011,1.008,0.151,4,1,4,1,0,0
0,0,0,0,0.279,0.274,12.011,12.011,0.005,3,3,4,4,1,0
8,9,3,3,0.223,0.129,1.008,1.008,0.094,1,1,1,1,1,0
9,15,3,5,0.089,-0.352,1.008,15.9994,0.4409999999999999,1,1,1,2,0,0
8,9,3,3,0.224,0.109,1.008,1.008,0.115,1,1,1,1,1,0
0,0,0,0,-0.029,-0.304,12.011,12.011,0.2749999999999999,3,3,4,4,1,1
0,0,0,0,0.01,-0.239,12.011,12.011,0.249,4,4,4,4,1,0
8,9,3,3,0.242,0.108,1.008,1.008,0.134,1,1,1,1,1,0
0,17,0,5,-0.018,-0.31,12.011,15.9994,0.292,4,2,4,2,0,1
8,0,3,0,0.271,0.277,1.008,12.011,0.006,1,3,1,4,0,0
8,0,3,0,0.223,-0.014,1.008,12.011,0.237,1,4,1,4,0,0
0,0,0,0,-0.12,-0.109,12.011,12.011,0.0109999999999999,3,3,4,4,1,1
16,0,5,0,-0.323,-0.031,15.9994,12.011,0.292,2,4,2,4,0,0
0,9,0,3,0.134,0.117,12.011,1.008,0.017,4,1,4,1,0,0
11,15,4,5,-0.368,-0.355,14.0067,15.9994,0.013,3,1,3,2,0,0
9,9,3,3,0.106,0.107,1.008,1.008,0.001,1,1,1,1,1,0
9,9,3,3,0.091,0.089,1.008,1.008,0.002,1,1,1,1,1,0
9,9,3,3,0.108,0.11,1.008,1.008,0.002,1,1,1,1,1,0
0,15,0,5,0.277,-0.355,12.011,15.9994,0.632,3,1,4,2,0,1
9,16,3,5,0.161,-0.337,1.008,15.9994,0.498,1,2,1,2,0,0
16,0,5,0,-0.333,-0.243,15.9994,12.011,0.09,2,4,2,4,0,0
0,2,0,0,-0.004,-0.001,12.011,13.019,0.003,4,3,4,4,1,1
17,15,5,5,-0.324,-0.384,15.9994,15.9994,0.06,2,1,2,2,1,0
0,9,0,3,0.01,0.106,12.011,1.008,0.096,4,1,4,1,0,0
8,8,3,3,0.242,0.265,1.008,1.008,0.023,1,1,1,1,1,0
0,0,0,0,-0.031,-0.014,12.011,12.011,0.017,4,4,4,4,1,1
0,9,0,3,-0.243,0.107,12.011,1.008,0.35,4,1,4,1,0,1
9,8,3,3,0.143,0.203,1.008,1.008,0.06,1,1,1,1,1,0
9,0,3,0,0.087,-0.014,1.008,12.011,0.1009999999999999,1,4,1,4,0,0
0,17,0,5,-0.031,-0.323,12.011,15.9994,0.292,4,2,4,2,0,0
0,9,0,3,-0.025,0.109,12.011,1.008,0.134,4,1,4,1,0,0
9,0,3,0,0.117,0.28,1.008,12.011,0.163,1,3,1,4,0,0
0,0,0,0,-0.031,-0.014,12.011,12.011,0.017,4,4,4,4,1,1
8,17,3,5,0.224,-0.251,1.008,15.9994,0.475,1,2,1,2,0,0
16,0,5,0,-0.299,0.28,15.9994,12.011,0.579,2,3,2,4,0,0
9,8,3,3,0.11,0.035,1.008,1.008,0.075,1,1,1,1,1,0
0,17,0,5,-0.023,-0.252,12.011,15.9994,0.229,4,2,4,2,0,0
8,9,3,3,0.271,0.106,1.008,1.008,0.165,1,1,1,1,1,0
0,9,0,3,-0.304,0.184,12.011,1.008,0.488,3,1,4,1,0,1
16,8,5,3,-0.333,0.224,15.9994,1.008,0.557,2,1,2,1,0,0
0,9,0,3,-0.014,0.106,12.011,1.008,0.12,4,1,4,1,0,0
0,0,0,0,0.011,0.134,12.011,12.011,0.123,4,4,4,4,1,1
9,15,3,5,0.117,-0.384,1.008,15.9994,0.501,1,1,1,2,0,0
0,9,0,3,0.01,0.108,12.011,1.008,0.098,4,1,4,1,0,0
8,0,3,0,0.271,-0.014,1.008,12.011,0.285,1,4,1,4,0,0
9,9,3,3,0.091,0.117,1.008,1.008,0.026,1,1,1,1,1,0
9,0,3,0,0.11,-0.019,1.008,12.011,0.129,1,4,1,4,0,0
9,16,3,5,0.112,-0.299,1.008,15.9994,0.411,1,2,1,2,0,0
16,11,5,4,-0.325,-0.368,15.9994,14.0067,0.0429999999999999,2,3,2,3,0,0
17,0,5,0,-0.252,-0.032,15.9994,12.011,0.22,2,4,2,4,0,1
0,9,0,3,-0.019,0.107,12.011,1.008,0.126,4,1,4,1,0,0
15,0,5,0,-0.384,0.277,15.9994,12.011,0.661,1,3,2,4,0,0
17,0,5,0,-0.251,-0.031,15.9994,12.011,0.22,2,4,2,4,0,1
0,16,0,5,-0.019,-0.332,12.011,15.9994,0.313,4,2,4,2,0,0
9,0,3,0,0.132,-0.239,1.008,12.011,0.371,1,4,1,4,0,0
0,15,0,5,0.28,-0.355,12.011,15.9994,0.635,3,1,4,2,0,1
9,9,3,3,0.132,0.107,1.008,1.008,0.025,1,1,1,1,1,0
8,9,3,3,0.223,0.119,1.008,1.008,0.104,1,1,1,1,1,0
0,9,0,3,-0.243,0.106,12.011,1.008,0.349,4,1,4,1,0,1
9,9,3,3,0.143,0.161,1.008,1.008,0.018,1,1,1,1,1,0
17,9,5,3,-0.251,0.106,15.9994,1.008,0.357,2,1,2,1,0,0
17,11,5,4,-0.323,-0.368,15.9994,14.0067,0.0449999999999999,2,3,2,3,0,0
9,17,3,5,0.108,-0.322,1.008,15.9994,0.43,1,2,1,2,0,0
9,9,3,3,0.161,0.106,1.008,1.008,0.055,1,1,1,1,1,0
0,0,0,0,-0.019,0.011,12.011,12.011,0.03,4,4,4,4,1,0
8,17,3,5,0.268,-0.323,1.008,15.9994,0.591,1,2,1,2,0,0
0,14,0,4,-0.12,0.599,12.011,14.0067,0.719,3,3,4,3,0,1
0,9,0,3,-0.013,0.11,12.011,1.008,0.123,4,1,4,1,0,0
9,17,3,5,0.091,-0.324,1.008,15.9994,0.415,1,2,1,2,0,0
16,17,5,5,-0.325,-0.252,15.9994,15.9994,0.073,2,2,2,2,1,0
0,8,0,3,-0.019,0.217,12.011,1.008,0.236,4,1,4,1,0,0
9,9,3,3,0.106,0.106,1.008,1.008,0.0,1,1,1,1,1,0
0,9,0,3,0.134,0.11,12.011,1.008,0.024,4,1,4,1,0,1
9,8,3,3,0.132,0.217,1.008,1.008,0.0849999999999999,1,1,1,1,1,0
9,0,3,0,0.091,-0.019,1.008,12.011,0.11,1,4,1,4,0,0
9,8,3,3,0.117,0.272,1.008,1.008,0.155,1,1,1,1,1,0
0,8,0,3,0.134,0.272,12.011,1.008,0.138,4,1,4,1,0,0
17,0,5,0,-0.251,-0.019,15.9994,12.011,0.232,2,4,2,4,0,0
0,0,0,0,-0.031,0.011,12.011,12.011,0.0419999999999999,4,4,4,4,1,0
16,9,5,3,-0.325,0.106,15.9994,1.008,0.431,2,1,2,1,0,0
0,15,0,5,-0.243,-0.355,12.011,15.9994,0.1119999999999999,4,1,4,2,0,0
0,9,0,3,-0.031,0.091,12.011,1.008,0.122,4,1,4,1,0,0
9,9,3,3,0.108,0.106,1.008,1.008,0.002,1,1,1,1,1,0
15,9,5,3,-0.355,0.107,15.9994,1.008,0.4619999999999999,1,1,2,1,0,0
9,0,3,0,0.091,-0.031,1.008,12.011,0.122,1,4,1,4,0,0
0,9,0,3,0.01,0.132,12.011,1.008,0.122,4,1,4,1,0,0
9,17,3,5,0.117,-0.251,1.008,15.9994,0.368,1,2,1,2,0,0
2,2,0,0,-0.007,-0.006,13.019,13.019,0.001,3,3,4,4,1,1
0,8,0,3,0.29,0.206,12.011,1.008,0.0839999999999999,3,1,4,1,0,0
0,16,0,5,0.01,-0.333,12.011,15.9994,0.343,4,2,4,2,0,0
9,9,3,3,0.161,0.107,1.008,1.008,0.054,1,1,1,1,1,0
3,4,0,0,0.078,0.029,14.027,15.035,0.049,2,1,4,4,1,0
0,9,0,3,0.011,0.107,12.011,1.008,0.096,4,1,4,1,0,0
16,8,5,3,-0.323,0.223,15.9994,1.008,0.546,2,1,2,1,0,0
0,0,0,0,-0.126,-0.319,12.011,12.011,0.193,3,3,4,4,1,1
11,9,4,3,-0.368,0.106,14.0067,1.008,0.474,3,1,3,1,0,0
15,9,5,3,-0.38,0.107,15.9994,1.008,0.487,1,1,2,1,0,0
11,0,4,0,-0.369,0.145,14.0067,12.011,0.514,3,4,3,4,0,0
0,9,0,3,0.011,0.161,12.011,1.008,0.15,4,1,4,1,0,0
9,17,3,5,0.105,-0.31,1.008,15.9994,0.415,1,2,1,2,0,0
0,0,0,0,0.133,-0.014,12.011,12.011,0.147,4,4,4,4,1,0
0,9,0,3,-0.014,0.109,12.011,1.008,0.123,4,1,4,1,0,1
17,0,5,0,-0.323,0.011,15.9994,12.011,0.334,2,4,2,4,0,0
0,9,0,3,-0.001,0.091,12.011,1.008,0.092,3,1,4,1,0,0
0,0,0,0,0.011,0.277,12.011,12.011,0.266,4,3,4,4,1,0
9,0,3,0,0.092,-0.031,1.008,12.011,0.123,1,4,1,4,0,0
0,0,0,0,-0.126,-0.065,12.011,12.011,0.061,3,3,4,4,1,1
0,9,0,3,-0.243,0.107,12.011,1.008,0.35,4,1,4,1,0,1
9,0,3,0,0.101,-0.013,1.008,12.011,0.114,1,4,1,4,0,0
9,0,3,0,0.092,0.28,1.008,12.011,0.188,1,3,1,4,0,0
0,8,0,3,-0.031,0.204,12.011,1.008,0.235,4,1,4,1,0,0
0,9,0,3,-0.014,0.108,12.011,1.008,0.122,4,1,4,1,0,0
0,0,0,0,0.011,0.134,12.011,12.011,0.123,4,4,4,4,1,1
0,9,0,3,-0.019,0.106,12.011,1.008,0.125,4,1,4,1,0,0
9,8,3,3,0.132,0.265,1.008,1.008,0.133,1,1,1,1,1,0
9,9,3,3,0.092,0.091,1.008,1.008,0.001,1,1,1,1,1,0
8,9,3,3,0.204,0.108,1.008,1.008,0.0959999999999999,1,1,1,1,1,0
0,0,0,0,-0.104,-0.023,12.011,12.011,0.0809999999999999,2,4,4,4,1,1
0,8,0,3,0.012,0.224,12.011,1.008,0.212,4,1,4,1,0,0
8,9,3,3,0.203,0.107,1.008,1.008,0.096,1,1,1,1,1,0
0,0,0,0,0.134,-0.243,12.011,12.011,0.377,4,4,4,4,1,0
17,0,5,0,-0.268,-0.031,15.9994,12.011,0.237,2,4,2,4,0,0
17,0,5,0,-0.323,-0.243,15.9994,12.011,0.08,2,4,2,4,0,0
9,0,3,0,0.161,-0.031,1.008,12.011,0.192,1,4,1,4,0,0
0,9,0,3,-0.243,0.106,12.011,1.008,0.349,4,1,4,1,0,1
9,9,3,3,0.097,0.108,1.008,1.008,0.0109999999999999,1,1,1,1,1,0
0,8,0,3,0.134,0.203,12.011,1.008,0.069,4,1,4,1,0,0
0,0,0,0,0.446,-0.397,12.011,12.011,0.843,4,4,4,4,1,1
0,0,0,0,0.01,0.134,12.011,12.011,0.124,4,4,4,4,1,1
0,9,0,3,0.01,0.161,12.011,1.008,0.151,4,1,4,1,0,0
0,17,0,5,0.133,-0.251,12.011,15.9994,0.384,4,2,4,2,0,1
9,9,3,3,0.161,0.108,1.008,1.008,0.053,1,1,1,1,1,0
8,0,3,0,0.225,-0.243,1.008,12.011,0.4679999999999999,1,4,1,4,0,0
9,0,3,0,0.106,-0.243,1.008,12.011,0.349,1,4,1,4,0,0
9,16,3,5,0.131,-0.325,1.008,15.9994,0.456,1,2,1,2,0,0
9,8,3,3,0.11,0.206,1.008,1.008,0.0959999999999999,1,1,1,1,1,0
16,9,5,3,-0.325,0.107,15.9994,1.008,0.432,2,1,2,1,0,0
16,9,5,3,-0.325,0.128,15.9994,1.008,0.453,2,1,2,1,0,0
9,9,3,3,0.091,0.106,1.008,1.008,0.015,1,1,1,1,1,0
8,0,3,0,0.279,-0.243,1.008,12.011,0.522,1,4,1,4,0,0
0,9,0,3,-0.243,0.106,12.011,1.008,0.349,4,1,4,1,0,1
0,9,0,3,0.01,0.091,12.011,1.008,0.081,4,1,4,1,0,1
8,9,3,3,0.242,0.132,1.008,1.008,0.1099999999999999,1,1,1,1,1,0
8,0,3,0,0.271,0.011,1.008,12.011,0.26,1,4,1,4,0,0
0,0,0,0,-0.153,-0.109,12.011,12.011,0.044,3,3,4,4,1,1
0,8,0,3,-0.031,0.204,12.011,1.008,0.235,4,1,4,1,0,0
16,9,5,3,-0.332,0.106,15.9994,1.008,0.438,2,1,2,1,0,0
0,11,0,4,0.011,-0.368,12.011,14.0067,0.379,4,3,4,3,0,1
16,16,5,5,-0.333,-0.325,15.9994,15.9994,0.008,2,2,2,2,1,0
0,16,0,5,-0.019,-0.332,12.011,15.9994,0.313,4,2,4,2,0,1
8,8,3,3,0.222,0.204,1.008,1.008,0.018,1,1,1,1,1,0
0,0,0,0,-0.102,-0.162,12.011,12.011,0.06,3,3,4,4,1,1
9,0,3,0,0.092,-0.031,1.008,12.011,0.123,1,4,1,4,0,0
9,11,3,4,0.091,-0.368,1.008,14.0067,0.4589999999999999,1,3,1,3,0,0
17,16,5,5,-0.268,-0.332,15.9994,15.9994,0.064,2,2,2,2,1,0
9,8,3,3,0.092,0.217,1.008,1.008,0.125,1,1,1,1,1,0
0,0,0,0,-0.014,-0.243,12.011,12.011,0.2289999999999999,4,4,4,4,1,0
0,9,0,3,-0.256,0.15,12.011,1.008,0.406,4,1,4,1,0,1
9,9,3,3,0.132,0.106,1.008,1.008,0.026,1,1,1,1,1,0
0,0,0,0,0.012,0.28,12.011,12.011,0.268,4,3,4,4,1,0
8,0,3,0,0.272,-0.243,1.008,12.011,0.515,1,4,1,4,0,0
17,17,5,5,-0.251,-0.324,15.9994,15.9994,0.073,2,2,2,2,1,0
16,16,5,5,-0.333,-0.332,15.9994,15.9994,0.001,2,2,2,2,1,0
8,9,3,3,0.271,0.091,1.008,1.008,0.18,1,1,1,1,1,0
0,17,0,5,0.82,-0.37,12.011,15.9994,1.19,3,2,4,2,0,1
8,9,3,3,0.265,0.106,1.008,1.008,0.159,1,1,1,1,1,0
0,9,0,3,-0.104,0.15,12.011,1.008,0.254,2,1,4,1,0,0
0,9,0,3,-0.019,0.117,12.011,1.008,0.136,4,1,4,1,0,1
9,9,3,3,0.094,0.161,1.008,1.008,0.067,1,1,1,1,1,0
11,0,4,0,-0.379,0.134,14.0067,12.011,0.513,3,4,3,4,0,0
0,17,0,5,0.144,-0.316,12.011,15.9994,0.4599999999999999,4,2,4,2,0,1
0,0,0,0,0.01,0.145,12.011,12.011,0.1349999999999999,4,4,4,4,1,0
9,0,3,0,0.117,0.28,1.008,12.011,0.163,1,3,1,4,0,0
9,0,3,0,0.094,-0.065,1.008,12.011,0.159,1,3,1,4,0,0
9,16,3,5,0.077,-0.332,1.008,15.9994,0.409,1,2,1,2,0,0
0,9,0,3,-0.013,0.109,12.011,1.008,0.122,4,1,4,1,0,0
0,0,0,0,-0.014,-0.019,12.011,12.011,0.0049999999999999,4,4,4,4,1,1
0,9,0,3,0.144,0.108,12.011,1.008,0.0359999999999999,4,1,4,1,0,0
0,0,0,0,0.005,0.01,12.011,12.011,0.005,4,4,4,4,1,0
0,9,0,3,0.01,0.091,12.011,1.008,0.081,4,1,4,1,0,1
0,9,0,3,-0.031,0.106,12.011,1.008,0.137,4,1,4,1,0,0
9,0,3,0,0.137,-0.243,1.008,12.011,0.38,1,4,1,4,0,0
0,9,0,3,-0.126,0.131,12.011,1.008,0.257,3,1,4,1,0,1
8,8,3,3,0.222,0.203,1.008,1.008,0.0189999999999999,1,1,1,1,1,0
0,9,0,3,0.133,0.091,12.011,1.008,0.042,4,1,4,1,0,0
0,8,0,3,0.134,0.206,12.011,1.008,0.0719999999999999,4,1,4,1,0,0
9,0,3,0,0.123,0.011,1.008,12.011,0.112,1,4,1,4,0,0
0,16,0,5,-0.019,-0.332,12.011,15.9994,0.313,4,2,4,2,0,1
0,9,0,3,0.012,0.162,12.011,1.008,0.15,4,1,4,1,0,1
9,9,3,3,0.118,0.112,1.008,1.008,0.0059999999999999,1,1,1,1,1,0
17,0,5,0,-0.251,-0.019,15.9994,12.011,0.232,2,4,2,4,0,0
0,9,0,3,0.134,0.089,12.011,1.008,0.045,4,1,4,1,0,0
0,0,0,0,-0.397,-0.319,12.011,12.011,0.078,4,3,4,4,1,0
16,0,5,0,-0.323,0.01,15.9994,12.011,0.333,2,4,2,4,0,0
0,0,0,0,0.28,-0.243,12.011,12.011,0.523,3,4,4,4,1,1
17,0,5,0,-0.37,0.04,15.9994,12.011,0.41,2,4,2,4,0,1
17,9,5,3,-0.323,0.107,15.9994,1.008,0.43,2,1,2,1,0,0
8,0,3,0,0.271,-0.014,1.008,12.011,0.285,1,4,1,4,0,0
9,0,3,0,0.117,0.011,1.008,12.011,0.106,1,4,1,4,0,0
0,3,0,0,0.034,-0.02,12.011,14.027,0.054,4,2,4,4,1,1
8,11,3,4,0.242,-0.369,1.008,14.0067,0.611,1,3,1,3,0,0
0,0,0,0,-0.065,-0.126,12.011,12.011,0.061,3,3,4,4,1,1
0,9,0,3,-0.014,0.107,12.011,1.008,0.121,4,1,4,1,0,0
0,9,0,3,-0.014,0.108,12.011,1.008,0.122,4,1,4,1,0,1
0,9,0,3,0.134,0.097,12.011,1.008,0.037,4,1,4,1,0,0
0,9,0,3,0.277,0.107,12.011,1.008,0.17,3,1,4,1,0,0
9,9,3,3,0.131,0.108,1.008,1.008,0.023,1,1,1,1,1,0
0,9,0,3,0.133,0.11,12.011,1.008,0.023,4,1,4,1,0,1
17,9,5,3,-0.251,0.091,15.9994,1.008,0.3419999999999999,2,1,2,1,0,0
0,9,0,3,0.299,0.106,12.011,1.008,0.193,3,1,4,1,0,0
15,16,5,5,-0.38,-0.325,15.9994,15.9994,0.0549999999999999,1,2,2,2,1,0
0,7,0,2,0.367,-0.129,12.011,18.9984,0.496,4,1,4,4,0,1
8,0,3,0,0.271,-0.017,1.008,12.011,0.288,1,4,1,4,0,0
17,0,5,0,-0.322,0.28,15.9994,12.011,0.6020000000000001,2,3,2,4,0,0
0,9,0,3,0.012,0.108,12.011,1.008,0.096,4,1,4,1,0,0
0,9,0,3,0.134,0.091,12.011,1.008,0.043,4,1,4,1,0,0
16,15,5,5,-0.323,-0.355,15.9994,15.9994,0.0319999999999999,2,1,2,2,1,0
8,9,3,3,0.271,0.106,1.008,1.008,0.165,1,1,1,1,1,0
0,17,0,5,0.134,-0.252,12.011,15.9994,0.386,4,2,4,2,0,1
0,9,0,3,-0.019,0.106,12.011,1.008,0.125,4,1,4,1,0,0
17,0,5,0,-0.324,0.134,15.9994,12.011,0.458,2,4,2,4,0,1
9,9,3,3,0.132,0.108,1.008,1.008,0.024,1,1,1,1,1,0
0,9,0,3,-0.015,0.094,12.011,1.008,0.109,4,1,4,1,0,1
9,0,3,0,0.104,0.28,1.008,12.011,0.176,1,3,1,4,0,0
0,16,0,5,0.01,-0.325,12.011,15.9994,0.335,4,2,4,2,0,1
9,9,3,3,0.137,0.091,1.008,1.008,0.046,1,1,1,1,1,0
9,9,3,3,0.11,0.11,1.008,1.008,0.0,1,1,1,1,1,0
9,0,3,0,0.143,-0.014,1.008,12.011,0.157,1,4,1,4,0,0
9,9,3,3,0.108,0.091,1.008,1.008,0.017,1,1,1,1,1,0
0,9,0,3,-0.319,0.21,12.011,1.008,0.529,3,1,4,1,0,1
0,15,0,5,-0.243,-0.355,12.011,15.9994,0.1119999999999999,4,1,4,2,0,0
0,0,0,0,-0.029,-0.243,12.011,12.011,0.214,4,4,4,4,1,0
9,0,3,0,0.11,0.29,1.008,12.011,0.18,1,3,1,4,0,0
9,0,3,0,0.143,0.01,1.008,12.011,0.1329999999999999,1,4,1,4,0,0
9,0,3,0,0.091,0.019,1.008,12.011,0.072,1,4,1,4,0,0
16,9,5,3,-0.327,0.097,15.9994,1.008,0.424,2,1,2,1,0,0
16,0,5,0,-0.332,0.134,15.9994,12.011,0.466,2,4,2,4,0,0
0,9,0,3,0.28,0.106,12.011,1.008,0.174,3,1,4,1,0,0
16,8,5,3,-0.324,0.222,15.9994,1.008,0.546,2,1,2,1,0,1
8,0,3,0,0.203,-0.243,1.008,12.011,0.446,1,4,1,4,0,0
0,16,0,5,0.011,-0.325,12.011,15.9994,0.336,4,2,4,2,0,0
17,0,5,0,-0.251,-0.014,15.9994,12.011,0.237,2,4,2,4,0,0
0,15,0,5,0.28,-0.355,12.011,15.9994,0.635,3,1,4,2,0,1
0,9,0,3,0.01,0.107,12.011,1.008,0.097,4,1,4,1,0,0
0,11,0,4,0.009,-0.368,12.011,14.0067,0.377,4,3,4,3,0,0
8,9,3,3,0.27,0.11,1.008,1.008,0.16,1,1,1,1,1,0
8,8,3,3,0.223,0.224,1.008,1.008,0.001,1,1,1,1,1,0
0,9,0,3,-0.019,0.106,12.011,1.008,0.125,4,1,4,1,0,0
0,9,0,3,0.01,0.091,12.011,1.008,0.081,4,1,4,1,0,1
2,4,0,0,-0.001,0.01,13.019,15.035,0.011,3,1,4,4,1,0
9,11,3,4,0.161,-0.368,1.008,14.0067,0.529,1,3,1,3,0,0
8,0,3,0,0.27,-0.239,1.008,12.011,0.509,1,4,1,4,0,0
0,8,0,3,-0.319,0.448,12.011,1.008,0.767,3,1,4,1,0,0
0,9,0,3,-0.243,0.106,12.011,1.008,0.349,4,1,4,1,0,1
8,9,3,3,0.203,0.119,1.008,1.008,0.084,1,1,1,1,1,0
0,9,0,3,-0.014,0.107,12.011,1.008,0.121,4,1,4,1,0,0
0,9,0,3,-0.243,0.106,12.011,1.008,0.349,4,1,4,1,0,1
0,9,0,3,0.009,0.111,12.011,1.008,0.102,4,1,4,1,0,0
0,9,0,3,-0.019,0.106,12.011,1.008,0.125,4,1,4,1,0,0
8,9,3,3,0.206,0.106,1.008,1.008,0.0999999999999999,1,1,1,1,1,0
0,9,0,3,-0.243,0.107,12.011,1.008,0.35,4,1,4,1,0,1
9,0,3,0,0.11,0.134,1.008,12.011,0.024,1,4,1,4,0,0
8,8,3,3,0.203,0.265,1.008,1.008,0.062,1,1,1,1,1,0
8,16,3,5,0.204,-0.299,1.008,15.9994,0.503,1,2,1,2,0,0
10,13,3,4,0.331,-0.455,1.008,14.0067,0.786,1,3,1,3,0,1
0,9,0,3,-0.013,0.106,12.011,1.008,0.119,4,1,4,1,0,0
0,9,0,3,0.005,0.101,12.011,1.008,0.096,4,1,4,1,0,1
8,0,3,0,0.222,-0.031,1.008,12.011,0.253,1,4,1,4,0,0
0,16,0,5,0.01,-0.325,12.011,15.9994,0.335,4,2,4,2,0,0
9,9,3,3,0.11,0.091,1.008,1.008,0.019,1,1,1,1,1,0
0,9,0,3,-0.031,0.132,12.011,1.008,0.163,4,1,4,1,0,1
8,0,3,0,0.271,-0.019,1.008,12.011,0.29,1,4,1,4,0,0
0,9,0,3,0.01,0.129,12.011,1.008,0.119,4,1,4,1,0,0
9,8,3,3,0.132,0.204,1.008,1.008,0.0719999999999999,1,1,1,1,1,0
9,9,3,3,0.133,0.161,1.008,1.008,0.0279999999999999,1,1,1,1,1,0
9,17,3,5,0.094,-0.322,1.008,15.9994,0.416,1,2,1,2,0,0
16,16,5,5,-0.332,-0.333,15.9994,15.9994,0.001,2,2,2,2,1,0
0,0,0,0,0.01,0.011,12.011,12.011,0.0009999999999999,4,4,4,4,1,1
0,0,0,0,-0.031,-0.014,12.011,12.011,0.017,4,4,4,4,1,1
17,0,5,0,-0.251,-0.019,15.9994,12.011,0.232,2,4,2,4,0,0
9,0,3,0,0.11,-0.24,1.008,12.011,0.35,1,4,1,4,0,1
9,9,3,3,0.101,0.108,1.008,1.008,0.0069999999999999,1,1,1,1,1,0
11,0,4,0,-0.368,0.28,14.0067,12.011,0.648,3,3,3,4,0,1
17,17,5,5,-0.25,-0.251,15.9994,15.9994,0.001,2,2,2,2,1,0
9,0,3,0,0.132,0.01,1.008,12.011,0.122,1,4,1,4,0,0
9,9,3,3,0.129,0.106,1.008,1.008,0.023,1,1,1,1,1,0
16,9,5,3,-0.332,0.107,15.9994,1.008,0.439,2,1,2,1,0,0
0,0,0,0,-0.032,-0.018,12.011,12.011,0.014,4,4,4,4,1,1
0,9,0,3,-0.397,0.094,12.011,1.008,0.491,4,1,4,1,0,1
11,8,4,3,-0.368,0.206,14.0067,1.008,0.574,3,1,3,1,0,1
8,16,3,5,0.225,-0.323,1.008,15.9994,0.548,1,2,1,2,0,0
9,0,3,0,0.143,0.274,1.008,12.011,0.131,1,3,1,4,0,0
16,9,5,3,-0.32,0.111,15.9994,1.008,0.431,2,1,2,1,0,0
9,17,3,5,0.11,-0.322,1.008,15.9994,0.432,1,2,1,2,0,0
0,8,0,3,-0.014,0.203,12.011,1.008,0.217,4,1,4,1,0,0
11,0,4,0,-0.368,0.28,14.0067,12.011,0.648,3,3,3,4,0,1
0,9,0,3,-0.243,0.107,12.011,1.008,0.35,4,1,4,1,0,0
11,11,4,4,-0.379,-0.37,14.0067,14.0067,0.009,3,3,3,3,1,0
9,9,3,3,0.161,0.089,1.008,1.008,0.072,1,1,1,1,1,0
0,9,0,3,-0.05,0.15,12.011,1.008,0.2,2,1,4,1,0,0
0,9,0,3,-0.014,0.107,12.011,1.008,0.121,4,1,4,1,0,0
9,0,3,0,0.132,-0.243,1.008,12.011,0.375,1,4,1,4,0,0
0,0,0,0,-0.031,0.279,12.011,12.011,0.31,4,3,4,4,1,0
1,1,0,0,0.039,-0.143,12.011,12.011,0.182,3,3,4,4,1,1
9,9,3,3,0.092,0.107,1.008,1.008,0.015,1,1,1,1,1,0
9,0,3,0,0.161,0.134,1.008,12.011,0.0269999999999999,1,4,1,4,0,0
0,0,0,0,-0.019,-0.243,12.011,12.011,0.224,4,4,4,4,1,0
11,0,4,0,-0.368,0.277,14.0067,12.011,0.645,3,3,3,4,0,1
17,0,5,0,-0.251,-0.031,15.9994,12.011,0.22,2,4,2,4,0,1
9,8,3,3,0.11,0.224,1.008,1.008,0.114,1,1,1,1,1,0
1,1,0,0,-0.022,-0.018,12.011,12.011,0.004,3,3,4,4,1,1
9,8,3,3,0.161,0.224,1.008,1.008,0.063,1,1,1,1,1,0
11,0,4,0,-0.368,0.28,14.0067,12.011,0.648,3,3,3,4,0,1
0,8,0,3,0.133,0.223,12.011,1.008,0.09,4,1,4,1,0,0
8,9,3,3,0.204,0.106,1.008,1.008,0.0979999999999999,1,1,1,1,1,0
0,9,0,3,-0.019,0.108,12.011,1.008,0.127,4,1,4,1,0,0
17,0,5,0,-0.25,-0.031,15.9994,12.011,0.219,2,4,2,4,0,1
11,0,4,0,-0.368,-0.019,14.0067,12.011,0.349,3,4,3,4,0,0
0,9,0,3,0.144,0.11,12.011,1.008,0.0339999999999999,4,1,4,1,0,1
16,0,5,0,-0.332,-0.239,15.9994,12.011,0.093,2,4,2,4,0,0
9,9,3,3,0.161,0.132,1.008,1.008,0.0289999999999999,1,1,1,1,1,0
0,9,0,3,-0.029,0.149,12.011,1.008,0.178,3,1,4,1,0,1
8,9,3,3,0.204,0.107,1.008,1.008,0.0969999999999999,1,1,1,1,1,0
8,9,3,3,0.272,0.089,1.008,1.008,0.183,1,1,1,1,1,0
11,16,4,5,-0.368,-0.333,14.0067,15.9994,0.0349999999999999,3,2,3,2,0,0
9,0,3,0,0.094,0.01,1.008,12.011,0.084,1,4,1,4,0,0
0,0,0,0,-0.011,-0.243,12.011,12.011,0.2319999999999999,4,4,4,4,1,0
0,9,0,3,0.019,0.097,12.011,1.008,0.078,4,1,4,1,0,1
0,17,0,5,-0.014,-0.323,12.011,15.9994,0.309,4,2,4,2,0,0
0,9,0,3,0.134,0.11,12.011,1.008,0.024,4,1,4,1,0,1
0,9,0,3,-0.243,0.106,12.011,1.008,0.349,4,1,4,1,0,1
0,9,0,3,-0.029,0.091,12.011,1.008,0.12,4,1,4,1,0,0
17,9,5,3,-0.252,0.106,15.9994,1.008,0.358,2,1,2,1,0,0
8,16,3,5,0.271,-0.325,1.008,15.9994,0.5960000000000001,1,2,1,2,0,0
0,9,0,3,-0.013,0.106,12.011,1.008,0.119,4,1,4,1,0,0
9,8,3,3,0.161,0.035,1.008,1.008,0.126,1,1,1,1,1,0
0,15,0,5,0.29,-0.38,12.011,15.9994,0.6699999999999999,3,1,4,2,0,1
11,16,4,5,-0.37,-0.325,14.0067,15.9994,0.0449999999999999,3,2,3,2,0,0
0,16,0,5,0.011,-0.299,12.011,15.9994,0.31,4,2,4,2,0,0
9,0,3,0,0.117,-0.014,1.008,12.011,0.131,1,4,1,4,0,0
9,9,3,3,0.092,0.132,1.008,1.008,0.04,1,1,1,1,1,0
0,0,0,0,0.011,0.134,12.011,12.011,0.123,4,4,4,4,1,1
17,0,5,0,-0.251,-0.243,15.9994,12.011,0.008,2,4,2,4,0,0
9,15,3,5,0.077,-0.352,1.008,15.9994,0.429,1,1,1,2,0,0
9,9,3,3,0.162,0.106,1.008,1.008,0.056,1,1,1,1,1,0
0,0,0,0,0.011,-0.014,12.011,12.011,0.025,4,4,4,4,1,0
17,9,5,3,-0.252,0.107,15.9994,1.008,0.359,2,1,2,1,0,0
17,0,5,0,-0.251,0.28,15.9994,12.011,0.531,2,3,2,4,0,0
17,9,5,3,-0.591,0.149,15.9994,1.008,0.74,1,1,2,1,0,0
0,17,0,5,0.134,-0.252,12.011,15.9994,0.386,4,2,4,2,0,1
0,9,0,3,0.28,0.106,12.011,1.008,0.174,3,1,4,1,0,0
8,9,3,3,0.227,0.106,1.008,1.008,0.121,1,1,1,1,1,0
0,0,0,0,0.134,0.28,12.011,12.011,0.146,4,3,4,4,1,0
0,0,0,0,-0.031,0.01,12.011,12.011,0.041,4,4,4,4,1,1
0,9,0,3,0.134,0.106,12.011,1.008,0.028,4,1,4,1,0,0
0,9,0,3,-0.162,0.121,12.011,1.008,0.283,3,1,4,1,0,1
9,15,3,5,0.106,-0.355,1.008,15.9994,0.4609999999999999,1,1,1,2,0,0
9,16,3,5,0.161,-0.299,1.008,15.9994,0.4599999999999999,1,2,1,2,0,0
8,17,3,5,0.223,-0.251,1.008,15.9994,0.474,1,2,1,2,0,0
0,8,0,3,0.01,0.204,12.011,1.008,0.1939999999999999,4,1,4,1,0,0
0,9,0,3,-0.031,0.091,12.011,1.008,0.122,4,1,4,1,0,0
9,17,3,5,0.108,-0.324,1.008,15.9994,0.432,1,2,1,2,0,0
0,0,0,0,0.04,0.119,12.011,12.011,0.0789999999999999,4,3,4,4,1,1
16,8,5,3,-0.327,0.242,15.9994,1.008,0.569,2,1,2,1,0,1
16,16,5,5,-0.332,-0.299,15.9994,15.9994,0.033,2,2,2,2,1,0
0,8,0,3,-0.014,0.223,12.011,1.008,0.237,4,1,4,1,0,0
15,9,5,3,-0.38,0.092,15.9994,1.008,0.472,1,1,2,1,0,0
9,0,3,0,0.133,0.134,1.008,12.011,0.001,1,4,1,4,0,0
0,9,0,3,0.01,0.092,12.011,1.008,0.082,4,1,4,1,0,1
8,17,3,5,0.331,-0.322,1.008,15.9994,0.653,1,2,1,2,0,0
8,9,3,3,0.203,0.107,1.008,1.008,0.096,1,1,1,1,1,0
0,11,0,4,0.01,-0.368,12.011,14.0067,0.378,4,3,4,3,0,0
0,0,0,0,-0.065,-0.126,12.011,12.011,0.061,3,3,4,4,1,1
16,9,5,3,-0.333,0.089,15.9994,1.008,0.422,2,1,2,1,0,0
0,11,0,4,0.011,-0.368,12.011,14.0067,0.379,4,3,4,3,0,0
0,0,0,0,0.01,-0.014,12.011,12.011,0.024,4,4,4,4,1,0
9,9,3,3,0.108,0.107,1.008,1.008,0.001,1,1,1,1,1,0
2,4,0,0,-0.021,0.008,13.019,15.035,0.029,3,1,4,4,1,1
0,0,0,0,-0.025,0.01,12.011,12.011,0.035,4,4,4,4,1,0
16,0,5,0,-0.325,-0.031,15.9994,12.011,0.294,2,4,2,4,0,0
9,9,3,3,0.11,0.092,1.008,1.008,0.018,1,1,1,1,1,0
0,0,0,0,-0.24,-0.026,12.011,12.011,0.214,4,4,4,4,1,0
0,8,0,3,0.011,0.223,12.011,1.008,0.212,4,1,4,1,0,0
0,11,0,4,0.01,-0.368,12.011,14.0067,0.378,4,3,4,3,0,0
9,0,3,0,0.091,0.28,1.008,12.011,0.189,1,3,1,4,0,0
9,9,3,3,0.161,0.11,1.008,1.008,0.051,1,1,1,1,1,0
9,8,3,3,0.091,0.035,1.008,1.008,0.0559999999999999,1,1,1,1,1,0
9,9,3,3,0.11,0.107,1.008,1.008,0.003,1,1,1,1,1,0
0,0,0,0,-0.014,-0.019,12.011,12.011,0.0049999999999999,4,4,4,4,1,1
0,0,0,0,0.27,-0.022,12.011,12.011,0.292,3,3,4,4,1,0
8,9,3,3,0.203,0.091,1.008,1.008,0.112,1,1,1,1,1,0
8,0,3,0,0.271,0.134,1.008,12.011,0.137,1,4,1,4,0,0
0,9,0,3,0.133,0.111,12.011,1.008,0.022,4,1,4,1,0,1
17,8,5,3,-0.323,0.224,15.9994,1.008,0.547,2,1,2,1,0,0
17,9,5,3,-0.323,0.107,15.9994,1.008,0.43,2,1,2,1,0,0
8,8,3,3,0.271,0.217,1.008,1.008,0.054,1,1,1,1,1,0
19,0,6,0,-0.539,-0.001,32.06,12.011,0.538,1,3,2,4,0,0
17,8,5,3,-0.268,0.035,15.9994,1.008,0.303,2,1,2,1,0,0
0,15,0,5,-0.019,-0.355,12.011,15.9994,0.3359999999999999,4,1,4,2,0,0
0,16,0,5,0.012,-0.325,12.011,15.9994,0.337,4,2,4,2,0,0
0,9,0,3,-0.019,0.117,12.011,1.008,0.136,4,1,4,1,0,1
11,9,4,3,-0.368,0.108,14.0067,1.008,0.476,3,1,3,1,0,0
9,9,3,3,0.105,0.117,1.008,1.008,0.012,1,1,1,1,1,0
0,9,0,3,-0.029,0.107,12.011,1.008,0.136,4,1,4,1,0,0
0,16,0,5,-0.011,-0.325,12.011,15.9994,0.314,4,2,4,2,0,0
9,0,3,0,0.091,-0.018,1.008,12.011,0.109,1,4,1,4,0,0
9,17,3,5,0.087,-0.251,1.008,15.9994,0.3379999999999999,1,2,1,2,0,0
9,0,3,0,0.106,-0.243,1.008,12.011,0.349,1,4,1,4,0,0
9,9,3,3,0.091,0.106,1.008,1.008,0.015,1,1,1,1,1,0
17,15,5,5,-0.25,-0.355,15.9994,15.9994,0.1049999999999999,2,1,2,2,1,0
9,15,3,5,0.161,-0.355,1.008,15.9994,0.516,1,1,1,2,0,0
17,17,5,5,-0.32,-0.251,15.9994,15.9994,0.069,2,2,2,2,1,0
0,0,0,0,-0.029,-0.014,12.011,12.011,0.015,4,4,4,4,1,1
9,8,3,3,0.11,0.268,1.008,1.008,0.158,1,1,1,1,1,0
0,0,0,0,0.29,0.134,12.011,12.011,0.1559999999999999,3,4,4,4,1,0
8,0,3,0,0.223,0.134,1.008,12.011,0.089,1,4,1,4,0,0
8,9,3,3,0.271,0.128,1.008,1.008,0.143,1,1,1,1,1,0
8,9,3,3,0.225,0.108,1.008,1.008,0.117,1,1,1,1,1,0
17,0,5,0,-0.251,0.274,15.9994,12.011,0.525,2,3,2,4,0,0
9,16,3,5,0.11,-0.325,1.008,15.9994,0.435,1,2,1,2,0,0
16,8,5,3,-0.332,0.27,15.9994,1.008,0.6020000000000001,2,1,2,1,0,1
0,0,0,0,-0.023,0.133,12.011,12.011,0.156,4,4,4,4,1,0
11,15,4,5,-0.367,-0.355,14.0067,15.9994,0.012,3,1,3,2,0,0
9,9,3,3,0.108,0.106,1.008,1.008,0.002,1,1,1,1,1,0
9,9,3,3,0.117,0.107,1.008,1.008,0.01,1,1,1,1,1,0
0,11,0,4,0.144,-0.368,12.011,14.0067,0.512,4,3,4,3,0,0
0,9,0,3,-0.014,0.129,12.011,1.008,0.143,4,1,4,1,0,0
7,0,2,0,-0.129,-0.195,18.9984,12.011,0.066,1,3,4,4,0,0
8,9,3,3,0.271,0.106,1.008,1.008,0.165,1,1,1,1,1,0
17,9,5,3,-0.322,0.132,15.9994,1.008,0.454,2,1,2,1,0,0
0,0,0,0,-0.025,-0.017,12.011,12.011,0.008,4,4,4,4,1,0
8,0,3,0,0.268,-0.031,1.008,12.011,0.299,1,4,1,4,0,0
0,9,0,3,-0.319,0.171,12.011,1.008,0.49,3,1,4,1,0,1
0,0,0,0,0.133,-0.019,12.011,12.011,0.152,4,4,4,4,1,0
8,16,3,5,0.27,-0.333,1.008,15.9994,0.603,1,2,1,2,0,0
0,8,0,3,-0.019,0.035,12.011,1.008,0.054,4,1,4,1,0,0
9,9,3,3,0.089,0.089,1.008,1.008,0.0,1,1,1,1,1,0
8,8,3,3,0.204,0.279,1.008,1.008,0.075,1,1,1,1,1,0
9,16,3,5,0.11,-0.333,1.008,15.9994,0.443,1,2,1,2,0,0
17,0,5,0,-0.323,0.134,15.9994,12.011,0.457,2,4,2,4,0,1
17,9,5,3,-0.252,0.105,15.9994,1.008,0.357,2,1,2,1,0,0
9,16,3,5,0.11,-0.299,1.008,15.9994,0.409,1,2,1,2,0,0
9,17,3,5,0.11,-0.251,1.008,15.9994,0.361,1,2,1,2,0,0
0,16,0,5,0.005,-0.324,12.011,15.9994,0.329,4,2,4,2,0,0
8,15,3,5,0.272,-0.355,1.008,15.9994,0.627,1,1,1,2,0,0
0,0,0,0,-0.022,-0.32,12.011,12.011,0.298,3,3,4,4,1,1
17,9,5,3,-0.323,0.107,15.9994,1.008,0.43,2,1,2,1,0,0
0,17,0,5,0.134,-0.251,12.011,15.9994,0.385,4,2,4,2,0,1
9,9,3,3,0.11,0.132,1.008,1.008,0.022,1,1,1,1,1,0
9,16,3,5,0.11,-0.332,1.008,15.9994,0.442,1,2,1,2,0,0
0,0,0,0,-0.031,0.145,12.011,12.011,0.176,4,4,4,4,1,0
16,9,5,3,-0.333,0.106,15.9994,1.008,0.439,2,1,2,1,0,0
0,19,0,6,0.075,-0.539,12.011,32.06,0.614,3,1,4,2,0,1
0,0,0,0,-0.014,-0.015,12.011,12.011,0.0009999999999999,4,4,4,4,1,1
0,8,0,3,-0.014,0.271,12.011,1.008,0.285,4,1,4,1,0,0
9,0,3,0,0.092,-0.019,1.008,12.011,0.111,1,4,1,4,0,0
16,11,5,4,-0.333,-0.368,15.9994,14.0067,0.0349999999999999,2,3,2,3,0,0
17,0,5,0,-0.251,-0.031,15.9994,12.011,0.22,2,4,2,4,0,1
0,9,0,3,-0.014,0.107,12.011,1.008,0.121,4,1,4,1,0,0
9,0,3,0,0.161,0.277,1.008,12.011,0.116,1,3,1,4,0,0
9,15,3,5,0.091,-0.354,1.008,15.9994,0.4449999999999999,1,1,1,2,0,0
0,9,0,3,-0.015,0.112,12.011,1.008,0.127,4,1,4,1,0,0
8,9,3,3,0.204,0.107,1.008,1.008,0.0969999999999999,1,1,1,1,1,0
9,9,3,3,0.091,0.109,1.008,1.008,0.018,1,1,1,1,1,0
0,9,0,3,-0.031,0.091,12.011,1.008,0.122,4,1,4,1,0,0
0,7,0,2,0.82,-0.129,12.011,18.9984,0.949,3,1,4,4,0,0
0,0,0,0,-0.014,-0.031,12.011,12.011,0.017,4,4,4,4,1,0
0,9,0,3,-0.243,0.106,12.011,1.008,0.349,4,1,4,1,0,1
16,0,5,0,-0.332,-0.243,15.9994,12.011,0.089,2,4,2,4,0,0
1,9,0,3,-0.018,0.091,12.011,1.008,0.109,3,1,4,1,0,1
11,0,4,0,-0.368,0.277,14.0067,12.011,0.645,3,3,3,4,0,0
0,0,0,0,0.28,-0.243,12.011,12.011,0.523,3,4,4,4,1,1
9,0,3,0,0.142,-0.022,1.008,12.011,0.1639999999999999,1,3,1,4,0,1
0,0,0,0,-0.019,-0.032,12.011,12.011,0.013,4,4,4,4,1,0
0,9,0,3,0.134,0.109,12.011,1.008,0.025,4,1,4,1,0,1
8,0,3,0,0.222,0.019,1.008,12.011,0.203,1,4,1,4,0,0
8,16,3,5,0.27,-0.332,1.008,15.9994,0.6020000000000001,1,2,1,2,0,0
3,0,0,0,0.017,-0.044,14.027,12.011,0.061,2,4,4,4,1,1
0,16,0,5,-0.015,-0.332,12.011,15.9994,0.317,4,2,4,2,0,1
8,17,3,5,0.203,-0.251,1.008,15.9994,0.454,1,2,1,2,0,0
0,0,0,0,-0.014,0.134,12.011,12.011,0.148,4,4,4,4,1,0
9,0,3,0,0.091,0.01,1.008,12.011,0.081,1,4,1,4,0,0
9,9,3,3,0.109,0.11,1.008,1.008,0.001,1,1,1,1,1,0
0,0,0,0,0.012,0.133,12.011,12.011,0.121,4,4,4,4,1,1
9,9,3,3,0.117,0.117,1.008,1.008,0.0,1,1,1,1,1,0
9,9,3,3,0.108,0.106,1.008,1.008,0.002,1,1,1,1,1,0
11,8,4,3,-0.575,0.383,14.0067,1.008,0.958,3,1,3,1,0,1
17,0,5,0,-0.251,-0.019,15.9994,12.011,0.232,2,4,2,4,0,0
0,9,0,3,-0.239,0.108,12.011,1.008,0.347,4,1,4,1,0,1
17,0,5,0,-0.251,-0.031,15.9994,12.011,0.22,2,4,2,4,0,1
9,0,3,0,0.092,0.28,1.008,12.011,0.188,1,3,1,4,0,0
4,3,0,0,0.008,0.022,15.035,14.027,0.0139999999999999,1,2,4,4,1,0
11,8,4,3,-0.369,0.279,14.0067,1.008,0.648,3,1,3,1,0,0
17,0,5,0,-0.25,-0.019,15.9994,12.011,0.231,2,4,2,4,0,0
16,8,5,3,-0.332,0.204,15.9994,1.008,0.536,2,1,2,1,0,0
8,9,3,3,0.272,0.107,1.008,1.008,0.165,1,1,1,1,1,0
9,0,3,0,0.117,0.145,1.008,12.011,0.0279999999999999,1,4,1,4,0,0
9,0,3,0,0.117,0.134,1.008,12.011,0.017,1,4,1,4,0,0
0,0,0,0,0.04,0.367,12.011,12.011,0.327,4,4,4,4,1,1
0,9,0,3,-0.031,0.108,12.011,1.008,0.139,4,1,4,1,0,0
0,9,0,3,-0.24,0.089,12.011,1.008,0.3289999999999999,4,1,4,1,0,0
8,11,3,4,0.227,-0.368,1.008,14.0067,0.595,1,3,1,3,0,0
9,8,3,3,0.109,0.224,1.008,1.008,0.115,1,1,1,1,1,0
0,16,0,5,-0.019,-0.332,12.011,15.9994,0.313,4,2,4,2,0,1
15,9,5,3,-0.38,0.097,15.9994,1.008,0.477,1,1,2,1,0,0
9,9,3,3,0.089,0.106,1.008,1.008,0.017,1,1,1,1,1,0
8,17,3,5,0.271,-0.251,1.008,15.9994,0.522,1,2,1,2,0,0
16,9,5,3,-0.567,0.149,15.9994,1.008,0.716,2,1,2,1,0,0
13,0,4,0,-0.455,0.075,14.0067,12.011,0.53,3,3,3,4,0,1
8,9,3,3,0.271,0.108,1.008,1.008,0.163,1,1,1,1,1,0
11,0,4,0,-0.575,-0.104,14.0067,12.011,0.471,3,2,3,4,0,0
0,0,0,0,0.011,-0.243,12.011,12.011,0.254,4,4,4,4,1,0
7,0,2,0,-0.129,0.119,18.9984,12.011,0.248,1,3,4,4,0,0
0,16,0,5,-0.031,-0.332,12.011,15.9994,0.301,4,2,4,2,0,0
0,9,0,3,0.034,0.121,12.011,1.008,0.087,4,1,4,1,0,0
0,17,0,5,0.134,-0.251,12.011,15.9994,0.385,4,2,4,2,0,1
16,15,5,5,-0.325,-0.355,15.9994,15.9994,0.0299999999999999,2,1,2,2,1,0
4,3,0,0,0.024,0.005,15.035,14.027,0.019,1,2,4,4,1,0
16,15,5,5,-0.325,-0.354,15.9994,15.9994,0.0289999999999999,2,1,2,2,1,0
2,3,0,0,-0.007,0.005,13.019,14.027,0.012,3,2,4,4,1,1
0,0,0,0,0.119,-0.195,12.011,12.011,0.314,3,3,4,4,1,1
9,0,3,0,0.091,0.011,1.008,12.011,0.08,1,4,1,4,0,0
9,0,3,0,0.11,-0.243,1.008,12.011,0.353,1,4,1,4,0,0
0,9,0,3,-0.031,0.107,12.011,1.008,0.138,4,1,4,1,0,0
9,0,3,0,0.171,-0.065,1.008,12.011,0.236,1,3,1,4,0,0
0,0,0,0,0.446,-0.397,12.011,12.011,0.843,4,4,4,4,1,1
9,0,3,0,0.11,0.01,1.008,12.011,0.1,1,4,1,4,0,0
9,9,3,3,0.087,0.092,1.008,1.008,0.005,1,1,1,1,1,0
17,0,5,0,-0.251,0.145,15.9994,12.011,0.396,2,4,2,4,0,0
17,9,5,3,-0.252,0.107,15.9994,1.008,0.359,2,1,2,1,0,0
14,18,4,5,0.713,-0.446,14.0067,15.9994,1.159,3,1,3,2,0,1
0,11,0,4,0.29,-0.368,12.011,14.0067,0.6579999999999999,3,3,4,3,0,0
9,9,3,3,0.117,0.092,1.008,1.008,0.025,1,1,1,1,1,0
0,0,0,0,-0.023,-0.025,12.011,12.011,0.002,4,4,4,4,1,1
9,16,3,5,0.161,-0.325,1.008,15.9994,0.486,1,2,1,2,0,0
0,0,0,0,-0.019,0.279,12.011,12.011,0.298,4,3,4,4,1,0
0,9,0,3,-0.025,0.091,12.011,1.008,0.1159999999999999,4,1,4,1,0,0
0,0,0,0,-0.031,0.134,12.011,12.011,0.165,4,4,4,4,1,0
17,16,5,5,-0.252,-0.299,15.9994,15.9994,0.0469999999999999,2,2,2,2,1,0
9,8,3,3,0.105,0.224,1.008,1.008,0.119,1,1,1,1,1,0
9,0,3,0,0.091,0.28,1.008,12.011,0.189,1,3,1,4,0,0
9,8,3,3,0.089,0.272,1.008,1.008,0.183,1,1,1,1,1,0
0,9,0,3,0.144,0.094,12.011,1.008,0.0499999999999999,4,1,4,1,0,0
0,11,0,4,0.29,-0.379,12.011,14.0067,0.669,3,3,4,3,0,1
9,0,3,0,0.161,0.01,1.008,12.011,0.151,1,4,1,4,0,0
9,9,3,3,0.094,0.091,1.008,1.008,0.003,1,1,1,1,1,0
9,15,3,5,0.105,-0.355,1.008,15.9994,0.4599999999999999,1,1,1,2,0,0
9,0,3,0,0.117,0.299,1.008,12.011,0.182,1,3,1,4,0,0
9,0,3,0,0.109,-0.026,1.008,12.011,0.135,1,4,1,4,0,0
16,15,5,5,-0.325,-0.355,15.9994,15.9994,0.0299999999999999,2,1,2,2,1,0
9,0,3,0,0.161,-0.019,1.008,12.011,0.18,1,4,1,4,0,0
0,8,0,3,-0.019,0.203,12.011,1.008,0.222,4,1,4,1,0,0
11,8,4,3,-0.368,0.203,14.0067,1.008,0.571,3,1,3,1,0,1
8,9,3,3,0.203,0.11,1.008,1.008,0.093,1,1,1,1,1,0
16,0,5,0,-0.325,0.279,15.9994,12.011,0.6040000000000001,2,3,2,4,0,0
9,9,3,3,0.092,0.106,1.008,1.008,0.0139999999999999,1,1,1,1,1,0
11,9,4,3,-0.37,0.105,14.0067,1.008,0.475,3,1,3,1,0,0
16,0,5,0,-0.332,-0.019,15.9994,12.011,0.313,2,4,2,4,0,0
9,9,3,3,0.117,0.11,1.008,1.008,0.007,1,1,1,1,1,0
0,0,0,0,-0.259,0.422,12.011,12.011,0.681,3,3,4,4,1,1
15,0,5,0,-0.33,0.034,15.9994,12.011,0.364,2,4,2,4,0,1
0,15,0,5,-0.014,-0.355,12.011,15.9994,0.3409999999999999,4,1,4,2,0,0
9,9,3,3,0.11,0.092,1.008,1.008,0.018,1,1,1,1,1,0
0,0,0,0,-0.259,-0.129,12.011,12.011,0.13,3,3,4,4,1,1
0,9,0,3,0.011,0.161,12.011,1.008,0.15,4,1,4,1,0,1
16,0,5,0,-0.567,0.379,15.9994,12.011,0.946,2,3,2,4,0,1
16,0,5,0,-0.323,0.277,15.9994,12.011,0.6000000000000001,2,3,2,4,0,0
0,9,0,3,-0.031,0.105,12.011,1.008,0.136,4,1,4,1,0,0
16,9,5,3,-0.325,0.119,15.9994,1.008,0.444,2,1,2,1,0,0
0,9,0,3,0.011,0.161,12.011,1.008,0.15,4,1,4,1,0,1
0,0,0,0,0.134,0.134,12.011,12.011,0.0,4,4,4,4,1,0
9,9,3,3,0.108,0.107,1.008,1.008,0.001,1,1,1,1,1,0
0,9,0,3,-0.031,0.106,12.011,1.008,0.137,4,1,4,1,0,0
9,0,3,0,0.117,-0.243,1.008,12.011,0.36,1,4,1,4,0,0
0,0,0,0,-0.019,-0.243,12.011,12.011,0.224,4,4,4,4,1,0
17,11,5,4,-0.322,-0.369,15.9994,14.0067,0.0469999999999999,2,3,2,3,0,0
0,11,0,4,-0.014,-0.368,12.011,14.0067,0.354,4,3,4,3,0,0
0,9,0,3,-0.243,0.107,12.011,1.008,0.35,4,1,4,1,0,1
9,9,3,3,0.118,0.129,1.008,1.008,0.011,1,1,1,1,1,0
9,9,3,3,0.117,0.106,1.008,1.008,0.011,1,1,1,1,1,0
9,9,3,3,0.11,0.117,1.008,1.008,0.007,1,1,1,1,1,0
0,9,0,3,-0.243,0.107,12.011,1.008,0.35,4,1,4,1,0,1
8,8,3,3,0.27,0.224,1.008,1.008,0.046,1,1,1,1,1,0
9,9,3,3,0.104,0.091,1.008,1.008,0.0129999999999999,1,1,1,1,1,0
17,0,5,0,-0.251,0.01,15.9994,12.011,0.261,2,4,2,4,0,0
0,0,0,0,0.403,-0.319,12.011,12.011,0.722,3,3,4,4,1,1
8,9,3,3,0.331,0.106,1.008,1.008,0.225,1,1,1,1,1,0
0,15,0,5,-0.017,-0.355,12.011,15.9994,0.3379999999999999,4,1,4,2,0,0
0,9,0,3,0.134,0.11,12.011,1.008,0.024,4,1,4,1,0,1
8,0,3,0,0.268,-0.014,1.008,12.011,0.282,1,4,1,4,0,0
16,9,5,3,-0.334,0.132,15.9994,1.008,0.466,2,1,2,1,0,0
0,16,0,5,0.019,-0.333,12.011,15.9994,0.352,4,2,4,2,0,1
9,9,3,3,0.109,0.091,1.008,1.008,0.018,1,1,1,1,1,0
0,16,0,5,-0.023,-0.325,12.011,15.9994,0.302,4,2,4,2,0,0
8,9,3,3,0.27,0.106,1.008,1.008,0.164,1,1,1,1,1,0
9,9,3,3,0.11,0.132,1.008,1.008,0.022,1,1,1,1,1,0
0,17,0,5,0.144,-0.251,12.011,15.9994,0.395,4,2,4,2,0,0
17,9,5,3,-0.323,0.106,15.9994,1.008,0.429,2,1,2,1,0,0
16,9,5,3,-0.323,0.118,15.9994,1.008,0.441,2,1,2,1,0,0
8,0,3,0,0.222,0.01,1.008,12.011,0.212,1,4,1,4,0,0
0,0,0,0,0.133,-0.019,12.011,12.011,0.152,4,4,4,4,1,0
8,9,3,3,0.204,0.108,1.008,1.008,0.0959999999999999,1,1,1,1,1,0
0,9,0,3,-0.014,0.106,12.011,1.008,0.12,4,1,4,1,0,0
0,0,0,0,-0.014,-0.019,12.011,12.011,0.0049999999999999,4,4,4,4,1,1
0,16,0,5,0.005,-0.32,12.011,15.9994,0.325,4,2,4,2,0,0
0,9,0,3,-0.243,0.106,12.011,1.008,0.349,4,1,4,1,0,1
0,15,0,5,-0.019,-0.384,12.011,15.9994,0.365,4,1,4,2,0,0
0,9,0,3,-0.243,0.107,12.011,1.008,0.35,4,1,4,1,0,1
16,0,5,0,-0.325,-0.243,15.9994,12.011,0.082,2,4,2,4,0,0
0,9,0,3,-0.029,0.137,12.011,1.008,0.166,4,1,4,1,0,1
9,9,3,3,0.108,0.108,1.008,1.008,0.0,1,1,1,1,1,0
16,8,5,3,-0.333,0.271,15.9994,1.008,0.6040000000000001,2,1,2,1,0,1
0,0,0,0,0.009,0.012,12.011,12.011,0.003,4,4,4,4,1,1
14,18,4,5,0.644,-0.44,14.0067,15.9994,1.084,3,1,3,2,0,1
8,8,3,3,0.242,0.224,1.008,1.008,0.0179999999999999,1,1,1,1,1,0
8,16,3,5,0.224,-0.332,1.008,15.9994,0.556,1,2,1,2,0,0
0,17,0,5,0.134,-0.251,12.011,15.9994,0.385,4,2,4,2,0,1
9,17,3,5,0.109,-0.31,1.008,15.9994,0.419,1,2,1,2,0,0
9,0,3,0,0.11,-0.243,1.008,12.011,0.353,1,4,1,4,0,0
0,9,0,3,-0.019,0.108,12.011,1.008,0.127,4,1,4,1,0,0
9,0,3,0,0.161,-0.014,1.008,12.011,0.175,1,4,1,4,0,0
8,0,3,0,0.224,0.011,1.008,12.011,0.213,1,4,1,4,0,0
0,9,0,3,-0.031,0.106,12.011,1.008,0.137,4,1,4,1,0,0
9,17,3,5,0.11,-0.323,1.008,15.9994,0.433,1,2,1,2,0,0
0,8,0,3,0.011,0.223,12.011,1.008,0.212,4,1,4,1,0,0
0,9,0,3,-0.019,0.091,12.011,1.008,0.11,4,1,4,1,0,1
8,0,3,0,0.225,-0.029,1.008,12.011,0.254,1,4,1,4,0,0
8,0,3,0,0.203,-0.243,1.008,12.011,0.446,1,4,1,4,0,0
0,8,0,3,-0.031,0.203,12.011,1.008,0.234,4,1,4,1,0,0
9,15,3,5,0.106,-0.354,1.008,15.9994,0.4599999999999999,1,1,1,2,0,0
0,8,0,3,0.134,0.204,12.011,1.008,0.0699999999999999,4,1,4,1,0,0
17,0,5,0,-0.316,0.005,15.9994,12.011,0.321,2,4,2,4,0,1
9,9,3,3,0.117,0.106,1.008,1.008,0.011,1,1,1,1,1,0
0,9,0,3,-0.031,0.089,12.011,1.008,0.12,4,1,4,1,0,0
8,9,3,3,0.223,0.107,1.008,1.008,0.116,1,1,1,1,1,0
16,9,5,3,-0.332,0.106,15.9994,1.008,0.438,2,1,2,1,0,0
0,16,0,5,0.01,-0.325,12.011,15.9994,0.335,4,2,4,2,0,1
0,0,0,0,-0.032,-0.243,12.011,12.011,0.211,4,4,4,4,1,0
0,9,0,3,-0.014,0.092,12.011,1.008,0.106,4,1,4,1,0,0
0,16,0,5,-0.011,-0.32,12.011,15.9994,0.309,4,2,4,2,0,1
0,15,0,5,0.279,-0.355,12.011,15.9994,0.634,3,1,4,2,0,0
17,11,5,4,-0.323,-0.368,15.9994,14.0067,0.0449999999999999,2,3,2,3,0,0
0,17,0,5,0.01,-0.323,12.011,15.9994,0.333,4,2,4,2,0,0
0,9,0,3,-0.031,0.132,12.011,1.008,0.163,4,1,4,1,0,1
16,9,5,3,-0.325,0.161,15.9994,1.008,0.486,2,1,2,1,0,0
16,16,5,5,-0.333,-0.332,15.9994,15.9994,0.001,2,2,2,2,1,0
3,3,0,0,0.022,-0.02,14.027,14.027,0.0419999999999999,2,2,4,4,1,1
0,0,0,0,0.27,-0.195,12.011,12.011,0.465,3,3,4,4,1,0
0,11,0,4,0.01,-0.369,12.011,14.0067,0.379,4,3,4,3,0,0
0,9,0,3,-0.256,0.142,12.011,1.008,0.398,4,1,4,1,0,1
8,9,3,3,0.242,0.132,1.008,1.008,0.1099999999999999,1,1,1,1,1,0
9,9,3,3,0.132,0.109,1.008,1.008,0.023,1,1,1,1,1,0
9,7,3,2,0.212,-0.129,1.008,18.9984,0.3409999999999999,1,1,1,4,0,0
0,17,0,5,0.134,-0.251,12.011,15.9994,0.385,4,2,4,2,0,0
9,0,3,0,0.094,-0.126,1.008,12.011,0.22,1,3,1,4,0,0
0,11,0,4,-0.018,-0.369,12.011,14.0067,0.351,4,3,4,3,0,0
0,9,0,3,-0.014,0.106,12.011,1.008,0.12,4,1,4,1,0,0
0,11,0,4,0.011,-0.368,12.011,14.0067,0.379,4,3,4,3,0,1
9,0,3,0,0.161,0.01,1.008,12.011,0.151,1,4,1,4,0,0
9,17,3,5,0.087,-0.252,1.008,15.9994,0.3389999999999999,1,2,1,2,0,0
16,0,5,0,-0.323,-0.026,15.9994,12.011,0.297,2,4,2,4,0,0
15,9,5,3,-0.355,0.107,15.9994,1.008,0.4619999999999999,1,1,2,1,0,0
1,1,0,0,-0.143,-0.142,12.011,12.011,0.001,3,3,4,4,1,1
8,9,3,3,0.204,0.106,1.008,1.008,0.0979999999999999,1,1,1,1,1,0
9,0,3,0,0.129,0.28,1.008,12.011,0.151,1,3,1,4,0,0
8,9,3,3,0.271,0.117,1.008,1.008,0.154,1,1,1,1,1,0
9,11,3,4,0.11,-0.37,1.008,14.0067,0.48,1,3,1,3,0,0
0,9,0,3,-0.243,0.106,12.011,1.008,0.349,4,1,4,1,0,1
0,0,0,0,0.019,-0.026,12.011,12.011,0.045,4,4,4,4,1,1
16,0,5,0,-0.325,-0.243,15.9994,12.011,0.082,2,4,2,4,0,0
0,17,0,5,-0.014,-0.252,12.011,15.9994,0.238,4,2,4,2,0,0
0,0,0,0,-0.031,0.011,12.011,12.011,0.0419999999999999,4,4,4,4,1,0
0,16,0,5,0.01,-0.325,12.011,15.9994,0.335,4,2,4,2,0,1
0,15,0,5,-0.019,-0.352,12.011,15.9994,0.3329999999999999,4,1,4,2,0,0
0,0,0,0,-0.018,-0.025,12.011,12.011,0.007,4,4,4,4,1,1
9,8,3,3,0.118,0.224,1.008,1.008,0.106,1,1,1,1,1,0
15,17,5,5,-0.38,-0.31,15.9994,15.9994,0.07,1,2,2,2,1,0
9,9,3,3,0.142,0.156,1.008,1.008,0.014,1,1,1,1,1,0
16,9,5,3,-0.325,0.161,15.9994,1.008,0.486,2,1,2,1,0,0
8,15,3,5,0.204,-0.355,1.008,15.9994,0.5589999999999999,1,1,1,2,0,0
0,9,0,3,-0.019,0.091,12.011,1.008,0.11,4,1,4,1,0,1
0,0,0,0,-0.031,-0.014,12.011,12.011,0.017,4,4,4,4,1,1
8,17,3,5,0.225,-0.251,1.008,15.9994,0.476,1,2,1,2,0,0
16,8,5,3,-0.333,0.271,15.9994,1.008,0.6040000000000001,2,1,2,1,0,1
9,0,3,0,0.132,0.011,1.008,12.011,0.121,1,4,1,4,0,0
0,0,0,0,-0.031,-0.243,12.011,12.011,0.212,4,4,4,4,1,0
0,17,0,5,-0.014,-0.323,12.011,15.9994,0.309,4,2,4,2,0,1
9,9,3,3,0.097,0.106,1.008,1.008,0.0089999999999999,1,1,1,1,1,0
8,9,3,3,0.225,0.106,1.008,1.008,0.119,1,1,1,1,1,0
9,0,3,0,0.091,-0.019,1.008,12.011,0.11,1,4,1,4,0,0
1,1,0,0,0.039,-0.018,12.011,12.011,0.0569999999999999,3,3,4,4,1,1
0,15,0,5,0.274,-0.352,12.011,15.9994,0.626,3,1,4,2,0,1
9,8,3,3,0.092,0.272,1.008,1.008,0.18,1,1,1,1,1,0
0,11,0,4,0.009,-0.368,12.011,14.0067,0.377,4,3,4,3,0,0
0,7,0,2,0.367,-0.129,12.011,18.9984,0.496,4,1,4,4,0,1
0,17,0,5,-0.014,-0.323,12.011,15.9994,0.309,4,2,4,2,0,1
8,9,3,3,0.272,0.107,1.008,1.008,0.165,1,1,1,1,1,0
0,0,0,0,-0.014,-0.019,12.011,12.011,0.0049999999999999,4,4,4,4,1,0
16,10,5,3,-0.578,0.45,15.9994,1.008,1.028,2,1,2,1,0,1
0,9,0,3,0.011,0.161,12.011,1.008,0.15,4,1,4,1,0,1
0,11,0,4,-0.019,-0.368,12.011,14.0067,0.349,4,3,4,3,0,0
9,8,3,3,0.132,0.271,1.008,1.008,0.139,1,1,1,1,1,0
16,9,5,3,-0.333,0.161,15.9994,1.008,0.494,2,1,2,1,0,0
11,9,4,3,-0.369,0.132,14.0067,1.008,0.501,3,1,3,1,0,0
9,8,3,3,0.105,0.27,1.008,1.008,0.165,1,1,1,1,1,0
0,8,0,3,0.133,0.223,12.011,1.008,0.09,4,1,4,1,0,0
0,9,0,3,-0.023,0.108,12.011,1.008,0.131,4,1,4,1,0,1
16,0,5,0,-0.332,0.011,15.9994,12.011,0.343,2,4,2,4,0,0
0,9,0,3,-0.243,0.107,12.011,1.008,0.35,4,1,4,1,0,1
16,8,5,3,-0.32,0.331,15.9994,1.008,0.651,2,1,2,1,0,1
0,0,0,0,-0.014,-0.243,12.011,12.011,0.2289999999999999,4,4,4,4,1,0
0,0,0,0,-0.031,0.01,12.011,12.011,0.041,4,4,4,4,1,1
8,0,3,0,0.204,-0.243,1.008,12.011,0.4469999999999999,1,4,1,4,0,0
15,8,5,3,-0.608,0.448,15.9994,1.008,1.056,2,1,2,1,0,1
0,9,0,3,0.134,0.108,12.011,1.008,0.026,4,1,4,1,0,0
9,8,3,3,0.118,0.272,1.008,1.008,0.154,1,1,1,1,1,0
11,0,4,0,-0.368,-0.243,14.0067,12.011,0.125,3,4,3,4,0,0
11,0,4,0,-0.368,0.279,14.0067,12.011,0.647,3,3,3,4,0,1
0,17,0,5,-0.014,-0.322,12.011,15.9994,0.308,4,2,4,2,0,1
0,15,0,5,0.28,-0.355,12.011,15.9994,0.635,3,1,4,2,0,1
11,8,4,3,-0.379,0.204,14.0067,1.008,0.583,3,1,3,1,0,0
9,9,3,3,0.108,0.107,1.008,1.008,0.001,1,1,1,1,1,0
16,8,5,3,-0.333,0.203,15.9994,1.008,0.536,2,1,2,1,0,0
8,9,3,3,0.035,0.106,1.008,1.008,0.071,1,1,1,1,1,0
0,0,0,0,-0.019,0.01,12.011,12.011,0.0289999999999999,4,4,4,4,1,0
0,9,0,3,0.29,0.091,12.011,1.008,0.1989999999999999,3,1,4,1,0,0
9,15,3,5,0.109,-0.355,1.008,15.9994,0.4639999999999999,1,1,1,2,0,0
0,16,0,5,-0.025,-0.299,12.011,15.9994,0.2739999999999999,4,2,4,2,0,0
0,9,0,3,0.011,0.132,12.011,1.008,0.121,4,1,4,1,0,0
9,8,3,3,0.092,0.217,1.008,1.008,0.125,1,1,1,1,1,0
0,0,0,0,0.28,-0.243,12.011,12.011,0.523,3,4,4,4,1,0
16,9,5,3,-0.325,0.109,15.9994,1.008,0.434,2,1,2,1,0,0
0,9,0,3,-0.019,0.092,12.011,1.008,0.111,4,1,4,1,0,0
12,0,4,0,-0.256,-0.001,14.0067,12.011,0.255,2,3,3,4,0,1
0,9,0,3,0.134,0.11,12.011,1.008,0.024,4,1,4,1,0,1
8,0,3,0,0.331,-0.019,1.008,12.011,0.35,1,4,1,4,0,0
0,16,0,5,-0.019,-0.325,12.011,15.9994,0.306,4,2,4,2,0,0
0,0,0,0,0.134,-0.026,12.011,12.011,0.16,4,4,4,4,1,0
17,9,5,3,-0.323,0.106,15.9994,1.008,0.429,2,1,2,1,0,0
17,0,5,0,-0.316,0.01,15.9994,12.011,0.326,2,4,2,4,0,0
9,16,3,5,0.161,-0.337,1.008,15.9994,0.498,1,2,1,2,0,0
0,9,0,3,-0.24,0.091,12.011,1.008,0.3309999999999999,4,1,4,1,0,0
9,8,3,3,0.131,0.203,1.008,1.008,0.072,1,1,1,1,1,0
9,9,3,3,0.091,0.132,1.008,1.008,0.041,1,1,1,1,1,0
0,9,0,3,-0.243,0.107,12.011,1.008,0.35,4,1,4,1,0,1
9,9,3,3,0.117,0.106,1.008,1.008,0.011,1,1,1,1,1,0
9,17,3,5,0.133,-0.251,1.008,15.9994,0.384,1,2,1,2,0,0
11,8,4,3,-0.369,0.271,14.0067,1.008,0.64,3,1,3,1,0,0
11,16,4,5,-0.368,-0.325,14.0067,15.9994,0.0429999999999999,3,2,3,2,0,0
0,15,0,5,0.279,-0.354,12.011,15.9994,0.633,3,1,4,2,0,1
17,15,5,5,-0.323,-0.355,15.9994,15.9994,0.0319999999999999,2,1,2,2,1,0
0,17,0,5,0.134,-0.251,12.011,15.9994,0.385,4,2,4,2,0,1
9,0,3,0,0.092,-0.014,1.008,12.011,0.106,1,4,1,4,0,0
9,9,3,3,0.091,0.107,1.008,1.008,0.016,1,1,1,1,1,0
8,9,3,3,0.27,0.107,1.008,1.008,0.163,1,1,1,1,1,0
9,9,3,3,0.132,0.106,1.008,1.008,0.026,1,1,1,1,1,0
8,9,3,3,0.224,0.092,1.008,1.008,0.132,1,1,1,1,1,0
0,9,0,3,-0.011,0.133,12.011,1.008,0.144,4,1,4,1,0,1
0,0,0,0,-0.018,0.144,12.011,12.011,0.1619999999999999,4,4,4,4,1,1
16,0,5,0,-0.333,0.134,15.9994,12.011,0.467,2,4,2,4,0,0
8,17,3,5,0.227,-0.323,1.008,15.9994,0.55,1,2,1,2,0,0
0,9,0,3,-0.019,0.091,12.011,1.008,0.11,4,1,4,1,0,1
1,9,0,3,-0.143,0.134,12.011,1.008,0.277,3,1,4,1,0,1
11,16,4,5,-0.379,-0.332,14.0067,15.9994,0.0469999999999999,3,2,3,2,0,0
0,8,0,3,0.134,0.271,12.011,1.008,0.137,4,1,4,1,0,0
0,9,0,3,-0.014,0.091,12.011,1.008,0.105,4,1,4,1,0,0
0,9,0,3,-0.397,0.094,12.011,1.008,0.491,4,1,4,1,0,1
9,9,3,3,0.091,0.129,1.008,1.008,0.038,1,1,1,1,1,0
0,0,0,0,-0.023,-0.273,12.011,12.011,0.25,4,4,4,4,1,1
17,0,5,0,-0.322,0.28,15.9994,12.011,0.6020000000000001,2,3,2,4,0,0
0,0,0,0,0.446,-0.065,12.011,12.011,0.511,4,3,4,4,1,1
8,17,3,5,0.222,-0.252,1.008,15.9994,0.474,1,2,1,2,0,0
0,9,0,3,-0.015,0.108,12.011,1.008,0.123,4,1,4,1,0,0
0,15,0,5,-0.243,-0.355,12.011,15.9994,0.1119999999999999,4,1,4,2,0,0
8,16,3,5,0.271,-0.332,1.008,15.9994,0.603,1,2,1,2,0,0
0,0,0,0,-0.014,-0.019,12.011,12.011,0.0049999999999999,4,4,4,4,1,0
8,8,3,3,0.272,0.224,1.008,1.008,0.048,1,1,1,1,1,0
9,8,3,3,0.108,0.265,1.008,1.008,0.157,1,1,1,1,1,0
0,9,0,3,-0.011,0.132,12.011,1.008,0.143,4,1,4,1,0,0
16,17,5,5,-0.327,-0.323,15.9994,15.9994,0.004,2,2,2,2,1,0
9,0,3,0,0.118,0.279,1.008,12.011,0.161,1,3,1,4,0,0
1,1,0,0,-0.142,-0.053,12.011,12.011,0.089,3,3,4,4,1,1
0,0,0,0,-0.031,0.01,12.011,12.011,0.041,4,4,4,4,1,1
0,9,0,3,-0.243,0.106,12.011,1.008,0.349,4,1,4,1,0,0
9,11,3,4,0.11,-0.368,1.008,14.0067,0.478,1,3,1,3,0,0
11,0,4,0,-0.379,-0.019,14.0067,12.011,0.36,3,4,3,4,0,0
9,9,3,3,0.11,0.117,1.008,1.008,0.007,1,1,1,1,1,0
16,0,5,0,-0.334,-0.239,15.9994,12.011,0.095,2,4,2,4,0,0
0,9,0,3,0.134,0.106,12.011,1.008,0.028,4,1,4,1,0,0
0,0,0,0,0.379,-0.245,12.011,12.011,0.624,3,3,4,4,1,1
17,9,5,3,-0.323,0.106,15.9994,1.008,0.429,2,1,2,1,0,0
0,8,0,3,0.133,0.224,12.011,1.008,0.091,4,1,4,1,0,0
0,0,0,0,0.005,-0.011,12.011,12.011,0.016,4,4,4,4,1,1
10,0,3,0,0.331,-0.001,1.008,12.011,0.332,1,3,1,4,0,0
0,0,0,0,0.01,0.011,12.011,12.011,0.0009999999999999,4,4,4,4,1,0
9,11,3,4,0.131,-0.369,1.008,14.0067,0.5,1,3,1,3,0,0
3,3,0,0,-0.0,0.004,14.027,14.027,0.004,2,2,4,4,1,1
9,9,3,3,0.117,0.132,1.008,1.008,0.015,1,1,1,1,1,0
17,9,5,3,-0.251,0.091,15.9994,1.008,0.3419999999999999,2,1,2,1,0,0
0,9,0,3,0.134,0.112,12.011,1.008,0.022,4,1,4,1,0,0
9,0,3,0,0.112,0.28,1.008,12.011,0.168,1,3,1,4,0,0
17,9,5,3,-0.323,0.108,15.9994,1.008,0.431,2,1,2,1,0,0
0,0,0,0,0.011,-0.017,12.011,12.011,0.028,4,4,4,4,1,0
1,9,0,3,-0.142,0.154,12.011,1.008,0.296,3,1,4,1,0,1
9,0,3,0,0.11,-0.031,1.008,12.011,0.141,1,4,1,4,0,0
0,8,0,3,0.01,0.272,12.011,1.008,0.262,4,1,4,1,0,0
17,0,5,0,-0.316,-0.243,15.9994,12.011,0.073,2,4,2,4,0,0
9,0,3,0,0.132,-0.014,1.008,12.011,0.146,1,4,1,4,0,0
0,0,0,0,0.01,-0.018,12.011,12.011,0.0279999999999999,4,4,4,4,1,0
0,0,0,0,-0.319,-0.126,12.011,12.011,0.193,3,3,4,4,1,1
0,0,0,0,-0.126,-0.319,12.011,12.011,0.193,3,3,4,4,1,0
9,0,3,0,0.108,-0.018,1.008,12.011,0.126,1,4,1,4,0,0
8,8,3,3,0.203,0.224,1.008,1.008,0.0209999999999999,1,1,1,1,1,0
0,0,0,0,0.277,-0.243,12.011,12.011,0.52,3,4,4,4,1,1
0,9,0,3,0.134,0.106,12.011,1.008,0.028,4,1,4,1,0,0
0,8,0,3,-0.014,0.224,12.011,1.008,0.238,4,1,4,1,0,0
0,9,0,3,-0.109,0.151,12.011,1.008,0.26,3,1,4,1,0,1
17,0,5,0,-0.268,0.277,15.9994,12.011,0.545,2,3,2,4,0,0
8,0,3,0,0.271,0.134,1.008,12.011,0.137,1,4,1,4,0,0
0,0,0,0,-0.019,-0.031,12.011,12.011,0.012,4,4,4,4,1,0
0,16,0,5,-0.019,-0.332,12.011,15.9994,0.313,4,2,4,2,0,0
0,9,0,3,0.011,0.161,12.011,1.008,0.15,4,1,4,1,0,1
17,0,5,0,-0.322,-0.243,15.9994,12.011,0.079,2,4,2,4,0,0
0,9,0,3,-0.014,0.106,12.011,1.008,0.12,4,1,4,1,0,0
0,9,0,3,-0.243,0.106,12.011,1.008,0.349,4,1,4,1,0,1
9,0,3,0,0.163,-0.259,1.008,12.011,0.422,1,3,1,4,0,0
8,9,3,3,0.223,0.129,1.008,1.008,0.094,1,1,1,1,1,0
9,8,3,3,0.091,0.279,1.008,1.008,0.188,1,1,1,1,1,0
0,9,0,3,-0.018,0.106,12.011,1.008,0.124,4,1,4,1,0,0
11,0,4,0,-0.37,0.011,14.0067,12.011,0.381,3,4,3,4,0,0
8,8,3,3,0.203,0.271,1.008,1.008,0.068,1,1,1,1,1,0
0,16,0,5,-0.019,-0.332,12.011,15.9994,0.313,4,2,4,2,0,1
0,0,0,0,0.01,0.145,12.011,12.011,0.1349999999999999,4,4,4,4,1,0
0,0,0,0,-0.031,-0.243,12.011,12.011,0.212,4,4,4,4,1,0
8,9,3,3,0.203,0.118,1.008,1.008,0.085,1,1,1,1,1,0
16,8,5,3,-0.332,0.271,15.9994,1.008,0.603,2,1,2,1,0,1
11,0,4,0,-0.368,0.28,14.0067,12.011,0.648,3,3,3,4,0,0
0,0,0,0,-0.031,-0.014,12.011,12.011,0.017,4,4,4,4,1,1
0,9,0,3,-0.397,0.094,12.011,1.008,0.491,4,1,4,1,0,1
0,9,0,3,-0.319,0.171,12.011,1.008,0.49,3,1,4,1,0,1
0,9,0,3,-0.32,0.212,12.011,1.008,0.532,3,1,4,1,0,1
0,9,0,3,-0.243,0.106,12.011,1.008,0.349,4,1,4,1,0,0
9,0,3,0,0.171,-0.126,1.008,12.011,0.297,1,3,1,4,0,0
0,0,0,0,-0.031,-0.243,12.011,12.011,0.212,4,4,4,4,1,0
8,9,3,3,0.271,0.105,1.008,1.008,0.166,1,1,1,1,1,0
17,8,5,3,-0.322,0.206,15.9994,1.008,0.528,2,1,2,1,0,0
17,8,5,3,-0.323,0.265,15.9994,1.008,0.5880000000000001,2,1,2,1,0,0
0,0,0,0,0.074,-0.263,12.011,12.011,0.337,3,3,4,4,1,1
0,0,0,0,-0.319,0.403,12.011,12.011,0.722,3,3,4,4,1,1
8,9,3,3,0.242,0.128,1.008,1.008,0.1139999999999999,1,1,1,1,1,0
14,0,4,0,0.713,0.074,14.0067,12.011,0.639,3,3,3,4,0,1
11,0,4,0,-0.368,-0.243,14.0067,12.011,0.125,3,4,3,4,0,0
0,9,0,3,-0.239,0.108,12.011,1.008,0.347,4,1,4,1,0,1
0,9,0,3,0.403,0.171,12.011,1.008,0.232,3,1,4,1,0,0
0,9,0,3,-0.014,0.091,12.011,1.008,0.105,4,1,4,1,0,0
0,9,0,3,-0.397,0.094,12.011,1.008,0.491,4,1,4,1,0,1
9,15,3,5,0.161,-0.355,1.008,15.9994,0.516,1,1,1,2,0,0
9,0,3,0,0.108,-0.014,1.008,12.011,0.122,1,4,1,4,0,0
9,9,3,3,0.132,0.132,1.008,1.008,0.0,1,1,1,1,1,0
11,9,4,3,-0.369,0.117,14.0067,1.008,0.486,3,1,3,1,0,0
16,9,5,3,-0.324,0.128,15.9994,1.008,0.452,2,1,2,1,0,0
17,8,5,3,-0.32,0.223,15.9994,1.008,0.543,2,1,2,1,0,0
11,16,4,5,-0.368,-0.332,14.0067,15.9994,0.0359999999999999,3,2,3,2,0,0
0,15,0,5,0.28,-0.355,12.011,15.9994,0.635,3,1,4,2,0,1
8,9,3,3,0.222,0.106,1.008,1.008,0.116,1,1,1,1,1,0
8,9,3,3,0.271,0.106,1.008,1.008,0.165,1,1,1,1,1,0
18,0,5,0,-0.429,-0.153,15.9994,12.011,0.276,1,3,2,4,0,0
0,9,0,3,-0.031,0.106,12.011,1.008,0.137,4,1,4,1,0,0
0,16,0,5,-0.017,-0.337,12.011,15.9994,0.32,4,2,4,2,0,1
0,0,0,0,0.28,-0.243,12.011,12.011,0.523,3,4,4,4,1,1
16,0,5,0,-0.325,-0.243,15.9994,12.011,0.082,2,4,2,4,0,0
0,4,0,0,-0.044,0.024,12.011,15.035,0.068,4,1,4,4,1,1
16,9,5,3,-0.325,0.106,15.9994,1.008,0.431,2,1,2,1,0,0
0,9,0,3,0.29,0.117,12.011,1.008,0.173,3,1,4,1,0,0
8,0,3,0,0.271,-0.243,1.008,12.011,0.514,1,4,1,4,0,0
0,9,0,3,-0.019,0.161,12.011,1.008,0.18,4,1,4,1,0,0
9,0,3,0,0.104,0.134,1.008,12.011,0.03,1,4,1,4,0,0
0,8,0,3,0.005,0.227,12.011,1.008,0.222,4,1,4,1,0,0
8,17,3,5,0.203,-0.251,1.008,15.9994,0.454,1,2,1,2,0,0
0,11,0,4,0.01,-0.368,12.011,14.0067,0.378,4,3,4,3,0,1
17,0,5,0,-0.268,-0.031,15.9994,12.011,0.237,2,4,2,4,0,0
9,8,3,3,0.108,0.224,1.008,1.008,0.116,1,1,1,1,1,0
0,17,0,5,0.134,-0.324,12.011,15.9994,0.458,4,2,4,2,0,0
0,9,0,3,0.011,0.161,12.011,1.008,0.15,4,1,4,1,0,1
0,9,0,3,0.012,0.118,12.011,1.008,0.106,4,1,4,1,0,0
9,9,3,3,0.106,0.106,1.008,1.008,0.0,1,1,1,1,1,0
0,9,0,3,-0.014,0.117,12.011,1.008,0.131,4,1,4,1,0,0
0,0,0,0,-0.014,0.01,12.011,12.011,0.024,4,4,4,4,1,0
16,0,5,0,-0.323,0.28,15.9994,12.011,0.603,2,3,2,4,0,0
8,17,3,5,0.222,-0.322,1.008,15.9994,0.544,1,2,1,2,0,0
9,0,3,0,0.162,0.01,1.008,12.011,0.152,1,4,1,4,0,0
0,0,0,0,-0.019,-0.243,12.011,12.011,0.224,4,4,4,4,1,0
8,9,3,3,0.223,0.128,1.008,1.008,0.095,1,1,1,1,1,0
9,0,3,0,0.109,-0.239,1.008,12.011,0.348,1,4,1,4,0,0
8,9,3,3,0.203,0.161,1.008,1.008,0.042,1,1,1,1,1,0
0,9,0,3,-0.031,0.112,12.011,1.008,0.143,4,1,4,1,0,0
9,15,3,5,0.109,-0.355,1.008,15.9994,0.4639999999999999,1,1,1,2,0,0
9,0,3,0,0.11,-0.019,1.008,12.011,0.129,1,4,1,4,0,0
3,3,0,0,0.005,0.009,14.027,14.027,0.0039999999999999,2,2,4,4,1,1
0,0,0,0,0.011,0.134,12.011,12.011,0.123,4,4,4,4,1,1
0,9,0,3,-0.243,0.107,12.011,1.008,0.35,4,1,4,1,0,0
8,0,3,0,0.271,0.299,1.008,12.011,0.0279999999999999,1,3,1,4,0,0
13,1,4,0,-0.455,-0.018,14.0067,12.011,0.437,3,3,3,4,0,0
0,9,0,3,-0.397,0.094,12.011,1.008,0.491,4,1,4,1,0,1
9,8,3,3,0.161,0.224,1.008,1.008,0.063,1,1,1,1,1,0
16,0,5,0,-0.325,0.28,15.9994,12.011,0.605,2,3,2,4,0,0
0,9,0,3,-0.126,0.131,12.011,1.008,0.257,3,1,4,1,0,1
9,9,3,3,0.11,0.106,1.008,1.008,0.004,1,1,1,1,1,0
0,9,0,3,-0.026,0.128,12.011,1.008,0.154,4,1,4,1,0,1
0,9,0,3,-0.014,0.161,12.011,1.008,0.175,4,1,4,1,0,0
17,0,5,0,-0.251,-0.031,15.9994,12.011,0.22,2,4,2,4,0,1
9,0,3,0,0.11,0.011,1.008,12.011,0.099,1,4,1,4,0,0
9,0,3,0,0.132,0.277,1.008,12.011,0.145,1,3,1,4,0,0
17,9,5,3,-0.251,0.107,15.9994,1.008,0.358,2,1,2,1,0,0
9,0,3,0,0.091,0.28,1.008,12.011,0.189,1,3,1,4,0,0
9,9,3,3,0.132,0.089,1.008,1.008,0.043,1,1,1,1,1,0
0,0,0,0,-0.014,-0.019,12.011,12.011,0.0049999999999999,4,4,4,4,1,1
8,9,3,3,0.271,0.091,1.008,1.008,0.18,1,1,1,1,1,0
0,9,0,3,0.134,0.11,12.011,1.008,0.024,4,1,4,1,0,1
9,8,3,3,0.162,0.224,1.008,1.008,0.062,1,1,1,1,1,0
8,11,3,4,0.227,-0.368,1.008,14.0067,0.595,1,3,1,3,0,0
0,9,0,3,0.005,0.107,12.011,1.008,0.102,4,1,4,1,0,0
17,16,5,5,-0.25,-0.332,15.9994,15.9994,0.082,2,2,2,2,1,0
0,0,0,0,0.379,-0.12,12.011,12.011,0.499,3,3,4,4,1,1
9,9,3,3,0.132,0.106,1.008,1.008,0.026,1,1,1,1,1,0
9,9,3,3,0.161,0.107,1.008,1.008,0.054,1,1,1,1,1,0
0,9,0,3,0.01,0.161,12.011,1.008,0.151,4,1,4,1,0,0
9,17,3,5,0.11,-0.251,1.008,15.9994,0.361,1,2,1,2,0,0
9,16,3,5,0.11,-0.327,1.008,15.9994,0.437,1,2,1,2,0,0
0,9,0,3,0.134,0.106,12.011,1.008,0.028,4,1,4,1,0,0
0,17,0,5,-0.014,-0.323,12.011,15.9994,0.309,4,2,4,2,0,1
8,0,3,0,0.203,-0.243,1.008,12.011,0.446,1,4,1,4,0,0
0,9,0,3,-0.023,0.106,12.011,1.008,0.129,4,1,4,1,0,0
9,0,3,0,0.161,0.28,1.008,12.011,0.119,1,3,1,4,0,0
11,0,4,0,-0.379,-0.018,14.0067,12.011,0.361,3,4,3,4,0,1
0,17,0,5,0.134,-0.324,12.011,15.9994,0.458,4,2,4,2,0,0
17,9,5,3,-0.251,0.092,15.9994,1.008,0.3429999999999999,2,1,2,1,0,0
0,9,0,3,-0.015,0.105,12.011,1.008,0.12,4,1,4,1,0,1
9,11,3,4,0.108,-0.368,1.008,14.0067,0.476,1,3,1,3,0,0
0,9,0,3,-0.015,0.11,12.011,1.008,0.125,4,1,4,1,0,0
8,9,3,3,0.203,0.107,1.008,1.008,0.096,1,1,1,1,1,0
0,8,0,3,0.011,0.272,12.011,1.008,0.261,4,1,4,1,0,0
9,16,3,5,0.11,-0.323,1.008,15.9994,0.433,1,2,1,2,0,0
0,0,0,0,-0.031,0.01,12.011,12.011,0.041,4,4,4,4,1,1
0,0,0,0,-0.243,-0.243,12.011,12.011,0.0,4,4,4,4,1,0
0,8,0,3,0.134,0.271,12.011,1.008,0.137,4,1,4,1,0,0
9,9,3,3,0.091,0.106,1.008,1.008,0.015,1,1,1,1,1,0
9,17,3,5,0.132,-0.323,1.008,15.9994,0.455,1,2,1,2,0,0
2,2,0,0,-0.019,0.012,13.019,13.019,0.031,3,3,4,4,1,1
17,0,5,0,-0.252,-0.031,15.9994,12.011,0.221,2,4,2,4,0,1
0,11,0,4,0.27,-0.575,12.011,14.0067,0.845,3,3,4,3,0,1
0,0,0,0,0.133,0.274,12.011,12.011,0.141,4,3,4,4,1,0
16,0,5,0,-0.32,-0.031,15.9994,12.011,0.289,2,4,2,4,0,0
0,9,0,3,-0.031,0.132,12.011,1.008,0.163,4,1,4,1,0,1
0,17,0,5,0.011,-0.324,12.011,15.9994,0.335,4,2,4,2,0,0
0,0,0,0,-0.019,-0.031,12.011,12.011,0.012,4,4,4,4,1,0
0,15,0,5,-0.031,-0.355,12.011,15.9994,0.3239999999999999,4,1,4,2,0,0
0,9,0,3,-0.025,0.132,12.011,1.008,0.157,4,1,4,1,0,0
0,9,0,3,0.01,0.161,12.011,1.008,0.151,4,1,4,1,0,0
16,0,5,0,-0.324,-0.013,15.9994,12.011,0.311,2,4,2,4,0,0
0,9,0,3,-0.031,0.132,12.011,1.008,0.163,4,1,4,1,0,1
9,0,3,0,0.11,0.01,1.008,12.011,0.1,1,4,1,4,0,0
17,0,5,0,-0.323,-0.243,15.9994,12.011,0.08,2,4,2,4,0,0
9,15,3,5,0.091,-0.355,1.008,15.9994,0.4459999999999999,1,1,1,2,0,0
9,9,3,3,0.162,0.091,1.008,1.008,0.071,1,1,1,1,1,0
17,0,5,0,-0.322,0.134,15.9994,12.011,0.456,2,4,2,4,0,1
0,15,0,5,0.299,-0.384,12.011,15.9994,0.683,3,1,4,2,0,1
16,9,5,3,-0.327,0.11,15.9994,1.008,0.437,2,1,2,1,0,0
0,9,0,3,-0.239,0.108,12.011,1.008,0.347,4,1,4,1,0,1
9,9,3,3,0.133,0.107,1.008,1.008,0.026,1,1,1,1,1,0
9,8,3,3,0.132,0.224,1.008,1.008,0.092,1,1,1,1,1,0
0,16,0,5,-0.019,-0.333,12.011,15.9994,0.314,4,2,4,2,0,1
16,9,5,3,-0.324,0.106,15.9994,1.008,0.43,2,1,2,1,0,0
0,15,0,5,0.011,-0.355,12.011,15.9994,0.366,4,1,4,2,0,0
9,9,3,3,0.11,0.091,1.008,1.008,0.019,1,1,1,1,1,0
0,9,0,3,0.005,0.091,12.011,1.008,0.086,4,1,4,1,0,0
0,17,0,5,-0.031,-0.251,12.011,15.9994,0.22,4,2,4,2,0,0
9,15,3,5,0.097,-0.355,1.008,15.9994,0.4519999999999999,1,1,1,2,0,0
0,0,0,0,-0.014,-0.019,12.011,12.011,0.0049999999999999,4,4,4,4,1,1
0,15,0,5,0.28,-0.355,12.011,15.9994,0.635,3,1,4,2,0,1
9,15,3,5,0.11,-0.355,1.008,15.9994,0.4649999999999999,1,1,1,2,0,0
0,9,0,3,-0.001,0.158,12.011,1.008,0.159,3,1,4,1,0,1
0,9,0,3,0.01,0.106,12.011,1.008,0.096,4,1,4,1,0,0
0,0,0,0,-0.05,-0.104,12.011,12.011,0.0539999999999999,2,2,4,4,1,1
0,9,0,3,-0.019,0.091,12.011,1.008,0.11,4,1,4,1,0,1
0,9,0,3,-0.011,0.077,12.011,1.008,0.088,4,1,4,1,0,1
0,16,0,5,0.009,-0.323,12.011,15.9994,0.332,4,2,4,2,0,1
0,3,0,0,-0.004,0.022,12.011,14.027,0.026,4,2,4,4,1,1
9,9,3,3,0.117,0.091,1.008,1.008,0.026,1,1,1,1,1,0
9,9,3,3,0.161,0.106,1.008,1.008,0.055,1,1,1,1,1,0
9,0,3,0,0.108,0.01,1.008,12.011,0.098,1,4,1,4,0,0
14,0,4,0,0.644,0.022,14.0067,12.011,0.622,3,3,3,4,0,1
0,0,0,0,0.133,-0.031,12.011,12.011,0.164,4,4,4,4,1,0
9,9,3,3,0.091,0.118,1.008,1.008,0.0269999999999999,1,1,1,1,1,0
0,17,0,5,-0.031,-0.252,12.011,15.9994,0.221,4,2,4,2,0,0
17,9,5,3,-0.323,0.117,15.9994,1.008,0.44,2,1,2,1,0,0
9,9,3,3,0.132,0.092,1.008,1.008,0.04,1,1,1,1,1,0
9,15,3,5,0.091,-0.355,1.008,15.9994,0.4459999999999999,1,1,1,2,0,0
0,0,0,0,-0.319,-0.126,12.011,12.011,0.193,3,3,4,4,1,1
0,0,0,0,0.011,0.134,12.011,12.011,0.123,4,4,4,4,1,0
11,8,4,3,-0.368,0.203,14.0067,1.008,0.571,3,1,3,1,0,1
0,8,0,3,-0.014,0.206,12.011,1.008,0.22,4,1,4,1,0,0
0,0,0,0,-0.014,-0.031,12.011,12.011,0.017,4,4,4,4,1,0
0,8,0,3,-0.023,0.223,12.011,1.008,0.246,4,1,4,1,0,0
0,9,0,3,0.011,0.161,12.011,1.008,0.15,4,1,4,1,0,1
0,9,0,3,-0.014,0.104,12.011,1.008,0.118,4,1,4,1,0,1
0,8,0,3,-0.019,0.223,12.011,1.008,0.242,4,1,4,1,0,0
8,9,3,3,0.27,0.111,1.008,1.008,0.159,1,1,1,1,1,0
9,0,3,0,0.137,-0.243,1.008,12.011,0.38,1,4,1,4,0,0
17,9,5,3,-0.251,0.107,15.9994,1.008,0.358,2,1,2,1,0,0
0,0,0,0,-0.029,0.009,12.011,12.011,0.038,4,4,4,4,1,1
0,0,0,0,0.134,-0.239,12.011,12.011,0.373,4,4,4,4,1,0
9,11,3,4,0.094,-0.369,1.008,14.0067,0.4629999999999999,1,3,1,3,0,0
0,9,0,3,0.01,0.092,12.011,1.008,0.082,4,1,4,1,0,1
0,16,0,5,-0.019,-0.334,12.011,15.9994,0.315,4,2,4,2,0,1
9,9,3,3,0.106,0.106,1.008,1.008,0.0,1,1,1,1,1,0
0,16,0,5,0.01,-0.325,12.011,15.9994,0.335,4,2,4,2,0,1
0,16,0,5,-0.031,-0.332,12.011,15.9994,0.301,4,2,4,2,0,0
9,9,3,3,0.11,0.123,1.008,1.008,0.0129999999999999,1,1,1,1,1,0
8,8,3,3,0.242,0.204,1.008,1.008,0.038,1,1,1,1,1,0
0,15,0,5,-0.014,-0.355,12.011,15.9994,0.3409999999999999,4,1,4,2,0,0
17,0,5,0,-0.322,-0.243,15.9994,12.011,0.079,2,4,2,4,0,0
0,11,0,4,0.011,-0.368,12.011,14.0067,0.379,4,3,4,3,0,1
0,15,0,5,0.011,-0.354,12.011,15.9994,0.365,4,1,4,2,0,0
0,15,0,5,0.005,-0.355,12.011,15.9994,0.36,4,1,4,2,0,0
8,8,3,3,0.224,0.271,1.008,1.008,0.047,1,1,1,1,1,0
8,8,3,3,0.27,0.224,1.008,1.008,0.046,1,1,1,1,1,0
11,0,4,0,-0.368,0.28,14.0067,12.011,0.648,3,3,3,4,0,1
0,15,0,5,0.28,-0.355,12.011,15.9994,0.635,3,1,4,2,0,1
9,8,3,3,0.11,0.224,1.008,1.008,0.114,1,1,1,1,1,0
0,9,0,3,-0.017,0.112,12.011,1.008,0.129,4,1,4,1,0,1
8,17,3,5,0.203,-0.323,1.008,15.9994,0.526,1,2,1,2,0,0
0,0,0,0,-0.029,-0.031,12.011,12.011,0.0019999999999999,4,4,4,4,1,0
0,16,0,5,-0.025,-0.327,12.011,15.9994,0.302,4,2,4,2,0,1
11,0,4,0,-0.369,0.28,14.0067,12.011,0.649,3,3,3,4,0,1
0,15,0,5,-0.019,-0.355,12.011,15.9994,0.3359999999999999,4,1,4,2,0,0
0,0,0,0,0.28,-0.243,12.011,12.011,0.523,3,4,4,4,1,1
0,9,0,3,-0.259,0.178,12.011,1.008,0.437,3,1,4,1,0,1
16,17,5,5,-0.32,-0.252,15.9994,15.9994,0.068,2,2,2,2,1,0
16,0,5,0,-0.327,0.134,15.9994,12.011,0.461,2,4,2,4,0,0
8,0,3,0,0.27,0.277,1.008,12.011,0.007,1,3,1,4,0,0
0,9,0,3,-0.025,0.123,12.011,1.008,0.148,4,1,4,1,0,1
15,9,5,3,-0.38,0.132,15.9994,1.008,0.512,1,1,2,1,0,0
9,0,3,0,0.091,0.145,1.008,12.011,0.0539999999999999,1,4,1,4,0,0
9,0,3,0,0.092,0.28,1.008,12.011,0.188,1,3,1,4,0,0
9,9,3,3,0.101,0.132,1.008,1.008,0.031,1,1,1,1,1,0
0,15,0,5,-0.014,-0.384,12.011,15.9994,0.37,4,1,4,2,0,0
0,9,0,3,-0.031,0.117,12.011,1.008,0.148,4,1,4,1,0,0
0,16,0,5,0.01,-0.337,12.011,15.9994,0.347,4,2,4,2,0,0
9,8,3,3,0.105,0.271,1.008,1.008,0.166,1,1,1,1,1,0
0,0,0,0,0.403,-0.319,12.011,12.011,0.722,3,3,4,4,1,1
9,9,3,3,0.108,0.161,1.008,1.008,0.053,1,1,1,1,1,0
17,0,5,0,-0.32,0.133,15.9994,12.011,0.453,2,4,2,4,0,1
0,9,0,3,-0.017,0.089,12.011,1.008,0.106,4,1,4,1,0,1
16,8,5,3,-0.333,0.203,15.9994,1.008,0.536,2,1,2,1,0,0
9,9,3,3,0.094,0.089,1.008,1.008,0.005,1,1,1,1,1,0
0,0,0,0,-0.019,0.011,12.011,12.011,0.03,4,4,4,4,1,0
9,9,3,3,0.117,0.107,1.008,1.008,0.01,1,1,1,1,1,0
0,9,0,3,0.134,0.091,12.011,1.008,0.043,4,1,4,1,0,0
0,9,0,3,-0.019,0.091,12.011,1.008,0.11,4,1,4,1,0,1
9,9,3,3,0.108,0.11,1.008,1.008,0.002,1,1,1,1,1,0
17,16,5,5,-0.322,-0.332,15.9994,15.9994,0.01,2,2,2,2,1,0
0,16,0,5,0.011,-0.325,12.011,15.9994,0.336,4,2,4,2,0,0
0,0,0,0,0.01,0.01,12.011,12.011,0.0,4,4,4,4,1,1
9,9,3,3,0.11,0.108,1.008,1.008,0.002,1,1,1,1,1,0
0,16,0,5,0.133,-0.332,12.011,15.9994,0.465,4,2,4,2,0,0
9,0,3,0,0.161,-0.243,1.008,12.011,0.404,1,4,1,4,0,0
0,16,0,5,0.134,-0.299,12.011,15.9994,0.433,4,2,4,2,0,0
8,15,3,5,0.271,-0.352,1.008,15.9994,0.623,1,1,1,2,0,0
15,9,5,3,-0.38,0.132,15.9994,1.008,0.512,1,1,2,1,0,0
0,11,0,4,0.01,-0.368,12.011,14.0067,0.378,4,3,4,3,0,0
17,0,5,0,-0.323,0.134,15.9994,12.011,0.457,2,4,2,4,0,1
15,0,5,0,-0.354,0.277,15.9994,12.011,0.631,1,3,2,4,0,0
9,16,3,5,0.123,-0.325,1.008,15.9994,0.448,1,2,1,2,0,0
8,15,3,5,0.198,-0.33,1.008,15.9994,0.528,1,2,1,2,0,1
2,3,0,0,0.012,0.051,13.019,14.027,0.0389999999999999,3,2,4,4,1,1
8,9,3,3,0.223,0.091,1.008,1.008,0.132,1,1,1,1,1,0
8,15,3,5,0.223,-0.355,1.008,15.9994,0.578,1,1,1,2,0,0
9,9,3,3,0.11,0.117,1.008,1.008,0.007,1,1,1,1,1,0
16,8,5,3,-0.325,0.223,15.9994,1.008,0.548,2,1,2,1,0,1
17,9,5,3,-0.251,0.132,15.9994,1.008,0.383,2,1,2,1,0,0
15,0,5,0,-0.38,-0.019,15.9994,12.011,0.361,1,4,2,4,0,0
0,15,0,5,0.011,-0.384,12.011,15.9994,0.395,4,1,4,2,0,0
9,9,3,3,0.117,0.091,1.008,1.008,0.026,1,1,1,1,1,0
9,8,3,3,0.11,0.206,1.008,1.008,0.0959999999999999,1,1,1,1,1,0
8,0,3,0,0.224,-0.031,1.008,12.011,0.255,1,4,1,4,0,0
0,9,0,3,0.133,0.117,12.011,1.008,0.016,4,1,4,1,0,0
0,9,0,3,-0.019,0.106,12.011,1.008,0.125,4,1,4,1,0,0
0,0,0,0,0.422,-0.259,12.011,12.011,0.681,3,3,4,4,1,1
17,17,5,5,-0.251,-0.252,15.9994,15.9994,0.001,2,2,2,2,1,0
17,9,5,3,-0.252,0.106,15.9994,1.008,0.358,2,1,2,1,0,0
0,5,0,0,-0.022,-0.11,12.011,35.453,0.088,3,1,4,4,1,1
0,0,0,0,-0.014,0.011,12.011,12.011,0.025,4,4,4,4,1,0
0,9,0,3,0.403,0.094,12.011,1.008,0.309,3,1,4,1,0,0
17,9,5,3,-0.251,0.118,15.9994,1.008,0.369,2,1,2,1,0,0
0,9,0,3,0.133,0.106,12.011,1.008,0.027,4,1,4,1,0,0
9,0,3,0,0.112,0.274,1.008,12.011,0.162,1,3,1,4,0,0
0,8,0,3,0.01,0.035,12.011,1.008,0.025,4,1,4,1,0,0
0,7,0,2,0.367,-0.129,12.011,18.9984,0.496,4,1,4,4,0,1
0,9,0,3,-0.013,0.108,12.011,1.008,0.121,4,1,4,1,0,1
0,0,0,0,-0.026,0.145,12.011,12.011,0.1709999999999999,4,4,4,4,1,1
9,0,3,0,0.11,0.011,1.008,12.011,0.099,1,4,1,4,0,0
11,9,4,3,-0.368,0.091,14.0067,1.008,0.4589999999999999,3,1,3,1,0,0
0,0,0,0,0.133,0.01,12.011,12.011,0.123,4,4,4,4,1,0
17,0,5,0,-0.268,-0.243,15.9994,12.011,0.025,2,4,2,4,0,0
9,0,3,0,0.094,0.01,1.008,12.011,0.084,1,4,1,4,0,0
9,9,3,3,0.161,0.132,1.008,1.008,0.0289999999999999,1,1,1,1,1,0
18,0,5,0,-0.446,0.416,15.9994,12.011,0.862,1,3,2,4,0,0
9,9,3,3,0.132,0.132,1.008,1.008,0.0,1,1,1,1,1,0
0,9,0,3,0.29,0.091,12.011,1.008,0.1989999999999999,3,1,4,1,0,0
16,8,5,3,-0.323,0.225,15.9994,1.008,0.548,2,1,2,1,0,1
9,16,3,5,0.077,-0.327,1.008,15.9994,0.404,1,2,1,2,0,0
16,9,5,3,-0.324,0.132,15.9994,1.008,0.456,2,1,2,1,0,0
0,0,0,0,-0.031,-0.013,12.011,12.011,0.018,4,4,4,4,1,1
11,0,4,0,-0.368,0.01,14.0067,12.011,0.378,3,4,3,4,0,0
17,9,5,3,-0.323,0.108,15.9994,1.008,0.431,2,1,2,1,0,0
15,0,5,0,-0.608,0.403,15.9994,12.011,1.011,2,3,2,4,0,1
11,16,4,5,-0.369,-0.333,14.0067,15.9994,0.0359999999999999,3,2,3,2,0,0
0,9,0,3,-0.019,0.117,12.011,1.008,0.136,4,1,4,1,0,1
16,8,5,3,-0.32,0.203,15.9994,1.008,0.523,2,1,2,1,0,0
9,9,3,3,0.11,0.107,1.008,1.008,0.003,1,1,1,1,1,0
8,9,3,3,0.27,0.106,1.008,1.008,0.164,1,1,1,1,1,0
0,9,0,3,0.011,0.117,12.011,1.008,0.106,4,1,4,1,0,0
0,0,0,0,0.134,0.011,12.011,12.011,0.123,4,4,4,4,1,0
0,16,0,5,0.01,-0.333,12.011,15.9994,0.343,4,2,4,2,0,0
8,16,3,5,0.271,-0.332,1.008,15.9994,0.603,1,2,1,2,0,0
9,0,3,0,0.101,0.011,1.008,12.011,0.09,1,4,1,4,0,0
0,16,0,5,0.416,-0.578,12.011,15.9994,0.994,3,2,4,2,0,1
0,9,0,3,-0.014,0.108,12.011,1.008,0.122,4,1,4,1,0,1
17,15,5,5,-0.251,-0.354,15.9994,15.9994,0.1029999999999999,2,1,2,2,1,0
11,9,4,3,-0.368,0.106,14.0067,1.008,0.474,3,1,3,1,0,0
0,9,0,3,0.01,0.107,12.011,1.008,0.097,4,1,4,1,0,0
0,9,0,3,-0.243,0.106,12.011,1.008,0.349,4,1,4,1,0,1
16,8,5,3,-0.325,0.224,15.9994,1.008,0.549,2,1,2,1,0,1
15,9,5,3,-0.608,0.171,15.9994,1.008,0.779,2,1,2,1,0,0
16,9,5,3,-0.299,0.108,15.9994,1.008,0.407,2,1,2,1,0,0
9,0,3,0,0.11,-0.019,1.008,12.011,0.129,1,4,1,4,0,0
9,9,3,3,0.111,0.106,1.008,1.008,0.005,1,1,1,1,1,0
0,9,0,3,-0.019,0.091,12.011,1.008,0.11,4,1,4,1,0,0
0,9,0,3,-0.243,0.106,12.011,1.008,0.349,4,1,4,1,0,1
16,11,5,4,-0.334,-0.369,15.9994,14.0067,0.0349999999999999,2,3,2,3,0,0
11,8,4,3,-0.368,0.203,14.0067,1.008,0.571,3,1,3,1,0,1
0,9,0,3,-0.104,0.15,12.011,1.008,0.254,2,1,4,1,0,0
9,0,3,0,0.161,-0.018,1.008,12.011,0.179,1,4,1,4,0,0
0,0,0,0,-0.023,-0.256,12.011,12.011,0.233,4,4,4,4,1,1
17,9,5,3,-0.31,0.106,15.9994,1.008,0.416,2,1,2,1,0,0
9,9,3,3,0.11,0.123,1.008,1.008,0.0129999999999999,1,1,1,1,1,0
9,8,3,3,0.077,0.204,1.008,1.008,0.127,1,1,1,1,1,0
3,3,0,0,0.006,0.004,14.027,14.027,0.002,2,2,4,4,1,0
0,9,0,3,-0.019,0.106,12.011,1.008,0.125,4,1,4,1,0,0
9,9,3,3,0.101,0.117,1.008,1.008,0.016,1,1,1,1,1,0
0,0,0,0,-0.129,-0.259,12.011,12.011,0.13,3,3,4,4,1,1
9,0,3,0,0.117,-0.019,1.008,12.011,0.136,1,4,1,4,0,0
0,9,0,3,-0.243,0.106,12.011,1.008,0.349,4,1,4,1,0,1
0,11,0,4,0.009,-0.368,12.011,14.0067,0.377,4,3,4,3,0,0
0,15,0,5,-0.015,-0.355,12.011,15.9994,0.3399999999999999,4,1,4,2,0,0
0,9,0,3,-0.025,0.109,12.011,1.008,0.134,4,1,4,1,0,0
0,9,0,3,-0.019,0.118,12.011,1.008,0.1369999999999999,4,1,4,1,0,0
17,0,5,0,-0.25,0.28,15.9994,12.011,0.53,2,3,2,4,0,0
1,1,0,0,-0.053,-0.022,12.011,12.011,0.031,3,3,4,4,1,1
8,0,3,0,0.204,-0.014,1.008,12.011,0.218,1,4,1,4,0,0
9,0,3,0,0.091,-0.243,1.008,12.011,0.3339999999999999,1,4,1,4,0,0
0,0,0,0,0.011,0.134,12.011,12.011,0.123,4,4,4,4,1,1
9,9,3,3,0.108,0.091,1.008,1.008,0.017,1,1,1,1,1,0
0,16,0,5,-0.023,-0.333,12.011,15.9994,0.31,4,2,4,2,0,0
16,0,5,0,-0.332,0.01,15.9994,12.011,0.342,2,4,2,4,0,0
16,8,5,3,-0.332,0.27,15.9994,1.008,0.6020000000000001,2,1,2,1,0,1
0,0,0,0,0.299,0.28,12.011,12.011,0.0189999999999999,3,3,4,4,1,0
9,16,3,5,0.11,-0.332,1.008,15.9994,0.442,1,2,1,2,0,0
0,8,0,3,-0.011,0.203,12.011,1.008,0.214,4,1,4,1,0,0
0,11,0,4,0.01,-0.368,12.011,14.0067,0.378,4,3,4,3,0,0
16,8,5,3,-0.332,0.224,15.9994,1.008,0.556,2,1,2,1,0,0
9,17,3,5,0.109,-0.252,1.008,15.9994,0.361,1,2,1,2,0,0
9,16,3,5,0.161,-0.332,1.008,15.9994,0.493,1,2,1,2,0,0
0,9,0,3,-0.014,0.107,12.011,1.008,0.121,4,1,4,1,0,0
17,9,5,3,-0.251,0.097,15.9994,1.008,0.348,2,1,2,1,0,0
17,0,5,0,-0.316,-0.014,15.9994,12.011,0.302,2,4,2,4,0,0
0,15,0,5,0.01,-0.355,12.011,15.9994,0.365,4,1,4,2,0,0
0,17,0,5,0.01,-0.323,12.011,15.9994,0.333,4,2,4,2,0,0
0,17,0,5,0.01,-0.323,12.011,15.9994,0.333,4,2,4,2,0,0
9,9,3,3,0.112,0.106,1.008,1.008,0.006,1,1,1,1,1,0
9,9,3,3,0.132,0.112,1.008,1.008,0.02,1,1,1,1,1,0
16,8,5,3,-0.325,0.035,15.9994,1.008,0.36,2,1,2,1,0,0
11,9,4,3,-0.37,0.089,14.0067,1.008,0.4589999999999999,3,1,3,1,0,0
0,9,0,3,-0.153,0.149,12.011,1.008,0.302,3,1,4,1,0,1
17,9,5,3,-0.323,0.11,15.9994,1.008,0.433,2,1,2,1,0,0
17,0,5,0,-0.323,-0.031,15.9994,12.011,0.292,2,4,2,4,0,0
11,0,4,0,-0.379,0.277,14.0067,12.011,0.656,3,3,3,4,0,0
0,17,0,5,-0.022,-0.591,12.011,15.9994,0.569,3,1,4,2,0,0
17,8,5,3,-0.251,0.217,15.9994,1.008,0.4679999999999999,2,1,2,1,0,0
0,9,0,3,-0.319,0.171,12.011,1.008,0.49,3,1,4,1,0,1
0,9,0,3,0.011,0.161,12.011,1.008,0.15,4,1,4,1,0,1
0,9,0,3,-0.014,0.106,12.011,1.008,0.12,4,1,4,1,0,0
16,8,5,3,-0.325,0.224,15.9994,1.008,0.549,2,1,2,1,0,1
11,9,4,3,-0.368,0.106,14.0067,1.008,0.474,3,1,3,1,0,0
15,0,5,0,-0.38,-0.014,15.9994,12.011,0.366,1,4,2,4,0,0
0,0,0,0,0.403,-0.319,12.011,12.011,0.722,3,3,4,4,1,1
0,9,0,3,0.134,0.107,12.011,1.008,0.027,4,1,4,1,0,0
17,0,5,0,-0.268,-0.029,15.9994,12.011,0.239,2,4,2,4,0,1
17,9,5,3,-0.322,0.161,15.9994,1.008,0.483,2,1,2,1,0,0
16,16,5,5,-0.332,-0.299,15.9994,15.9994,0.033,2,2,2,2,1,0
9,9,3,3,0.106,0.107,1.008,1.008,0.001,1,1,1,1,1,0
15,0,5,0,-0.608,-0.126,15.9994,12.011,0.482,2,3,2,4,0,0
0,0,0,0,0.01,0.011,12.011,12.011,0.0009999999999999,4,4,4,4,1,1
11,0,4,0,-0.368,0.28,14.0067,12.011,0.648,3,3,3,4,0,1
0,0,0,0,-0.031,0.28,12.011,12.011,0.311,4,3,4,4,1,0
11,0,4,0,-0.368,0.019,14.0067,12.011,0.387,3,4,3,4,0,0
0,0,0,0,-0.019,0.279,12.011,12.011,0.298,4,3,4,4,1,0
0,0,0,0,0.144,0.01,12.011,12.011,0.1339999999999999,4,4,4,4,1,0
9,0,3,0,0.106,-0.243,1.008,12.011,0.349,1,4,1,4,0,0
0,9,0,3,0.011,0.106,12.011,1.008,0.095,4,1,4,1,0,0
0,9,0,3,-0.031,0.091,12.011,1.008,0.122,4,1,4,1,0,0
0,9,0,3,-0.397,0.094,12.011,1.008,0.491,4,1,4,1,0,0
11,8,4,3,-0.368,0.203,14.0067,1.008,0.571,3,1,3,1,0,1
0,9,0,3,0.01,0.161,12.011,1.008,0.151,4,1,4,1,0,0
0,11,0,4,-0.031,-0.368,12.011,14.0067,0.3369999999999999,4,3,4,3,0,0
0,17,0,5,0.133,-0.25,12.011,15.9994,0.383,4,2,4,2,0,1
9,9,3,3,0.11,0.111,1.008,1.008,0.001,1,1,1,1,1,0
9,0,3,0,0.091,0.134,1.008,12.011,0.043,1,4,1,4,0,0
17,9,5,3,-0.251,0.132,15.9994,1.008,0.383,2,1,2,1,0,0
0,9,0,3,0.01,0.117,12.011,1.008,0.107,4,1,4,1,0,0
9,0,3,0,0.108,0.011,1.008,12.011,0.097,1,4,1,4,0,0
9,11,3,4,0.091,-0.368,1.008,14.0067,0.4589999999999999,1,3,1,3,0,0
9,0,3,0,0.161,0.134,1.008,12.011,0.0269999999999999,1,4,1,4,0,0
17,9,5,3,-0.251,0.107,15.9994,1.008,0.358,2,1,2,1,0,0
0,9,0,3,-0.014,0.108,12.011,1.008,0.122,4,1,4,1,0,1
8,9,3,3,0.223,0.106,1.008,1.008,0.117,1,1,1,1,1,0
11,8,4,3,-0.368,0.224,14.0067,1.008,0.592,3,1,3,1,0,0
0,9,0,3,0.011,0.092,12.011,1.008,0.081,4,1,4,1,0,0
17,15,5,5,-0.323,-0.354,15.9994,15.9994,0.0309999999999999,2,1,2,2,1,0
11,9,4,3,-0.37,0.091,14.0067,1.008,0.4609999999999999,3,1,3,1,0,0
0,0,0,0,-0.025,-0.019,12.011,12.011,0.006,4,4,4,4,1,0
9,0,3,0,0.108,0.01,1.008,12.011,0.098,1,4,1,4,0,0
17,0,5,0,-0.323,0.134,15.9994,12.011,0.457,2,4,2,4,0,1
0,0,0,0,0.011,-0.026,12.011,12.011,0.037,4,4,4,4,1,0
9,8,3,3,0.111,0.203,1.008,1.008,0.092,1,1,1,1,1,0
9,0,3,0,0.108,-0.243,1.008,12.011,0.351,1,4,1,4,0,0
17,16,5,5,-0.323,-0.325,15.9994,15.9994,0.002,2,2,2,2,1,0
0,0,0,0,0.28,-0.243,12.011,12.011,0.523,3,4,4,4,1,1
17,9,5,3,-0.32,0.132,15.9994,1.008,0.452,2,1,2,1,0,0
11,8,4,3,-0.369,0.204,14.0067,1.008,0.573,3,1,3,1,0,1
17,0,5,0,-0.251,-0.031,15.9994,12.011,0.22,2,4,2,4,0,1
16,8,5,3,-0.333,0.217,15.9994,1.008,0.55,2,1,2,1,0,1
9,9,3,3,0.131,0.091,1.008,1.008,0.04,1,1,1,1,1,0
0,0,0,0,0.279,-0.243,12.011,12.011,0.522,3,4,4,4,1,0
0,0,0,0,-0.014,0.145,12.011,12.011,0.159,4,4,4,4,1,0
11,0,4,0,-0.367,0.299,14.0067,12.011,0.6659999999999999,3,3,3,4,0,1
9,0,3,0,0.132,0.011,1.008,12.011,0.121,1,4,1,4,0,0
16,9,5,3,-0.332,0.105,15.9994,1.008,0.437,2,1,2,1,0,0
9,8,3,3,0.117,0.223,1.008,1.008,0.106,1,1,1,1,1,0
8,15,3,5,0.224,-0.355,1.008,15.9994,0.579,1,1,1,2,0,0
0,8,0,3,-0.029,0.265,12.011,1.008,0.294,4,1,4,1,0,0
0,0,0,0,-0.031,0.01,12.011,12.011,0.041,4,4,4,4,1,1
0,9,0,3,0.011,0.106,12.011,1.008,0.095,4,1,4,1,0,0
9,8,3,3,0.117,0.271,1.008,1.008,0.154,1,1,1,1,1,0
0,8,0,3,-0.019,0.203,12.011,1.008,0.222,4,1,4,1,0,0
0,17,0,5,-0.014,-0.252,12.011,15.9994,0.238,4,2,4,2,0,0
16,9,5,3,-0.333,0.106,15.9994,1.008,0.439,2,1,2,1,0,0
0,9,0,3,-0.032,0.089,12.011,1.008,0.121,4,1,4,1,0,0
0,9,0,3,0.01,0.092,12.011,1.008,0.082,4,1,4,1,0,1
9,9,3,3,0.128,0.106,1.008,1.008,0.022,1,1,1,1,1,0
9,0,3,0,0.104,-0.032,1.008,12.011,0.136,1,4,1,4,0,0
0,9,0,3,-0.06,0.146,12.011,1.008,0.206,3,1,4,1,0,1
9,15,3,5,0.105,-0.355,1.008,15.9994,0.4599999999999999,1,1,1,2,0,0
16,9,5,3,-0.323,0.161,15.9994,1.008,0.484,2,1,2,1,0,0
11,15,4,5,-0.37,-0.355,14.0067,15.9994,0.015,3,1,3,2,0,0
8,9,3,3,0.279,0.107,1.008,1.008,0.172,1,1,1,1,1,0
11,8,4,3,-0.368,0.203,14.0067,1.008,0.571,3,1,3,1,0,0
9,9,3,3,0.091,0.108,1.008,1.008,0.017,1,1,1,1,1,0
0,0,0,0,0.011,0.134,12.011,12.011,0.123,4,4,4,4,1,1
16,0,5,0,-0.334,0.274,15.9994,12.011,0.6080000000000001,2,3,2,4,0,0
15,9,5,3,-0.355,0.107,15.9994,1.008,0.4619999999999999,1,1,2,1,0,0
17,0,5,0,-0.251,-0.014,15.9994,12.011,0.237,2,4,2,4,0,0
17,15,5,5,-0.251,-0.384,15.9994,15.9994,0.133,2,1,2,2,1,0
9,9,3,3,0.132,0.106,1.008,1.008,0.026,1,1,1,1,1,0
0,17,0,5,-0.031,-0.251,12.011,15.9994,0.22,4,2,4,2,0,0
0,16,0,5,-0.011,-0.325,12.011,15.9994,0.314,4,2,4,2,0,0
9,9,3,3,0.089,0.106,1.008,1.008,0.017,1,1,1,1,1,0
0,9,0,3,0.134,0.11,12.011,1.008,0.024,4,1,4,1,0,1
16,15,5,5,-0.323,-0.355,15.9994,15.9994,0.0319999999999999,2,1,2,2,1,0
0,16,0,5,0.01,-0.325,12.011,15.9994,0.335,4,2,4,2,0,1
11,0,4,0,-0.37,-0.243,14.0067,12.011,0.127,3,4,3,4,0,0
9,0,3,0,0.108,-0.015,1.008,12.011,0.123,1,4,1,4,0,0
9,9,3,3,0.11,0.107,1.008,1.008,0.003,1,1,1,1,1,0
0,0,0,0,-0.019,0.134,12.011,12.011,0.153,4,4,4,4,1,0
2,3,0,0,-0.006,0.004,13.019,14.027,0.01,3,2,4,4,1,1
16,9,5,3,-0.332,0.106,15.9994,1.008,0.438,2,1,2,1,0,0
17,9,5,3,-0.316,0.161,15.9994,1.008,0.477,2,1,2,1,0,0
9,9,3,3,0.077,0.092,1.008,1.008,0.015,1,1,1,1,1,0
16,8,5,3,-0.323,0.271,15.9994,1.008,0.5940000000000001,2,1,2,1,0,0
0,9,0,3,0.011,0.107,12.011,1.008,0.096,4,1,4,1,0,0
16,9,5,3,-0.334,0.106,15.9994,1.008,0.44,2,1,2,1,0,0
8,9,3,3,0.27,0.161,1.008,1.008,0.109,1,1,1,1,1,0
9,15,3,5,0.117,-0.352,1.008,15.9994,0.469,1,1,1,2,0,0
9,15,3,5,0.106,-0.355,1.008,15.9994,0.4609999999999999,1,1,1,2,0,0
16,10,5,3,-0.576,0.462,15.9994,1.008,1.038,2,1,2,1,0,1
16,15,5,5,-0.325,-0.384,15.9994,15.9994,0.059,2,1,2,2,1,0
9,0,3,0,0.091,0.299,1.008,12.011,0.208,1,3,1,4,0,0
8,17,3,5,0.242,-0.25,1.008,15.9994,0.492,1,2,1,2,0,0
0,9,0,3,-0.019,0.106,12.011,1.008,0.125,4,1,4,1,0,0
17,16,5,5,-0.251,-0.332,15.9994,15.9994,0.081,2,2,2,2,1,0
9,9,3,3,0.108,0.11,1.008,1.008,0.002,1,1,1,1,1,0
8,17,3,5,0.224,-0.252,1.008,15.9994,0.476,1,2,1,2,0,0
0,9,0,3,-0.129,0.163,12.011,1.008,0.292,3,1,4,1,0,1
0,9,0,3,0.01,0.161,12.011,1.008,0.151,4,1,4,1,0,1
8,17,3,5,0.204,-0.251,1.008,15.9994,0.4549999999999999,1,2,1,2,0,0
0,8,0,3,-0.014,0.265,12.011,1.008,0.279,4,1,4,1,0,0
0,0,0,0,0.011,0.01,12.011,12.011,0.0009999999999999,4,4,4,4,1,0
0,15,0,5,0.134,-0.355,12.011,15.9994,0.489,4,1,4,2,0,0
0,15,0,5,0.134,-0.355,12.011,15.9994,0.489,4,1,4,2,0,0
0,15,0,5,0.277,-0.355,12.011,15.9994,0.632,3,1,4,2,0,1
0,0,0,0,0.29,0.011,12.011,12.011,0.2789999999999999,3,4,4,4,1,0
9,9,3,3,0.137,0.104,1.008,1.008,0.033,1,1,1,1,1,0
0,12,0,4,0.075,0.113,12.011,14.0067,0.038,3,3,4,3,0,1
0,0,0,0,0.134,0.274,12.011,12.011,0.14,4,3,4,4,1,0
3,0,0,0,0.051,-0.162,14.027,12.011,0.213,2,3,4,4,1,1
16,16,5,5,-0.332,-0.325,15.9994,15.9994,0.007,2,2,2,2,1,0
0,0,0,0,-0.014,-0.017,12.011,12.011,0.003,4,4,4,4,1,0
8,15,3,5,0.448,-0.608,1.008,15.9994,1.056,1,2,1,2,0,1
9,8,3,3,0.105,0.203,1.008,1.008,0.098,1,1,1,1,1,0
2,3,0,0,-0.001,0.006,13.019,14.027,0.007,3,2,4,4,1,1
16,9,5,3,-0.323,0.117,15.9994,1.008,0.44,2,1,2,1,0,0
17,8,5,3,-0.252,0.035,15.9994,1.008,0.287,2,1,2,1,0,0
0,11,0,4,0.012,-0.37,12.011,14.0067,0.382,4,3,4,3,0,1
9,9,3,3,0.101,0.161,1.008,1.008,0.06,1,1,1,1,1,0
9,0,3,0,0.161,0.011,1.008,12.011,0.15,1,4,1,4,0,0
16,8,5,3,-0.332,0.271,15.9994,1.008,0.603,2,1,2,1,0,1
8,0,3,0,0.242,-0.031,1.008,12.011,0.273,1,4,1,4,0,0
0,9,0,3,0.01,0.092,12.011,1.008,0.082,4,1,4,1,0,1
0,17,0,5,-0.013,-0.323,12.011,15.9994,0.31,4,2,4,2,0,1
15,9,5,3,-0.608,0.131,15.9994,1.008,0.739,2,1,2,1,0,0
17,11,5,4,-0.251,-0.368,15.9994,14.0067,0.1169999999999999,2,3,2,3,0,0
0,0,0,0,-0.195,-0.022,12.011,12.011,0.173,3,3,4,4,1,1
11,9,4,3,-0.367,0.107,14.0067,1.008,0.474,3,1,3,1,0,0
0,9,0,3,-0.031,0.132,12.011,1.008,0.163,4,1,4,1,0,1
17,0,5,0,-0.251,-0.026,15.9994,12.011,0.225,2,4,2,4,0,0
9,9,3,3,0.132,0.107,1.008,1.008,0.025,1,1,1,1,1,0
0,9,0,3,0.01,0.132,12.011,1.008,0.122,4,1,4,1,0,0
2,4,0,0,-0.006,0.01,13.019,15.035,0.016,3,1,4,4,1,1
17,11,5,4,-0.322,-0.368,15.9994,14.0067,0.0459999999999999,2,3,2,3,0,0
16,9,5,3,-0.325,0.106,15.9994,1.008,0.431,2,1,2,1,0,0
9,0,3,0,0.092,-0.031,1.008,12.011,0.123,1,4,1,4,0,0
0,9,0,3,-0.014,0.108,12.011,1.008,0.122,4,1,4,1,0,1
0,0,0,0,0.446,0.403,12.011,12.011,0.0429999999999999,4,3,4,4,1,0
9,9,3,3,0.117,0.092,1.008,1.008,0.025,1,1,1,1,1,0
0,0,0,0,0.009,0.133,12.011,12.011,0.124,4,4,4,4,1,0
9,8,3,3,0.161,0.203,1.008,1.008,0.042,1,1,1,1,1,0
0,9,0,3,-0.24,0.11,12.011,1.008,0.35,4,1,4,1,0,1
0,0,0,0,0.134,0.279,12.011,12.011,0.145,4,3,4,4,1,0
9,0,3,0,0.108,0.011,1.008,12.011,0.097,1,4,1,4,0,0
9,8,3,3,0.117,0.203,1.008,1.008,0.086,1,1,1,1,1,0
9,0,3,0,0.11,-0.019,1.008,12.011,0.129,1,4,1,4,0,0
15,15,5,5,-0.355,-0.355,15.9994,15.9994,0.0,1,1,2,2,1,0
8,9,3,3,0.271,0.107,1.008,1.008,0.164,1,1,1,1,1,0
8,9,3,3,0.224,0.11,1.008,1.008,0.114,1,1,1,1,1,0
9,9,3,3,0.132,0.106,1.008,1.008,0.026,1,1,1,1,1,0
16,0,5,0,-0.333,0.01,15.9994,12.011,0.343,2,4,2,4,0,0
0,17,0,5,-0.025,-0.323,12.011,15.9994,0.298,4,2,4,2,0,0
0,0,0,0,0.274,-0.243,12.011,12.011,0.517,3,4,4,4,1,1
0,0,0,0,-0.031,-0.014,12.011,12.011,0.017,4,4,4,4,1,0
9,0,3,0,0.108,0.28,1.008,12.011,0.172,1,3,1,4,0,0
0,0,0,0,0.134,-0.014,12.011,12.011,0.148,4,4,4,4,1,0
8,0,3,0,0.227,-0.243,1.008,12.011,0.47,1,4,1,4,0,0
17,0,5,0,-0.322,-0.243,15.9994,12.011,0.079,2,4,2,4,0,0
0,9,0,3,0.01,0.117,12.011,1.008,0.107,4,1,4,1,0,0
0,9,0,3,0.011,0.161,12.011,1.008,0.15,4,1,4,1,0,1
0,8,0,3,0.01,0.206,12.011,1.008,0.1959999999999999,4,1,4,1,0,0
0,9,0,3,0.145,0.106,12.011,1.008,0.0389999999999999,4,1,4,1,0,0
16,0,5,0,-0.325,0.01,15.9994,12.011,0.335,2,4,2,4,0,0
16,11,5,4,-0.332,-0.368,15.9994,14.0067,0.0359999999999999,2,3,2,3,0,0
8,15,3,5,0.223,-0.355,1.008,15.9994,0.578,1,1,1,2,0,0
0,11,0,4,0.011,-0.368,12.011,14.0067,0.379,4,3,4,3,0,1
16,8,5,3,-0.334,0.223,15.9994,1.008,0.557,2,1,2,1,0,0
0,0,0,0,0.005,-0.014,12.011,12.011,0.019,4,4,4,4,1,0
0,0,0,0,-0.243,0.28,12.011,12.011,0.523,4,3,4,4,1,0
9,8,3,3,0.161,0.271,1.008,1.008,0.11,1,1,1,1,1,0
0,8,0,3,-0.029,0.206,12.011,1.008,0.235,4,1,4,1,0,0
8,9,3,3,0.27,0.108,1.008,1.008,0.162,1,1,1,1,1,0
9,0,3,0,0.092,-0.243,1.008,12.011,0.3349999999999999,1,4,1,4,0,0
17,9,5,3,-0.323,0.091,15.9994,1.008,0.414,2,1,2,1,0,0
18,18,5,5,-0.446,-0.446,15.9994,15.9994,0.0,1,1,2,2,1,0
17,0,5,0,-0.252,-0.031,15.9994,12.011,0.221,2,4,2,4,0,1
0,9,0,3,0.29,0.11,12.011,1.008,0.18,3,1,4,1,0,0
9,0,3,0,0.132,0.011,1.008,12.011,0.121,1,4,1,4,0,0
8,0,3,0,0.27,0.011,1.008,12.011,0.259,1,4,1,4,0,0
0,16,0,5,-0.023,-0.332,12.011,15.9994,0.309,4,2,4,2,0,0
0,15,0,5,-0.018,-0.355,12.011,15.9994,0.3369999999999999,4,1,4,2,0,0
0,9,0,3,-0.273,0.15,12.011,1.008,0.423,4,1,4,1,0,1
16,15,5,5,-0.325,-0.352,15.9994,15.9994,0.0269999999999999,2,1,2,2,1,0
9,0,3,0,0.11,0.01,1.008,12.011,0.1,1,4,1,4,0,0
15,9,5,3,-0.384,0.107,15.9994,1.008,0.491,1,1,2,1,0,0
0,9,0,3,-0.014,0.106,12.011,1.008,0.12,4,1,4,1,0,0
17,9,5,3,-0.251,0.107,15.9994,1.008,0.358,2,1,2,1,0,0
0,16,0,5,0.01,-0.325,12.011,15.9994,0.335,4,2,4,2,0,1
0,9,0,3,0.011,0.11,12.011,1.008,0.099,4,1,4,1,0,0
9,15,3,5,0.161,-0.355,1.008,15.9994,0.516,1,1,1,2,0,0
0,16,0,5,0.134,-0.332,12.011,15.9994,0.466,4,2,4,2,0,0
9,9,3,3,0.117,0.091,1.008,1.008,0.026,1,1,1,1,1,0
0,16,0,5,-0.023,-0.323,12.011,15.9994,0.3,4,2,4,2,0,1
9,0,3,0,0.108,-0.031,1.008,12.011,0.139,1,4,1,4,0,0
0,9,0,3,-0.019,0.117,12.011,1.008,0.136,4,1,4,1,0,1
0,15,0,5,0.403,-0.608,12.011,15.9994,1.011,3,2,4,2,0,1
0,11,0,4,0.144,-0.368,12.011,14.0067,0.512,4,3,4,3,0,0
8,9,3,3,0.271,0.091,1.008,1.008,0.18,1,1,1,1,1,0
9,17,3,5,0.11,-0.252,1.008,15.9994,0.362,1,2,1,2,0,0
17,17,5,5,-0.268,-0.323,15.9994,15.9994,0.0549999999999999,2,2,2,2,1,0
0,9,0,3,-0.031,0.091,12.011,1.008,0.122,4,1,4,1,0,0
17,11,5,4,-0.322,-0.368,15.9994,14.0067,0.0459999999999999,2,3,2,3,0,0
9,0,3,0,0.132,-0.019,1.008,12.011,0.151,1,4,1,4,0,0
0,17,0,5,-0.014,-0.322,12.011,15.9994,0.308,4,2,4,2,0,1
0,9,0,3,-0.011,0.162,12.011,1.008,0.173,4,1,4,1,0,0
0,9,0,3,-0.243,0.106,12.011,1.008,0.349,4,1,4,1,0,1
9,0,3,0,0.131,-0.243,1.008,12.011,0.374,1,4,1,4,0,0
0,0,0,0,0.011,-0.019,12.011,12.011,0.03,4,4,4,4,1,0
8,9,3,3,0.222,0.112,1.008,1.008,0.11,1,1,1,1,1,0
0,8,0,3,-0.019,0.271,12.011,1.008,0.29,4,1,4,1,0,0
14,18,4,5,0.599,-0.429,14.0067,15.9994,1.028,3,1,3,2,0,1
0,0,0,0,0.022,-0.129,12.011,12.011,0.151,3,3,4,4,1,1
0,9,0,3,-0.019,0.091,12.011,1.008,0.11,4,1,4,1,0,1
9,9,3,3,0.108,0.132,1.008,1.008,0.024,1,1,1,1,1,0
15,8,5,3,-0.38,0.206,15.9994,1.008,0.586,1,1,2,1,0,0
0,17,0,5,-0.014,-0.324,12.011,15.9994,0.31,4,2,4,2,0,1
11,15,4,5,-0.367,-0.355,14.0067,15.9994,0.012,3,1,3,2,0,0
8,9,3,3,0.222,0.106,1.008,1.008,0.116,1,1,1,1,1,0
0,0,0,0,-0.031,-0.014,12.011,12.011,0.017,4,4,4,4,1,1
0,0,0,0,0.28,-0.243,12.011,12.011,0.523,3,4,4,4,1,1
9,15,3,5,0.161,-0.355,1.008,15.9994,0.516,1,1,1,2,0,0
8,0,3,0,0.271,0.01,1.008,12.011,0.261,1,4,1,4,0,0
9,17,3,5,0.11,-0.324,1.008,15.9994,0.434,1,2,1,2,0,0
0,0,0,0,-0.013,-0.019,12.011,12.011,0.006,4,4,4,4,1,1
0,2,0,0,-0.044,-0.019,12.011,13.019,0.0249999999999999,4,3,4,4,1,1
9,9,3,3,0.092,0.108,1.008,1.008,0.016,1,1,1,1,1,0
9,9,3,3,0.092,0.11,1.008,1.008,0.018,1,1,1,1,1,0
0,0,0,0,-0.031,0.01,12.011,12.011,0.041,4,4,4,4,1,1
1,9,0,3,-0.053,0.129,12.011,1.008,0.182,3,1,4,1,0,1
11,17,4,5,-0.379,-0.251,14.0067,15.9994,0.128,3,2,3,2,0,0
0,0,0,0,-0.014,0.01,12.011,12.011,0.024,4,4,4,4,1,0
0,0,0,0,-0.014,-0.019,12.011,12.011,0.0049999999999999,4,4,4,4,1,1
9,9,3,3,0.11,0.109,1.008,1.008,0.001,1,1,1,1,1,0
0,0,0,0,-0.018,-0.017,12.011,12.011,0.0009999999999999,4,4,4,4,1,1
0,0,0,0,-0.032,0.019,12.011,12.011,0.051,4,4,4,4,1,1
0,9,0,3,-0.019,0.089,12.011,1.008,0.108,4,1,4,1,0,1
17,0,5,0,-0.251,-0.243,15.9994,12.011,0.008,2,4,2,4,0,0
9,0,3,0,0.111,0.145,1.008,12.011,0.0339999999999999,1,4,1,4,0,0
0,9,0,3,-0.031,0.132,12.011,1.008,0.163,4,1,4,1,0,1
0,9,0,3,0.01,0.092,12.011,1.008,0.082,4,1,4,1,0,1
0,16,0,5,0.133,-0.332,12.011,15.9994,0.465,4,2,4,2,0,0
0,9,0,3,0.009,0.087,12.011,1.008,0.078,4,1,4,1,0,1
0,9,0,3,0.011,0.161,12.011,1.008,0.15,4,1,4,1,0,0
13,0,4,0,-0.455,-0.001,14.0067,12.011,0.454,3,3,3,4,0,0
8,8,3,3,0.203,0.265,1.008,1.008,0.062,1,1,1,1,1,0
17,0,5,0,-0.251,-0.243,15.9994,12.011,0.008,2,4,2,4,0,0
9,9,3,3,0.108,0.097,1.008,1.008,0.0109999999999999,1,1,1,1,1,0
17,0,5,0,-0.251,0.01,15.9994,12.011,0.261,2,4,2,4,0,0
17,9,5,3,-0.31,0.107,15.9994,1.008,0.417,2,1,2,1,0,0
16,8,5,3,-0.325,0.265,15.9994,1.008,0.5900000000000001,2,1,2,1,0,0
0,0,0,0,0.01,0.277,12.011,12.011,0.267,4,3,4,4,1,0
17,8,5,3,-0.251,0.271,15.9994,1.008,0.522,2,1,2,1,0,0
16,0,5,0,-0.333,-0.026,15.9994,12.011,0.307,2,4,2,4,0,0
0,0,0,0,-0.031,-0.243,12.011,12.011,0.212,4,4,4,4,1,0
9,9,3,3,0.11,0.11,1.008,1.008,0.0,1,1,1,1,1,0
18,0,5,0,-0.429,-0.153,15.9994,12.011,0.276,1,3,2,4,0,0
0,9,0,3,-0.014,0.108,12.011,1.008,0.122,4,1,4,1,0,1
16,9,5,3,-0.333,0.107,15.9994,1.008,0.44,2,1,2,1,0,0
0,0,0,0,-0.031,-0.243,12.011,12.011,0.212,4,4,4,4,1,0
11,9,4,3,-0.379,0.107,14.0067,1.008,0.486,3,1,3,1,0,0
7,0,2,0,-0.129,-0.022,18.9984,12.011,0.107,1,3,4,4,0,0
17,0,5,0,-0.322,0.134,15.9994,12.011,0.456,2,4,2,4,0,1
15,0,5,0,-0.355,-0.243,15.9994,12.011,0.1119999999999999,1,4,2,4,0,0
0,11,0,4,0.011,-0.368,12.011,14.0067,0.379,4,3,4,3,0,1
16,9,5,3,-0.325,0.107,15.9994,1.008,0.432,2,1,2,1,0,0
17,9,5,3,-0.316,0.11,15.9994,1.008,0.426,2,1,2,1,0,0
9,0,3,0,0.161,0.019,1.008,12.011,0.142,1,4,1,4,0,0
0,9,0,3,-0.019,0.107,12.011,1.008,0.126,4,1,4,1,0,0
9,16,3,5,0.104,-0.325,1.008,15.9994,0.429,1,2,1,2,0,0
9,0,3,0,0.111,-0.019,1.008,12.011,0.13,1,4,1,4,0,0
11,11,4,4,-0.37,-0.368,14.0067,14.0067,0.002,3,3,3,3,1,0
0,15,0,5,-0.014,-0.355,12.011,15.9994,0.3409999999999999,4,1,4,2,0,0
0,9,0,3,0.29,0.137,12.011,1.008,0.1529999999999999,3,1,4,1,0,0
9,9,3,3,0.11,0.108,1.008,1.008,0.002,1,1,1,1,1,0
0,0,0,0,-0.397,0.403,12.011,12.011,0.8,4,3,4,4,1,0
11,0,4,0,-0.37,0.274,14.0067,12.011,0.644,3,3,3,4,0,1
9,15,3,5,0.108,-0.352,1.008,15.9994,0.4599999999999999,1,1,1,2,0,0
8,9,3,3,0.222,0.091,1.008,1.008,0.131,1,1,1,1,1,0
9,9,3,3,0.162,0.106,1.008,1.008,0.056,1,1,1,1,1,0
16,0,5,0,-0.327,0.01,15.9994,12.011,0.337,2,4,2,4,0,0
0,0,0,0,-0.031,-0.014,12.011,12.011,0.017,4,4,4,4,1,1
0,0,0,0,0.27,0.119,12.011,12.011,0.151,3,3,4,4,1,1
9,9,3,3,0.132,0.106,1.008,1.008,0.026,1,1,1,1,1,0
0,17,0,5,0.29,-0.252,12.011,15.9994,0.542,3,2,4,2,0,0
9,9,3,3,0.092,0.108,1.008,1.008,0.016,1,1,1,1,1,0
16,8,5,3,-0.334,0.271,15.9994,1.008,0.605,2,1,2,1,0,1
10,16,3,5,0.51,-0.567,1.008,15.9994,1.077,1,2,1,2,0,1
0,0,0,0,0.022,-0.129,12.011,12.011,0.151,3,3,4,4,1,1
0,9,0,3,-0.195,0.198,12.011,1.008,0.393,3,1,4,1,0,1
0,17,0,5,0.134,-0.323,12.011,15.9994,0.457,4,2,4,2,0,0
9,9,3,3,0.089,0.106,1.008,1.008,0.017,1,1,1,1,1,0
16,15,5,5,-0.334,-0.355,15.9994,15.9994,0.0209999999999999,2,1,2,2,1,0
17,0,5,0,-0.251,-0.014,15.9994,12.011,0.237,2,4,2,4,0,0
0,0,0,0,0.277,-0.243,12.011,12.011,0.52,3,4,4,4,1,1
0,0,0,0,-0.014,0.01,12.011,12.011,0.024,4,4,4,4,1,0
8,9,3,3,0.204,0.108,1.008,1.008,0.0959999999999999,1,1,1,1,1,0
0,17,0,5,0.011,-0.323,12.011,15.9994,0.334,4,2,4,2,0,0
9,0,3,0,0.132,-0.243,1.008,12.011,0.375,1,4,1,4,0,0
9,9,3,3,0.112,0.128,1.008,1.008,0.016,1,1,1,1,1,0
0,9,0,3,-0.014,0.161,12.011,1.008,0.175,4,1,4,1,0,0
17,9,5,3,-0.316,0.106,15.9994,1.008,0.422,2,1,2,1,0,0
0,9,0,3,-0.014,0.089,12.011,1.008,0.103,4,1,4,1,0,0
8,0,3,0,0.203,0.28,1.008,12.011,0.077,1,3,1,4,0,0
17,9,5,3,-0.323,0.106,15.9994,1.008,0.429,2,1,2,1,0,0
0,16,0,5,-0.031,-0.337,12.011,15.9994,0.306,4,2,4,2,0,0
4,2,0,0,0.01,0.012,15.035,13.019,0.002,1,3,4,4,1,0
11,0,4,0,-0.368,0.019,14.0067,12.011,0.387,3,4,3,4,0,0
9,0,3,0,0.162,-0.243,1.008,12.011,0.405,1,4,1,4,0,0
0,9,0,3,-0.019,0.117,12.011,1.008,0.136,4,1,4,1,0,1
9,0,3,0,0.117,0.134,1.008,12.011,0.017,1,4,1,4,0,0
11,9,4,3,-0.37,0.092,14.0067,1.008,0.4619999999999999,3,1,3,1,0,0
0,9,0,3,-0.243,0.106,12.011,1.008,0.349,4,1,4,1,0,1
16,15,5,5,-0.332,-0.355,15.9994,15.9994,0.0229999999999999,2,1,2,2,1,0
0,9,0,3,-0.023,0.161,12.011,1.008,0.184,4,1,4,1,0,0
0,0,0,0,0.134,-0.031,12.011,12.011,0.165,4,4,4,4,1,0
9,0,3,0,0.092,0.277,1.008,12.011,0.185,1,3,1,4,0,0
8,16,3,5,0.224,-0.332,1.008,15.9994,0.556,1,2,1,2,0,0
8,15,3,5,0.223,-0.355,1.008,15.9994,0.578,1,1,1,2,0,0
7,0,2,0,-0.129,-0.195,18.9984,12.011,0.066,1,3,4,4,0,0
9,9,3,3,0.094,0.106,1.008,1.008,0.0119999999999999,1,1,1,1,1,0
17,9,5,3,-0.323,0.117,15.9994,1.008,0.44,2,1,2,1,0,0
9,17,3,5,0.161,-0.251,1.008,15.9994,0.412,1,2,1,2,0,0
9,0,3,0,0.11,0.133,1.008,12.011,0.023,1,4,1,4,0,0
0,9,0,3,-0.243,0.106,12.011,1.008,0.349,4,1,4,1,0,1
16,0,5,0,-0.333,0.134,15.9994,12.011,0.467,2,4,2,4,0,0
16,8,5,3,-0.325,0.223,15.9994,1.008,0.548,2,1,2,1,0,1
8,0,3,0,0.271,0.28,1.008,12.011,0.009,1,3,1,4,0,0
17,15,5,5,-0.251,-0.352,15.9994,15.9994,0.1009999999999999,2,1,2,2,1,0
9,9,3,3,0.089,0.106,1.008,1.008,0.017,1,1,1,1,1,0
8,9,3,3,0.271,0.105,1.008,1.008,0.166,1,1,1,1,1,0
0,16,0,5,0.01,-0.325,12.011,15.9994,0.335,4,2,4,2,0,1
0,8,0,3,-0.031,0.206,12.011,1.008,0.237,4,1,4,1,0,0
0,1,0,0,-0.001,0.039,12.011,12.011,0.04,3,3,4,4,1,1
11,17,4,5,-0.368,-0.252,14.0067,15.9994,0.1159999999999999,3,2,3,2,0,0
9,0,3,0,0.077,0.134,1.008,12.011,0.057,1,4,1,4,0,0
8,0,3,0,0.268,-0.018,1.008,12.011,0.286,1,4,1,4,0,0
0,0,0,0,-0.011,-0.014,12.011,12.011,0.003,4,4,4,4,1,0
0,0,0,0,0.012,0.145,12.011,12.011,0.1329999999999999,4,4,4,4,1,0
9,9,3,3,0.132,0.108,1.008,1.008,0.024,1,1,1,1,1,0
8,9,3,3,0.206,0.112,1.008,1.008,0.0939999999999999,1,1,1,1,1,0
0,8,0,3,-0.031,0.271,12.011,1.008,0.302,4,1,4,1,0,0
0,9,0,3,-0.018,0.108,12.011,1.008,0.126,4,1,4,1,0,0
8,9,3,3,0.203,0.132,1.008,1.008,0.071,1,1,1,1,1,0
9,17,3,5,0.108,-0.324,1.008,15.9994,0.432,1,2,1,2,0,0
0,16,0,5,0.009,-0.333,12.011,15.9994,0.342,4,2,4,2,0,0
9,8,3,3,0.094,0.204,1.008,1.008,0.1099999999999999,1,1,1,1,1,0
17,9,5,3,-0.323,0.091,15.9994,1.008,0.414,2,1,2,1,0,0
9,0,3,0,0.108,-0.017,1.008,12.011,0.125,1,4,1,4,0,0
1,6,0,0,-0.022,-0.119,12.011,35.453,0.097,3,1,4,4,1,1
0,0,0,0,0.01,0.011,12.011,12.011,0.0009999999999999,4,4,4,4,1,1
11,0,4,0,-0.369,-0.014,14.0067,12.011,0.355,3,4,3,4,0,0
0,16,0,5,-0.019,-0.332,12.011,15.9994,0.313,4,2,4,2,0,1
0,0,0,0,0.134,-0.019,12.011,12.011,0.153,4,4,4,4,1,0
11,8,4,3,-0.369,0.271,14.0067,1.008,0.64,3,1,3,1,0,0
9,16,3,5,0.117,-0.325,1.008,15.9994,0.442,1,2,1,2,0,0
0,0,0,0,-0.031,0.134,12.011,12.011,0.165,4,4,4,4,1,0
0,3,0,0,0.034,0.078,12.011,14.027,0.044,4,2,4,4,1,1
0,9,0,3,0.011,0.107,12.011,1.008,0.096,4,1,4,1,0,0
16,8,5,3,-0.332,0.272,15.9994,1.008,0.6040000000000001,2,1,2,1,0,1
17,16,5,5,-0.252,-0.325,15.9994,15.9994,0.073,2,2,2,2,1,0
9,9,3,3,0.11,0.107,1.008,1.008,0.003,1,1,1,1,1,0
11,11,4,4,-0.368,-0.367,14.0067,14.0067,0.001,3,3,3,3,1,0
16,8,5,3,-0.324,0.271,15.9994,1.008,0.595,2,1,2,1,0,0
8,0,3,0,0.224,-0.019,1.008,12.011,0.243,1,4,1,4,0,0
17,8,5,3,-0.32,0.203,15.9994,1.008,0.523,2,1,2,1,0,0
9,15,3,5,0.091,-0.354,1.008,15.9994,0.4449999999999999,1,1,1,2,0,0
0,17,0,5,-0.031,-0.323,12.011,15.9994,0.292,4,2,4,2,0,0
0,0,0,0,-0.24,0.29,12.011,12.011,0.53,4,3,4,4,1,1
3,0,0,0,0.078,-0.102,14.027,12.011,0.18,2,3,4,4,1,1
9,8,3,3,0.132,0.206,1.008,1.008,0.0739999999999999,1,1,1,1,1,0
0,16,0,5,0.145,-0.299,12.011,15.9994,0.4439999999999999,4,2,4,2,0,1
8,9,3,3,0.272,0.106,1.008,1.008,0.166,1,1,1,1,1,0
16,8,5,3,-0.332,0.271,15.9994,1.008,0.603,2,1,2,1,0,1
0,9,0,3,0.01,0.106,12.011,1.008,0.096,4,1,4,1,0,0
9,9,3,3,0.117,0.106,1.008,1.008,0.011,1,1,1,1,1,0
0,0,0,0,-0.263,-0.029,12.011,12.011,0.234,3,3,4,4,1,1
9,9,3,3,0.132,0.132,1.008,1.008,0.0,1,1,1,1,1,0
8,0,3,0,0.271,-0.031,1.008,12.011,0.302,1,4,1,4,0,0
9,9,3,3,0.112,0.107,1.008,1.008,0.005,1,1,1,1,1,0
9,17,3,5,0.132,-0.252,1.008,15.9994,0.384,1,2,1,2,0,0
8,0,3,0,0.268,0.005,1.008,12.011,0.263,1,4,1,4,0,0
9,9,3,3,0.117,0.091,1.008,1.008,0.026,1,1,1,1,1,0
0,16,0,5,0.005,-0.325,12.011,15.9994,0.33,4,2,4,2,0,0
9,8,3,3,0.117,0.206,1.008,1.008,0.0889999999999999,1,1,1,1,1,0
0,9,0,3,-0.019,0.092,12.011,1.008,0.111,4,1,4,1,0,1
9,0,3,0,0.117,-0.019,1.008,12.011,0.136,1,4,1,4,0,0
16,16,5,5,-0.323,-0.323,15.9994,15.9994,0.0,2,2,2,2,1,0
0,0,0,0,-0.245,-0.06,12.011,12.011,0.185,3,3,4,4,1,1
0,9,0,3,-0.397,0.094,12.011,1.008,0.491,4,1,4,1,0,1
8,8,3,3,0.242,0.223,1.008,1.008,0.0189999999999999,1,1,1,1,1,0
0,0,0,0,-0.019,-0.014,12.011,12.011,0.0049999999999999,4,4,4,4,1,0
0,15,0,5,0.134,-0.355,12.011,15.9994,0.489,4,1,4,2,0,0
9,16,3,5,0.092,-0.337,1.008,15.9994,0.429,1,2,1,2,0,0
0,0,0,0,-0.031,0.01,12.011,12.011,0.041,4,4,4,4,1,1
0,9,0,3,-0.243,0.106,12.011,1.008,0.349,4,1,4,1,0,1
9,9,3,3,0.117,0.108,1.008,1.008,0.009,1,1,1,1,1,0
2,2,0,0,-0.001,0.012,13.019,13.019,0.013,3,3,4,4,1,1
9,9,3,3,0.161,0.106,1.008,1.008,0.055,1,1,1,1,1,0
0,9,0,3,-0.015,0.11,12.011,1.008,0.125,4,1,4,1,0,0
0,11,0,4,0.144,-0.368,12.011,14.0067,0.512,4,3,4,3,0,0
0,9,0,3,0.01,0.11,12.011,1.008,0.1,4,1,4,1,0,0
9,16,3,5,0.161,-0.325,1.008,15.9994,0.486,1,2,1,2,0,0
9,0,3,0,0.117,-0.031,1.008,12.011,0.148,1,4,1,4,0,0
0,0,0,0,-0.06,-0.153,12.011,12.011,0.093,3,3,4,4,1,1
0,0,0,0,-0.019,0.28,12.011,12.011,0.299,4,3,4,4,1,0
0,0,0,0,0.134,-0.018,12.011,12.011,0.152,4,4,4,4,1,0
0,9,0,3,0.134,0.107,12.011,1.008,0.027,4,1,4,1,0,0
0,9,0,3,0.145,0.119,12.011,1.008,0.0259999999999999,4,1,4,1,0,1
9,9,3,3,0.092,0.092,1.008,1.008,0.0,1,1,1,1,1,0
8,0,3,0,0.242,-0.243,1.008,12.011,0.485,1,4,1,4,0,0
16,9,5,3,-0.332,0.107,15.9994,1.008,0.439,2,1,2,1,0,0
11,9,4,3,-0.368,0.106,14.0067,1.008,0.474,3,1,3,1,0,0
0,3,0,0,-0.044,0.005,12.011,14.027,0.0489999999999999,4,2,4,4,1,0
10,9,3,3,0.331,0.134,1.008,1.008,0.197,1,1,1,1,1,0
8,9,3,3,0.203,0.119,1.008,1.008,0.084,1,1,1,1,1,0
0,0,0,0,-0.022,-0.022,12.011,12.011,0.0,3,3,4,4,1,1
0,9,0,3,0.01,0.106,12.011,1.008,0.096,4,1,4,1,0,0
0,11,0,4,0.011,-0.369,12.011,14.0067,0.38,4,3,4,3,0,1
9,0,3,0,0.11,-0.014,1.008,12.011,0.124,1,4,1,4,0,0
0,0,0,0,-0.014,0.28,12.011,12.011,0.294,4,3,4,4,1,0
8,9,3,3,0.271,0.161,1.008,1.008,0.11,1,1,1,1,1,0
18,14,5,4,-0.446,0.713,15.9994,14.0067,1.159,1,3,2,3,0,1
0,17,0,5,0.134,-0.251,12.011,15.9994,0.385,4,2,4,2,0,1
16,9,5,3,-0.327,0.108,15.9994,1.008,0.435,2,1,2,1,0,0
16,8,5,3,-0.325,0.224,15.9994,1.008,0.549,2,1,2,1,0,1
0,9,0,3,-0.018,0.143,12.011,1.008,0.1609999999999999,4,1,4,1,0,1
16,8,5,3,-0.325,0.265,15.9994,1.008,0.5900000000000001,2,1,2,1,0,0
0,9,0,3,-0.031,0.161,12.011,1.008,0.192,4,1,4,1,0,0
9,9,3,3,0.108,0.106,1.008,1.008,0.002,1,1,1,1,1,0
0,0,0,0,0.011,0.134,12.011,12.011,0.123,4,4,4,4,1,1
0,9,0,3,-0.015,0.132,12.011,1.008,0.147,4,1,4,1,0,0
0,9,0,3,0.134,0.092,12.011,1.008,0.042,4,1,4,1,0,0
9,0,3,0,0.091,-0.031,1.008,12.011,0.122,1,4,1,4,0,0
9,8,3,3,0.109,0.203,1.008,1.008,0.094,1,1,1,1,1,0
17,11,5,4,-0.316,-0.368,15.9994,14.0067,0.0519999999999999,2,3,2,3,0,0
0,9,0,3,-0.031,0.131,12.011,1.008,0.162,4,1,4,1,0,1
16,8,5,3,-0.299,0.035,15.9994,1.008,0.3339999999999999,2,1,2,1,0,1
11,8,4,3,-0.379,0.27,14.0067,1.008,0.649,3,1,3,1,0,0
18,14,5,4,-0.44,0.644,15.9994,14.0067,1.084,1,3,2,3,0,1
8,0,3,0,0.203,0.01,1.008,12.011,0.193,1,4,1,4,0,0
0,9,0,3,-0.019,0.089,12.011,1.008,0.108,4,1,4,1,0,0
0,15,0,5,-0.029,-0.355,12.011,15.9994,0.3259999999999999,4,1,4,2,0,0
0,0,0,0,-0.011,0.134,12.011,12.011,0.145,4,4,4,4,1,0
0,8,0,3,-0.019,0.204,12.011,1.008,0.2229999999999999,4,1,4,1,0,0
0,16,0,5,0.01,-0.324,12.011,15.9994,0.334,4,2,4,2,0,1
0,0,0,0,0.011,-0.243,12.011,12.011,0.254,4,4,4,4,1,0
9,9,3,3,0.092,0.107,1.008,1.008,0.015,1,1,1,1,1,0
0,11,0,4,-0.026,-0.367,12.011,14.0067,0.3409999999999999,4,3,4,3,0,1
16,15,5,5,-0.332,-0.355,15.9994,15.9994,0.0229999999999999,2,1,2,2,1,0
16,0,5,0,-0.323,-0.019,15.9994,12.011,0.304,2,4,2,4,0,0
11,9,4,3,-0.369,0.161,14.0067,1.008,0.53,3,1,3,1,0,0
0,17,0,5,0.134,-0.252,12.011,15.9994,0.386,4,2,4,2,0,1
9,9,3,3,0.092,0.117,1.008,1.008,0.025,1,1,1,1,1,0
0,0,0,0,0.134,-0.032,12.011,12.011,0.166,4,4,4,4,1,0
9,15,3,5,0.109,-0.352,1.008,15.9994,0.4609999999999999,1,1,1,2,0,0
9,9,3,3,0.108,0.106,1.008,1.008,0.002,1,1,1,1,1,0
0,0,0,0,-0.014,-0.243,12.011,12.011,0.2289999999999999,4,4,4,4,1,0
0,9,0,3,0.279,0.106,12.011,1.008,0.173,3,1,4,1,0,0
0,9,0,3,0.01,0.106,12.011,1.008,0.096,4,1,4,1,0,0
16,17,5,5,-0.333,-0.323,15.9994,15.9994,0.01,2,2,2,2,1,0
0,0,0,0,-0.014,-0.019,12.011,12.011,0.0049999999999999,4,4,4,4,1,1
8,8,3,3,0.227,0.265,1.008,1.008,0.038,1,1,1,1,1,0
9,0,3,0,0.161,-0.026,1.008,12.011,0.187,1,4,1,4,0,0
9,0,3,0,0.094,0.133,1.008,12.011,0.039,1,4,1,4,0,0
9,9,3,3,0.106,0.106,1.008,1.008,0.0,1,1,1,1,1,0
0,9,0,3,0.134,0.11,12.011,1.008,0.024,4,1,4,1,0,1
0,9,0,3,-0.019,0.117,12.011,1.008,0.136,4,1,4,1,0,1
17,0,5,0,-0.252,0.28,15.9994,12.011,0.532,2,3,2,4,0,0
0,0,0,0,0.01,-0.243,12.011,12.011,0.253,4,4,4,4,1,0
17,9,5,3,-0.323,0.091,15.9994,1.008,0.414,2,1,2,1,0,0
0,17,0,5,-0.014,-0.323,12.011,15.9994,0.309,4,2,4,2,0,1
9,16,3,5,0.161,-0.325,1.008,15.9994,0.486,1,2,1,2,0,0
17,0,5,0,-0.322,0.133,15.9994,12.011,0.455,2,4,2,4,0,1
17,0,5,0,-0.323,0.01,15.9994,12.011,0.333,2,4,2,4,0,0
11,0,4,0,-0.368,0.134,14.0067,12.011,0.502,3,4,3,4,0,0
0,0,0,0,-0.065,0.446,12.011,12.011,0.511,3,4,4,4,1,1
8,0,3,0,0.203,0.134,1.008,12.011,0.069,1,4,1,4,0,0
9,9,3,3,0.117,0.161,1.008,1.008,0.044,1,1,1,1,1,0
9,0,3,0,0.092,0.28,1.008,12.011,0.188,1,3,1,4,0,0
11,9,4,3,-0.368,0.106,14.0067,1.008,0.474,3,1,3,1,0,0
0,9,0,3,-0.245,0.178,12.011,1.008,0.423,3,1,4,1,0,1
9,0,3,0,0.137,-0.031,1.008,12.011,0.168,1,4,1,4,0,0
9,9,3,3,0.108,0.107,1.008,1.008,0.001,1,1,1,1,1,0
0,8,0,3,-0.019,0.223,12.011,1.008,0.242,4,1,4,1,0,0
0,0,0,0,-0.031,-0.019,12.011,12.011,0.012,4,4,4,4,1,0
9,0,3,0,0.143,-0.243,1.008,12.011,0.386,1,4,1,4,0,0
0,9,0,3,0.134,0.161,12.011,1.008,0.0269999999999999,4,1,4,1,0,0
17,9,5,3,-0.324,0.108,15.9994,1.008,0.432,2,1,2,1,0,0
17,15,5,5,-0.323,-0.355,15.9994,15.9994,0.0319999999999999,2,1,2,2,1,0
0,9,0,3,0.011,0.106,12.011,1.008,0.095,4,1,4,1,0,0
16,17,5,5,-0.325,-0.323,15.9994,15.9994,0.002,2,2,2,2,1,0
0,0,0,0,0.011,0.28,12.011,12.011,0.269,4,3,4,4,1,0
0,9,0,3,-0.019,0.091,12.011,1.008,0.11,4,1,4,1,0,1
9,0,3,0,0.117,-0.031,1.008,12.011,0.148,1,4,1,4,0,0
0,9,0,3,0.01,0.091,12.011,1.008,0.081,4,1,4,1,0,0
0,0,0,0,0.012,0.134,12.011,12.011,0.122,4,4,4,4,1,0
9,17,3,5,0.108,-0.252,1.008,15.9994,0.36,1,2,1,2,0,0
0,0,0,0,-0.031,0.011,12.011,12.011,0.0419999999999999,4,4,4,4,1,0
0,9,0,3,-0.017,0.106,12.011,1.008,0.123,4,1,4,1,0,0
9,0,3,0,0.106,-0.243,1.008,12.011,0.349,1,4,1,4,0,0
9,17,3,5,0.11,-0.251,1.008,15.9994,0.361,1,2,1,2,0,0
0,9,0,3,-0.014,0.117,12.011,1.008,0.131,4,1,4,1,0,0
0,9,0,3,-0.273,0.149,12.011,1.008,0.422,4,1,4,1,0,1
9,0,3,0,0.11,-0.017,1.008,12.011,0.127,1,4,1,4,0,0
15,9,5,3,-0.352,0.107,15.9994,1.008,0.4589999999999999,1,1,2,1,0,0
0,8,0,3,0.01,0.203,12.011,1.008,0.193,4,1,4,1,0,0
0,9,0,3,-0.263,0.189,12.011,1.008,0.452,3,1,4,1,0,1
0,0,0,0,-0.32,0.27,12.011,12.011,0.5900000000000001,3,3,4,4,1,1
8,17,3,5,0.203,-0.251,1.008,15.9994,0.454,1,2,1,2,0,0
0,9,0,3,-0.014,0.161,12.011,1.008,0.175,4,1,4,1,0,0
0,9,0,3,0.01,0.091,12.011,1.008,0.081,4,1,4,1,0,1
9,8,3,3,0.133,0.204,1.008,1.008,0.0709999999999999,1,1,1,1,1,0
0,0,0,0,0.416,-0.319,12.011,12.011,0.735,3,3,4,4,1,1
3,3,0,0,0.006,0.017,14.027,14.027,0.011,2,2,4,4,1,1
0,15,0,5,0.01,-0.355,12.011,15.9994,0.365,4,1,4,2,0,0
16,9,5,3,-0.325,0.091,15.9994,1.008,0.416,2,1,2,1,0,0
0,9,0,3,-0.013,0.108,12.011,1.008,0.121,4,1,4,1,0,0
9,9,3,3,0.161,0.107,1.008,1.008,0.054,1,1,1,1,1,0
9,15,3,5,0.118,-0.355,1.008,15.9994,0.473,1,1,1,2,0,0
9,0,3,0,0.092,0.28,1.008,12.011,0.188,1,3,1,4,0,0
9,16,3,5,0.091,-0.333,1.008,15.9994,0.424,1,2,1,2,0,0
16,0,5,0,-0.323,-0.243,15.9994,12.011,0.08,2,4,2,4,0,0
0,9,0,3,-0.319,0.094,12.011,1.008,0.413,3,1,4,1,0,0
8,15,3,5,0.265,-0.354,1.008,15.9994,0.619,1,1,1,2,0,0
9,17,3,5,0.11,-0.252,1.008,15.9994,0.362,1,2,1,2,0,0
12,10,4,3,0.113,0.193,14.0067,1.008,0.08,3,1,3,1,0,1
9,9,3,3,0.133,0.161,1.008,1.008,0.0279999999999999,1,1,1,1,1,0
0,9,0,3,-0.243,0.106,12.011,1.008,0.349,4,1,4,1,0,1
0,0,0,0,-0.031,0.01,12.011,12.011,0.041,4,4,4,4,1,1
16,15,5,5,-0.327,-0.355,15.9994,15.9994,0.0279999999999999,2,1,2,2,1,0
0,0,0,0,0.01,0.011,12.011,12.011,0.0009999999999999,4,4,4,4,1,1
16,8,5,3,-0.323,0.227,15.9994,1.008,0.55,2,1,2,1,0,1
9,9,3,3,0.091,0.117,1.008,1.008,0.026,1,1,1,1,1,0
0,11,0,4,-0.031,-0.368,12.011,14.0067,0.3369999999999999,4,3,4,3,0,0
16,0,5,0,-0.325,0.01,15.9994,12.011,0.335,2,4,2,4,0,0
9,0,3,0,0.11,0.28,1.008,12.011,0.17,1,3,1,4,0,0
17,0,5,0,-0.323,0.134,15.9994,12.011,0.457,2,4,2,4,0,1
9,9,3,3,0.11,0.109,1.008,1.008,0.001,1,1,1,1,1,0
9,9,3,3,0.117,0.091,1.008,1.008,0.026,1,1,1,1,1,0
0,16,0,5,0.011,-0.325,12.011,15.9994,0.336,4,2,4,2,0,0
8,0,3,0,0.035,-0.243,1.008,12.011,0.278,1,4,1,4,0,0
8,9,3,3,0.204,0.106,1.008,1.008,0.0979999999999999,1,1,1,1,1,0
16,9,5,3,-0.325,0.106,15.9994,1.008,0.431,2,1,2,1,0,0
9,9,3,3,0.117,0.106,1.008,1.008,0.011,1,1,1,1,1,0
16,0,5,0,-0.323,-0.029,15.9994,12.011,0.294,2,4,2,4,0,0
0,9,0,3,0.422,0.178,12.011,1.008,0.244,3,1,4,1,0,0
8,9,3,3,0.271,0.118,1.008,1.008,0.153,1,1,1,1,1,0
0,17,0,5,-0.013,-0.251,12.011,15.9994,0.238,4,2,4,2,0,0
0,9,0,3,-0.243,0.106,12.011,1.008,0.349,4,1,4,1,0,1
8,9,3,3,0.271,0.091,1.008,1.008,0.18,1,1,1,1,1,0
0,9,0,3,0.01,0.106,12.011,1.008,0.096,4,1,4,1,0,0
9,8,3,3,0.094,0.271,1.008,1.008,0.177,1,1,1,1,1,0
0,11,0,4,0.011,-0.368,12.011,14.0067,0.379,4,3,4,3,0,1
16,9,5,3,-0.32,0.117,15.9994,1.008,0.437,2,1,2,1,0,0
9,16,3,5,0.133,-0.337,1.008,15.9994,0.47,1,2,1,2,0,0
3,3,0,0,0.009,0.051,14.027,14.027,0.0419999999999999,2,2,4,4,1,0
17,0,5,0,-0.31,0.145,15.9994,12.011,0.4549999999999999,2,4,2,4,0,1
0,15,0,5,-0.018,-0.384,12.011,15.9994,0.366,4,1,4,2,0,0
0,9,0,3,-0.013,0.092,12.011,1.008,0.105,4,1,4,1,0,0
0,9,0,3,-0.019,0.117,12.011,1.008,0.136,4,1,4,1,0,1
9,15,3,5,0.107,-0.355,1.008,15.9994,0.4619999999999999,1,1,1,2,0,0
9,17,3,5,0.161,-0.31,1.008,15.9994,0.471,1,2,1,2,0,0
9,15,3,5,0.11,-0.355,1.008,15.9994,0.4649999999999999,1,1,1,2,0,0
8,11,3,4,0.224,-0.368,1.008,14.0067,0.592,1,3,1,3,0,0
0,9,0,3,-0.023,0.108,12.011,1.008,0.131,4,1,4,1,0,0
9,11,3,4,0.143,-0.368,1.008,14.0067,0.511,1,3,1,3,0,0
0,9,0,3,-0.011,0.117,12.011,1.008,0.128,4,1,4,1,0,0
0,17,0,5,0.133,-0.252,12.011,15.9994,0.385,4,2,4,2,0,0
9,9,3,3,0.143,0.108,1.008,1.008,0.0349999999999999,1,1,1,1,1,0
9,0,3,0,0.131,-0.031,1.008,12.011,0.162,1,4,1,4,0,0
9,0,3,0,0.108,0.01,1.008,12.011,0.098,1,4,1,4,0,0
0,0,0,0,0.01,0.274,12.011,12.011,0.264,4,3,4,4,1,0
0,0,0,0,0.04,-0.05,12.011,12.011,0.09,4,2,4,4,1,1
0,0,0,0,0.019,-0.243,12.011,12.011,0.262,4,4,4,4,1,0
16,0,5,0,-0.325,0.011,15.9994,12.011,0.336,2,4,2,4,0,0
0,0,0,0,0.134,0.28,12.011,12.011,0.146,4,3,4,4,1,0
0,9,0,3,-0.019,0.107,12.011,1.008,0.126,4,1,4,1,0,0
9,15,3,5,0.117,-0.355,1.008,15.9994,0.472,1,1,1,2,0,0
0,0,0,0,0.074,-0.319,12.011,12.011,0.393,3,3,4,4,1,1
0,16,0,5,0.422,-0.576,12.011,15.9994,0.998,3,2,4,2,0,1
11,8,4,3,-0.367,0.265,14.0067,1.008,0.632,3,1,3,1,0,1
9,9,3,3,0.11,0.132,1.008,1.008,0.022,1,1,1,1,1,0
3,3,0,0,0.004,-0.0,14.027,14.027,0.004,2,2,4,4,1,1
17,0,5,0,-0.252,-0.019,15.9994,12.011,0.233,2,4,2,4,0,0
16,9,5,3,-0.333,0.106,15.9994,1.008,0.439,2,1,2,1,0,0
9,0,3,0,0.106,-0.243,1.008,12.011,0.349,1,4,1,4,0,0
17,0,5,0,-0.324,0.019,15.9994,12.011,0.343,2,4,2,4,0,0
0,9,0,3,-0.023,0.156,12.011,1.008,0.179,4,1,4,1,0,1
0,9,0,3,-0.014,0.091,12.011,1.008,0.105,4,1,4,1,0,0
0,0,0,0,0.299,-0.239,12.011,12.011,0.538,3,4,4,4,1,1
0,0,0,0,-0.014,0.01,12.011,12.011,0.024,4,4,4,4,1,0
0,9,0,3,-0.031,0.091,12.011,1.008,0.122,4,1,4,1,0,0
17,11,5,4,-0.251,-0.368,15.9994,14.0067,0.1169999999999999,2,3,2,3,0,0
9,9,3,3,0.161,0.118,1.008,1.008,0.043,1,1,1,1,1,0
0,8,0,3,-0.24,0.224,12.011,1.008,0.4639999999999999,4,1,4,1,0,0
11,8,4,3,-0.37,0.203,14.0067,1.008,0.573,3,1,3,1,0,1
11,8,4,3,-0.369,0.204,14.0067,1.008,0.573,3,1,3,1,0,1
0,0,0,0,0.01,0.011,12.011,12.011,0.0009999999999999,4,4,4,4,1,1
9,17,3,5,0.161,-0.252,1.008,15.9994,0.413,1,2,1,2,0,0
11,8,4,3,-0.368,0.224,14.0067,1.008,0.592,3,1,3,1,0,0
0,0,0,0,0.134,0.134,12.011,12.011,0.0,4,4,4,4,1,0
0,0,0,0,-0.126,-0.319,12.011,12.011,0.193,3,3,4,4,1,1
0,17,0,5,0.82,-0.591,12.011,15.9994,1.411,3,1,4,2,0,1
0,0,0,0,-0.102,-0.004,12.011,12.011,0.0979999999999999,3,4,4,4,1,1
16,0,5,0,-0.325,-0.243,15.9994,12.011,0.082,2,4,2,4,0,0
8,0,3,0,0.223,0.277,1.008,12.011,0.054,1,3,1,4,0,0
8,9,3,3,0.331,0.11,1.008,1.008,0.221,1,1,1,1,1,0
0,9,0,3,-0.243,0.107,12.011,1.008,0.35,4,1,4,1,0,1
9,9,3,3,0.161,0.106,1.008,1.008,0.055,1,1,1,1,1,0
3,2,0,0,0.009,-0.019,14.027,13.019,0.0279999999999999,2,3,4,4,1,1
9,9,3,3,0.091,0.106,1.008,1.008,0.015,1,1,1,1,1,0
0,8,0,3,0.01,0.224,12.011,1.008,0.214,4,1,4,1,0,0
9,8,3,3,0.132,0.271,1.008,1.008,0.139,1,1,1,1,1,0
0,0,0,0,0.011,0.133,12.011,12.011,0.122,4,4,4,4,1,1
9,0,3,0,0.161,-0.243,1.008,12.011,0.404,1,4,1,4,0,0
0,17,0,5,-0.014,-0.322,12.011,15.9994,0.308,4,2,4,2,0,1
0,0,0,0,-0.013,0.01,12.011,12.011,0.023,4,4,4,4,1,0
9,16,3,5,0.161,-0.325,1.008,15.9994,0.486,1,2,1,2,0,0
0,0,0,0,-0.014,0.299,12.011,12.011,0.313,4,3,4,4,1,0
9,0,3,0,0.091,-0.019,1.008,12.011,0.11,1,4,1,4,0,0
8,17,3,5,0.204,-0.251,1.008,15.9994,0.4549999999999999,1,2,1,2,0,0
0,0,0,0,-0.013,0.134,12.011,12.011,0.147,4,4,4,4,1,0
0,9,0,3,-0.129,0.163,12.011,1.008,0.292,3,1,4,1,0,1
16,8,5,3,-0.332,0.271,15.9994,1.008,0.603,2,1,2,1,0,1
9,0,3,0,0.091,-0.243,1.008,12.011,0.3339999999999999,1,4,1,4,0,0
11,11,4,4,-0.368,-0.368,14.0067,14.0067,0.0,3,3,3,3,1,0
11,9,4,3,-0.37,0.118,14.0067,1.008,0.488,3,1,3,1,0,0
3,2,0,0,0.004,-0.021,14.027,13.019,0.025,2,3,4,4,1,1
12,12,4,4,0.113,-0.256,14.0067,14.0067,0.369,3,2,3,3,1,1
0,9,0,3,-0.014,0.109,12.011,1.008,0.123,4,1,4,1,0,1
9,9,3,3,0.109,0.107,1.008,1.008,0.002,1,1,1,1,1,0
0,8,0,3,-0.031,0.27,12.011,1.008,0.301,4,1,4,1,0,0
9,0,3,0,0.108,-0.243,1.008,12.011,0.351,1,4,1,4,0,0
8,0,3,0,0.203,-0.014,1.008,12.011,0.217,1,4,1,4,0,0
0,16,0,5,0.01,-0.325,12.011,15.9994,0.335,4,2,4,2,0,0
16,15,5,5,-0.323,-0.354,15.9994,15.9994,0.0309999999999999,2,1,2,2,1,0
9,9,3,3,0.108,0.091,1.008,1.008,0.017,1,1,1,1,1,0
0,0,0,0,-0.031,0.01,12.011,12.011,0.041,4,4,4,4,1,1
0,17,0,5,0.011,-0.251,12.011,15.9994,0.262,4,2,4,2,0,0
0,8,0,3,-0.018,0.279,12.011,1.008,0.297,4,1,4,1,0,0
8,0,3,0,0.223,-0.014,1.008,12.011,0.237,1,4,1,4,0,0
0,8,0,3,0.29,0.271,12.011,1.008,0.0189999999999999,3,1,4,1,0,0
8,0,3,0,0.271,-0.031,1.008,12.011,0.302,1,4,1,4,0,0
9,0,3,0,0.104,-0.019,1.008,12.011,0.123,1,4,1,4,0,0
17,0,5,0,-0.251,0.011,15.9994,12.011,0.262,2,4,2,4,0,0
0,0,0,0,-0.014,-0.018,12.011,12.011,0.0039999999999999,4,4,4,4,1,0
9,16,3,5,0.11,-0.324,1.008,15.9994,0.434,1,2,1,2,0,0
11,0,4,0,-0.37,-0.243,14.0067,12.011,0.127,3,4,3,4,0,0
0,16,0,5,0.011,-0.332,12.011,15.9994,0.343,4,2,4,2,0,0
9,9,3,3,0.132,0.132,1.008,1.008,0.0,1,1,1,1,1,0
9,15,3,5,0.11,-0.355,1.008,15.9994,0.4649999999999999,1,1,1,2,0,0
8,0,3,0,0.203,0.133,1.008,12.011,0.07,1,4,1,4,0,0
0,16,0,5,-0.019,-0.333,12.011,15.9994,0.314,4,2,4,2,0,1
0,9,0,3,-0.032,0.129,12.011,1.008,0.161,4,1,4,1,0,1
0,9,0,3,-0.014,0.091,12.011,1.008,0.105,4,1,4,1,0,0
9,0,3,0,0.106,0.28,1.008,12.011,0.174,1,3,1,4,0,0
0,9,0,3,-0.019,0.118,12.011,1.008,0.1369999999999999,4,1,4,1,0,1
0,8,0,3,-0.029,0.217,12.011,1.008,0.246,4,1,4,1,0,0
0,0,0,0,0.279,-0.243,12.011,12.011,0.522,3,4,4,4,1,1
0,0,0,0,0.01,0.011,12.011,12.011,0.0009999999999999,4,4,4,4,1,1
0,8,0,3,0.011,0.27,12.011,1.008,0.259,4,1,4,1,0,0
0,15,0,5,0.011,-0.355,12.011,15.9994,0.366,4,1,4,2,0,0
9,9,3,3,0.117,0.106,1.008,1.008,0.011,1,1,1,1,1,0
17,9,5,3,-0.252,0.119,15.9994,1.008,0.371,2,1,2,1,0,0
0,8,0,3,0.011,0.271,12.011,1.008,0.26,4,1,4,1,0,0
0,9,0,3,-0.032,0.106,12.011,1.008,0.138,4,1,4,1,0,0
0,0,0,0,-0.273,-0.256,12.011,12.011,0.017,4,4,4,4,1,1
11,0,4,0,-0.369,0.277,14.0067,12.011,0.646,3,3,3,4,0,1
0,0,0,0,-0.026,0.28,12.011,12.011,0.306,4,3,4,4,1,0
9,9,3,3,0.128,0.106,1.008,1.008,0.022,1,1,1,1,1,0
11,0,4,0,-0.575,0.82,14.0067,12.011,1.395,3,3,3,4,0,1
8,9,3,3,0.217,0.119,1.008,1.008,0.098,1,1,1,1,1,0
0,9,0,3,-0.019,0.117,12.011,1.008,0.136,4,1,4,1,0,1
0,0,0,0,-0.065,-0.126,12.011,12.011,0.061,3,3,4,4,1,1
0,16,0,5,0.134,-0.332,12.011,15.9994,0.466,4,2,4,2,0,0
0,0,0,0,0.012,-0.019,12.011,12.011,0.031,4,4,4,4,1,0
16,15,5,5,-0.332,-0.354,15.9994,15.9994,0.0219999999999999,2,1,2,2,1,0
0,0,0,0,0.005,-0.023,12.011,12.011,0.028,4,4,4,4,1,1
