molecule,element,mass,coordination,neighbor_config,avg_bond_len,avg_angle,is_planar,target_atom_type,target_charge
stigmasterol,O,16.0,2,C-H,0.1198,107.07,0,oh,-0.594801
stigmasterol,C,12.01,4,C-C-C-C,0.1543,111.52,0,c5,-0.045
stigmasterol,C,12.01,4,C-C-C-H,0.1433,110.02,0,c5,-0.0647
stigmasterol,C,12.01,4,C-C-C-H,0.1428,110.23,0,c6,-0.0467
stigmasterol,C,12.01,4,C-C-C-H,0.1428,110.25,0,c6,-0.0487
stigmasterol,C,12.01,4,C-C-C-H,0.1432,110.19,0,c5,-0.0517
stigmasterol,C,12.01,4,C-C-H-H,0.1318,109.21,0,c6,-0.0654
stigmasterol,C,12.01,4,C-C-C-C,0.1533,111.08,1,c6,-0.0008
stigmasterol,C,12.01,4,C-C-H-H,0.1322,109.29,0,c5,-0.0744
stigmasterol,C,12.01,4,C-C-H-H,0.1318,109.25,0,c6,-0.0754
stigmasterol,C,12.01,4,C-C-H-H,0.1322,109.29,0,c5,-0.0784
stigmasterol,C,12.01,4,C-C-H-H,0.1312,109.26,1,c6,-0.0432
stigmasterol,C,12.01,4,C-H-H-H,0.1206,109.13,0,c3,-0.0821
stigmasterol,C,12.01,3,C-C-C,0.1455,120.67,0,c2,-0.1094
stigmasterol,C,12.01,4,C-C-C-H,0.1419,111.84,1,c3,-0.0265
stigmasterol,C,12.01,4,C-C-H-H,0.1318,109.25,0,c6,-0.0674
stigmasterol,C,12.01,3,C-C-H,0.1313,119.99,0,c2,-0.1632
stigmasterol,C,12.01,4,C-H-H-H,0.1208,109.18,0,c3,-0.0821
stigmasterol,C,12.01,4,C-C-H-H,0.1312,109.26,0,c6,-0.0722
stigmasterol,C,12.01,4,C-C-H-H,0.1318,109.25,0,c6,-0.1104
stigmasterol,C,12.01,4,C-C-H-O,0.14,109.91,0,c6,0.1421
stigmasterol,C,12.01,4,C-H-H-H,0.1206,108.7,0,c3,-0.0871
stigmasterol,C,12.01,3,C-C-H,0.1312,120.13,0,c2,-0.1692
stigmasterol,C,12.01,3,C-C-H,0.1312,120.13,0,c2,-0.1612
stigmasterol,C,12.01,4,C-C-C-H,0.1419,111.3,1,c3,-0.0305
stigmasterol,C,12.01,4,C-C-C-H,0.1426,111.16,0,c3,-0.0587
stigmasterol,C,12.01,4,C-C-H-H,0.1316,109.85,0,c3,-0.0734
stigmasterol,C,12.01,4,C-H-H-H,0.1206,108.7,0,c3,-0.0916
stigmasterol,C,12.01,4,C-H-H-H,0.1206,108.7,0,c3,-0.0916
stigmasterol,C,12.01,4,C-H-H-H,0.1206,108.7,0,c3,-0.0931
stigmasterol,H,1.008,1,C,0.1095,,0,hc,0.0457
stigmasterol,H,1.008,1,C,0.1098,,0,hc,0.0587
stigmasterol,H,1.008,1,C,0.1098,,0,hc,0.0487
stigmasterol,H,1.008,1,C,0.1095,,0,hc,0.0467
stigmasterol,H,1.008,1,C,0.1098,,0,hc,0.0412
stigmasterol,H,1.008,1,C,0.1098,,0,hc,0.0412
stigmasterol,H,1.008,1,C,0.1095,,0,hc,0.0417
stigmasterol,H,1.008,1,C,0.1095,,0,hc,0.0417
stigmasterol,H,1.008,1,C,0.1098,,0,hc,0.0407
stigmasterol,H,1.008,1,C,0.1098,,0,hc,0.0407
stigmasterol,H,1.008,1,C,0.1095,,0,hc,0.0437
stigmasterol,H,1.008,1,C,0.1095,,0,hc,0.0437
stigmasterol,H,1.008,1,C,0.1098,,0,hc,0.0497
stigmasterol,H,1.008,1,C,0.1098,,0,hc,0.0497
stigmasterol,H,1.008,1,C,0.1096,,0,hc,0.0357
stigmasterol,H,1.008,1,C,0.1096,,0,hc,0.0357
stigmasterol,H,1.008,1,C,0.1096,,0,hc,0.0357
stigmasterol,H,1.008,1,C,0.1096,,0,hc,0.0537
stigmasterol,H,1.008,1,C,0.1098,,0,hc,0.0452
stigmasterol,H,1.008,1,C,0.1098,,0,hc,0.0452
stigmasterol,H,1.008,1,C,0.1088,,0,ha,0.121
stigmasterol,H,1.008,1,C,0.1096,,0,hc,0.036033
stigmasterol,H,1.008,1,C,0.1096,,0,hc,0.036033
stigmasterol,H,1.008,1,C,0.1096,,0,hc,0.036033
stigmasterol,H,1.008,1,C,0.1098,,0,hc,0.0517
stigmasterol,H,1.008,1,C,0.1098,,0,hc,0.0517
stigmasterol,H,1.008,1,C,0.1098,,0,hc,0.0472
stigmasterol,H,1.008,1,C,0.1098,,0,hc,0.0472
stigmasterol,H,1.008,1,C,0.1098,,0,h1,0.0797
stigmasterol,H,1.008,1,C,0.1096,,0,hc,0.035367
stigmasterol,H,1.008,1,C,0.1096,,0,hc,0.035367
stigmasterol,H,1.008,1,C,0.1096,,0,hc,0.035367
stigmasterol,H,1.008,1,C,0.1088,,0,ha,0.121
stigmasterol,H,1.008,1,C,0.1088,,0,ha,0.121
stigmasterol,H,1.008,1,O,0.0973,,0,ho,0.395
stigmasterol,H,1.008,1,C,0.1096,,0,hc,0.0507
stigmasterol,H,1.008,1,C,0.1096,,0,hc,0.0447
stigmasterol,H,1.008,1,C,0.1096,,0,hc,0.0392
stigmasterol,H,1.008,1,C,0.1096,,0,hc,0.0392
stigmasterol,H,1.008,1,C,0.1096,,0,hc,0.034367
stigmasterol,H,1.008,1,C,0.1096,,0,hc,0.034367
stigmasterol,H,1.008,1,C,0.1096,,0,hc,0.034367
stigmasterol,H,1.008,1,C,0.1096,,0,hc,0.034367
stigmasterol,H,1.008,1,C,0.1096,,0,hc,0.034367
stigmasterol,H,1.008,1,C,0.1096,,0,hc,0.034367
stigmasterol,H,1.008,1,C,0.1096,,0,hc,0.034033
stigmasterol,H,1.008,1,C,0.1096,,0,hc,0.034033
stigmasterol,H,1.008,1,C,0.1096,,0,hc,0.034033
stigmasterol,O,15.9994,2,C-H,0.0,0.0,0,opls_154,-0.594801
stigmasterol,C,0.0,4,C-C-C-C,0.0,0.0,0,opls_x,-0.045
stigmasterol,C,0.0,4,C-C-C-H,0.0,0.0,0,opls_x,-0.0647
stigmasterol,C,0.0,4,C-C-C-H,0.0,0.0,0,opls_x,-0.0467
stigmasterol,C,0.0,4,C-C-C-H,0.0,0.0,0,opls_x,-0.0487
stigmasterol,C,0.0,4,C-C-C-H,0.0,0.0,0,opls_x,-0.0517
stigmasterol,C,0.0,4,C-C-H-H,0.0,0.0,0,opls_x,-0.0654
stigmasterol,C,0.0,4,C-C-C-C,0.0,0.0,1,opls_x,-0.0008
stigmasterol,C,0.0,4,C-C-H-H,0.0,0.0,0,opls_x,-0.0744
stigmasterol,C,0.0,4,C-C-H-H,0.0,0.0,0,opls_x,-0.0754
stigmasterol,C,0.0,4,C-C-H-H,0.0,0.0,0,opls_x,-0.0784
stigmasterol,C,0.0,4,C-C-H-H,0.0,0.0,1,opls_x,-0.0432
stigmasterol,C,12.011,4,C-H-H-H,0.0,0.0,0,opls_135,-0.0821
stigmasterol,C,12.011,3,C-C-C,0.0,0.0,0,opls_509,-0.1094
stigmasterol,C,12.011,4,C-C-C-H,0.0,0.0,1,opls_135,-0.0265
stigmasterol,C,0.0,4,C-C-H-H,0.0,0.0,0,opls_x,-0.0674
stigmasterol,C,12.011,3,C-C-H,0.0,0.0,0,opls_509,-0.1632
stigmasterol,C,12.011,4,C-H-H-H,0.0,0.0,0,opls_135,-0.0821
stigmasterol,C,0.0,4,C-C-H-H,0.0,0.0,0,opls_x,-0.0722
stigmasterol,C,0.0,4,C-C-H-H,0.0,0.0,0,opls_x,-0.1104
stigmasterol,C,0.0,4,C-C-H-O,0.0,0.0,0,opls_x,0.1421
stigmasterol,C,12.011,4,C-H-H-H,0.0,0.0,0,opls_135,-0.0871
stigmasterol,C,12.011,3,C-C-H,0.0,0.0,0,opls_509,-0.1692
stigmasterol,C,12.011,3,C-C-H,0.0,0.0,0,opls_509,-0.1612
stigmasterol,C,12.011,4,C-C-C-H,0.0,0.0,1,opls_135,-0.0305
stigmasterol,C,12.011,4,C-C-C-H,0.0,0.0,0,opls_135,-0.0587
stigmasterol,C,12.011,4,C-C-H-H,0.0,0.0,0,opls_135,-0.0734
stigmasterol,C,12.011,4,C-H-H-H,0.0,0.0,0,opls_135,-0.0916
stigmasterol,C,12.011,4,C-H-H-H,0.0,0.0,0,opls_135,-0.0916
stigmasterol,C,12.011,4,C-H-H-H,0.0,0.0,0,opls_135,-0.0931
stigmasterol,H,1.008,1,C,0.0,,0,opls_140,0.0457
stigmasterol,H,1.008,1,C,0.0,,0,opls_140,0.0587
stigmasterol,H,1.008,1,C,0.0,,0,opls_140,0.0487
stigmasterol,H,1.008,1,C,0.0,,0,opls_140,0.0467
stigmasterol,H,1.008,1,C,0.0,,0,opls_140,0.0412
stigmasterol,H,1.008,1,C,0.0,,0,opls_140,0.0412
stigmasterol,H,1.008,1,C,0.0,,0,opls_140,0.0417
stigmasterol,H,1.008,1,C,0.0,,0,opls_140,0.0417
stigmasterol,H,1.008,1,C,0.0,,0,opls_140,0.0407
stigmasterol,H,1.008,1,C,0.0,,0,opls_140,0.0407
stigmasterol,H,1.008,1,C,0.0,,0,opls_140,0.0437
stigmasterol,H,1.008,1,C,0.0,,0,opls_140,0.0437
stigmasterol,H,1.008,1,C,0.0,,0,opls_140,0.0497
stigmasterol,H,1.008,1,C,0.0,,0,opls_140,0.0497
stigmasterol,H,1.008,1,C,0.0,,0,opls_140,0.0357
stigmasterol,H,1.008,1,C,0.0,,0,opls_140,0.0357
stigmasterol,H,1.008,1,C,0.0,,0,opls_140,0.0357
stigmasterol,H,1.008,1,C,0.0,,0,opls_140,0.0537
stigmasterol,H,1.008,1,C,0.0,,0,opls_140,0.0452
stigmasterol,H,1.008,1,C,0.0,,0,opls_140,0.0452
stigmasterol,H,1.008,1,C,0.0,,0,opls_146,0.121
stigmasterol,H,1.008,1,C,0.0,,0,opls_140,0.036033
stigmasterol,H,1.008,1,C,0.0,,0,opls_140,0.036033
stigmasterol,H,1.008,1,C,0.0,,0,opls_140,0.036033
stigmasterol,H,1.008,1,C,0.0,,0,opls_140,0.0517
stigmasterol,H,1.008,1,C,0.0,,0,opls_140,0.0517
stigmasterol,H,1.008,1,C,0.0,,0,opls_140,0.0472
stigmasterol,H,1.008,1,C,0.0,,0,opls_140,0.0472
stigmasterol,H,1.008,1,C,0.0,,0,opls_140,0.0797
stigmasterol,H,1.008,1,C,0.0,,0,opls_140,0.035367
stigmasterol,H,1.008,1,C,0.0,,0,opls_140,0.035367
stigmasterol,H,1.008,1,C,0.0,,0,opls_140,0.035367
stigmasterol,H,1.008,1,C,0.0,,0,opls_146,0.121
stigmasterol,H,1.008,1,C,0.0,,0,opls_146,0.121
stigmasterol,H,1.008,1,O,0.0,,0,opls_155,0.395
stigmasterol,H,1.008,1,C,0.0,,0,opls_140,0.0507
stigmasterol,H,1.008,1,C,0.0,,0,opls_140,0.0447
stigmasterol,H,1.008,1,C,0.0,,0,opls_140,0.0392
stigmasterol,H,1.008,1,C,0.0,,0,opls_140,0.0392
stigmasterol,H,1.008,1,C,0.0,,0,opls_140,0.034367
stigmasterol,H,1.008,1,C,0.0,,0,opls_140,0.034367
stigmasterol,H,1.008,1,C,0.0,,0,opls_140,0.034367
stigmasterol,H,1.008,1,C,0.0,,0,opls_140,0.034367
stigmasterol,H,1.008,1,C,0.0,,0,opls_140,0.034367
stigmasterol,H,1.008,1,C,0.0,,0,opls_140,0.034367
stigmasterol,H,1.008,1,C,0.0,,0,opls_140,0.034033
stigmasterol,H,1.008,1,C,0.0,,0,opls_140,0.034033
stigmasterol,H,1.008,1,C,0.0,,0,opls_140,0.034033
thymine,O,16.0,1,C,0.1219,,0,o,-0.6065
thymine,O,16.0,1,C,0.1219,,0,o,-0.6385
thymine,N,14.01,3,C-C-H,0.1258,120.86,0,ns,-0.5845
thymine,N,14.01,3,C-C-H,0.1257,120.85,1,ns,-0.4711
thymine,C,12.01,3,C-C-C,0.1447,122.18,0,cc,-0.2534
thymine,C,12.01,3,C-N-O,0.1356,120.0,1,c,0.7167
thymine,C,12.01,3,C-H-N,0.1277,121.72,1,cd,0.0376
thymine,C,12.01,4,C-H-H-H,0.1197,109.05,1,c3,-0.0309
thymine,C,12.01,3,N-N-O,0.1326,119.66,1,c,0.802501
thymine,H,1.008,1,C,0.1082,,1,h4,0.163
thymine,H,1.008,1,N,0.1013,,0,hn,0.3545
thymine,H,1.008,1,N,0.1013,,0,hn,0.3545
thymine,H,1.008,1,C,0.1096,,0,hc,0.052033
thymine,H,1.008,1,C,0.1096,,0,hc,0.052033
thymine,H,1.008,1,C,0.1096,,0,hc,0.052033
thymine,O,15.9994,1,C,0.0,,0,opls_236,-0.6065
thymine,O,15.9994,1,C,0.0,,0,opls_236,-0.6385
thymine,N,0.0,3,C-C-H,0.0,0.0,0,opls_x,-0.5845
thymine,N,0.0,3,C-C-H,0.0,0.0,1,opls_x,-0.4711
thymine,C,12.011,3,C-C-C,0.0,0.0,0,opls_500,-0.2534
thymine,C,12.011,3,C-N-O,0.0,0.0,1,opls_235,0.7167
thymine,C,12.011,3,C-H-N,0.0,0.0,1,opls_500,0.0376
thymine,C,12.011,4,C-H-H-H,0.0,0.0,1,opls_135,-0.0309
thymine,C,12.011,3,N-N-O,0.0,0.0,1,opls_235,0.802501
thymine,H,1.008,1,C,0.0,,1,opls_146,0.163
thymine,H,1.008,1,N,0.0,,0,opls_240,0.3545
thymine,H,1.008,1,N,0.0,,0,opls_240,0.3545
thymine,H,1.008,1,C,0.0,,0,opls_140,0.052033
thymine,H,1.008,1,C,0.0,,0,opls_140,0.052033
thymine,H,1.008,1,C,0.0,,0,opls_140,0.052033
thymidine,O*,16.0,2,C*-C*,0.1435,109.26,0,os,-0.3916
thymidine,O*,16.0,2,C*-H,0.1196,107.17,0,oh,-0.5888
thymidine,O*,16.0,2,C*-H*,0.1198,107.39,0,oh,-0.5898
thymidine,O,16.0,1,C,0.1219,,0,o,-0.6555
thymidine,O,16.0,1,C,0.1219,,0,o,-0.6115
thymidine,N,14.01,3,C-C-C*,0.1416,120.0,0,n,-0.401
thymidine,N,14.01,3,C-C-H,0.1258,120.86,1,ns,-0.5845
thymidine,C*,12.01,4,C*-C*-H*-O*,0.1403,109.95,0,c5,0.1151
thymidine,C*,12.01,4,C*-H*-N-O*,0.1387,107.48,1,c5,0.3175
thymidine,C*,12.01,4,C*-C*-H*-H*,0.1322,109.29,0,c5,-0.1474
thymidine,C*,12.01,4,C*-C*-H*-O*,0.1404,109.6,0,c5,0.1321
thymidine,C*,12.01,4,C*-H*-H*-O*,0.1289,109.65,0,c3,0.1064
thymidine,C,12.01,3,C-H-N,0.1279,122.11,0,cc,0.0436
thymidine,C,12.01,3,N-N-O,0.1332,120.0,0,c,0.8065
thymidine,C,12.01,3,C-C-CM,0.1449,121.89,0,cd,-0.2684
thymidine,C,12.01,3,C-N-O,0.1357,119.65,1,c,0.7157
thymidine,CM,12.01,4,C-HM-HM-HM,0.1198,109.18,1,c3,-0.0279
thymidine,H*,1.008,1,C*,0.1097,,0,h1,0.0517
thymidine,H*,1.008,1,C*,0.1095,,0,h2,0.1017
thymidine,H*,1.008,1,C*,0.1095,,0,hc,0.0867
thymidine,H*,1.008,1,C*,0.1095,,0,hc,0.0867
thymidine,H*,1.008,1,C*,0.1097,,0,h1,0.1147
thymidine,H*,1.008,1,C*,0.1097,,0,h1,0.0352
thymidine,H*,1.008,1,C*,0.1097,,0,h1,0.0352
thymidine,H,1.008,1,C,0.1081,,1,h4,0.201
thymidine,H,1.008,1,O*,0.0973,,0,ho,0.411
thymidine,H,1.008,1,N,0.1013,,0,hn,0.3515
thymidine,H*,1.008,1,O*,0.0973,,0,ho,0.405
thymidine,HM,1.008,1,CM,0.1096,,0,hc,0.0497
thymidine,HM,1.008,1,CM,0.1096,,0,hc,0.0497
thymidine,HM,1.008,1,CM,0.1096,,0,hc,0.0497
thymidine,O*,0.0,2,C*-C*,0.0,0.0,0,opls_x,-0.3916
thymidine,O*,15.9994,2,C*-H,0.0,0.0,0,opls_154,-0.5888
thymidine,O*,15.9994,2,C*-H*,0.0,0.0,0,opls_154,-0.5898
thymidine,O,15.9994,1,C,0.0,,0,opls_236,-0.6555
thymidine,O,15.9994,1,C,0.0,,0,opls_236,-0.6115
thymidine,N,14.0067,3,C-C-C*,0.0,0.0,0,opls_237,-0.401
thymidine,N,0.0,3,C-C-H,0.0,0.0,1,opls_x,-0.5845
thymidine,C*,0.0,4,C*-C*-H*-O*,0.0,0.0,0,opls_x,0.1151
thymidine,C*,0.0,4,C*-H*-N-O*,0.0,0.0,1,opls_x,0.3175
thymidine,C*,0.0,4,C*-C*-H*-H*,0.0,0.0,0,opls_x,-0.1474
thymidine,C*,0.0,4,C*-C*-H*-O*,0.0,0.0,0,opls_x,0.1321
thymidine,C*,12.011,4,C*-H*-H*-O*,0.0,0.0,0,opls_135,0.1064
thymidine,C,12.011,3,C-H-N,0.0,0.0,0,opls_500,0.0436
thymidine,C,12.011,3,N-N-O,0.0,0.0,0,opls_235,0.8065
thymidine,C,12.011,3,C-C-CM,0.0,0.0,0,opls_500,-0.2684
thymidine,C,12.011,3,C-N-O,0.0,0.0,1,opls_235,0.7157
thymidine,CM,12.011,4,C-HM-HM-HM,0.0,0.0,1,opls_135,-0.0279
thymidine,H*,1.008,1,C*,0.0,,0,opls_140,0.0517
thymidine,H*,0.0,1,C*,0.0,,0,opls_x,0.1017
thymidine,H*,1.008,1,C*,0.0,,0,opls_140,0.0867
thymidine,H*,1.008,1,C*,0.0,,0,opls_140,0.0867
thymidine,H*,1.008,1,C*,0.0,,0,opls_140,0.1147
thymidine,H*,1.008,1,C*,0.0,,0,opls_140,0.0352
thymidine,H*,1.008,1,C*,0.0,,0,opls_140,0.0352
thymidine,H,1.008,1,C,0.0,,1,opls_146,0.201
thymidine,H,1.008,1,O*,0.0,,0,opls_155,0.411
thymidine,H,1.008,1,N,0.0,,0,opls_240,0.3515
thymidine,H*,1.008,1,O*,0.0,,0,opls_155,0.405
thymidine,HM,1.008,1,CM,0.0,,0,opls_140,0.0497
thymidine,HM,1.008,1,CM,0.0,,0,opls_140,0.0497
thymidine,HM,1.008,1,CM,0.0,,0,opls_140,0.0497
lysine,O,15.9994,2,C-H,0.0,0.0,0,opls_154,-0.6021
lysine,OXT,15.9994,1,C,0.0,,0,opls_236,-0.56
lysine,N,0.0,3,CA-H-H,0.0,0.0,0,opls_x,-0.8948
lysine,NZ,0.0,3,CE-HZ-HZ,0.0,0.0,0,opls_x,-0.9168
lysine,CG,12.011,4,CB-CD-HG-HG,0.0,0.0,0,opls_135,-0.0764
lysine,CB,12.011,4,CA-CG-HB-HB,0.0,0.0,0,opls_135,-0.0734
lysine,CD,12.011,4,CE-CG-HD-HD,0.0,0.0,0,opls_135,-0.0844
lysine,CA,12.011,4,C-CB-HA-N,0.0,0.0,0,opls_135,0.1375
lysine,CE,12.011,4,CD-HE-HE-NZ,0.0,0.0,0,opls_135,0.1598
lysine,C,12.011,3,CA-O-OXT,0.0,0.0,1,opls_235,0.5841
lysine,HG,1.008,1,CG,0.0,,0,opls_140,0.0517
lysine,HG,1.008,1,CG,0.0,,0,opls_140,0.0517
lysine,HB,1.008,1,CB,0.0,,0,opls_140,0.0572
lysine,HB,1.008,1,CB,0.0,,0,opls_140,0.0572
lysine,HD,1.008,1,CD,0.0,,0,opls_140,0.0472
lysine,HD,1.008,1,CD,0.0,,0,opls_140,0.0472
lysine,HA,1.008,1,CA,0.0,,0,opls_140,0.0937
lysine,HE,1.008,1,CE,0.0,,0,opls_140,0.0252
lysine,HE,1.008,1,CE,0.0,,0,opls_140,0.0252
lysine,H,1.008,1,N,0.0,,0,opls_240,0.3648
lysine,H,1.008,1,N,0.0,,0,opls_240,0.3648
lysine,HZ,1.008,1,NZ,0.0,,0,opls_240,0.3483
lysine,HZ,1.008,1,NZ,0.0,,0,opls_240,0.3483
lysine,H,1.008,1,O,0.0,,0,opls_155,0.444
lysine,O,16.0,2,C-H,0.1164,106.54,0,oh,-0.6021
lysine,OXT,16.0,1,C,0.1219,,0,o,-0.56
lysine,N,14.01,3,CA-H-H,0.1168,108.53,0,n8,-0.8948
lysine,NZ,14.01,3,CE-HZ-HZ,0.1168,108.53,0,n8,-0.9168
lysine,CG,12.01,4,CB-CD-HG-HG,0.1316,109.85,0,c3,-0.0764
lysine,CB,12.01,4,CA-CG-HB-HB,0.1316,109.85,0,c3,-0.0734
lysine,CD,12.01,4,CE-CG-HD-HD,0.1316,109.85,0,c3,-0.0844
lysine,CA,12.01,4,C-CB-HA-N,0.1406,109.9,0,c3,0.1375
lysine,CE,12.01,4,CD-HE-HE-NZ,0.1299,109.15,0,c3,0.1598
lysine,C,12.01,3,CA-O-OXT,0.1367,119.24,1,c,0.5841
lysine,HG,1.008,1,CG,0.1096,,0,hc,0.0517
lysine,HG,1.008,1,CG,0.1096,,0,hc,0.0517
lysine,HB,1.008,1,CB,0.1096,,0,hc,0.0572
lysine,HB,1.008,1,CB,0.1096,,0,hc,0.0572
lysine,HD,1.008,1,CD,0.1096,,0,hc,0.0472
lysine,HD,1.008,1,CD,0.1096,,0,hc,0.0472
lysine,HA,1.008,1,CA,0.1097,,0,h1,0.0937
lysine,HE,1.008,1,CE,0.1097,,0,h1,0.0252
lysine,HE,1.008,1,CE,0.1097,,0,h1,0.0252
lysine,H,1.008,1,N,0.1019,,0,hn,0.3648
lysine,H,1.008,1,N,0.1019,,0,hn,0.3648
lysine,HZ,1.008,1,NZ,0.1019,,0,hn,0.3483
lysine,HZ,1.008,1,NZ,0.1019,,0,hn,0.3483
lysine,H,1.008,1,O,0.0973,,0,ho,0.444
campesterol,O,15.9994,2,C-H,0.0,0.0,0,opls_154,-0.603804
campesterol,C,0.0,4,C-C-C-C,0.0,0.0,0,opls_x,-0.045
campesterol,C,0.0,4,C-C-C-H,0.0,0.0,0,opls_x,-0.0647
campesterol,C,0.0,4,C-C-C-H,0.0,0.0,0,opls_x,-0.0467
campesterol,C,0.0,4,C-C-C-H,0.0,0.0,0,opls_x,-0.0487
campesterol,C,0.0,4,C-C-C-H,0.0,0.0,0,opls_x,-0.0547
campesterol,C,0.0,4,C-C-H-H,0.0,0.0,0,opls_x,-0.0654
campesterol,C,0.0,4,C-C-C-C,0.0,0.0,1,opls_x,0.0002
campesterol,C,0.0,4,C-C-H-H,0.0,0.0,0,opls_x,-0.0744
campesterol,C,0.0,4,C-C-H-H,0.0,0.0,0,opls_x,-0.0754
campesterol,C,0.0,4,C-C-H-H,0.0,0.0,0,opls_x,-0.0774
campesterol,C,0.0,4,C-C-H-H,0.0,0.0,1,opls_x,-0.0422
campesterol,C,12.011,4,C-C-C-H,0.0,0.0,0,opls_135,-0.0547
campesterol,C,12.011,4,C-H-H-H,0.0,0.0,0,opls_135,-0.0821
campesterol,C,12.011,3,C-C-C,0.0,0.0,0,opls_509,-0.1054
campesterol,C,0.0,4,C-C-H-H,0.0,0.0,0,opls_x,-0.0704
campesterol,C,12.011,3,C-C-H,0.0,0.0,0,opls_509,-0.1672
campesterol,C,12.011,4,C-H-H-H,0.0,0.0,0,opls_135,-0.0831
campesterol,C,0.0,4,C-C-H-H,0.0,0.0,0,opls_x,-0.0752
campesterol,C,0.0,4,C-C-H-H,0.0,0.0,0,opls_x,-0.0754
campesterol,C,12.011,4,C-C-H-H,0.0,0.0,0,opls_135,-0.0764
campesterol,C,0.0,4,C-C-H-O,0.0,0.0,0,opls_x,0.1451
campesterol,C,12.011,4,C-H-H-H,0.0,0.0,0,opls_135,-0.0901
campesterol,C,12.011,4,C-C-H-H,0.0,0.0,0,opls_135,-0.0784
campesterol,C,12.011,4,C-C-C-H,0.0,0.0,0,opls_135,-0.0617
campesterol,C,12.011,4,C-C-C-H,0.0,0.0,0,opls_135,-0.0647
campesterol,C,12.011,4,C-H-H-H,0.0,0.0,0,opls_135,-0.0881
campesterol,C,12.011,4,C-H-H-H,0.0,0.0,0,opls_135,-0.0891
campesterol,C,12.011,4,C-H-H-H,0.0,0.0,0,opls_135,-0.0891
campesterol,H,1.008,1,C,0.0,,0,opls_140,0.0457
campesterol,H,1.008,1,C,0.0,,0,opls_140,0.0587
campesterol,H,1.008,1,C,0.0,,0,opls_140,0.0477
campesterol,H,1.008,1,C,0.0,,0,opls_140,0.0487
campesterol,H,1.008,1,C,0.0,,0,opls_140,0.0412
campesterol,H,1.008,1,C,0.0,,0,opls_140,0.0412
campesterol,H,1.008,1,C,0.0,,0,opls_140,0.0417
campesterol,H,1.008,1,C,0.0,,0,opls_140,0.0417
campesterol,H,1.008,1,C,0.0,,0,opls_140,0.0412
campesterol,H,1.008,1,C,0.0,,0,opls_140,0.0412
campesterol,H,1.008,1,C,0.0,,0,opls_140,0.0412
campesterol,H,1.008,1,C,0.0,,0,opls_140,0.0412
campesterol,H,1.008,1,C,0.0,,0,opls_140,0.0492
campesterol,H,1.008,1,C,0.0,,0,opls_140,0.0492
campesterol,H,1.008,1,C,0.0,,0,opls_140,0.0477
campesterol,H,1.008,1,C,0.0,,0,opls_140,0.0357
campesterol,H,1.008,1,C,0.0,,0,opls_140,0.0357
campesterol,H,1.008,1,C,0.0,,0,opls_140,0.0357
campesterol,H,1.008,1,C,0.0,,0,opls_140,0.0447
campesterol,H,1.008,1,C,0.0,,0,opls_140,0.0447
campesterol,H,1.008,1,C,0.0,,0,opls_146,0.119
campesterol,H,1.008,1,C,0.0,,0,opls_140,0.037367
campesterol,H,1.008,1,C,0.0,,0,opls_140,0.037367
campesterol,H,1.008,1,C,0.0,,0,opls_140,0.037367
campesterol,H,1.008,1,C,0.0,,0,opls_140,0.0512
campesterol,H,1.008,1,C,0.0,,0,opls_140,0.0512
campesterol,H,1.008,1,C,0.0,,0,opls_140,0.0552
campesterol,H,1.008,1,C,0.0,,0,opls_140,0.0552
campesterol,H,1.008,1,C,0.0,,0,opls_140,0.0387
campesterol,H,1.008,1,C,0.0,,0,opls_140,0.0387
campesterol,H,1.008,1,C,0.0,,0,opls_140,0.0357
campesterol,H,1.008,1,C,0.0,,0,opls_140,0.0337
campesterol,H,1.008,1,C,0.0,,0,opls_140,0.0337
campesterol,H,1.008,1,C,0.0,,0,opls_140,0.0337
campesterol,H,1.008,1,C,0.0,,0,opls_140,0.0427
campesterol,H,1.008,1,C,0.0,,0,opls_140,0.0427
campesterol,H,1.008,1,C,0.0,,0,opls_140,0.0457
campesterol,H,1.008,1,O,0.0,,0,opls_155,0.398
campesterol,H,1.008,1,C,0.0,,0,opls_140,0.0457
campesterol,H,1.008,1,C,0.0,,0,opls_140,0.033367
campesterol,H,1.008,1,C,0.0,,0,opls_140,0.033367
campesterol,H,1.008,1,C,0.0,,0,opls_140,0.033367
campesterol,H,1.008,1,C,0.0,,0,opls_140,0.032867
campesterol,H,1.008,1,C,0.0,,0,opls_140,0.032867
campesterol,H,1.008,1,C,0.0,,0,opls_140,0.032867
campesterol,H,1.008,1,C,0.0,,0,opls_140,0.032867
campesterol,H,1.008,1,C,0.0,,0,opls_140,0.032867
campesterol,H,1.008,1,C,0.0,,0,opls_140,0.032867
campesterol,O,16.0,2,C-H,0.1198,107.07,0,oh,-0.603804
campesterol,C,12.01,4,C-C-C-C,0.1543,111.52,0,c5,-0.045
campesterol,C,12.01,4,C-C-C-H,0.1433,110.02,0,c5,-0.0647
campesterol,C,12.01,4,C-C-C-H,0.1428,110.23,0,c6,-0.0467
campesterol,C,12.01,4,C-C-C-H,0.1428,110.25,0,c6,-0.0487
campesterol,C,12.01,4,C-C-C-H,0.1432,110.19,0,c5,-0.0547
campesterol,C,12.01,4,C-C-H-H,0.1318,109.21,0,c6,-0.0654
campesterol,C,12.01,4,C-C-C-C,0.1533,111.08,1,c6,0.0002
campesterol,C,12.01,4,C-C-H-H,0.1322,109.29,0,c5,-0.0744
campesterol,C,12.01,4,C-C-H-H,0.1318,109.25,0,c6,-0.0754
campesterol,C,12.01,4,C-C-H-H,0.1322,109.29,0,c5,-0.0774
campesterol,C,12.01,4,C-C-H-H,0.1312,109.26,1,c6,-0.0422
campesterol,C,12.01,4,C-C-C-H,0.1426,111.65,0,c3,-0.0547
campesterol,C,12.01,4,C-H-H-H,0.1206,109.13,0,c3,-0.0821
campesterol,C,12.01,3,C-C-C,0.1455,120.67,0,c2,-0.1054
campesterol,C,12.01,4,C-C-H-H,0.1318,109.25,0,c6,-0.0704
campesterol,C,12.01,3,C-C-H,0.1313,119.99,0,c2,-0.1672
campesterol,C,12.01,4,C-H-H-H,0.1208,109.18,0,c3,-0.0831
campesterol,C,12.01,4,C-C-H-H,0.1312,109.26,0,c6,-0.0752
campesterol,C,12.01,4,C-C-H-H,0.1318,109.25,0,c6,-0.0754
campesterol,C,12.01,4,C-C-H-H,0.1316,109.85,0,c3,-0.0764
campesterol,C,12.01,4,C-C-H-O,0.14,109.91,0,c6,0.1451
campesterol,C,12.01,4,C-H-H-H,0.1206,108.7,0,c3,-0.0901
campesterol,C,12.01,4,C-C-H-H,0.1316,109.85,0,c3,-0.0784
campesterol,C,12.01,4,C-C-C-H,0.1426,111.16,0,c3,-0.0617
campesterol,C,12.01,4,C-C-C-H,0.1426,111.16,0,c3,-0.0647
campesterol,C,12.01,4,C-H-H-H,0.1206,108.7,0,c3,-0.0881
campesterol,C,12.01,4,C-H-H-H,0.1206,108.7,0,c3,-0.0891
campesterol,C,12.01,4,C-H-H-H,0.1206,108.7,0,c3,-0.0891
campesterol,H,1.008,1,C,0.1095,,0,hc,0.0457
campesterol,H,1.008,1,C,0.1098,,0,hc,0.0587
campesterol,H,1.008,1,C,0.1098,,0,hc,0.0477
campesterol,H,1.008,1,C,0.1095,,0,hc,0.0487
campesterol,H,1.008,1,C,0.1098,,0,hc,0.0412
campesterol,H,1.008,1,C,0.1098,,0,hc,0.0412
campesterol,H,1.008,1,C,0.1095,,0,hc,0.0417
campesterol,H,1.008,1,C,0.1095,,0,hc,0.0417
campesterol,H,1.008,1,C,0.1098,,0,hc,0.0412
campesterol,H,1.008,1,C,0.1098,,0,hc,0.0412
campesterol,H,1.008,1,C,0.1095,,0,hc,0.0412
campesterol,H,1.008,1,C,0.1095,,0,hc,0.0412
campesterol,H,1.008,1,C,0.1098,,0,hc,0.0492
campesterol,H,1.008,1,C,0.1098,,0,hc,0.0492
campesterol,H,1.008,1,C,0.1096,,0,hc,0.0477
campesterol,H,1.008,1,C,0.1096,,0,hc,0.0357
campesterol,H,1.008,1,C,0.1096,,0,hc,0.0357
campesterol,H,1.008,1,C,0.1096,,0,hc,0.0357
campesterol,H,1.008,1,C,0.1098,,0,hc,0.0447
campesterol,H,1.008,1,C,0.1098,,0,hc,0.0447
campesterol,H,1.008,1,C,0.1088,,0,ha,0.119
campesterol,H,1.008,1,C,0.1096,,0,hc,0.037367
campesterol,H,1.008,1,C,0.1096,,0,hc,0.037367
campesterol,H,1.008,1,C,0.1096,,0,hc,0.037367
campesterol,H,1.008,1,C,0.1098,,0,hc,0.0512
campesterol,H,1.008,1,C,0.1098,,0,hc,0.0512
campesterol,H,1.008,1,C,0.1098,,0,hc,0.0552
campesterol,H,1.008,1,C,0.1098,,0,hc,0.0552
campesterol,H,1.008,1,C,0.1096,,0,hc,0.0387
campesterol,H,1.008,1,C,0.1096,,0,hc,0.0387
campesterol,H,1.008,1,C,0.1098,,0,h1,0.0357
campesterol,H,1.008,1,C,0.1096,,0,hc,0.0337
campesterol,H,1.008,1,C,0.1096,,0,hc,0.0337
campesterol,H,1.008,1,C,0.1096,,0,hc,0.0337
campesterol,H,1.008,1,C,0.1096,,0,hc,0.0427
campesterol,H,1.008,1,C,0.1096,,0,hc,0.0427
campesterol,H,1.008,1,C,0.1096,,0,hc,0.0457
campesterol,H,1.008,1,O,0.0973,,0,ho,0.398
campesterol,H,1.008,1,C,0.1096,,0,hc,0.0457
campesterol,H,1.008,1,C,0.1096,,0,hc,0.033367
campesterol,H,1.008,1,C,0.1096,,0,hc,0.033367
campesterol,H,1.008,1,C,0.1096,,0,hc,0.033367
campesterol,H,1.008,1,C,0.1096,,0,hc,0.032867
campesterol,H,1.008,1,C,0.1096,,0,hc,0.032867
campesterol,H,1.008,1,C,0.1096,,0,hc,0.032867
campesterol,H,1.008,1,C,0.1096,,0,hc,0.032867
campesterol,H,1.008,1,C,0.1096,,0,hc,0.032867
campesterol,H,1.008,1,C,0.1096,,0,hc,0.032867
guanosine,O*,16.0,2,C*-C*,0.1435,109.26,0,os,-0.4146
guanosine,O*,16.0,2,C*-H,0.1196,107.17,0,oh,-0.5608
guanosine,O*,16.0,2,C*-H,0.1196,107.17,0,oh,-0.5878
guanosine,O*,16.0,2,C*-H*,0.1198,107.39,0,oh,-0.5878
guanosine,O,16.0,1,C,0.1219,,0,o,-0.5955
guanosine,N,14.01,3,C-C-C*,0.1408,121.33,1,na,-0.2309
guanosine,N,14.01,2,C-C,0.134,109.15,0,nc,-0.582
guanosine,N,14.01,2,C-C,0.1344,105.37,0,nd,-0.6721
guanosine,N,14.01,3,C-C-H,0.1258,120.45,1,ns,-0.5094
guanosine,N,14.01,3,C-H-H,0.113,116.09,0,nv,-0.8958
guanosine,C*,12.01,4,C*-C*-H*-O*,0.1403,109.95,0,c5,0.1321
guanosine,C*,12.01,4,C*-H*-N-O*,0.1384,109.4,0,c5,0.2198
guanosine,C*,12.01,4,C*-C*-H*-O*,0.1403,109.95,0,c5,0.0821
guanosine,C*,12.01,4,C*-C*-H*-O*,0.1404,109.6,0,c5,0.0491
guanosine,C*,12.01,4,C*-H*-H*-O*,0.1289,109.65,0,c3,0.1114
guanosine,C,12.01,3,C-N-N,0.1376,113.9,1,cd,0.1128
guanosine,C,12.01,3,H-N-N,0.1261,119.71,0,cd,0.4024
guanosine,C,12.01,3,C-C-N,0.1402,120.83,0,cc,0.1768
guanosine,C,12.01,3,C-N-O,0.1356,120.0,0,c,0.651
guanosine,C,12.01,3,N-N-N,0.1355,120.61,1,cc,0.6848
guanosine,H*,1.008,1,C*,0.1097,,0,h1,0.1147
guanosine,H*,1.008,1,C*,0.1095,,0,h2,0.1147
guanosine,H*,1.008,1,C*,0.1097,,0,h1,0.0677
guanosine,H*,1.008,1,C*,0.1097,,0,h1,0.0977
guanosine,H*,1.008,1,C*,0.1097,,0,h1,0.0577
guanosine,H*,1.008,1,C*,0.1097,,0,h1,0.0577
guanosine,H,1.008,1,O*,0.0973,,0,ho,0.422
guanosine,H,1.008,1,O*,0.0973,,0,ho,0.418
guanosine,H,1.008,1,C,0.1082,,0,h5,0.0701
guanosine,H*,1.008,1,O*,0.0973,,0,ho,0.412
guanosine,H,1.008,1,N,0.1013,,0,hn,0.3355
guanosine,H,1.008,1,N,0.1011,,1,hn,0.4233
guanosine,H,1.008,1,N,0.1011,,0,hn,0.4233
guanosine,O*,0.0,2,C*-C*,0.0,0.0,0,opls_x,-0.4146
guanosine,O*,15.9994,2,C*-H,0.0,0.0,0,opls_154,-0.5608
guanosine,O*,15.9994,2,C*-H,0.0,0.0,0,opls_154,-0.5878
guanosine,O*,15.9994,2,C*-H*,0.0,0.0,0,opls_154,-0.5878
guanosine,O,15.9994,1,C,0.0,,0,opls_236,-0.5955
guanosine,N,14.0067,3,C-C-C*,0.0,0.0,1,opls_503,-0.2309
guanosine,N,14.0067,2,C-C,0.0,0.0,0,opls_511,-0.582
guanosine,N,14.0067,2,C-C,0.0,0.0,0,opls_511,-0.6721
guanosine,N,0.0,3,C-C-H,0.0,0.0,1,opls_x,-0.5094
guanosine,N,0.0,3,C-H-H,0.0,0.0,0,opls_x,-0.8958
guanosine,C*,0.0,4,C*-C*-H*-O*,0.0,0.0,0,opls_x,0.1321
guanosine,C*,0.0,4,C*-H*-N-O*,0.0,0.0,0,opls_x,0.2198
guanosine,C*,0.0,4,C*-C*-H*-O*,0.0,0.0,0,opls_x,0.0821
guanosine,C*,0.0,4,C*-C*-H*-O*,0.0,0.0,0,opls_x,0.0491
guanosine,C*,12.011,4,C*-H*-H*-O*,0.0,0.0,0,opls_135,0.1114
guanosine,C,12.011,3,C-N-N,0.0,0.0,1,opls_500,0.1128
guanosine,C,12.011,3,H-N-N,0.0,0.0,0,opls_500,0.4024
guanosine,C,12.011,3,C-C-N,0.0,0.0,0,opls_500,0.1768
guanosine,C,12.011,3,C-N-O,0.0,0.0,0,opls_235,0.651
guanosine,C,12.011,3,N-N-N,0.0,0.0,1,opls_500,0.6848
guanosine,H*,1.008,1,C*,0.0,,0,opls_140,0.1147
guanosine,H*,0.0,1,C*,0.0,,0,opls_x,0.1147
guanosine,H*,1.008,1,C*,0.0,,0,opls_140,0.0677
guanosine,H*,1.008,1,C*,0.0,,0,opls_140,0.0977
guanosine,H*,1.008,1,C*,0.0,,0,opls_140,0.0577
guanosine,H*,1.008,1,C*,0.0,,0,opls_140,0.0577
guanosine,H,1.008,1,O*,0.0,,0,opls_155,0.422
guanosine,H,1.008,1,O*,0.0,,0,opls_155,0.418
guanosine,H,1.008,1,C,0.0,,0,opls_146,0.0701
guanosine,H*,1.008,1,O*,0.0,,0,opls_155,0.412
guanosine,H,1.008,1,N,0.0,,0,opls_240,0.3355
guanosine,H,1.008,1,N,0.0,,1,opls_240,0.4233
guanosine,H,1.008,1,N,0.0,,0,opls_240,0.4233
fructose,O,0.0,2,C-C,0.0,0.0,0,opls_x,-0.4396
fructose,O,15.9994,2,C-H,0.0,0.0,0,opls_154,-0.5968
fructose,O,15.9994,2,C-H,0.0,0.0,0,opls_154,-0.6328
fructose,O,15.9994,2,C-H,0.0,0.0,0,opls_154,-0.6078
fructose,O,15.9994,2,C-H,0.0,0.0,0,opls_154,-0.5938
fructose,O,15.9994,2,C-H,0.0,0.0,0,opls_154,-0.5998
fructose,C,0.0,4,C-C-H-O,0.0,0.0,0,opls_x,0.1051
fructose,C,0.0,4,C-C-O-O,0.0,0.0,0,opls_x,0.2716
fructose,C,0.0,4,C-C-H-O,0.0,0.0,0,opls_x,0.0791
fructose,C,0.0,4,C-C-H-O,0.0,0.0,0,opls_x,0.1211
fructose,C,0.0,4,C-H-H-O,0.0,0.0,0,opls_x,0.1404
fructose,C,12.011,4,C-H-H-O,0.0,0.0,0,opls_135,0.1184
fructose,H,1.008,1,C,0.0,,0,opls_140,0.1077
fructose,H,1.008,1,C,0.0,,0,opls_140,0.0617
fructose,H,1.008,1,C,0.0,,0,opls_140,0.0557
fructose,H,1.008,1,C,0.0,,0,opls_140,0.0687
fructose,H,1.008,1,C,0.0,,0,opls_140,0.0687
fructose,H,1.008,1,C,0.0,,0,opls_140,0.0747
fructose,H,1.008,1,C,0.0,,0,opls_140,0.0747
fructose,H,1.008,1,O,0.0,,0,opls_155,0.422
fructose,H,1.008,1,O,0.0,,0,opls_155,0.436
fructose,H,1.008,1,O,0.0,,0,opls_155,0.425
fructose,H,1.008,1,O,0.0,,0,opls_155,0.422
fructose,H,1.008,1,O,0.0,,0,opls_155,0.418
fructose,O,16.0,2,C-C,0.143,113.3,0,os,-0.4396
fructose,O,16.0,2,C-H,0.1198,107.07,0,oh,-0.5968
fructose,O,16.0,2,C-H,0.1198,107.07,0,oh,-0.6328
fructose,O,16.0,2,C-H,0.1198,107.07,0,oh,-0.6078
fructose,O,16.0,2,C-H,0.1198,107.07,0,oh,-0.5938
fructose,O,16.0,2,C-H,0.1198,107.39,0,oh,-0.5998
fructose,C,12.01,4,C-C-H-O,0.14,109.91,0,c6,0.1051
fructose,C,12.01,4,C-C-O-O,0.1484,109.34,0,c6,0.2716
fructose,C,12.01,4,C-C-H-O,0.14,109.91,0,c6,0.0791
fructose,C,12.01,4,C-C-H-O,0.14,109.91,0,c6,0.1211
fructose,C,12.01,4,C-H-H-O,0.1291,108.69,0,c6,0.1404
fructose,C,12.01,4,C-H-H-O,0.129,109.84,0,c3,0.1184
fructose,H,1.008,1,C,0.1098,,0,h1,0.1077
fructose,H,1.008,1,C,0.1098,,0,h1,0.0617
fructose,H,1.008,1,C,0.1098,,0,h1,0.0557
fructose,H,1.008,1,C,0.1098,,0,h1,0.0687
fructose,H,1.008,1,C,0.1098,,0,h1,0.0687
fructose,H,1.008,1,C,0.1097,,0,h1,0.0747
fructose,H,1.008,1,C,0.1097,,0,h1,0.0747
fructose,H,1.008,1,O,0.0973,,0,ho,0.422
fructose,H,1.008,1,O,0.0973,,0,ho,0.436
fructose,H,1.008,1,O,0.0973,,0,ho,0.425
fructose,H,1.008,1,O,0.0973,,0,ho,0.422
fructose,H,1.008,1,O,0.0973,,0,ho,0.418
diethylstilbestrol,O,15.9994,2,C-H,0.0,0.0,0,opls_154,-0.499099
diethylstilbestrol,O,15.9994,2,C-H,0.0,0.0,0,opls_154,-0.499099
diethylstilbestrol,C,0.0,3,C-C-C,0.0,0.0,0,opls_x,-0.0519
diethylstilbestrol,C,0.0,3,C-C-C,0.0,0.0,0,opls_x,-0.0519
diethylstilbestrol,C,12.011,4,C-C-H-H,0.0,0.0,0,opls_135,-0.0447
diethylstilbestrol,C,12.011,4,C-C-H-H,0.0,0.0,0,opls_135,-0.0447
diethylstilbestrol,C,12.011,3,C-C-C,0.0,0.0,1,opls_145,-0.0848
diethylstilbestrol,C,12.011,3,C-C-C,0.0,0.0,1,opls_145,-0.0848
diethylstilbestrol,C,12.011,4,C-H-H-H,0.0,0.0,0,opls_135,-0.0876
diethylstilbestrol,C,12.011,4,C-H-H-H,0.0,0.0,0,opls_135,-0.0876
diethylstilbestrol,C,12.011,3,C-C-H,0.0,0.0,0,opls_145,-0.0845
diethylstilbestrol,C,12.011,3,C-C-H,0.0,0.0,0,opls_145,-0.0845
diethylstilbestrol,C,12.011,3,C-C-H,0.0,0.0,1,opls_145,-0.0845
diethylstilbestrol,C,12.011,3,C-C-H,0.0,0.0,1,opls_145,-0.0845
diethylstilbestrol,C,12.011,3,C-C-H,0.0,0.0,1,opls_145,-0.1865
diethylstilbestrol,C,12.011,3,C-C-H,0.0,0.0,1,opls_145,-0.1865
diethylstilbestrol,C,12.011,3,C-C-H,0.0,0.0,1,opls_145,-0.1865
diethylstilbestrol,C,12.011,3,C-C-H,0.0,0.0,1,opls_145,-0.1865
diethylstilbestrol,C,12.011,3,C-C-O,0.0,0.0,1,opls_145,0.1231
diethylstilbestrol,C,12.011,3,C-C-O,0.0,0.0,1,opls_145,0.1231
diethylstilbestrol,H,1.008,1,C,0.0,,0,opls_140,0.0507
diethylstilbestrol,H,1.008,1,C,0.0,,0,opls_140,0.0507
diethylstilbestrol,H,1.008,1,C,0.0,,0,opls_140,0.0507
diethylstilbestrol,H,1.008,1,C,0.0,,0,opls_140,0.0507
diethylstilbestrol,H,1.008,1,C,0.0,,0,opls_140,0.035033
diethylstilbestrol,H,1.008,1,C,0.0,,0,opls_140,0.035033
diethylstilbestrol,H,1.008,1,C,0.0,,0,opls_140,0.035033
diethylstilbestrol,H,1.008,1,C,0.0,,0,opls_140,0.035033
diethylstilbestrol,H,1.008,1,C,0.0,,0,opls_140,0.035033
diethylstilbestrol,H,1.008,1,C,0.0,,0,opls_140,0.035033
diethylstilbestrol,H,1.008,1,C,0.0,,0,opls_146,0.13825
diethylstilbestrol,H,1.008,1,C,0.0,,0,opls_146,0.13825
diethylstilbestrol,H,1.008,1,C,0.0,,0,opls_146,0.13825
diethylstilbestrol,H,1.008,1,C,0.0,,0,opls_146,0.13825
diethylstilbestrol,H,1.008,1,C,0.0,,0,opls_146,0.1425
diethylstilbestrol,H,1.008,1,C,0.0,,0,opls_146,0.1425
diethylstilbestrol,H,1.008,1,C,0.0,,0,opls_146,0.1425
diethylstilbestrol,H,1.008,1,C,0.0,,0,opls_146,0.1425
diethylstilbestrol,H,1.008,1,O,0.0,,0,opls_155,0.419
diethylstilbestrol,H,1.008,1,O,0.0,,0,opls_155,0.419
diethylstilbestrol,O,16.0,2,C-H,0.1168,108.58,0,oh,-0.499099
diethylstilbestrol,O,16.0,2,C-H,0.1168,108.58,0,oh,-0.499099
diethylstilbestrol,C,12.01,3,C-C-C,0.1449,123.5,0,ce,-0.0519
diethylstilbestrol,C,12.01,3,C-C-C,0.1444,122.32,0,cf,-0.0519
diethylstilbestrol,C,12.01,4,C-C-H-H,0.131,110.32,0,c3,-0.0447
diethylstilbestrol,C,12.01,4,C-C-H-H,0.131,110.34,0,c3,-0.0447
diethylstilbestrol,C,12.01,3,C-C-C,0.1426,120.53,1,ca,-0.0848
diethylstilbestrol,C,12.01,3,C-C-C,0.1421,120.63,1,ca,-0.0848
diethylstilbestrol,C,12.01,4,C-H-H-H,0.1206,108.7,0,c3,-0.0876
diethylstilbestrol,C,12.01,4,C-H-H-H,0.1206,108.7,0,c3,-0.0876
diethylstilbestrol,C,12.01,3,C-C-H,0.1294,119.93,0,ca,-0.0845
diethylstilbestrol,C,12.01,3,C-C-H,0.1294,119.93,0,ca,-0.0845
diethylstilbestrol,C,12.01,3,C-C-H,0.1294,119.93,1,ca,-0.0845
diethylstilbestrol,C,12.01,3,C-C-H,0.1294,119.93,1,ca,-0.0845
diethylstilbestrol,C,12.01,3,C-C-H,0.1294,119.93,1,ca,-0.1865
diethylstilbestrol,C,12.01,3,C-C-H,0.1294,119.93,1,ca,-0.1865
diethylstilbestrol,C,12.01,3,C-C-H,0.1294,119.93,1,ca,-0.1865
diethylstilbestrol,C,12.01,3,C-C-H,0.1294,119.93,1,ca,-0.1865
diethylstilbestrol,C,12.01,3,C-C-O,0.1387,119.94,1,ca,0.1231
diethylstilbestrol,C,12.01,3,C-C-O,0.1387,119.94,1,ca,0.1231
diethylstilbestrol,H,1.008,1,C,0.1096,,0,hc,0.0507
diethylstilbestrol,H,1.008,1,C,0.1096,,0,hc,0.0507
diethylstilbestrol,H,1.008,1,C,0.1096,,0,hc,0.0507
diethylstilbestrol,H,1.008,1,C,0.1096,,0,hc,0.0507
diethylstilbestrol,H,1.008,1,C,0.1096,,0,hc,0.035033
diethylstilbestrol,H,1.008,1,C,0.1096,,0,hc,0.035033
diethylstilbestrol,H,1.008,1,C,0.1096,,0,hc,0.035033
diethylstilbestrol,H,1.008,1,C,0.1096,,0,hc,0.035033
diethylstilbestrol,H,1.008,1,C,0.1096,,0,hc,0.035033
diethylstilbestrol,H,1.008,1,C,0.1096,,0,hc,0.035033
diethylstilbestrol,H,1.008,1,C,0.1086,,0,ha,0.13825
diethylstilbestrol,H,1.008,1,C,0.1086,,0,ha,0.13825
diethylstilbestrol,H,1.008,1,C,0.1086,,0,ha,0.13825
diethylstilbestrol,H,1.008,1,C,0.1086,,0,ha,0.13825
diethylstilbestrol,H,1.008,1,C,0.1086,,0,ha,0.1425
diethylstilbestrol,H,1.008,1,C,0.1086,,0,ha,0.1425
diethylstilbestrol,H,1.008,1,C,0.1086,,0,ha,0.1425
diethylstilbestrol,H,1.008,1,C,0.1086,,0,ha,0.1425
diethylstilbestrol,H,1.008,1,O,0.0973,,0,ho,0.419
diethylstilbestrol,H,1.008,1,O,0.0973,,0,ho,0.419
valine,O,16.0,2,C-H,0.1164,106.54,0,oh,-0.6021
valine,OXT,16.0,1,C,0.1219,,0,o,-0.552
valine,N,14.01,3,CA-H-H,0.1168,108.53,0,n8,-0.897798
valine,CB,12.01,4,CA-CG-CG-HB,0.1426,111.16,0,c3,-0.0997
valine,CA,12.01,4,C-CB-HA-N,0.1406,109.9,0,c3,0.1295
valine,CG,12.01,4,CB-HG-HG-HG,0.1206,108.7,0,c3,-0.1001
valine,CG,12.01,4,CB-HG-HG-HG,0.1206,108.7,0,c3,-0.1001
valine,C,12.01,3,CA-O-OXT,0.1367,119.24,1,c,0.6441
valine,HB,1.008,1,CB,0.1096,,0,hc,0.0537
valine,HA,1.008,1,CA,0.1097,,0,h1,0.0927
valine,HG,1.008,1,CG,0.1096,,0,hc,0.043533
valine,HG,1.008,1,CG,0.1096,,0,hc,0.043533
valine,HG,1.008,1,CG,0.1096,,0,hc,0.043533
valine,HG,1.008,1,CG,0.1096,,0,hc,0.043533
valine,HG,1.008,1,CG,0.1096,,0,hc,0.043533
valine,HG,1.008,1,CG,0.1096,,0,hc,0.043533
valine,H,1.008,1,N,0.1019,,0,hn,0.3633
valine,H,1.008,1,N,0.1019,,0,hn,0.3633
valine,H,1.008,1,O,0.0973,,0,ho,0.444
valine,O,15.9994,2,C-H,0.0,0.0,0,opls_154,-0.6021
valine,OXT,15.9994,1,C,0.0,,0,opls_236,-0.552
valine,N,0.0,3,CA-H-H,0.0,0.0,0,opls_x,-0.897798
valine,CB,12.011,4,CA-CG-CG-HB,0.0,0.0,0,opls_135,-0.0997
valine,CA,12.011,4,C-CB-HA-N,0.0,0.0,0,opls_135,0.1295
valine,CG,12.011,4,CB-HG-HG-HG,0.0,0.0,0,opls_135,-0.1001
valine,CG,12.011,4,CB-HG-HG-HG,0.0,0.0,0,opls_135,-0.1001
valine,C,12.011,3,CA-O-OXT,0.0,0.0,1,opls_235,0.6441
valine,HB,1.008,1,CB,0.0,,0,opls_140,0.0537
valine,HA,1.008,1,CA,0.0,,0,opls_140,0.0927
valine,HG,1.008,1,CG,0.0,,0,opls_140,0.043533
valine,HG,1.008,1,CG,0.0,,0,opls_140,0.043533
valine,HG,1.008,1,CG,0.0,,0,opls_140,0.043533
valine,HG,1.008,1,CG,0.0,,0,opls_140,0.043533
valine,HG,1.008,1,CG,0.0,,0,opls_140,0.043533
valine,HG,1.008,1,CG,0.0,,0,opls_140,0.043533
valine,H,1.008,1,N,0.0,,0,opls_240,0.3633
valine,H,1.008,1,N,0.0,,0,opls_240,0.3633
valine,H,1.008,1,O,0.0,,0,opls_155,0.444
propranolol,O,0.0,2,C-C,0.0,0.0,0,opls_x,-0.3469
propranolol,O,15.9994,2,C-H,0.0,0.0,0,opls_154,-0.5938
propranolol,N,0.0,3,C-C-H,0.0,0.0,0,opls_x,-0.8242
propranolol,C,12.011,4,C-C-H-O,0.0,0.0,0,opls_135,0.1441
propranolol,C,12.011,4,C-H-H-N,0.0,0.0,0,opls_135,0.1258
propranolol,C,12.011,4,C-C-H-N,0.0,0.0,0,opls_135,0.1765
propranolol,C,12.011,4,C-H-H-O,0.0,0.0,0,opls_135,0.0964
propranolol,C,12.011,4,C-H-H-H,0.0,0.0,0,opls_135,-0.0951
propranolol,C,12.011,4,C-H-H-H,0.0,0.0,0,opls_135,-0.0951
propranolol,C,12.011,3,C-C-O,0.0,0.0,1,opls_145,0.1491
propranolol,C,12.011,3,C-C-C,0.0,0.0,0,opls_145,-0.054
propranolol,C,12.011,3,C-C-C,0.0,0.0,1,opls_145,-0.011
propranolol,C,12.011,3,C-C-H,0.0,0.0,0,opls_145,-0.216
propranolol,C,12.011,3,C-C-H,0.0,0.0,0,opls_145,-0.095
propranolol,C,12.011,3,C-C-H,0.0,0.0,1,opls_145,-0.153
propranolol,C,12.011,3,C-C-H,0.0,0.0,1,opls_145,-0.091
propranolol,C,12.011,3,C-C-H,0.0,0.0,0,opls_145,-0.128
propranolol,C,12.011,3,C-C-H,0.0,0.0,1,opls_145,-0.14
propranolol,C,12.011,3,C-C-H,0.0,0.0,1,opls_145,-0.117
propranolol,H,1.008,1,C,0.0,,0,opls_140,0.0797
propranolol,H,1.008,1,C,0.0,,0,opls_140,0.0457
propranolol,H,1.008,1,C,0.0,,0,opls_140,0.0457
propranolol,H,1.008,1,C,0.0,,0,opls_140,0.0197
propranolol,H,1.008,1,N,0.0,,0,opls_240,0.3578
propranolol,H,1.008,1,C,0.0,,0,opls_140,0.0602
propranolol,H,1.008,1,C,0.0,,0,opls_140,0.0602
propranolol,H,1.008,1,C,0.0,,0,opls_140,0.0397
propranolol,H,1.008,1,C,0.0,,0,opls_140,0.0397
propranolol,H,1.008,1,C,0.0,,0,opls_140,0.0397
propranolol,H,1.008,1,C,0.0,,0,opls_140,0.0397
propranolol,H,1.008,1,C,0.0,,0,opls_140,0.0397
propranolol,H,1.008,1,C,0.0,,0,opls_140,0.0397
propranolol,H,1.008,1,O,0.0,,0,opls_155,0.414
propranolol,H,1.008,1,C,0.0,,0,opls_146,0.14
propranolol,H,1.008,1,C,0.0,,0,opls_146,0.141
propranolol,H,1.008,1,C,0.0,,0,opls_146,0.134
propranolol,H,1.008,1,C,0.0,,0,opls_146,0.133
propranolol,H,1.008,1,C,0.0,,0,opls_146,0.134
propranolol,H,1.008,1,C,0.0,,0,opls_146,0.133
propranolol,H,1.008,1,C,0.0,,0,opls_146,0.132
propranolol,O,16.0,2,C-C,0.1398,118.39,0,os,-0.3469
propranolol,O,16.0,2,C-H,0.1198,107.39,0,oh,-0.5938
propranolol,N,14.01,3,C-C-H,0.1315,110.77,0,n7,-0.8242
propranolol,C,12.01,4,C-C-H-O,0.1398,110.25,0,c3,0.1441
propranolol,C,12.01,4,C-H-H-N,0.1298,109.75,0,c3,0.1258
propranolol,C,12.01,4,C-C-H-N,0.1408,110.42,0,c3,0.1765
propranolol,C,12.01,4,C-H-H-O,0.1289,109.34,0,c3,0.0964
propranolol,C,12.01,4,C-H-H-H,0.1206,108.7,0,c3,-0.0951
propranolol,C,12.01,4,C-H-H-H,0.1206,108.7,0,c3,-0.0951
propranolol,C,12.01,3,C-C-O,0.1389,119.41,1,ca,0.1491
propranolol,C,12.01,3,C-C-C,0.1399,120.02,0,ca,-0.054
propranolol,C,12.01,3,C-C-C,0.1399,120.02,1,ca,-0.011
propranolol,C,12.01,3,C-C-H,0.1294,119.93,0,ca,-0.216
propranolol,C,12.01,3,C-C-H,0.1294,119.93,0,ca,-0.095
propranolol,C,12.01,3,C-C-H,0.1294,119.93,1,ca,-0.153
propranolol,C,12.01,3,C-C-H,0.1294,119.93,1,ca,-0.091
propranolol,C,12.01,3,C-C-H,0.1294,119.93,0,ca,-0.128
propranolol,C,12.01,3,C-C-H,0.1294,119.93,1,ca,-0.14
propranolol,C,12.01,3,C-C-H,0.1294,119.93,1,ca,-0.117
propranolol,H,1.008,1,C,0.1097,,0,h1,0.0797
propranolol,H,1.008,1,C,0.1097,,0,h1,0.0457
propranolol,H,1.008,1,C,0.1097,,0,h1,0.0457
propranolol,H,1.008,1,C,0.1097,,0,h1,0.0197
propranolol,H,1.008,1,N,0.1019,,0,hn,0.3578
propranolol,H,1.008,1,C,0.1097,,0,h1,0.0602
propranolol,H,1.008,1,C,0.1097,,0,h1,0.0602
propranolol,H,1.008,1,C,0.1096,,0,hc,0.0397
propranolol,H,1.008,1,C,0.1096,,0,hc,0.0397
propranolol,H,1.008,1,C,0.1096,,0,hc,0.0397
propranolol,H,1.008,1,C,0.1096,,0,hc,0.0397
propranolol,H,1.008,1,C,0.1096,,0,hc,0.0397
propranolol,H,1.008,1,C,0.1096,,0,hc,0.0397
propranolol,H,1.008,1,O,0.0973,,0,ho,0.414
propranolol,H,1.008,1,C,0.1086,,0,ha,0.14
propranolol,H,1.008,1,C,0.1086,,0,ha,0.141
propranolol,H,1.008,1,C,0.1086,,0,ha,0.134
propranolol,H,1.008,1,C,0.1086,,0,ha,0.133
propranolol,H,1.008,1,C,0.1086,,0,ha,0.134
propranolol,H,1.008,1,C,0.1086,,0,ha,0.133
propranolol,H,1.008,1,C,0.1086,,0,ha,0.132
isoleucine,O,16.0,2,C-H,0.1164,106.54,0,oh,-0.6021
isoleucine,OXT,16.0,1,C,0.1219,,0,o,-0.562
isoleucine,N,14.01,3,CA-H-H,0.1168,108.53,0,n8,-0.8918
isoleucine,CB,12.01,4,CA-CG-CG-HB,0.1426,111.16,0,c3,-0.0577
isoleucine,CA,12.01,4,C-CB-HA-N,0.1406,109.9,0,c3,0.1385
isoleucine,CG,12.01,4,CB-CD-HG-HG,0.1316,109.85,0,c3,-0.0884
isoleucine,CG,12.01,4,CB-HG-HG-HG,0.1206,108.7,0,c3,-0.0871
isoleucine,CD,12.01,4,CG-HD-HD-HD,0.1206,108.7,0,c3,-0.0921
isoleucine,C,12.01,3,CA-O-OXT,0.1367,119.24,1,c,0.5851
isoleucine,HB,1.008,1,CB,0.1096,,0,hc,0.0667
isoleucine,HA,1.008,1,CA,0.1097,,0,h1,0.0917
isoleucine,HG,1.008,1,CG,0.1096,,0,hc,0.0472
isoleucine,HG,1.008,1,CG,0.1096,,0,hc,0.0472
isoleucine,HG,1.008,1,CG,0.1096,,0,hc,0.0417
isoleucine,HG,1.008,1,CG,0.1096,,0,hc,0.0417
isoleucine,HG,1.008,1,CG,0.1096,,0,hc,0.0417
isoleucine,HD,1.008,1,CD,0.1096,,0,hc,0.0357
isoleucine,HD,1.008,1,CD,0.1096,,0,hc,0.0357
isoleucine,HD,1.008,1,CD,0.1096,,0,hc,0.0357
isoleucine,H,1.008,1,N,0.1019,,0,hn,0.3648
isoleucine,H,1.008,1,N,0.1019,,0,hn,0.3648
isoleucine,H,1.008,1,O,0.0973,,0,ho,0.443
isoleucine,O,15.9994,2,C-H,0.0,0.0,0,opls_154,-0.6021
isoleucine,OXT,15.9994,1,C,0.0,,0,opls_236,-0.562
isoleucine,N,0.0,3,CA-H-H,0.0,0.0,0,opls_x,-0.8918
isoleucine,CB,12.011,4,CA-CG-CG-HB,0.0,0.0,0,opls_135,-0.0577
isoleucine,CA,12.011,4,C-CB-HA-N,0.0,0.0,0,opls_135,0.1385
isoleucine,CG,12.011,4,CB-CD-HG-HG,0.0,0.0,0,opls_135,-0.0884
isoleucine,CG,12.011,4,CB-HG-HG-HG,0.0,0.0,0,opls_135,-0.0871
isoleucine,CD,12.011,4,CG-HD-HD-HD,0.0,0.0,0,opls_135,-0.0921
isoleucine,C,12.011,3,CA-O-OXT,0.0,0.0,1,opls_235,0.5851
isoleucine,HB,1.008,1,CB,0.0,,0,opls_140,0.0667
isoleucine,HA,1.008,1,CA,0.0,,0,opls_140,0.0917
isoleucine,HG,1.008,1,CG,0.0,,0,opls_140,0.0472
isoleucine,HG,1.008,1,CG,0.0,,0,opls_140,0.0472
isoleucine,HG,1.008,1,CG,0.0,,0,opls_140,0.0417
isoleucine,HG,1.008,1,CG,0.0,,0,opls_140,0.0417
isoleucine,HG,1.008,1,CG,0.0,,0,opls_140,0.0417
isoleucine,HD,1.008,1,CD,0.0,,0,opls_140,0.0357
isoleucine,HD,1.008,1,CD,0.0,,0,opls_140,0.0357
isoleucine,HD,1.008,1,CD,0.0,,0,opls_140,0.0357
isoleucine,H,1.008,1,N,0.0,,0,opls_240,0.3648
isoleucine,H,1.008,1,N,0.0,,0,opls_240,0.3648
isoleucine,H,1.008,1,O,0.0,,0,opls_155,0.443
mannose,O,0.0,2,C-C,0.0,0.0,0,opls_x,-0.4546
mannose,O,15.9994,2,C-H,0.0,0.0,0,opls_154,-0.5858
mannose,O,15.9994,2,C-H,0.0,0.0,0,opls_154,-0.5778
mannose,O,15.9994,2,C-H,0.0,0.0,0,opls_154,-0.5718
mannose,O,15.9994,2,C-H,0.0,0.0,0,opls_154,-0.5678
mannose,O,15.9994,2,C-H,0.0,0.0,0,opls_154,-0.5948
mannose,C,0.0,4,C-C-H-O,0.0,0.0,0,opls_x,0.0651
mannose,C,0.0,4,C-C-H-O,0.0,0.0,0,opls_x,0.0821
mannose,C,0.0,4,C-C-H-O,0.0,0.0,0,opls_x,0.0761
mannose,C,0.0,4,C-C-H-O,0.0,0.0,0,opls_x,0.0931
mannose,C,0.0,4,C-H-O-O,0.0,0.0,0,opls_x,0.3039
mannose,C,12.011,4,C-H-H-O,0.0,0.0,0,opls_135,0.1394
mannose,H,1.008,1,C,0.0,,0,opls_140,0.0987
mannose,H,1.008,1,C,0.0,,0,opls_140,0.0427
mannose,H,1.008,1,C,0.0,,0,opls_140,0.0547
mannose,H,1.008,1,C,0.0,,0,opls_140,0.1087
mannose,H,0.0,1,C,0.0,,0,opls_x,0.0847
mannose,H,1.008,1,C,0.0,,0,opls_140,0.0632
mannose,H,1.008,1,C,0.0,,0,opls_140,0.0632
mannose,H,1.008,1,O,0.0,,0,opls_155,0.406
mannose,H,1.008,1,O,0.0,,0,opls_155,0.419
mannose,H,1.008,1,O,0.0,,0,opls_155,0.407
mannose,H,1.008,1,O,0.0,,0,opls_155,0.429
mannose,H,1.008,1,O,0.0,,0,opls_155,0.416
mannose,O,16.0,2,C-C,0.143,113.3,0,os,-0.4546
mannose,O,16.0,2,C-H,0.1198,107.07,0,oh,-0.5858
mannose,O,16.0,2,C-H,0.1198,107.07,0,oh,-0.5778
mannose,O,16.0,2,C-H,0.1198,107.07,0,oh,-0.5718
mannose,O,16.0,2,C-H,0.1198,107.07,0,oh,-0.5678
mannose,O,16.0,2,C-H,0.1198,107.39,0,oh,-0.5948
mannose,C,12.01,4,C-C-H-O,0.14,109.91,0,c6,0.0651
mannose,C,12.01,4,C-C-H-O,0.14,109.91,0,c6,0.0821
mannose,C,12.01,4,C-C-H-O,0.1402,109.03,0,c6,0.0761
mannose,C,12.01,4,C-C-H-O,0.14,109.91,0,c6,0.0931
mannose,C,12.01,4,C-H-O-O,0.1373,109.66,0,c6,0.3039
mannose,C,12.01,4,C-H-H-O,0.129,109.84,0,c3,0.1394
mannose,H,1.008,1,C,0.1098,,0,h1,0.0987
mannose,H,1.008,1,C,0.1098,,0,h1,0.0427
mannose,H,1.008,1,C,0.1098,,0,h1,0.0547
mannose,H,1.008,1,C,0.1098,,0,h1,0.1087
mannose,H,1.008,1,C,0.1099,,0,h2,0.0847
mannose,H,1.008,1,C,0.1097,,0,h1,0.0632
mannose,H,1.008,1,C,0.1097,,0,h1,0.0632
mannose,H,1.008,1,O,0.0973,,0,ho,0.406
mannose,H,1.008,1,O,0.0973,,0,ho,0.419
mannose,H,1.008,1,O,0.0973,,0,ho,0.407
mannose,H,1.008,1,O,0.0973,,0,ho,0.429
mannose,H,1.008,1,O,0.0973,,0,ho,0.416
aldosterone,O,15.9994,2,C-H,0.0,0.0,0,opls_154,-0.5908
aldosterone,O,15.9994,1,C,0.0,,0,opls_236,-0.5051
aldosterone,O,15.9994,1,C,0.0,,0,opls_236,-0.5161
aldosterone,O,15.9994,1,C,0.0,,0,opls_236,-0.5331
aldosterone,O,15.9994,2,C-H,0.0,0.0,0,opls_154,-0.5888
aldosterone,C,0.0,4,C-C-C-H,0.0,0.0,0,opls_x,-0.0467
aldosterone,C,0.0,4,C-C-C-H,0.0,0.0,0,opls_x,-0.0587
aldosterone,C,0.0,4,C-C-C-C,0.0,0.0,0,opls_x,-0.156
aldosterone,C,0.0,4,C-C-C-H,0.0,0.0,0,opls_x,-0.0367
aldosterone,C,0.0,4,C-C-C-C,0.0,0.0,0,opls_x,-0.0068
aldosterone,C,0.0,4,C-C-H-O,0.0,0.0,0,opls_x,0.1451
aldosterone,C,0.0,4,C-C-H-H,0.0,0.0,0,opls_x,-0.1064
aldosterone,C,0.0,4,C-C-C-H,0.0,0.0,1,opls_x,-0.1547
aldosterone,C,0.0,4,C-C-H-H,0.0,0.0,0,opls_x,-0.0784
aldosterone,C,0.0,4,C-C-H-H,0.0,0.0,0,opls_x,-0.0674
aldosterone,C,0.0,4,C-C-H-H,0.0,0.0,0,opls_x,-0.0764
aldosterone,C,12.011,3,C-C-C,0.0,0.0,1,opls_509,-0.0324
aldosterone,C,0.0,4,C-C-H-H,0.0,0.0,1,opls_x,-0.0562
aldosterone,C,0.0,4,C-C-H-H,0.0,0.0,0,opls_x,-0.0724
aldosterone,C,12.011,3,C-H-O,0.0,0.0,0,opls_235,0.597901
aldosterone,C,12.011,4,C-H-H-H,0.0,0.0,0,opls_135,-0.0831
aldosterone,C,12.011,3,C-C-O,0.0,0.0,0,opls_235,0.5301
aldosterone,C,0.0,4,C-C-H-H,0.0,0.0,0,opls_x,-0.1834
aldosterone,C,0.0,3,C-C-H,0.0,0.0,1,opls_x,-0.2642
aldosterone,C,12.011,3,C-C-O,0.0,0.0,0,opls_235,0.5703
aldosterone,C,12.011,4,C-H-H-O,0.0,0.0,0,opls_135,0.0304
aldosterone,H,1.008,1,C,0.0,,0,opls_140,0.0447
aldosterone,H,1.008,1,C,0.0,,0,opls_140,0.0927
aldosterone,H,1.008,1,C,0.0,,0,opls_140,0.0497
aldosterone,H,1.008,1,C,0.0,,0,opls_140,0.0367
aldosterone,H,1.008,1,C,0.0,,0,opls_140,0.0527
aldosterone,H,1.008,1,C,0.0,,0,opls_140,0.0527
aldosterone,H,1.008,1,C,0.0,,0,opls_140,0.0687
aldosterone,H,1.008,1,C,0.0,,0,opls_140,0.0612
aldosterone,H,1.008,1,C,0.0,,0,opls_140,0.0612
aldosterone,H,1.008,1,C,0.0,,0,opls_140,0.0477
aldosterone,H,1.008,1,C,0.0,,0,opls_140,0.0477
aldosterone,H,1.008,1,C,0.0,,0,opls_140,0.0612
aldosterone,H,1.008,1,C,0.0,,0,opls_140,0.0612
aldosterone,H,1.008,1,C,0.0,,0,opls_140,0.0592
aldosterone,H,1.008,1,C,0.0,,0,opls_140,0.0592
aldosterone,H,1.008,1,C,0.0,,0,opls_140,0.0517
aldosterone,H,1.008,1,C,0.0,,0,opls_140,0.0517
aldosterone,H,1.008,1,C,0.0,,1,opls_146,-0.0048
aldosterone,H,1.008,1,C,0.0,,0,opls_140,0.047033
aldosterone,H,1.008,1,C,0.0,,0,opls_140,0.047033
aldosterone,H,1.008,1,C,0.0,,0,opls_140,0.047033
aldosterone,H,1.008,1,C,0.0,,0,opls_140,0.0682
aldosterone,H,1.008,1,C,0.0,,0,opls_140,0.0682
aldosterone,H,1.008,1,C,0.0,,0,opls_146,0.149
aldosterone,H,1.008,1,O,0.0,,0,opls_155,0.4
aldosterone,H,1.008,1,C,0.0,,0,opls_140,0.0682
aldosterone,H,1.008,1,C,0.0,,0,opls_140,0.0682
aldosterone,H,1.008,1,O,0.0,,0,opls_155,0.422
aldosterone,O,16.0,2,C-H,0.1198,107.07,0,oh,-0.5908
aldosterone,O,16.0,1,C,0.1219,,0,o,-0.5051
aldosterone,O,16.0,1,C,0.1219,,0,o,-0.5161
aldosterone,O,16.0,1,C,0.1219,,0,o,-0.5331
aldosterone,O,16.0,2,C-H,0.1198,107.39,0,oh,-0.5888
aldosterone,C,12.01,4,C-C-C-H,0.1433,110.02,0,c5,-0.0467
aldosterone,C,12.01,4,C-C-C-H,0.1428,110.23,0,c6,-0.0587
aldosterone,C,12.01,4,C-C-C-C,0.1543,109.99,0,c5,-0.156
aldosterone,C,12.01,4,C-C-C-H,0.1428,110.25,0,c6,-0.0367
aldosterone,C,12.01,4,C-C-C-C,0.1533,111.08,0,c6,-0.0068
aldosterone,C,12.01,4,C-C-H-O,0.14,109.91,0,c6,0.1451
aldosterone,C,12.01,4,C-C-H-H,0.1318,109.21,0,c6,-0.1064
aldosterone,C,12.01,4,C-C-C-H,0.1432,108.42,1,c5,-0.1547
aldosterone,C,12.01,4,C-C-H-H,0.1322,109.29,0,c5,-0.0784
aldosterone,C,12.01,4,C-C-H-H,0.1318,109.25,0,c6,-0.0674
aldosterone,C,12.01,4,C-C-H-H,0.1322,109.29,0,c5,-0.0764
aldosterone,C,12.01,3,C-C-C,0.1457,120.42,1,c2,-0.0324
aldosterone,C,12.01,4,C-C-H-H,0.1312,109.26,1,c6,-0.0562
aldosterone,C,12.01,4,C-C-H-H,0.1318,109.25,0,c6,-0.0724
aldosterone,C,12.01,3,C-H-O,0.1289,120.28,0,c,0.597901
aldosterone,C,12.01,4,C-H-H-H,0.1208,109.18,0,c3,-0.0831
aldosterone,C,12.01,3,C-C-O,0.1427,122.19,0,c,0.5301
aldosterone,C,12.01,4,C-C-H-H,0.1316,108.71,0,c6,-0.1834
aldosterone,C,12.01,3,C-C-H,0.1306,119.47,1,ce,-0.2642
aldosterone,C,12.01,3,C-C-O,0.1411,120.58,0,c,0.5703
aldosterone,C,12.01,4,C-H-H-O,0.1286,109.25,0,c3,0.0304
aldosterone,H,1.008,1,C,0.1095,,0,hc,0.0447
aldosterone,H,1.008,1,C,0.1098,,0,hc,0.0927
aldosterone,H,1.008,1,C,0.1098,,0,hc,0.0497
aldosterone,H,1.008,1,C,0.1098,,0,h1,0.0367
aldosterone,H,1.008,1,C,0.1098,,0,hc,0.0527
aldosterone,H,1.008,1,C,0.1098,,0,hc,0.0527
aldosterone,H,1.008,1,C,0.1095,,0,hc,0.0687
aldosterone,H,1.008,1,C,0.1095,,0,hc,0.0612
aldosterone,H,1.008,1,C,0.1095,,0,hc,0.0612
aldosterone,H,1.008,1,C,0.1098,,0,hc,0.0477
aldosterone,H,1.008,1,C,0.1098,,0,hc,0.0477
aldosterone,H,1.008,1,C,0.1095,,0,hc,0.0612
aldosterone,H,1.008,1,C,0.1095,,0,hc,0.0612
aldosterone,H,1.008,1,C,0.1098,,0,hc,0.0592
aldosterone,H,1.008,1,C,0.1098,,0,hc,0.0592
aldosterone,H,1.008,1,C,0.1098,,0,hc,0.0517
aldosterone,H,1.008,1,C,0.1098,,0,hc,0.0517
aldosterone,H,1.008,1,C,0.1112,,1,h4,-0.0048
aldosterone,H,1.008,1,C,0.1096,,0,hc,0.047033
aldosterone,H,1.008,1,C,0.1096,,0,hc,0.047033
aldosterone,H,1.008,1,C,0.1096,,0,hc,0.047033
aldosterone,H,1.008,1,C,0.1098,,0,hc,0.0682
aldosterone,H,1.008,1,C,0.1098,,0,hc,0.0682
aldosterone,H,1.008,1,C,0.1088,,0,ha,0.149
aldosterone,H,1.008,1,O,0.0973,,0,ho,0.4
aldosterone,H,1.008,1,C,0.1097,,0,h1,0.0682
aldosterone,H,1.008,1,C,0.1097,,0,h1,0.0682
aldosterone,H,1.008,1,O,0.0973,,0,ho,0.422
ergosterol,O,15.9994,2,C-H,0.0,0.0,0,opls_154,-0.603799
ergosterol,C,0.0,4,C-C-C-C,0.0,0.0,0,opls_x,-0.042
ergosterol,C,0.0,4,C-C-C-H,0.0,0.0,0,opls_x,-0.0335
ergosterol,C,0.0,4,C-C-C-H,0.0,0.0,0,opls_x,-0.0517
ergosterol,C,0.0,4,C-C-C-H,0.0,0.0,1,opls_x,-0.0155
ergosterol,C,0.0,4,C-C-H-H,0.0,0.0,0,opls_x,-0.0674
ergosterol,C,12.011,3,C-C-C,0.0,0.0,0,opls_509,-0.0814
ergosterol,C,0.0,4,C-C-H-H,0.0,0.0,0,opls_x,-0.0724
ergosterol,C,0.0,4,C-C-C-C,0.0,0.0,0,opls_x,0.0032
ergosterol,C,0.0,4,C-C-H-H,0.0,0.0,0,opls_x,-0.0784
ergosterol,C,0.0,4,C-C-H-H,0.0,0.0,0,opls_x,-0.0734
ergosterol,C,12.011,4,C-H-H-H,0.0,0.0,0,opls_135,-0.0821
ergosterol,C,12.011,4,C-C-C-H,0.0,0.0,1,opls_135,-0.0265
ergosterol,C,12.011,3,C-C-C,0.0,0.0,0,opls_509,-0.1054
ergosterol,C,0.0,4,C-C-H-H,0.0,0.0,0,opls_x,-0.0674
ergosterol,C,0.0,3,C-C-H,0.0,0.0,1,opls_x,-0.146
ergosterol,C,12.011,4,C-H-H-H,0.0,0.0,0,opls_135,-0.0861
ergosterol,C,0.0,3,C-C-H,0.0,0.0,1,opls_x,-0.132
ergosterol,C,0.0,4,C-C-H-H,0.0,0.0,1,opls_x,-0.0382
ergosterol,C,0.0,4,C-C-H-H,0.0,0.0,0,opls_x,-0.1134
ergosterol,C,0.0,4,C-C-H-O,0.0,0.0,0,opls_x,0.1451
ergosterol,C,12.011,4,C-H-H-H,0.0,0.0,0,opls_135,-0.0871
ergosterol,C,12.011,3,C-C-H,0.0,0.0,0,opls_509,-0.1682
ergosterol,C,12.011,3,C-C-H,0.0,0.0,0,opls_509,-0.1662
ergosterol,C,12.011,4,C-C-C-H,0.0,0.0,1,opls_135,-0.0315
ergosterol,C,12.011,4,C-C-C-H,0.0,0.0,0,opls_135,-0.0607
ergosterol,C,12.011,4,C-H-H-H,0.0,0.0,0,opls_135,-0.0871
ergosterol,C,12.011,4,C-H-H-H,0.0,0.0,0,opls_135,-0.0906
ergosterol,C,12.011,4,C-H-H-H,0.0,0.0,0,opls_135,-0.0906
ergosterol,H,1.008,1,C,0.0,,0,opls_140,0.0547
ergosterol,H,1.008,1,C,0.0,,0,opls_140,0.0467
ergosterol,H,1.008,1,C,0.0,,0,opls_140,0.0527
ergosterol,H,1.008,1,C,0.0,,0,opls_140,0.0422
ergosterol,H,1.008,1,C,0.0,,0,opls_140,0.0422
ergosterol,H,1.008,1,C,0.0,,0,opls_140,0.0452
ergosterol,H,1.008,1,C,0.0,,0,opls_140,0.0452
ergosterol,H,1.008,1,C,0.0,,0,opls_140,0.0447
ergosterol,H,1.008,1,C,0.0,,0,opls_140,0.0447
ergosterol,H,1.008,1,C,0.0,,0,opls_140,0.0437
ergosterol,H,1.008,1,C,0.0,,0,opls_140,0.0437
ergosterol,H,1.008,1,C,0.0,,0,opls_140,0.038033
ergosterol,H,1.008,1,C,0.0,,0,opls_140,0.038033
ergosterol,H,1.008,1,C,0.0,,0,opls_140,0.038033
ergosterol,H,1.008,1,C,0.0,,0,opls_140,0.0547
ergosterol,H,1.008,1,C,0.0,,0,opls_140,0.0437
ergosterol,H,1.008,1,C,0.0,,0,opls_140,0.0437
ergosterol,H,1.008,1,C,0.0,,0,opls_146,0.131
ergosterol,H,1.008,1,C,0.0,,0,opls_140,0.039367
ergosterol,H,1.008,1,C,0.0,,0,opls_140,0.039367
ergosterol,H,1.008,1,C,0.0,,0,opls_140,0.039367
ergosterol,H,1.008,1,C,0.0,,0,opls_146,0.128
ergosterol,H,1.008,1,C,0.0,,0,opls_140,0.0622
ergosterol,H,1.008,1,C,0.0,,0,opls_140,0.0622
ergosterol,H,1.008,1,C,0.0,,0,opls_140,0.0477
ergosterol,H,1.008,1,C,0.0,,0,opls_140,0.0477
ergosterol,H,1.008,1,C,0.0,,0,opls_140,0.0367
ergosterol,H,1.008,1,C,0.0,,0,opls_140,0.0357
ergosterol,H,1.008,1,C,0.0,,0,opls_140,0.0357
ergosterol,H,1.008,1,C,0.0,,0,opls_140,0.0357
ergosterol,H,1.008,1,C,0.0,,0,opls_146,0.121
ergosterol,H,1.008,1,C,0.0,,0,opls_146,0.121
ergosterol,H,1.008,1,O,0.0,,0,opls_155,0.399
ergosterol,H,1.008,1,C,0.0,,0,opls_140,0.0507
ergosterol,H,1.008,1,C,0.0,,0,opls_140,0.0457
ergosterol,H,1.008,1,C,0.0,,0,opls_140,0.035033
ergosterol,H,1.008,1,C,0.0,,0,opls_140,0.035033
ergosterol,H,1.008,1,C,0.0,,0,opls_140,0.035033
ergosterol,H,1.008,1,C,0.0,,0,opls_140,0.0342
ergosterol,H,1.008,1,C,0.0,,0,opls_140,0.0342
ergosterol,H,1.008,1,C,0.0,,0,opls_140,0.0342
ergosterol,H,1.008,1,C,0.0,,0,opls_140,0.0342
ergosterol,H,1.008,1,C,0.0,,0,opls_140,0.0342
ergosterol,H,1.008,1,C,0.0,,0,opls_140,0.0342
ergosterol,O,16.0,2,C-H,0.1198,107.07,0,oh,-0.603799
ergosterol,C,12.01,4,C-C-C-C,0.1543,111.52,0,c5,-0.042
ergosterol,C,12.01,4,C-C-C-H,0.1427,108.8,0,c5,-0.0335
ergosterol,C,12.01,4,C-C-C-H,0.1432,110.19,0,c5,-0.0517
ergosterol,C,12.01,4,C-C-C-H,0.1422,110.35,1,c6,-0.0155
ergosterol,C,12.01,4,C-C-H-H,0.1318,109.21,0,c6,-0.0674
ergosterol,C,12.01,3,C-C-C,0.1458,118.25,0,c2,-0.0814
ergosterol,C,12.01,4,C-C-H-H,0.1322,109.29,0,c5,-0.0724
ergosterol,C,12.01,4,C-C-C-C,0.1533,111.08,0,c6,0.0032
ergosterol,C,12.01,4,C-C-H-H,0.1322,109.29,0,c5,-0.0784
ergosterol,C,12.01,4,C-C-H-H,0.1318,109.25,0,c6,-0.0734
ergosterol,C,12.01,4,C-H-H-H,0.1206,109.13,0,c3,-0.0821
ergosterol,C,12.01,4,C-C-C-H,0.1419,111.84,1,c3,-0.0265
ergosterol,C,12.01,3,C-C-C,0.1457,120.42,0,c2,-0.1054
ergosterol,C,12.01,4,C-C-H-H,0.1318,109.25,0,c6,-0.0674
ergosterol,C,12.01,3,C-C-H,0.1298,119.95,1,ce,-0.146
ergosterol,C,12.01,4,C-H-H-H,0.1208,109.18,0,c3,-0.0861
ergosterol,C,12.01,3,C-C-H,0.1298,119.95,1,ce,-0.132
ergosterol,C,12.01,4,C-C-H-H,0.1312,109.26,1,c6,-0.0382
ergosterol,C,12.01,4,C-C-H-H,0.1318,109.25,0,c6,-0.1134
ergosterol,C,12.01,4,C-C-H-O,0.14,109.91,0,c6,0.1451
ergosterol,C,12.01,4,C-H-H-H,0.1206,108.7,0,c3,-0.0871
ergosterol,C,12.01,3,C-C-H,0.1312,120.13,0,c2,-0.1682
ergosterol,C,12.01,3,C-C-H,0.1312,120.13,0,c2,-0.1662
ergosterol,C,12.01,4,C-C-C-H,0.1419,111.3,1,c3,-0.0315
ergosterol,C,12.01,4,C-C-C-H,0.1426,111.16,0,c3,-0.0607
ergosterol,C,12.01,4,C-H-H-H,0.1206,108.7,0,c3,-0.0871
ergosterol,C,12.01,4,C-H-H-H,0.1206,108.7,0,c3,-0.0906
ergosterol,C,12.01,4,C-H-H-H,0.1206,108.7,0,c3,-0.0906
ergosterol,H,1.008,1,C,0.1095,,0,hc,0.0547
ergosterol,H,1.008,1,C,0.1095,,0,hc,0.0467
ergosterol,H,1.008,1,C,0.1098,,0,hc,0.0527
ergosterol,H,1.008,1,C,0.1098,,0,hc,0.0422
ergosterol,H,1.008,1,C,0.1098,,0,hc,0.0422
ergosterol,H,1.008,1,C,0.1095,,0,hc,0.0452
ergosterol,H,1.008,1,C,0.1095,,0,hc,0.0452
ergosterol,H,1.008,1,C,0.1095,,0,hc,0.0447
ergosterol,H,1.008,1,C,0.1095,,0,hc,0.0447
ergosterol,H,1.008,1,C,0.1098,,0,hc,0.0437
ergosterol,H,1.008,1,C,0.1098,,0,hc,0.0437
ergosterol,H,1.008,1,C,0.1096,,0,hc,0.038033
ergosterol,H,1.008,1,C,0.1096,,0,hc,0.038033
ergosterol,H,1.008,1,C,0.1096,,0,hc,0.038033
ergosterol,H,1.008,1,C,0.1096,,0,hc,0.0547
ergosterol,H,1.008,1,C,0.1098,,0,hc,0.0437
ergosterol,H,1.008,1,C,0.1098,,0,hc,0.0437
ergosterol,H,1.008,1,C,0.1088,,0,ha,0.131
ergosterol,H,1.008,1,C,0.1096,,0,hc,0.039367
ergosterol,H,1.008,1,C,0.1096,,0,hc,0.039367
ergosterol,H,1.008,1,C,0.1096,,0,hc,0.039367
ergosterol,H,1.008,1,C,0.1088,,0,ha,0.128
ergosterol,H,1.008,1,C,0.1098,,0,hc,0.0622
ergosterol,H,1.008,1,C,0.1098,,0,hc,0.0622
ergosterol,H,1.008,1,C,0.1098,,0,hc,0.0477
ergosterol,H,1.008,1,C,0.1098,,0,hc,0.0477
ergosterol,H,1.008,1,C,0.1098,,0,h1,0.0367
ergosterol,H,1.008,1,C,0.1096,,0,hc,0.0357
ergosterol,H,1.008,1,C,0.1096,,0,hc,0.0357
ergosterol,H,1.008,1,C,0.1096,,0,hc,0.0357
ergosterol,H,1.008,1,C,0.1088,,0,ha,0.121
ergosterol,H,1.008,1,C,0.1088,,0,ha,0.121
ergosterol,H,1.008,1,O,0.0973,,0,ho,0.399
ergosterol,H,1.008,1,C,0.1096,,0,hc,0.0507
ergosterol,H,1.008,1,C,0.1096,,0,hc,0.0457
ergosterol,H,1.008,1,C,0.1096,,0,hc,0.035033
ergosterol,H,1.008,1,C,0.1096,,0,hc,0.035033
ergosterol,H,1.008,1,C,0.1096,,0,hc,0.035033
ergosterol,H,1.008,1,C,0.1096,,0,hc,0.0342
ergosterol,H,1.008,1,C,0.1096,,0,hc,0.0342
ergosterol,H,1.008,1,C,0.1096,,0,hc,0.0342
ergosterol,H,1.008,1,C,0.1096,,0,hc,0.0342
ergosterol,H,1.008,1,C,0.1096,,0,hc,0.0342
ergosterol,H,1.008,1,C,0.1096,,0,hc,0.0342
lanosterol,O,16.0,2,C-H,0.1198,107.07,0,oh,-0.597794
lanosterol,C,12.01,4,C-C-C-C,0.1543,111.52,0,c5,-0.036
lanosterol,C,12.01,4,C-C-C-C,0.1537,109.95,1,c5,-0.0148
lanosterol,C,12.01,4,C-C-C-H,0.1432,110.19,0,c5,-0.0537
lanosterol,C,12.01,4,C-C-C-C,0.1533,111.08,1,c6,0.0062
lanosterol,C,12.01,3,C-C-C,0.1456,120.32,0,c2,-0.0954
lanosterol,C,12.01,4,C-C-C-H,0.1428,110.25,0,c6,-0.0447
lanosterol,C,12.01,3,C-C-C,0.1455,120.67,0,c2,-0.1174
lanosterol,C,12.01,4,C-C-H-H,0.1322,109.29,0,c5,-0.0694
lanosterol,C,12.01,4,C-C-H-H,0.1318,109.21,0,c6,-0.0624
lanosterol,C,12.01,4,C-C-H-H,0.1322,109.29,0,c5,-0.0774
lanosterol,C,12.01,4,C-C-H-H,0.1312,109.26,0,c6,-0.0342
lanosterol,C,12.01,4,C-C-C-C,0.1541,110.94,0,c6,-0.07
lanosterol,C,12.01,4,C-C-H-H,0.1312,109.26,0,c6,-0.0362
lanosterol,C,12.01,4,C-C-H-H,0.1318,109.25,0,c6,-0.0744
lanosterol,C,12.01,4,C-C-H-H,0.1318,109.25,0,c6,-0.0774
lanosterol,C,12.01,4,C-C-C-H,0.1426,111.65,0,c3,-0.0557
lanosterol,C,12.01,4,C-H-H-H,0.1206,109.13,0,c3,-0.0871
lanosterol,C,12.01,4,C-H-H-H,0.1206,109.13,0,c3,-0.0811
lanosterol,C,12.01,4,C-C-H-O,0.14,109.91,0,c6,0.1481
lanosterol,C,12.01,4,C-C-H-H,0.1318,109.25,0,c6,-0.1104
lanosterol,C,12.01,4,C-H-H-H,0.1208,109.18,0,c3,-0.0871
lanosterol,C,12.01,4,C-H-H-H,0.1208,109.18,0,c3,-0.0861
lanosterol,C,12.01,4,C-H-H-H,0.1208,109.18,0,c3,-0.0861
lanosterol,C,12.01,4,C-C-H-H,0.1316,109.85,0,c3,-0.0744
lanosterol,C,12.01,4,C-H-H-H,0.1206,108.7,0,c3,-0.0901
lanosterol,C,12.01,4,C-C-H-H,0.1309,110.16,1,c3,-0.0472
lanosterol,C,12.01,3,C-C-H,0.1312,120.13,0,c2,-0.1752
lanosterol,C,12.01,3,C-C-C,0.1452,121.64,0,c2,-0.1264
lanosterol,C,12.01,4,C-H-H-H,0.1199,109.19,1,c3,-0.0574
lanosterol,C,12.01,4,C-H-H-H,0.1199,109.19,0,c3,-0.0574
lanosterol,H,1.008,1,C,0.1095,,0,hc,0.0487
lanosterol,H,1.008,1,C,0.1098,,0,hc,0.0507
lanosterol,H,1.008,1,C,0.1095,,0,hc,0.0437
lanosterol,H,1.008,1,C,0.1095,,0,hc,0.0437
lanosterol,H,1.008,1,C,0.1098,,0,hc,0.0407
lanosterol,H,1.008,1,C,0.1098,,0,hc,0.0407
lanosterol,H,1.008,1,C,0.1095,,0,hc,0.0422
lanosterol,H,1.008,1,C,0.1095,,0,hc,0.0422
lanosterol,H,1.008,1,C,0.1098,,0,hc,0.0437
lanosterol,H,1.008,1,C,0.1098,,0,hc,0.0437
lanosterol,H,1.008,1,C,0.1098,,0,hc,0.0487
lanosterol,H,1.008,1,C,0.1098,,0,hc,0.0487
lanosterol,H,1.008,1,C,0.1098,,0,hc,0.0442
lanosterol,H,1.008,1,C,0.1098,,0,hc,0.0442
lanosterol,H,1.008,1,C,0.1098,,0,hc,0.0437
lanosterol,H,1.008,1,C,0.1098,,0,hc,0.0437
lanosterol,H,1.008,1,C,0.1096,,0,hc,0.0487
lanosterol,H,1.008,1,C,0.1096,,0,hc,0.037033
lanosterol,H,1.008,1,C,0.1096,,0,hc,0.037033
lanosterol,H,1.008,1,C,0.1096,,0,hc,0.037033
lanosterol,H,1.008,1,C,0.1096,,0,hc,0.036033
lanosterol,H,1.008,1,C,0.1096,,0,hc,0.036033
lanosterol,H,1.008,1,C,0.1096,,0,hc,0.036033
lanosterol,H,1.008,1,C,0.1098,,0,h1,0.0697
lanosterol,H,1.008,1,C,0.1098,,0,hc,0.0512
lanosterol,H,1.008,1,C,0.1098,,0,hc,0.0512
lanosterol,H,1.008,1,C,0.1096,,0,hc,0.037033
lanosterol,H,1.008,1,C,0.1096,,0,hc,0.037033
lanosterol,H,1.008,1,C,0.1096,,0,hc,0.037033
lanosterol,H,1.008,1,C,0.1096,,0,hc,0.0372
lanosterol,H,1.008,1,C,0.1096,,0,hc,0.0372
lanosterol,H,1.008,1,C,0.1096,,0,hc,0.0372
lanosterol,H,1.008,1,C,0.1096,,0,hc,0.0372
lanosterol,H,1.008,1,C,0.1096,,0,hc,0.0372
lanosterol,H,1.008,1,C,0.1096,,0,hc,0.0372
lanosterol,H,1.008,1,C,0.1096,,0,hc,0.0407
lanosterol,H,1.008,1,C,0.1096,,0,hc,0.0407
lanosterol,H,1.008,1,C,0.1096,,0,hc,0.034033
lanosterol,H,1.008,1,C,0.1096,,0,hc,0.034033
lanosterol,H,1.008,1,C,0.1096,,0,hc,0.034033
lanosterol,H,1.008,1,O,0.0973,,0,ho,0.399
lanosterol,H,1.008,1,C,0.1096,,0,hc,0.0482
lanosterol,H,1.008,1,C,0.1096,,0,hc,0.0482
lanosterol,H,1.008,1,C,0.1088,,0,ha,0.122
lanosterol,H,1.008,1,C,0.1096,,0,hc,0.040033
lanosterol,H,1.008,1,C,0.1096,,0,hc,0.040033
lanosterol,H,1.008,1,C,0.1096,,0,hc,0.040033
lanosterol,H,1.008,1,C,0.1096,,0,hc,0.040033
lanosterol,H,1.008,1,C,0.1096,,0,hc,0.040033
lanosterol,H,1.008,1,C,0.1096,,0,hc,0.040033
lanosterol,O,15.9994,2,C-H,0.0,0.0,0,opls_154,-0.597794
lanosterol,C,0.0,4,C-C-C-C,0.0,0.0,0,opls_x,-0.036
lanosterol,C,0.0,4,C-C-C-C,0.0,0.0,1,opls_x,-0.0148
lanosterol,C,0.0,4,C-C-C-H,0.0,0.0,0,opls_x,-0.0537
lanosterol,C,0.0,4,C-C-C-C,0.0,0.0,1,opls_x,0.0062
lanosterol,C,12.011,3,C-C-C,0.0,0.0,0,opls_509,-0.0954
lanosterol,C,0.0,4,C-C-C-H,0.0,0.0,0,opls_x,-0.0447
lanosterol,C,12.011,3,C-C-C,0.0,0.0,0,opls_509,-0.1174
lanosterol,C,0.0,4,C-C-H-H,0.0,0.0,0,opls_x,-0.0694
lanosterol,C,0.0,4,C-C-H-H,0.0,0.0,0,opls_x,-0.0624
lanosterol,C,0.0,4,C-C-H-H,0.0,0.0,0,opls_x,-0.0774
lanosterol,C,0.0,4,C-C-H-H,0.0,0.0,0,opls_x,-0.0342
lanosterol,C,0.0,4,C-C-C-C,0.0,0.0,0,opls_x,-0.07
lanosterol,C,0.0,4,C-C-H-H,0.0,0.0,0,opls_x,-0.0362
lanosterol,C,0.0,4,C-C-H-H,0.0,0.0,0,opls_x,-0.0744
lanosterol,C,0.0,4,C-C-H-H,0.0,0.0,0,opls_x,-0.0774
lanosterol,C,12.011,4,C-C-C-H,0.0,0.0,0,opls_135,-0.0557
lanosterol,C,12.011,4,C-H-H-H,0.0,0.0,0,opls_135,-0.0871
lanosterol,C,12.011,4,C-H-H-H,0.0,0.0,0,opls_135,-0.0811
lanosterol,C,0.0,4,C-C-H-O,0.0,0.0,0,opls_x,0.1481
lanosterol,C,0.0,4,C-C-H-H,0.0,0.0,0,opls_x,-0.1104
lanosterol,C,12.011,4,C-H-H-H,0.0,0.0,0,opls_135,-0.0871
lanosterol,C,12.011,4,C-H-H-H,0.0,0.0,0,opls_135,-0.0861
lanosterol,C,12.011,4,C-H-H-H,0.0,0.0,0,opls_135,-0.0861
lanosterol,C,12.011,4,C-C-H-H,0.0,0.0,0,opls_135,-0.0744
lanosterol,C,12.011,4,C-H-H-H,0.0,0.0,0,opls_135,-0.0901
lanosterol,C,12.011,4,C-C-H-H,0.0,0.0,1,opls_135,-0.0472
lanosterol,C,12.011,3,C-C-H,0.0,0.0,0,opls_509,-0.1752
lanosterol,C,12.011,3,C-C-C,0.0,0.0,0,opls_509,-0.1264
lanosterol,C,12.011,4,C-H-H-H,0.0,0.0,1,opls_135,-0.0574
lanosterol,C,12.011,4,C-H-H-H,0.0,0.0,0,opls_135,-0.0574
lanosterol,H,1.008,1,C,0.0,,0,opls_140,0.0487
lanosterol,H,1.008,1,C,0.0,,0,opls_140,0.0507
lanosterol,H,1.008,1,C,0.0,,0,opls_140,0.0437
lanosterol,H,1.008,1,C,0.0,,0,opls_140,0.0437
lanosterol,H,1.008,1,C,0.0,,0,opls_140,0.0407
lanosterol,H,1.008,1,C,0.0,,0,opls_140,0.0407
lanosterol,H,1.008,1,C,0.0,,0,opls_140,0.0422
lanosterol,H,1.008,1,C,0.0,,0,opls_140,0.0422
lanosterol,H,1.008,1,C,0.0,,0,opls_140,0.0437
lanosterol,H,1.008,1,C,0.0,,0,opls_140,0.0437
lanosterol,H,1.008,1,C,0.0,,0,opls_140,0.0487
lanosterol,H,1.008,1,C,0.0,,0,opls_140,0.0487
lanosterol,H,1.008,1,C,0.0,,0,opls_140,0.0442
lanosterol,H,1.008,1,C,0.0,,0,opls_140,0.0442
lanosterol,H,1.008,1,C,0.0,,0,opls_140,0.0437
lanosterol,H,1.008,1,C,0.0,,0,opls_140,0.0437
lanosterol,H,1.008,1,C,0.0,,0,opls_140,0.0487
lanosterol,H,1.008,1,C,0.0,,0,opls_140,0.037033
lanosterol,H,1.008,1,C,0.0,,0,opls_140,0.037033
lanosterol,H,1.008,1,C,0.0,,0,opls_140,0.037033
lanosterol,H,1.008,1,C,0.0,,0,opls_140,0.036033
lanosterol,H,1.008,1,C,0.0,,0,opls_140,0.036033
lanosterol,H,1.008,1,C,0.0,,0,opls_140,0.036033
lanosterol,H,1.008,1,C,0.0,,0,opls_140,0.0697
lanosterol,H,1.008,1,C,0.0,,0,opls_140,0.0512
lanosterol,H,1.008,1,C,0.0,,0,opls_140,0.0512
lanosterol,H,1.008,1,C,0.0,,0,opls_140,0.037033
lanosterol,H,1.008,1,C,0.0,,0,opls_140,0.037033
lanosterol,H,1.008,1,C,0.0,,0,opls_140,0.037033
lanosterol,H,1.008,1,C,0.0,,0,opls_140,0.0372
lanosterol,H,1.008,1,C,0.0,,0,opls_140,0.0372
lanosterol,H,1.008,1,C,0.0,,0,opls_140,0.0372
lanosterol,H,1.008,1,C,0.0,,0,opls_140,0.0372
lanosterol,H,1.008,1,C,0.0,,0,opls_140,0.0372
lanosterol,H,1.008,1,C,0.0,,0,opls_140,0.0372
lanosterol,H,1.008,1,C,0.0,,0,opls_140,0.0407
lanosterol,H,1.008,1,C,0.0,,0,opls_140,0.0407
lanosterol,H,1.008,1,C,0.0,,0,opls_140,0.034033
lanosterol,H,1.008,1,C,0.0,,0,opls_140,0.034033
lanosterol,H,1.008,1,C,0.0,,0,opls_140,0.034033
lanosterol,H,1.008,1,O,0.0,,0,opls_155,0.399
lanosterol,H,1.008,1,C,0.0,,0,opls_140,0.0482
lanosterol,H,1.008,1,C,0.0,,0,opls_140,0.0482
lanosterol,H,1.008,1,C,0.0,,0,opls_146,0.122
lanosterol,H,1.008,1,C,0.0,,0,opls_140,0.040033
lanosterol,H,1.008,1,C,0.0,,0,opls_140,0.040033
lanosterol,H,1.008,1,C,0.0,,0,opls_140,0.040033
lanosterol,H,1.008,1,C,0.0,,0,opls_140,0.040033
lanosterol,H,1.008,1,C,0.0,,0,opls_140,0.040033
lanosterol,H,1.008,1,C,0.0,,0,opls_140,0.040033
theophylline,O,15.9994,1,C,0.0,,0,opls_236,-0.6245
theophylline,O,15.9994,1,C,0.0,,0,opls_236,-0.6355
theophylline,N,14.0067,3,C-C-C,0.0,0.0,1,opls_237,-0.4173
theophylline,N,14.0067,3,C-C-C,0.0,0.0,1,opls_237,-0.4844
theophylline,N,14.0067,3,C-C-H,0.0,0.0,1,opls_503,-0.2669
theophylline,N,14.0067,2,C-C,0.0,0.0,0,opls_511,-0.684
theophylline,C,12.011,3,C-N-N,0.0,0.0,1,opls_500,0.4872
theophylline,C,12.011,3,C-C-N,0.0,0.0,0,opls_500,-0.3532
theophylline,C,12.011,3,C-N-O,0.0,0.0,1,opls_235,0.7621
theophylline,C,12.011,3,N-N-O,0.0,0.0,1,opls_235,0.814501
theophylline,C,12.011,4,H-H-H-N,0.0,0.0,1,opls_135,0.0903
theophylline,C,12.011,4,H-H-H-N,0.0,0.0,0,opls_135,0.0803
theophylline,C,12.011,3,H-N-N,0.0,0.0,1,opls_500,0.4484
theophylline,H,1.008,1,N,0.0,,0,opls_240,0.3277
theophylline,H,1.008,1,C,0.0,,0,opls_140,0.064033
theophylline,H,1.008,1,C,0.0,,0,opls_140,0.064033
theophylline,H,1.008,1,C,0.0,,0,opls_140,0.064033
theophylline,H,1.008,1,C,0.0,,0,opls_140,0.0637
theophylline,H,1.008,1,C,0.0,,0,opls_140,0.0637
theophylline,H,1.008,1,C,0.0,,0,opls_140,0.0637
theophylline,H,1.008,1,C,0.0,,0,opls_146,0.0721
theophylline,O,16.0,1,C,0.1219,,0,o,-0.6245
theophylline,O,16.0,1,C,0.1219,,0,o,-0.6355
theophylline,N,14.01,3,C-C-C,0.1415,120.73,1,n,-0.4173
theophylline,N,14.01,3,C-C-C,0.1419,120.96,1,n,-0.4844
theophylline,N,14.01,3,C-C-H,0.1258,120.46,1,na,-0.2669
theophylline,N,14.01,2,C-C,0.134,109.15,0,nc,-0.684
theophylline,C,12.01,3,C-N-N,0.1373,120.95,1,cc,0.4872
theophylline,C,12.01,3,C-C-N,0.141,118.48,0,cd,-0.3532
theophylline,C,12.01,3,C-N-O,0.1363,119.62,1,c,0.7621
theophylline,C,12.01,3,N-N-O,0.1337,120.44,1,c,0.814501
theophylline,C,12.01,4,H-H-H-N,0.1189,108.66,1,c3,0.0903
theophylline,C,12.01,4,H-H-H-N,0.1189,108.66,0,c3,0.0803
theophylline,C,12.01,3,H-N-N,0.1261,119.71,1,cd,0.4484
theophylline,H,1.008,1,N,0.1009,,0,hn,0.3277
theophylline,H,1.008,1,C,0.1097,,0,h1,0.064033
theophylline,H,1.008,1,C,0.1097,,0,h1,0.064033
theophylline,H,1.008,1,C,0.1097,,0,h1,0.064033
theophylline,H,1.008,1,C,0.1097,,0,h1,0.0637
theophylline,H,1.008,1,C,0.1097,,0,h1,0.0637
theophylline,H,1.008,1,C,0.1097,,0,h1,0.0637
theophylline,H,1.008,1,C,0.1082,,0,h5,0.0721
tryptophan,O,15.9994,2,C-H,0.0,0.0,0,opls_154,-0.6161
tryptophan,OXT,15.9994,1,C,0.0,,0,opls_236,-0.547
tryptophan,NE,14.0067,3,CD-CE-HE,0.0,0.0,0,opls_503,-0.1924
tryptophan,N,0.0,3,CA-H-H,0.0,0.0,0,opls_x,-0.9108
tryptophan,CG,12.011,3,CB-CD-CD,0.0,0.0,0,opls_500,-0.1534
tryptophan,CB,12.011,4,CA-CG-HB-HB,0.0,0.0,0,opls_135,-0.0092
tryptophan,CD,12.011,3,CE-CE-CG,0.0,0.0,1,opls_145,-0.0898
tryptophan,CA,12.011,4,C-CB-HA-N,0.0,0.0,0,opls_135,0.1405
tryptophan,CE,12.011,3,CD-CZ-NE,0.0,0.0,0,opls_145,-0.0472
tryptophan,CD,12.011,3,CG-HD-NE,0.0,0.0,1,opls_500,-0.1041
tryptophan,CE,12.011,3,CD-CZ-HE,0.0,0.0,1,opls_145,-0.082
tryptophan,CZ,12.011,3,CE-CH-HZ,0.0,0.0,1,opls_145,-0.149
tryptophan,C,12.011,3,CA-O-OXT,0.0,0.0,1,opls_235,0.6441
tryptophan,CZ,12.011,3,CE-CH-HZ,0.0,0.0,1,opls_145,-0.158
tryptophan,CH,12.011,3,CZ-CZ-HH,0.0,0.0,1,opls_145,-0.111
tryptophan,HB,1.008,1,CB,0.0,,0,opls_140,0.0737
tryptophan,HB,1.008,1,CB,0.0,,0,opls_140,0.0737
tryptophan,HA,1.008,1,CA,0.0,,0,opls_140,0.0537
tryptophan,HD,1.008,1,CD,0.0,,1,opls_146,0.162
tryptophan,HE,1.008,1,NE,0.0,,0,opls_240,0.2987
tryptophan,HE,1.008,1,CE,0.0,,0,opls_146,0.158
tryptophan,HZ,1.008,1,CZ,0.0,,0,opls_146,0.131
tryptophan,HZ,1.008,1,CZ,0.0,,0,opls_146,0.131
tryptophan,H,1.008,1,N,0.0,,0,opls_240,0.3648
tryptophan,H,1.008,1,N,0.0,,0,opls_240,0.3648
tryptophan,HH,1.008,1,CH,0.0,,0,opls_146,0.129
tryptophan,H,1.008,1,O,0.0,,0,opls_155,0.445
tryptophan,O,16.0,2,C-H,0.1164,106.54,0,oh,-0.6161
tryptophan,OXT,16.0,1,C,0.1219,,0,o,-0.547
tryptophan,NE,14.01,3,CD-CE-HE,0.1259,119.84,0,na,-0.1924
tryptophan,N,14.01,3,CA-H-H,0.1168,108.53,0,n8,-0.9108
tryptophan,CG,12.01,3,CB-CD-CD,0.1442,123.36,0,cc,-0.1534
tryptophan,CB,12.01,4,CA-CG-HB-HB,0.1307,110.13,0,c3,-0.0092
tryptophan,CD,12.01,3,CE-CE-CG,0.1417,120.61,1,ca,-0.0898
tryptophan,CA,12.01,4,C-CB-HA-N,0.1406,109.9,0,c3,0.1405
tryptophan,CE,12.01,3,CD-CZ-NE,0.1394,120.21,0,ca,-0.0472
tryptophan,CD,12.01,3,CG-HD-NE,0.1279,118.93,1,cd,-0.1041
tryptophan,CE,12.01,3,CD-CZ-HE,0.1294,119.93,1,ca,-0.082
tryptophan,CZ,12.01,3,CE-CH-HZ,0.1294,119.93,1,ca,-0.149
tryptophan,C,12.01,3,CA-O-OXT,0.1367,119.24,1,c,0.6441
tryptophan,CZ,12.01,3,CE-CH-HZ,0.1294,119.93,1,ca,-0.158
tryptophan,CH,12.01,3,CZ-CZ-HH,0.1294,119.93,1,ca,-0.111
tryptophan,HB,1.008,1,CB,0.1096,,0,hc,0.0737
tryptophan,HB,1.008,1,CB,0.1096,,0,hc,0.0737
tryptophan,HA,1.008,1,CA,0.1097,,0,h1,0.0537
tryptophan,HD,1.008,1,CD,0.1082,,1,h4,0.162
tryptophan,HE,1.008,1,NE,0.1009,,0,hn,0.2987
tryptophan,HE,1.008,1,CE,0.1086,,0,ha,0.158
tryptophan,HZ,1.008,1,CZ,0.1086,,0,ha,0.131
tryptophan,HZ,1.008,1,CZ,0.1086,,0,ha,0.131
tryptophan,H,1.008,1,N,0.1019,,0,hn,0.3648
tryptophan,H,1.008,1,N,0.1019,,0,hn,0.3648
tryptophan,HH,1.008,1,CH,0.1086,,0,ha,0.129
tryptophan,H,1.008,1,O,0.0973,,0,ho,0.445
adenosine,O*,16.0,2,C*-C*,0.1435,109.26,0,os,-0.4126
adenosine,O*,16.0,2,C*-H,0.1196,107.17,0,oh,-0.5628
adenosine,O*,16.0,2,C*-H,0.1196,107.17,0,oh,-0.5868
adenosine,O*,16.0,2,C*-H*,0.1198,107.39,0,oh,-0.5888
adenosine,N,14.01,3,C-C-C*,0.1409,121.02,1,na,-0.284
adenosine,N,14.01,2,C-C,0.1351,104.17,0,nc,-0.5321
adenosine,N,14.01,2,C-C,0.1339,117.24,1,nb,-0.734
adenosine,N,14.01,2,C-C,0.1339,117.24,1,nb,-0.795
adenosine,N,14.01,3,C-H-H,0.1132,116.25,0,nv,-0.9635
adenosine,C*,12.01,4,C*-C*-H*-O*,0.1403,109.95,0,c5,0.1301
adenosine,C*,12.01,4,C*-H*-N-O*,0.1384,109.4,0,c5,0.2108
adenosine,C*,12.01,4,C*-C*-H*-O*,0.1403,109.95,0,c5,0.0801
adenosine,C*,12.01,4,C*-C*-H*-O*,0.1404,109.6,0,c5,0.0471
adenosine,C*,12.01,4,C*-H*-H*-O*,0.1289,109.65,0,c3,0.1184
adenosine,C,12.01,3,C-N-N,0.1375,123.45,1,ca,0.4778
adenosine,C,12.01,3,H-N-N,0.1261,119.71,0,cd,0.3947
adenosine,C,12.01,3,C-C-N,0.1394,121.25,0,ca,-0.2402
adenosine,C,12.01,3,C-N-N,0.1371,120.22,1,ca,0.7672
adenosine,C,12.01,3,H-N-N,0.1255,119.63,0,ca,0.6919
adenosine,H*,1.008,1,C*,0.1097,,0,h1,0.1017
adenosine,H*,1.008,1,C*,0.1095,,0,h2,0.1357
adenosine,H*,1.008,1,C*,0.1097,,0,h1,0.0607
adenosine,H*,1.008,1,C*,0.1097,,0,h1,0.0957
adenosine,H*,1.008,1,C*,0.1097,,0,h1,0.0502
adenosine,H*,1.008,1,C*,0.1097,,0,h1,0.0502
adenosine,H,1.008,1,O*,0.0973,,0,ho,0.427
adenosine,H,1.008,1,O*,0.0973,,0,ho,0.419
adenosine,H,1.008,1,C,0.1082,,0,h5,0.0668
adenosine,H*,1.008,1,O*,0.0973,,0,ho,0.419
adenosine,H,1.008,1,C,0.1088,,0,h5,0.0541
adenosine,H,1.008,1,N,0.1011,,1,hn,0.4508
adenosine,H,1.008,1,N,0.1011,,0,hn,0.4508
adenosine,O*,0.0,2,C*-C*,0.0,0.0,0,opls_x,-0.4126
adenosine,O*,15.9994,2,C*-H,0.0,0.0,0,opls_154,-0.5628
adenosine,O*,15.9994,2,C*-H,0.0,0.0,0,opls_154,-0.5868
adenosine,O*,15.9994,2,C*-H*,0.0,0.0,0,opls_154,-0.5888
adenosine,N,14.0067,3,C-C-C*,0.0,0.0,1,opls_503,-0.284
adenosine,N,14.0067,2,C-C,0.0,0.0,0,opls_511,-0.5321
adenosine,N,0.0,2,C-C,0.0,0.0,1,opls_x,-0.734
adenosine,N,0.0,2,C-C,0.0,0.0,1,opls_x,-0.795
adenosine,N,0.0,3,C-H-H,0.0,0.0,0,opls_x,-0.9635
adenosine,C*,0.0,4,C*-C*-H*-O*,0.0,0.0,0,opls_x,0.1301
adenosine,C*,0.0,4,C*-H*-N-O*,0.0,0.0,0,opls_x,0.2108
adenosine,C*,0.0,4,C*-C*-H*-O*,0.0,0.0,0,opls_x,0.0801
adenosine,C*,0.0,4,C*-C*-H*-O*,0.0,0.0,0,opls_x,0.0471
adenosine,C*,12.011,4,C*-H*-H*-O*,0.0,0.0,0,opls_135,0.1184
adenosine,C,12.011,3,C-N-N,0.0,0.0,1,opls_145,0.4778
adenosine,C,12.011,3,H-N-N,0.0,0.0,0,opls_500,0.3947
adenosine,C,12.011,3,C-C-N,0.0,0.0,0,opls_145,-0.2402
adenosine,C,12.011,3,C-N-N,0.0,0.0,1,opls_145,0.7672
adenosine,C,12.011,3,H-N-N,0.0,0.0,0,opls_145,0.6919
adenosine,H*,1.008,1,C*,0.0,,0,opls_140,0.1017
adenosine,H*,0.0,1,C*,0.0,,0,opls_x,0.1357
adenosine,H*,1.008,1,C*,0.0,,0,opls_140,0.0607
adenosine,H*,1.008,1,C*,0.0,,0,opls_140,0.0957
adenosine,H*,1.008,1,C*,0.0,,0,opls_140,0.0502
adenosine,H*,1.008,1,C*,0.0,,0,opls_140,0.0502
adenosine,H,1.008,1,O*,0.0,,0,opls_155,0.427
adenosine,H,1.008,1,O*,0.0,,0,opls_155,0.419
adenosine,H,1.008,1,C,0.0,,0,opls_146,0.0668
adenosine,H*,1.008,1,O*,0.0,,0,opls_155,0.419
adenosine,H,1.008,1,C,0.0,,0,opls_146,0.0541
adenosine,H,1.008,1,N,0.0,,1,opls_240,0.4508
adenosine,H,1.008,1,N,0.0,,0,opls_240,0.4508
diclofenac,CL,0.0,1,C,0.0,,0,opls_x,-0.0714
diclofenac,CL,0.0,1,C,0.0,,0,opls_x,-0.0714
diclofenac,O,15.9994,2,C-H,0.0,0.0,0,opls_154,-0.6031
diclofenac,O,15.9994,1,C,0.0,,1,opls_236,-0.566
diclofenac,N,0.0,3,C-C-H,0.0,0.0,0,opls_x,-0.625
diclofenac,C,12.011,3,C-C-C,0.0,0.0,0,opls_145,-0.1343
diclofenac,C,12.011,3,C-C-N,0.0,0.0,0,opls_145,0.1716
diclofenac,C,12.011,4,C-C-H-H,0.0,0.0,0,opls_135,-0.0751
diclofenac,C,12.011,3,C-C-N,0.0,0.0,1,opls_145,0.1356
diclofenac,C,12.011,3,C-C-H,0.0,0.0,1,opls_145,-0.089
diclofenac,C,12.011,3,C-C-H,0.0,0.0,1,opls_145,-0.175
diclofenac,C,12.011,3,C-C-H,0.0,0.0,1,opls_145,-0.163
diclofenac,C,12.011,3,C-C-H,0.0,0.0,1,opls_145,-0.09
diclofenac,C,12.011,3,C-C-CL,0.0,0.0,1,opls_145,-0.0011
diclofenac,C,12.011,3,C-C-CL,0.0,0.0,1,opls_145,-0.0011
diclofenac,C,12.011,3,C-O-O,0.0,0.0,0,opls_235,0.6431
diclofenac,C,12.011,3,C-C-H,0.0,0.0,0,opls_145,-0.1135
diclofenac,C,12.011,3,C-C-H,0.0,0.0,1,opls_145,-0.1135
diclofenac,C,12.011,3,C-C-H,0.0,0.0,1,opls_145,-0.128
diclofenac,H,1.008,1,C,0.0,,0,opls_140,0.0907
diclofenac,H,1.008,1,C,0.0,,0,opls_140,0.0907
diclofenac,H,1.008,1,N,0.0,,0,opls_240,0.4508
diclofenac,H,1.008,1,C,0.0,,0,opls_146,0.134
diclofenac,H,1.008,1,C,0.0,,0,opls_146,0.143
diclofenac,H,1.008,1,C,0.0,,0,opls_146,0.135
diclofenac,H,1.008,1,C,0.0,,0,opls_146,0.134
diclofenac,H,1.008,1,C,0.0,,0,opls_146,0.1515
diclofenac,H,1.008,1,C,0.0,,0,opls_146,0.1515
diclofenac,H,1.008,1,C,0.0,,0,opls_146,0.144
diclofenac,H,1.008,1,O,0.0,,0,opls_155,0.445
diclofenac,CL,35.45,1,C,0.1757,,0,cl,-0.0714
diclofenac,CL,35.45,1,C,0.1757,,0,cl,-0.0714
diclofenac,O,16.0,2,C-H,0.1164,106.54,0,oh,-0.6031
diclofenac,O,16.0,1,C,0.1219,,1,o,-0.566
diclofenac,N,14.01,3,C-C-H,0.1268,119.91,0,nu,-0.625
diclofenac,C,12.01,3,C-C-C,0.1437,120.56,0,ca,-0.1343
diclofenac,C,12.01,3,C-C-N,0.1397,120.5,0,ca,0.1716
diclofenac,C,12.01,4,C-C-H-H,0.1309,109.67,0,c3,-0.0751
diclofenac,C,12.01,3,C-C-N,0.1397,120.5,1,ca,0.1356
diclofenac,C,12.01,3,C-C-H,0.1294,119.93,1,ca,-0.089
diclofenac,C,12.01,3,C-C-H,0.1294,119.93,1,ca,-0.175
diclofenac,C,12.01,3,C-C-H,0.1294,119.93,1,ca,-0.163
diclofenac,C,12.01,3,C-C-H,0.1294,119.93,1,ca,-0.09
diclofenac,C,12.01,3,C-C-CL,0.1518,119.59,1,ca,-0.0011
diclofenac,C,12.01,3,C-C-CL,0.1518,119.59,1,ca,-0.0011
diclofenac,C,12.01,3,C-O-O,0.1367,119.24,0,c,0.6431
diclofenac,C,12.01,3,C-C-H,0.1294,119.93,0,ca,-0.1135
diclofenac,C,12.01,3,C-C-H,0.1294,119.93,1,ca,-0.1135
diclofenac,C,12.01,3,C-C-H,0.1294,119.93,1,ca,-0.128
diclofenac,H,1.008,1,C,0.1096,,0,hc,0.0907
diclofenac,H,1.008,1,C,0.1096,,0,hc,0.0907
diclofenac,H,1.008,1,N,0.1014,,0,hn,0.4508
diclofenac,H,1.008,1,C,0.1086,,0,ha,0.134
diclofenac,H,1.008,1,C,0.1086,,0,ha,0.143
diclofenac,H,1.008,1,C,0.1086,,0,ha,0.135
diclofenac,H,1.008,1,C,0.1086,,0,ha,0.134
diclofenac,H,1.008,1,C,0.1086,,0,ha,0.1515
diclofenac,H,1.008,1,C,0.1086,,0,ha,0.1515
diclofenac,H,1.008,1,C,0.1086,,0,ha,0.144
diclofenac,H,1.008,1,O,0.0973,,0,ho,0.445
metformin,N,14.0067,3,C-C-C,0.0,0.0,1,opls_300,-0.7196
metformin,N,0.0,2,C-C,0.0,0.0,0,opls_x,-0.856
metformin,N,0.0,2,C-H,0.0,0.0,0,opls_x,-0.8711
metformin,N,0.0,3,C-H-H,0.0,0.0,1,opls_x,-0.9188
metformin,N,0.0,3,C-H-H,0.0,0.0,0,opls_x,-0.9188
metformin,C,12.011,4,H-H-H-N,0.0,0.0,0,opls_135,0.1616
metformin,C,12.011,4,H-H-H-N,0.0,0.0,0,opls_135,0.1616
metformin,C,0.0,3,N-N-N,0.0,0.0,1,opls_x,0.8202
metformin,C,12.011,3,N-N-N,0.0,0.0,0,opls_509,0.8461
metformin,H,1.008,1,C,0.0,,0,opls_140,0.0362
metformin,H,1.008,1,C,0.0,,0,opls_140,0.0362
metformin,H,1.008,1,C,0.0,,0,opls_140,0.0362
metformin,H,1.008,1,C,0.0,,0,opls_140,0.0362
metformin,H,1.008,1,C,0.0,,0,opls_140,0.0362
metformin,H,1.008,1,C,0.0,,0,opls_140,0.0362
metformin,H,1.008,1,N,0.0,,0,opls_240,0.4084
metformin,H,1.008,1,N,0.0,,1,opls_240,0.4173
metformin,H,1.008,1,N,0.0,,0,opls_240,0.4173
metformin,H,1.008,1,N,0.0,,1,opls_240,0.4173
metformin,H,1.008,1,N,0.0,,0,opls_240,0.4173
metformin,N,14.01,3,C-C-C,0.1436,119.57,1,nh,-0.7196
metformin,N,14.01,2,C-C,0.1343,115.8,0,ne,-0.856
metformin,N,14.01,2,C-H,0.1155,110.98,0,n2,-0.8711
metformin,N,14.01,3,C-H-H,0.1138,115.13,1,nv,-0.9188
metformin,N,14.01,3,C-H-H,0.1138,115.13,0,nv,-0.9188
metformin,C,12.01,4,H-H-H-N,0.1188,109.12,0,c3,0.1616
metformin,C,12.01,4,H-H-H-N,0.1188,109.12,0,c3,0.1616
metformin,C,12.01,3,N-N-N,0.1355,121.51,1,ce,0.8202
metformin,C,12.01,3,N-N-N,0.1358,119.36,0,c2,0.8461
metformin,H,1.008,1,C,0.1097,,0,h1,0.0362
metformin,H,1.008,1,C,0.1097,,0,h1,0.0362
metformin,H,1.008,1,C,0.1097,,0,h1,0.0362
metformin,H,1.008,1,C,0.1097,,0,h1,0.0362
metformin,H,1.008,1,C,0.1097,,0,h1,0.0362
metformin,H,1.008,1,C,0.1097,,0,h1,0.0362
metformin,H,1.008,1,N,0.1022,,0,hn,0.4084
metformin,H,1.008,1,N,0.1011,,1,hn,0.4173
metformin,H,1.008,1,N,0.1011,,0,hn,0.4173
metformin,H,1.008,1,N,0.1011,,1,hn,0.4173
metformin,H,1.008,1,N,0.1011,,0,hn,0.4173
phenylalanine,O,16.0,2,C-H,0.1164,106.54,0,oh,-0.5911
phenylalanine,OXT,16.0,1,C,0.1219,,0,o,-0.556
phenylalanine,N,14.01,3,CA-H-H,0.1168,108.53,0,n8,-0.9048
phenylalanine,CB,12.01,4,CA-CG-HB-HB,0.1311,110.13,0,c3,-0.0751
phenylalanine,CA,12.01,4,C-CB-HA-N,0.1406,109.9,0,c3,0.1315
phenylalanine,CG,12.01,3,CB-CD-CD,0.1437,120.56,0,ca,-0.0903
phenylalanine,CD,12.01,3,CE-CG-HD,0.1294,119.93,0,ca,-0.122
phenylalanine,CD,12.01,3,CE-CG-HD,0.1294,119.93,1,ca,-0.122
phenylalanine,C,12.01,3,CA-O-OXT,0.1367,119.24,1,c,0.6461
phenylalanine,CE,12.01,3,CD-CZ-HE,0.1294,119.93,1,ca,-0.1265
phenylalanine,CE,12.01,3,CD-CZ-HE,0.1294,119.93,1,ca,-0.1265
phenylalanine,CZ,12.01,3,CE-CE-HZ,0.1294,119.93,1,ca,-0.126
phenylalanine,HB,1.008,1,CB,0.1096,,0,hc,0.0627
phenylalanine,HB,1.008,1,CB,0.1096,,0,hc,0.0627
phenylalanine,HA,1.008,1,CA,0.1097,,0,h1,0.0977
phenylalanine,HD,1.008,1,CD,0.1086,,0,ha,0.134
phenylalanine,HD,1.008,1,CD,0.1086,,0,ha,0.134
phenylalanine,H,1.008,1,N,0.1019,,0,hn,0.3638
phenylalanine,H,1.008,1,N,0.1019,,0,hn,0.3638
phenylalanine,HE,1.008,1,CE,0.1086,,0,ha,0.1335
phenylalanine,HE,1.008,1,CE,0.1086,,0,ha,0.1335
phenylalanine,HZ,1.008,1,CZ,0.1086,,0,ha,0.133
phenylalanine,H,1.008,1,O,0.0973,,0,ho,0.444
phenylalanine,O,15.9994,2,C-H,0.0,0.0,0,opls_154,-0.5911
phenylalanine,OXT,15.9994,1,C,0.0,,0,opls_236,-0.556
phenylalanine,N,0.0,3,CA-H-H,0.0,0.0,0,opls_x,-0.9048
phenylalanine,CB,12.011,4,CA-CG-HB-HB,0.0,0.0,0,opls_135,-0.0751
phenylalanine,CA,12.011,4,C-CB-HA-N,0.0,0.0,0,opls_135,0.1315
phenylalanine,CG,12.011,3,CB-CD-CD,0.0,0.0,0,opls_145,-0.0903
phenylalanine,CD,12.011,3,CE-CG-HD,0.0,0.0,0,opls_145,-0.122
phenylalanine,CD,12.011,3,CE-CG-HD,0.0,0.0,1,opls_145,-0.122
phenylalanine,C,12.011,3,CA-O-OXT,0.0,0.0,1,opls_235,0.6461
phenylalanine,CE,12.011,3,CD-CZ-HE,0.0,0.0,1,opls_145,-0.1265
phenylalanine,CE,12.011,3,CD-CZ-HE,0.0,0.0,1,opls_145,-0.1265
phenylalanine,CZ,12.011,3,CE-CE-HZ,0.0,0.0,1,opls_145,-0.126
phenylalanine,HB,1.008,1,CB,0.0,,0,opls_140,0.0627
phenylalanine,HB,1.008,1,CB,0.0,,0,opls_140,0.0627
phenylalanine,HA,1.008,1,CA,0.0,,0,opls_140,0.0977
phenylalanine,HD,1.008,1,CD,0.0,,0,opls_146,0.134
phenylalanine,HD,1.008,1,CD,0.0,,0,opls_146,0.134
phenylalanine,H,1.008,1,N,0.0,,0,opls_240,0.3638
phenylalanine,H,1.008,1,N,0.0,,0,opls_240,0.3638
phenylalanine,HE,1.008,1,CE,0.0,,0,opls_146,0.1335
phenylalanine,HE,1.008,1,CE,0.0,,0,opls_146,0.1335
phenylalanine,HZ,1.008,1,CZ,0.0,,0,opls_146,0.133
phenylalanine,H,1.008,1,O,0.0,,0,opls_155,0.444
atenolol,O,0.0,2,C-C,0.0,0.0,0,opls_x,-0.3169
atenolol,O,15.9994,2,C-H,0.0,0.0,0,opls_154,-0.5898
atenolol,O,15.9994,1,C,0.0,,0,opls_236,-0.6191
atenolol,N,0.0,3,C-C-H,0.0,0.0,0,opls_x,-0.824198
atenolol,N,0.0,3,C-H-H,0.0,0.0,1,opls_x,-0.667
atenolol,C,12.011,4,C-H-H-N,0.0,0.0,0,opls_135,0.1318
atenolol,C,12.011,4,C-C-H-O,0.0,0.0,0,opls_135,0.1441
atenolol,C,12.011,4,C-C-H-N,0.0,0.0,0,opls_135,0.1795
atenolol,C,12.011,4,C-H-H-O,0.0,0.0,0,opls_135,0.1354
atenolol,C,12.011,4,C-H-H-H,0.0,0.0,0,opls_135,-0.0961
atenolol,C,12.011,4,C-H-H-H,0.0,0.0,0,opls_135,-0.0961
atenolol,C,12.011,3,C-C-O,0.0,0.0,1,opls_145,0.1401
atenolol,C,12.011,3,C-C-C,0.0,0.0,0,opls_145,-0.1353
atenolol,C,12.011,3,C-C-H,0.0,0.0,1,opls_145,-0.1815
atenolol,C,12.011,3,C-C-H,0.0,0.0,1,opls_145,-0.1815
atenolol,C,12.011,3,C-C-H,0.0,0.0,1,opls_145,-0.093
atenolol,C,12.011,3,C-C-H,0.0,0.0,1,opls_145,-0.093
atenolol,C,12.011,4,C-C-H-H,0.0,0.0,0,opls_135,-0.1041
atenolol,C,12.011,3,C-N-O,0.0,0.0,0,opls_235,0.6551
atenolol,H,1.008,1,C,0.0,,0,opls_140,0.0442
atenolol,H,1.008,1,C,0.0,,0,opls_140,0.0442
atenolol,H,1.008,1,C,0.0,,0,opls_140,0.0387
atenolol,H,1.008,1,C,0.0,,0,opls_140,0.0187
atenolol,H,1.008,1,N,0.0,,0,opls_240,0.3568
atenolol,H,1.008,1,C,0.0,,0,opls_140,0.0567
atenolol,H,1.008,1,C,0.0,,0,opls_140,0.0567
atenolol,H,1.008,1,C,0.0,,0,opls_140,0.040533
atenolol,H,1.008,1,C,0.0,,0,opls_140,0.040533
atenolol,H,1.008,1,C,0.0,,0,opls_140,0.040533
atenolol,H,1.008,1,C,0.0,,0,opls_140,0.040533
atenolol,H,1.008,1,C,0.0,,0,opls_140,0.040533
atenolol,H,1.008,1,C,0.0,,0,opls_140,0.040533
atenolol,H,1.008,1,O,0.0,,0,opls_155,0.403
atenolol,H,1.008,1,C,0.0,,0,opls_146,0.146
atenolol,H,1.008,1,C,0.0,,0,opls_146,0.146
atenolol,H,1.008,1,C,0.0,,0,opls_146,0.137
atenolol,H,1.008,1,C,0.0,,0,opls_146,0.137
atenolol,H,1.008,1,C,0.0,,0,opls_140,0.0812
atenolol,H,1.008,1,C,0.0,,0,opls_140,0.0812
atenolol,H,1.008,1,N,0.0,,1,opls_240,0.3105
atenolol,H,1.008,1,N,0.0,,0,opls_240,0.3105
atenolol,O,16.0,2,C-C,0.1398,118.39,0,os,-0.3169
atenolol,O,16.0,2,C-H,0.1198,107.39,0,oh,-0.5898
atenolol,O,16.0,1,C,0.1219,,0,o,-0.6191
atenolol,N,14.01,3,C-C-H,0.1315,110.77,0,n7,-0.824198
atenolol,N,14.01,3,C-H-H,0.1129,118.28,1,nt,-0.667
atenolol,C,12.01,4,C-H-H-N,0.1298,109.75,0,c3,0.1318
atenolol,C,12.01,4,C-C-H-O,0.1398,110.25,0,c3,0.1441
atenolol,C,12.01,4,C-C-H-N,0.1408,110.42,0,c3,0.1795
atenolol,C,12.01,4,C-H-H-O,0.1289,109.34,0,c3,0.1354
atenolol,C,12.01,4,C-H-H-H,0.1206,108.7,0,c3,-0.0961
atenolol,C,12.01,4,C-H-H-H,0.1206,108.7,0,c3,-0.0961
atenolol,C,12.01,3,C-C-O,0.1389,119.41,1,ca,0.1401
atenolol,C,12.01,3,C-C-C,0.1437,120.56,0,ca,-0.1353
atenolol,C,12.01,3,C-C-H,0.1294,119.93,1,ca,-0.1815
atenolol,C,12.01,3,C-C-H,0.1294,119.93,1,ca,-0.1815
atenolol,C,12.01,3,C-C-H,0.1294,119.93,1,ca,-0.093
atenolol,C,12.01,3,C-C-H,0.1294,119.93,1,ca,-0.093
atenolol,C,12.01,4,C-C-H-H,0.1309,109.67,0,c3,-0.1041
atenolol,C,12.01,3,C-N-O,0.1371,120.41,0,c,0.6551
atenolol,H,1.008,1,C,0.1097,,0,h1,0.0442
atenolol,H,1.008,1,C,0.1097,,0,h1,0.0442
atenolol,H,1.008,1,C,0.1097,,0,h1,0.0387
atenolol,H,1.008,1,C,0.1097,,0,h1,0.0187
atenolol,H,1.008,1,N,0.1019,,0,hn,0.3568
atenolol,H,1.008,1,C,0.1097,,0,h1,0.0567
atenolol,H,1.008,1,C,0.1097,,0,h1,0.0567
atenolol,H,1.008,1,C,0.1096,,0,hc,0.040533
atenolol,H,1.008,1,C,0.1096,,0,hc,0.040533
atenolol,H,1.008,1,C,0.1096,,0,hc,0.040533
atenolol,H,1.008,1,C,0.1096,,0,hc,0.040533
atenolol,H,1.008,1,C,0.1096,,0,hc,0.040533
atenolol,H,1.008,1,C,0.1096,,0,hc,0.040533
atenolol,H,1.008,1,O,0.0973,,0,ho,0.403
atenolol,H,1.008,1,C,0.1086,,0,ha,0.146
atenolol,H,1.008,1,C,0.1086,,0,ha,0.146
atenolol,H,1.008,1,C,0.1086,,0,ha,0.137
atenolol,H,1.008,1,C,0.1086,,0,ha,0.137
atenolol,H,1.008,1,C,0.1096,,0,hc,0.0812
atenolol,H,1.008,1,C,0.1096,,0,hc,0.0812
atenolol,H,1.008,1,N,0.1011,,1,hn,0.3105
atenolol,H,1.008,1,N,0.1011,,0,hn,0.3105
guanine,O,15.9994,1,C,0.0,,0,opls_236,-0.6365
guanine,N,14.0067,3,C-C-H,0.0,0.0,1,opls_503,-0.2799
guanine,N,0.0,3,C-C-H,0.0,0.0,1,opls_x,-0.4924
guanine,N,14.0067,2,C-C,0.0,0.0,1,opls_511,-0.6927
guanine,N,14.0067,2,C-C,0.0,0.0,0,opls_511,-0.645
guanine,N,0.0,3,C-H-H,0.0,0.0,0,opls_x,-0.8798
guanine,C,12.011,3,C-C-N,0.0,0.0,0,opls_500,-0.3512
guanine,C,12.011,3,C-N-N,0.0,0.0,1,opls_500,0.5883
guanine,C,12.011,3,C-N-O,0.0,0.0,1,opls_235,0.7471
guanine,C,12.011,3,N-N-N,0.0,0.0,1,opls_500,0.6458
guanine,C,12.011,3,H-N-N,0.0,0.0,1,opls_500,0.4414
guanine,H,1.008,1,N,0.0,,0,opls_240,0.3227
guanine,H,1.008,1,N,0.0,,0,opls_240,0.3385
guanine,H,1.008,1,C,0.0,,0,opls_146,0.0681
guanine,H,1.008,1,N,0.0,,1,opls_240,0.4128
guanine,H,1.008,1,N,0.0,,0,opls_240,0.4128
guanine,O,16.0,1,C,0.1219,,0,o,-0.6365
guanine,N,14.01,3,C-C-H,0.1258,120.46,1,na,-0.2799
guanine,N,14.01,3,C-C-H,0.1257,120.85,1,ns,-0.4924
guanine,N,14.01,2,C-C,0.134,109.15,1,nc,-0.6927
guanine,N,14.01,2,C-C,0.134,109.15,0,nc,-0.645
guanine,N,14.01,3,C-H-H,0.1131,116.24,0,nv,-0.8798
guanine,C,12.01,3,C-C-N,0.141,118.48,0,cd,-0.3512
guanine,C,12.01,3,C-N-N,0.1366,120.13,1,cc,0.5883
guanine,C,12.01,3,C-N-O,0.1357,119.65,1,c,0.7471
guanine,C,12.01,3,N-N-N,0.1355,120.08,1,cd,0.6458
guanine,C,12.01,3,H-N-N,0.1261,119.71,1,cd,0.4414
guanine,H,1.008,1,N,0.1009,,0,hn,0.3227
guanine,H,1.008,1,N,0.1013,,0,hn,0.3385
guanine,H,1.008,1,C,0.1082,,0,h5,0.0681
guanine,H,1.008,1,N,0.1011,,1,hn,0.4128
guanine,H,1.008,1,N,0.1011,,0,hn,0.4128
aspirin,O,16.0,2,C-C,0.1365,121.29,0,os,-0.3812
aspirin,O,16.0,2,C-H,0.1164,106.54,0,oh,-0.6051
aspirin,O,16.0,1,C,0.1219,,1,o,-0.565
aspirin,O,16.0,1,C,0.1219,,0,o,-0.518
aspirin,C,12.01,3,C-C-O,0.1389,119.41,1,ca,0.1801
aspirin,C,12.01,3,C-C-C,0.1429,120.23,0,ca,-0.1476
aspirin,C,12.01,3,C-C-H,0.1294,119.93,0,ca,-0.147
aspirin,C,12.01,3,C-C-H,0.1294,119.93,0,ca,-0.057
aspirin,C,12.01,3,C-C-H,0.1294,119.93,1,ca,-0.082
aspirin,C,12.01,3,C-C-H,0.1294,119.93,1,ca,-0.154
aspirin,C,12.01,3,C-O-O,0.1355,119.38,0,c,0.6657
aspirin,C,12.01,3,C-O-O,0.1369,118.97,1,c,0.6651
aspirin,C,12.01,4,C-H-H-H,0.1204,108.34,0,c3,-0.1471
aspirin,H,1.008,1,C,0.1086,,0,ha,0.154
aspirin,H,1.008,1,C,0.1086,,0,ha,0.159
aspirin,H,1.008,1,C,0.1086,,0,ha,0.141
aspirin,H,1.008,1,C,0.1086,,0,ha,0.143
aspirin,H,1.008,1,C,0.1096,,0,hc,0.0827
aspirin,H,1.008,1,C,0.1096,,0,hc,0.0827
aspirin,H,1.008,1,C,0.1096,,0,hc,0.0827
aspirin,H,1.008,1,O,0.0973,,0,ho,0.448
aspirin,O,0.0,2,C-C,0.0,0.0,0,opls_x,-0.3812
aspirin,O,15.9994,2,C-H,0.0,0.0,0,opls_154,-0.6051
aspirin,O,15.9994,1,C,0.0,,1,opls_236,-0.565
aspirin,O,15.9994,1,C,0.0,,0,opls_236,-0.518
aspirin,C,12.011,3,C-C-O,0.0,0.0,1,opls_145,0.1801
aspirin,C,12.011,3,C-C-C,0.0,0.0,0,opls_145,-0.1476
aspirin,C,12.011,3,C-C-H,0.0,0.0,0,opls_145,-0.147
aspirin,C,12.011,3,C-C-H,0.0,0.0,0,opls_145,-0.057
aspirin,C,12.011,3,C-C-H,0.0,0.0,1,opls_145,-0.082
aspirin,C,12.011,3,C-C-H,0.0,0.0,1,opls_145,-0.154
aspirin,C,12.011,3,C-O-O,0.0,0.0,0,opls_235,0.6657
aspirin,C,12.011,3,C-O-O,0.0,0.0,1,opls_235,0.6651
aspirin,C,12.011,4,C-H-H-H,0.0,0.0,0,opls_135,-0.1471
aspirin,H,1.008,1,C,0.0,,0,opls_146,0.154
aspirin,H,1.008,1,C,0.0,,0,opls_146,0.159
aspirin,H,1.008,1,C,0.0,,0,opls_146,0.141
aspirin,H,1.008,1,C,0.0,,0,opls_146,0.143
aspirin,H,1.008,1,C,0.0,,0,opls_140,0.0827
aspirin,H,1.008,1,C,0.0,,0,opls_140,0.0827
aspirin,H,1.008,1,C,0.0,,0,opls_140,0.0827
aspirin,H,1.008,1,O,0.0,,0,opls_155,0.448
proline,O,16.0,2,C-H,0.1164,106.54,0,oh,-0.6021
proline,OXT,16.0,1,C,0.1219,,0,o,-0.555
proline,N,14.01,3,CA-CD-H,0.132,108.53,0,n7,-0.7972
proline,CA,12.01,4,C-CB-HA-N,0.1413,109.04,0,c5,0.1255
proline,CB,12.01,4,CA-CG-HB-HB,0.1322,109.29,0,c5,-0.0824
proline,CG,12.01,4,CB-CD-HG-HG,0.1322,109.29,0,c5,-0.0984
proline,CD,12.01,4,CG-HD-HD-N,0.1303,109.52,0,c5,0.1478
proline,C,12.01,3,CA-O-OXT,0.137,119.94,1,c,0.6111
proline,HA,1.008,1,CA,0.1097,,0,h1,0.0987
proline,HB,1.008,1,CB,0.1095,,0,hc,0.0612
proline,HB,1.008,1,CB,0.1095,,0,hc,0.0612
proline,HG,1.008,1,CG,0.1095,,0,hc,0.0527
proline,HG,1.008,1,CG,0.1095,,0,hc,0.0527
proline,HD,1.008,1,CD,0.1097,,0,h1,0.0487
proline,HD,1.008,1,CD,0.1097,,0,h1,0.0487
proline,H,1.008,1,N,0.1019,,0,hn,0.3808
proline,H,1.008,1,O,0.0973,,0,ho,0.446
proline,O,15.9994,2,C-H,0.0,0.0,0,opls_154,-0.6021
proline,OXT,15.9994,1,C,0.0,,0,opls_236,-0.555
proline,N,0.0,3,CA-CD-H,0.0,0.0,0,opls_x,-0.7972
proline,CA,0.0,4,C-CB-HA-N,0.0,0.0,0,opls_x,0.1255
proline,CB,0.0,4,CA-CG-HB-HB,0.0,0.0,0,opls_x,-0.0824
proline,CG,0.0,4,CB-CD-HG-HG,0.0,0.0,0,opls_x,-0.0984
proline,CD,0.0,4,CG-HD-HD-N,0.0,0.0,0,opls_x,0.1478
proline,C,12.011,3,CA-O-OXT,0.0,0.0,1,opls_235,0.6111
proline,HA,1.008,1,CA,0.0,,0,opls_140,0.0987
proline,HB,1.008,1,CB,0.0,,0,opls_140,0.0612
proline,HB,1.008,1,CB,0.0,,0,opls_140,0.0612
proline,HG,1.008,1,CG,0.0,,0,opls_140,0.0527
proline,HG,1.008,1,CG,0.0,,0,opls_140,0.0527
proline,HD,1.008,1,CD,0.0,,0,opls_140,0.0487
proline,HD,1.008,1,CD,0.0,,0,opls_140,0.0487
proline,H,1.008,1,N,0.0,,0,opls_240,0.3808
proline,H,1.008,1,O,0.0,,0,opls_155,0.446
atrazine,CL,0.0,1,C,0.0,,0,opls_x,-0.116
atrazine,N,0.0,3,C-C-H,0.0,0.0,0,opls_x,-0.8269
atrazine,N,0.0,3,C-C-H,0.0,0.0,0,opls_x,-0.8489
atrazine,N,0.0,2,C-C,0.0,0.0,0,opls_x,-0.834
atrazine,N,0.0,2,C-C,0.0,0.0,1,opls_x,-0.811
atrazine,N,0.0,2,C-C,0.0,0.0,1,opls_x,-0.81
atrazine,C,12.011,4,C-C-H-N,0.0,0.0,0,opls_135,0.2155
atrazine,C,12.011,4,C-H-H-H,0.0,0.0,0,opls_135,-0.1146
atrazine,C,12.011,4,C-H-H-H,0.0,0.0,0,opls_135,-0.1146
atrazine,C,12.011,3,N-N-N,0.0,0.0,1,opls_145,0.9289
atrazine,C,12.011,4,C-H-H-N,0.0,0.0,0,opls_135,0.2178
atrazine,C,12.011,3,N-N-N,0.0,0.0,1,opls_145,0.9339
atrazine,C,12.011,4,C-H-H-H,0.0,0.0,0,opls_135,-0.1141
atrazine,C,12.011,3,CL-N-N,0.0,0.0,0,opls_145,0.806
atrazine,H,1.008,1,C,0.0,,0,opls_140,0.0827
atrazine,H,1.008,1,N,0.0,,0,opls_240,0.4368
atrazine,H,1.008,1,C,0.0,,0,opls_140,0.0452
atrazine,H,1.008,1,C,0.0,,0,opls_140,0.0452
atrazine,H,1.008,1,C,0.0,,0,opls_140,0.0452
atrazine,H,1.008,1,C,0.0,,0,opls_140,0.0452
atrazine,H,1.008,1,C,0.0,,0,opls_140,0.0452
atrazine,H,1.008,1,C,0.0,,0,opls_140,0.0452
atrazine,H,1.008,1,C,0.0,,0,opls_140,0.0537
atrazine,H,1.008,1,C,0.0,,0,opls_140,0.0537
atrazine,H,1.008,1,N,0.0,,0,opls_240,0.4498
atrazine,H,1.008,1,C,0.0,,0,opls_140,0.0467
atrazine,H,1.008,1,C,0.0,,0,opls_140,0.0467
atrazine,H,1.008,1,C,0.0,,0,opls_140,0.0467
atrazine,CL,35.45,1,C,0.1757,,0,cl,-0.116
atrazine,N,14.01,3,C-C-H,0.1289,117.92,0,nu,-0.8269
atrazine,N,14.01,3,C-C-H,0.1289,117.92,0,nu,-0.8489
atrazine,N,14.01,2,C-C,0.1339,117.24,0,nb,-0.834
atrazine,N,14.01,2,C-C,0.1339,117.24,1,nb,-0.811
atrazine,N,14.01,2,C-C,0.1339,117.24,1,nb,-0.81
atrazine,C,12.01,4,C-C-H-N,0.1407,110.42,0,c3,0.2155
atrazine,C,12.01,4,C-H-H-H,0.1206,108.7,0,c3,-0.1146
atrazine,C,12.01,4,C-H-H-H,0.1206,108.7,0,c3,-0.1146
atrazine,C,12.01,3,N-N-N,0.1358,120.55,1,ca,0.9289
atrazine,C,12.01,4,C-H-H-N,0.1297,109.6,0,c3,0.2178
atrazine,C,12.01,3,N-N-N,0.1358,120.55,1,ca,0.9339
atrazine,C,12.01,4,C-H-H-H,0.1206,108.7,0,c3,-0.1141
atrazine,C,12.01,3,CL-N-N,0.1479,119.89,0,ca,0.806
atrazine,H,1.008,1,C,0.1097,,0,h1,0.0827
atrazine,H,1.008,1,N,0.1014,,0,hn,0.4368
atrazine,H,1.008,1,C,0.1096,,0,hc,0.0452
atrazine,H,1.008,1,C,0.1096,,0,hc,0.0452
atrazine,H,1.008,1,C,0.1096,,0,hc,0.0452
atrazine,H,1.008,1,C,0.1096,,0,hc,0.0452
atrazine,H,1.008,1,C,0.1096,,0,hc,0.0452
atrazine,H,1.008,1,C,0.1096,,0,hc,0.0452
atrazine,H,1.008,1,C,0.1097,,0,h1,0.0537
atrazine,H,1.008,1,C,0.1097,,0,h1,0.0537
atrazine,H,1.008,1,N,0.1014,,0,hn,0.4498
atrazine,H,1.008,1,C,0.1096,,0,hc,0.0467
atrazine,H,1.008,1,C,0.1096,,0,hc,0.0467
atrazine,H,1.008,1,C,0.1096,,0,hc,0.0467
arginine,O,16.0,2,C-H,0.1164,106.54,0,oh,-0.5991
arginine,OXT,16.0,1,C,0.1219,,0,o,-0.565
arginine,N,14.01,3,CA-H-H,0.1168,108.53,0,n8,-0.8948
arginine,NE,14.01,2,CD-CZ,0.1369,120.78,0,n2,-0.7139
arginine,NH,14.01,3,CZ-HH-HH,0.1138,115.13,1,nv,-0.9003
arginine,NH,14.01,3,CZ-HH-HH,0.1138,115.13,0,nv,-0.9003
arginine,CB,12.01,4,CA-CG-HB-HB,0.1316,109.85,0,c3,-0.0734
arginine,CG,12.01,4,CB-CD-HG-HG,0.1316,109.85,0,c3,-0.0734
arginine,CA,12.01,4,C-CB-HA-N,0.1406,109.9,0,c3,0.1365
arginine,CD,12.01,4,CG-HD-HD-NE,0.1296,109.87,0,c3,0.1378
arginine,C,12.01,3,CA-O-OXT,0.1367,119.24,1,c,0.5901
arginine,CZ,12.01,3,NE-NH-NH,0.1354,123.62,0,c2,0.7361
arginine,HB,1.008,1,CB,0.1096,,0,hc,0.0677
arginine,HB,1.008,1,CB,0.1096,,0,hc,0.0677
arginine,HG,1.008,1,CG,0.1096,,0,hc,0.0507
arginine,HG,1.008,1,CG,0.1096,,0,hc,0.0507
arginine,HA,1.008,1,CA,0.1097,,0,h1,0.0897
arginine,HD,1.008,1,CD,0.1097,,0,h1,0.0272
arginine,HD,1.008,1,CD,0.1097,,0,h1,0.0272
arginine,H,1.008,1,N,0.1019,,0,hn,0.3628
arginine,H,1.008,1,N,0.1019,,0,hn,0.3628
arginine,H,1.008,1,O,0.0973,,0,ho,0.443
arginine,HH,1.008,1,NH,0.1011,,1,hn,0.39255
arginine,HH,1.008,1,NH,0.1011,,0,hn,0.39255
arginine,HH,1.008,1,NH,0.1011,,1,hn,0.39255
arginine,HH,1.008,1,NH,0.1011,,0,hn,0.39255
arginine,O,15.9994,2,C-H,0.0,0.0,0,opls_154,-0.5991
arginine,OXT,15.9994,1,C,0.0,,0,opls_236,-0.565
arginine,N,0.0,3,CA-H-H,0.0,0.0,0,opls_x,-0.8948
arginine,NE,0.0,2,CD-CZ,0.0,0.0,0,opls_x,-0.7139
arginine,NH,0.0,3,CZ-HH-HH,0.0,0.0,1,opls_x,-0.9003
arginine,NH,0.0,3,CZ-HH-HH,0.0,0.0,0,opls_x,-0.9003
arginine,CB,12.011,4,CA-CG-HB-HB,0.0,0.0,0,opls_135,-0.0734
arginine,CG,12.011,4,CB-CD-HG-HG,0.0,0.0,0,opls_135,-0.0734
arginine,CA,12.011,4,C-CB-HA-N,0.0,0.0,0,opls_135,0.1365
arginine,CD,12.011,4,CG-HD-HD-NE,0.0,0.0,0,opls_135,0.1378
arginine,C,12.011,3,CA-O-OXT,0.0,0.0,1,opls_235,0.5901
arginine,CZ,12.011,3,NE-NH-NH,0.0,0.0,0,opls_509,0.7361
arginine,HB,1.008,1,CB,0.0,,0,opls_140,0.0677
arginine,HB,1.008,1,CB,0.0,,0,opls_140,0.0677
arginine,HG,1.008,1,CG,0.0,,0,opls_140,0.0507
arginine,HG,1.008,1,CG,0.0,,0,opls_140,0.0507
arginine,HA,1.008,1,CA,0.0,,0,opls_140,0.0897
arginine,HD,1.008,1,CD,0.0,,0,opls_140,0.0272
arginine,HD,1.008,1,CD,0.0,,0,opls_140,0.0272
arginine,H,1.008,1,N,0.0,,0,opls_240,0.3628
arginine,H,1.008,1,N,0.0,,0,opls_240,0.3628
arginine,H,1.008,1,O,0.0,,0,opls_155,0.443
arginine,HH,1.008,1,NH,0.0,,1,opls_240,0.39255
arginine,HH,1.008,1,NH,0.0,,0,opls_240,0.39255
arginine,HH,1.008,1,NH,0.0,,1,opls_240,0.39255
arginine,HH,1.008,1,NH,0.0,,0,opls_240,0.39255
serine,OG,15.9994,2,CB-H,0.0,0.0,0,opls_154,-0.5938
serine,O,15.9994,2,C-H,0.0,0.0,0,opls_154,-0.6101
serine,OXT,15.9994,1,C,0.0,,1,opls_236,-0.549
serine,N,0.0,3,CA-H-H,0.0,0.0,0,opls_x,-0.8888
serine,CA,12.011,4,C-CB-HA-N,0.0,0.0,0,opls_135,0.0935
serine,CB,12.011,4,CA-HB-HB-OG,0.0,0.0,0,opls_135,0.1384
serine,C,12.011,3,CA-O-OXT,0.0,0.0,0,opls_235,0.5941
serine,HA,1.008,1,CA,0.0,,0,opls_140,0.0887
serine,HB,1.008,1,CB,0.0,,0,opls_140,0.0632
serine,HB,1.008,1,CB,0.0,,0,opls_140,0.0632
serine,H,1.008,1,N,0.0,,0,opls_240,0.3683
serine,H,1.008,1,N,0.0,,0,opls_240,0.3683
serine,H,1.008,1,OG,0.0,,0,opls_155,0.414
serine,H,1.008,1,O,0.0,,0,opls_155,0.45
serine,OG,16.0,2,CB-H,0.1198,107.39,0,oh,-0.5938
serine,O,16.0,2,C-H,0.1164,106.54,0,oh,-0.6101
serine,OXT,16.0,1,C,0.1219,,1,o,-0.549
serine,N,14.01,3,CA-H-H,0.1168,108.53,0,n8,-0.8888
serine,CA,12.01,4,C-CB-HA-N,0.1406,109.9,0,c3,0.0935
serine,CB,12.01,4,CA-HB-HB-OG,0.1288,109.69,0,c3,0.1384
serine,C,12.01,3,CA-O-OXT,0.1367,119.24,0,c,0.5941
serine,HA,1.008,1,CA,0.1097,,0,h1,0.0887
serine,HB,1.008,1,CB,0.1097,,0,h1,0.0632
serine,HB,1.008,1,CB,0.1097,,0,h1,0.0632
serine,H,1.008,1,N,0.1019,,0,hn,0.3683
serine,H,1.008,1,N,0.1019,,0,hn,0.3683
serine,H,1.008,1,OG,0.0973,,0,ho,0.414
serine,H,1.008,1,O,0.0973,,0,ho,0.45
threonine,OG,15.9994,2,CB-HG,0.0,0.0,0,opls_154,-0.5988
threonine,O,15.9994,2,C-H,0.0,0.0,0,opls_154,-0.6091
threonine,OXT,15.9994,1,C,0.0,,1,opls_236,-0.55
threonine,N,0.0,3,CA-H-H,0.0,0.0,0,opls_x,-0.891801
threonine,CB,12.011,4,CA-CG-HB-OG,0.0,0.0,0,opls_135,0.1551
threonine,CA,12.011,4,C-CB-HA-N,0.0,0.0,0,opls_135,0.0975
threonine,CG,12.011,4,CB-HG-HG-HG,0.0,0.0,0,opls_135,-0.1051
threonine,C,12.011,3,CA-O-OXT,0.0,0.0,0,opls_235,0.5941
threonine,HA,1.008,1,CA,0.0,,0,opls_140,0.0877
threonine,HB,1.008,1,CB,0.0,,0,opls_140,0.0567
threonine,HG,1.008,1,CG,0.0,,0,opls_140,0.054367
threonine,HG,1.008,1,CG,0.0,,0,opls_140,0.054367
threonine,HG,1.008,1,CG,0.0,,0,opls_140,0.054367
threonine,H,1.008,1,N,0.0,,0,opls_240,0.3688
threonine,H,1.008,1,N,0.0,,0,opls_240,0.3688
threonine,HG,1.008,1,OG,0.0,,0,opls_155,0.414
threonine,H,1.008,1,O,0.0,,0,opls_155,0.449
threonine,OG,16.0,2,CB-HG,0.1198,107.39,0,oh,-0.5988
threonine,O,16.0,2,C-H,0.1164,106.54,0,oh,-0.6091
threonine,OXT,16.0,1,C,0.1219,,1,o,-0.55
threonine,N,14.01,3,CA-H-H,0.1168,108.53,0,n8,-0.891801
threonine,CB,12.01,4,CA-CG-HB-OG,0.1398,110.25,0,c3,0.1551
threonine,CA,12.01,4,C-CB-HA-N,0.1406,109.9,0,c3,0.0975
threonine,CG,12.01,4,CB-HG-HG-HG,0.1206,108.7,0,c3,-0.1051
threonine,C,12.01,3,CA-O-OXT,0.1367,119.24,0,c,0.5941
threonine,HA,1.008,1,CA,0.1097,,0,h1,0.0877
threonine,HB,1.008,1,CB,0.1097,,0,h1,0.0567
threonine,HG,1.008,1,CG,0.1096,,0,hc,0.054367
threonine,HG,1.008,1,CG,0.1096,,0,hc,0.054367
threonine,HG,1.008,1,CG,0.1096,,0,hc,0.054367
threonine,H,1.008,1,N,0.1019,,0,hn,0.3688
threonine,H,1.008,1,N,0.1019,,0,hn,0.3688
threonine,HG,1.008,1,OG,0.0973,,0,ho,0.414
threonine,H,1.008,1,O,0.0973,,0,ho,0.449
cholesterol,O,16.0,2,C-H,0.1198,107.07,0,oh,-0.602801
cholesterol,C,12.01,4,C-C-C-C,0.1543,111.52,0,c5,-0.045
cholesterol,C,12.01,4,C-C-C-H,0.1433,110.02,0,c5,-0.0647
cholesterol,C,12.01,4,C-C-C-H,0.1428,110.23,0,c6,-0.0467
cholesterol,C,12.01,4,C-C-C-H,0.1428,110.25,0,c6,-0.0487
cholesterol,C,12.01,4,C-C-C-H,0.1432,110.19,0,c5,-0.0547
cholesterol,C,12.01,4,C-C-H-H,0.1318,109.21,0,c6,-0.0654
cholesterol,C,12.01,4,C-C-C-C,0.1533,111.08,1,c6,0.0002
cholesterol,C,12.01,4,C-C-H-H,0.1322,109.29,0,c5,-0.0744
cholesterol,C,12.01,4,C-C-H-H,0.1318,109.25,0,c6,-0.0754
cholesterol,C,12.01,4,C-C-H-H,0.1322,109.29,0,c5,-0.0774
cholesterol,C,12.01,4,C-C-H-H,0.1312,109.26,1,c6,-0.0422
cholesterol,C,12.01,4,C-C-C-H,0.1426,111.65,0,c3,-0.0547
cholesterol,C,12.01,4,C-H-H-H,0.1206,109.13,0,c3,-0.0821
cholesterol,C,12.01,3,C-C-C,0.1455,120.67,0,c2,-0.1054
cholesterol,C,12.01,4,C-C-H-H,0.1318,109.25,0,c6,-0.0704
cholesterol,C,12.01,3,C-C-H,0.1313,119.99,0,c2,-0.1672
cholesterol,C,12.01,4,C-H-H-H,0.1208,109.18,0,c3,-0.0831
cholesterol,C,12.01,4,C-C-H-H,0.1312,109.26,0,c6,-0.0752
cholesterol,C,12.01,4,C-C-H-H,0.1318,109.25,0,c6,-0.0754
cholesterol,C,12.01,4,C-C-H-H,0.1316,109.85,0,c3,-0.0764
cholesterol,C,12.01,4,C-C-H-O,0.14,109.91,0,c6,0.1451
cholesterol,C,12.01,4,C-H-H-H,0.1206,108.7,0,c3,-0.0901
cholesterol,C,12.01,4,C-C-H-H,0.1316,109.85,0,c3,-0.0804
cholesterol,C,12.01,4,C-C-H-H,0.1316,109.85,0,c3,-0.0734
cholesterol,C,12.01,4,C-C-C-H,0.1426,111.16,0,c3,-0.0657
cholesterol,C,12.01,4,C-H-H-H,0.1206,108.7,0,c3,-0.0891
cholesterol,C,12.01,4,C-H-H-H,0.1206,108.7,0,c3,-0.0891
cholesterol,H,1.008,1,C,0.1095,,0,hc,0.0457
cholesterol,H,1.008,1,C,0.1098,,0,hc,0.0587
cholesterol,H,1.008,1,C,0.1098,,0,hc,0.0477
cholesterol,H,1.008,1,C,0.1095,,0,hc,0.0487
cholesterol,H,1.008,1,C,0.1098,,0,hc,0.0412
cholesterol,H,1.008,1,C,0.1098,,0,hc,0.0412
cholesterol,H,1.008,1,C,0.1095,,0,hc,0.0417
cholesterol,H,1.008,1,C,0.1095,,0,hc,0.0417
cholesterol,H,1.008,1,C,0.1098,,0,hc,0.0412
cholesterol,H,1.008,1,C,0.1098,,0,hc,0.0412
cholesterol,H,1.008,1,C,0.1095,,0,hc,0.0412
cholesterol,H,1.008,1,C,0.1095,,0,hc,0.0412
cholesterol,H,1.008,1,C,0.1098,,0,hc,0.0492
cholesterol,H,1.008,1,C,0.1098,,0,hc,0.0492
cholesterol,H,1.008,1,C,0.1096,,0,hc,0.0467
cholesterol,H,1.008,1,C,0.1096,,0,hc,0.0357
cholesterol,H,1.008,1,C,0.1096,,0,hc,0.0357
cholesterol,H,1.008,1,C,0.1096,,0,hc,0.0357
cholesterol,H,1.008,1,C,0.1098,,0,hc,0.0447
cholesterol,H,1.008,1,C,0.1098,,0,hc,0.0447
cholesterol,H,1.008,1,C,0.1088,,0,ha,0.119
cholesterol,H,1.008,1,C,0.1096,,0,hc,0.037367
cholesterol,H,1.008,1,C,0.1096,,0,hc,0.037367
cholesterol,H,1.008,1,C,0.1096,,0,hc,0.037367
cholesterol,H,1.008,1,C,0.1098,,0,hc,0.0512
cholesterol,H,1.008,1,C,0.1098,,0,hc,0.0512
cholesterol,H,1.008,1,C,0.1098,,0,hc,0.0552
cholesterol,H,1.008,1,C,0.1098,,0,hc,0.0552
cholesterol,H,1.008,1,C,0.1096,,0,hc,0.0382
cholesterol,H,1.008,1,C,0.1096,,0,hc,0.0382
cholesterol,H,1.008,1,C,0.1098,,0,h1,0.0357
cholesterol,H,1.008,1,C,0.1096,,0,hc,0.0337
cholesterol,H,1.008,1,C,0.1096,,0,hc,0.0337
cholesterol,H,1.008,1,C,0.1096,,0,hc,0.0337
cholesterol,H,1.008,1,C,0.1096,,0,hc,0.0432
cholesterol,H,1.008,1,C,0.1096,,0,hc,0.0432
cholesterol,H,1.008,1,O,0.0973,,0,ho,0.398
cholesterol,H,1.008,1,C,0.1096,,0,hc,0.0372
cholesterol,H,1.008,1,C,0.1096,,0,hc,0.0372
cholesterol,H,1.008,1,C,0.1096,,0,hc,0.0417
cholesterol,H,1.008,1,C,0.1096,,0,hc,0.0332
cholesterol,H,1.008,1,C,0.1096,,0,hc,0.0332
cholesterol,H,1.008,1,C,0.1096,,0,hc,0.0332
cholesterol,H,1.008,1,C,0.1096,,0,hc,0.0332
cholesterol,H,1.008,1,C,0.1096,,0,hc,0.0332
cholesterol,H,1.008,1,C,0.1096,,0,hc,0.0332
cholesterol,O,15.9994,2,C-H,0.0,0.0,0,opls_154,-0.602801
cholesterol,C,0.0,4,C-C-C-C,0.0,0.0,0,opls_x,-0.045
cholesterol,C,0.0,4,C-C-C-H,0.0,0.0,0,opls_x,-0.0647
cholesterol,C,0.0,4,C-C-C-H,0.0,0.0,0,opls_x,-0.0467
cholesterol,C,0.0,4,C-C-C-H,0.0,0.0,0,opls_x,-0.0487
cholesterol,C,0.0,4,C-C-C-H,0.0,0.0,0,opls_x,-0.0547
cholesterol,C,0.0,4,C-C-H-H,0.0,0.0,0,opls_x,-0.0654
cholesterol,C,0.0,4,C-C-C-C,0.0,0.0,1,opls_x,0.0002
cholesterol,C,0.0,4,C-C-H-H,0.0,0.0,0,opls_x,-0.0744
cholesterol,C,0.0,4,C-C-H-H,0.0,0.0,0,opls_x,-0.0754
cholesterol,C,0.0,4,C-C-H-H,0.0,0.0,0,opls_x,-0.0774
cholesterol,C,0.0,4,C-C-H-H,0.0,0.0,1,opls_x,-0.0422
cholesterol,C,12.011,4,C-C-C-H,0.0,0.0,0,opls_135,-0.0547
cholesterol,C,12.011,4,C-H-H-H,0.0,0.0,0,opls_135,-0.0821
cholesterol,C,12.011,3,C-C-C,0.0,0.0,0,opls_509,-0.1054
cholesterol,C,0.0,4,C-C-H-H,0.0,0.0,0,opls_x,-0.0704
cholesterol,C,12.011,3,C-C-H,0.0,0.0,0,opls_509,-0.1672
cholesterol,C,12.011,4,C-H-H-H,0.0,0.0,0,opls_135,-0.0831
cholesterol,C,0.0,4,C-C-H-H,0.0,0.0,0,opls_x,-0.0752
cholesterol,C,0.0,4,C-C-H-H,0.0,0.0,0,opls_x,-0.0754
cholesterol,C,12.011,4,C-C-H-H,0.0,0.0,0,opls_135,-0.0764
cholesterol,C,0.0,4,C-C-H-O,0.0,0.0,0,opls_x,0.1451
cholesterol,C,12.011,4,C-H-H-H,0.0,0.0,0,opls_135,-0.0901
cholesterol,C,12.011,4,C-C-H-H,0.0,0.0,0,opls_135,-0.0804
cholesterol,C,12.011,4,C-C-H-H,0.0,0.0,0,opls_135,-0.0734
cholesterol,C,12.011,4,C-C-C-H,0.0,0.0,0,opls_135,-0.0657
cholesterol,C,12.011,4,C-H-H-H,0.0,0.0,0,opls_135,-0.0891
cholesterol,C,12.011,4,C-H-H-H,0.0,0.0,0,opls_135,-0.0891
cholesterol,H,1.008,1,C,0.0,,0,opls_140,0.0457
cholesterol,H,1.008,1,C,0.0,,0,opls_140,0.0587
cholesterol,H,1.008,1,C,0.0,,0,opls_140,0.0477
cholesterol,H,1.008,1,C,0.0,,0,opls_140,0.0487
cholesterol,H,1.008,1,C,0.0,,0,opls_140,0.0412
cholesterol,H,1.008,1,C,0.0,,0,opls_140,0.0412
cholesterol,H,1.008,1,C,0.0,,0,opls_140,0.0417
cholesterol,H,1.008,1,C,0.0,,0,opls_140,0.0417
cholesterol,H,1.008,1,C,0.0,,0,opls_140,0.0412
cholesterol,H,1.008,1,C,0.0,,0,opls_140,0.0412
cholesterol,H,1.008,1,C,0.0,,0,opls_140,0.0412
cholesterol,H,1.008,1,C,0.0,,0,opls_140,0.0412
cholesterol,H,1.008,1,C,0.0,,0,opls_140,0.0492
cholesterol,H,1.008,1,C,0.0,,0,opls_140,0.0492
cholesterol,H,1.008,1,C,0.0,,0,opls_140,0.0467
cholesterol,H,1.008,1,C,0.0,,0,opls_140,0.0357
cholesterol,H,1.008,1,C,0.0,,0,opls_140,0.0357
cholesterol,H,1.008,1,C,0.0,,0,opls_140,0.0357
cholesterol,H,1.008,1,C,0.0,,0,opls_140,0.0447
cholesterol,H,1.008,1,C,0.0,,0,opls_140,0.0447
cholesterol,H,1.008,1,C,0.0,,0,opls_146,0.119
cholesterol,H,1.008,1,C,0.0,,0,opls_140,0.037367
cholesterol,H,1.008,1,C,0.0,,0,opls_140,0.037367
cholesterol,H,1.008,1,C,0.0,,0,opls_140,0.037367
cholesterol,H,1.008,1,C,0.0,,0,opls_140,0.0512
cholesterol,H,1.008,1,C,0.0,,0,opls_140,0.0512
cholesterol,H,1.008,1,C,0.0,,0,opls_140,0.0552
cholesterol,H,1.008,1,C,0.0,,0,opls_140,0.0552
cholesterol,H,1.008,1,C,0.0,,0,opls_140,0.0382
cholesterol,H,1.008,1,C,0.0,,0,opls_140,0.0382
cholesterol,H,1.008,1,C,0.0,,0,opls_140,0.0357
cholesterol,H,1.008,1,C,0.0,,0,opls_140,0.0337
cholesterol,H,1.008,1,C,0.0,,0,opls_140,0.0337
cholesterol,H,1.008,1,C,0.0,,0,opls_140,0.0337
cholesterol,H,1.008,1,C,0.0,,0,opls_140,0.0432
cholesterol,H,1.008,1,C,0.0,,0,opls_140,0.0432
cholesterol,H,1.008,1,O,0.0,,0,opls_155,0.398
cholesterol,H,1.008,1,C,0.0,,0,opls_140,0.0372
cholesterol,H,1.008,1,C,0.0,,0,opls_140,0.0372
cholesterol,H,1.008,1,C,0.0,,0,opls_140,0.0417
cholesterol,H,1.008,1,C,0.0,,0,opls_140,0.0332
cholesterol,H,1.008,1,C,0.0,,0,opls_140,0.0332
cholesterol,H,1.008,1,C,0.0,,0,opls_140,0.0332
cholesterol,H,1.008,1,C,0.0,,0,opls_140,0.0332
cholesterol,H,1.008,1,C,0.0,,0,opls_140,0.0332
cholesterol,H,1.008,1,C,0.0,,0,opls_140,0.0332
leucine,O,16.0,2,C-H,0.1164,106.54,0,oh,-0.5991
leucine,OXT,16.0,1,C,0.1219,,0,o,-0.554
leucine,N,14.01,3,CA-H-H,0.1168,108.53,0,n8,-0.899802
leucine,CG,12.01,4,CB-CD-CD-HG,0.1426,111.16,0,c3,-0.0647
leucine,CB,12.01,4,CA-CG-HB-HB,0.1316,109.85,0,c3,-0.1144
leucine,CA,12.01,4,C-CB-HA-N,0.1406,109.9,0,c3,0.1295
leucine,CD,12.01,4,CG-HD-HD-HD,0.1206,108.7,0,c3,-0.0986
leucine,CD,12.01,4,CG-HD-HD-HD,0.1206,108.7,0,c3,-0.0986
leucine,C,12.01,3,CA-O-OXT,0.1367,119.24,1,c,0.6451
leucine,HG,1.008,1,CG,0.1096,,0,hc,0.0487
leucine,HB,1.008,1,CB,0.1096,,0,hc,0.0552
leucine,HB,1.008,1,CB,0.1096,,0,hc,0.0552
leucine,HA,1.008,1,CA,0.1097,,0,h1,0.0957
leucine,HD,1.008,1,CD,0.1096,,0,hc,0.038867
leucine,HD,1.008,1,CD,0.1096,,0,hc,0.038867
leucine,HD,1.008,1,CD,0.1096,,0,hc,0.038867
leucine,HD,1.008,1,CD,0.1096,,0,hc,0.038867
leucine,HD,1.008,1,CD,0.1096,,0,hc,0.038867
leucine,HD,1.008,1,CD,0.1096,,0,hc,0.038867
leucine,H,1.008,1,N,0.1019,,0,hn,0.3618
leucine,H,1.008,1,N,0.1019,,0,hn,0.3618
leucine,H,1.008,1,O,0.0973,,0,ho,0.443
leucine,O,15.9994,2,C-H,0.0,0.0,0,opls_154,-0.5991
leucine,OXT,15.9994,1,C,0.0,,0,opls_236,-0.554
leucine,N,0.0,3,CA-H-H,0.0,0.0,0,opls_x,-0.899802
leucine,CG,12.011,4,CB-CD-CD-HG,0.0,0.0,0,opls_135,-0.0647
leucine,CB,12.011,4,CA-CG-HB-HB,0.0,0.0,0,opls_135,-0.1144
leucine,CA,12.011,4,C-CB-HA-N,0.0,0.0,0,opls_135,0.1295
leucine,CD,12.011,4,CG-HD-HD-HD,0.0,0.0,0,opls_135,-0.0986
leucine,CD,12.011,4,CG-HD-HD-HD,0.0,0.0,0,opls_135,-0.0986
leucine,C,12.011,3,CA-O-OXT,0.0,0.0,1,opls_235,0.6451
leucine,HG,1.008,1,CG,0.0,,0,opls_140,0.0487
leucine,HB,1.008,1,CB,0.0,,0,opls_140,0.0552
leucine,HB,1.008,1,CB,0.0,,0,opls_140,0.0552
leucine,HA,1.008,1,CA,0.0,,0,opls_140,0.0957
leucine,HD,1.008,1,CD,0.0,,0,opls_140,0.038867
leucine,HD,1.008,1,CD,0.0,,0,opls_140,0.038867
leucine,HD,1.008,1,CD,0.0,,0,opls_140,0.038867
leucine,HD,1.008,1,CD,0.0,,0,opls_140,0.038867
leucine,HD,1.008,1,CD,0.0,,0,opls_140,0.038867
leucine,HD,1.008,1,CD,0.0,,0,opls_140,0.038867
leucine,H,1.008,1,N,0.0,,0,opls_240,0.3618
leucine,H,1.008,1,N,0.0,,0,opls_240,0.3618
leucine,H,1.008,1,O,0.0,,0,opls_155,0.443
paracetamol,O,16.0,2,C-H,0.1168,108.58,0,oh,-0.4991
paracetamol,O,16.0,1,C,0.1219,,0,o,-0.5931
paracetamol,N,14.01,3,C-C-H,0.1267,120.27,1,ns,-0.4721
paracetamol,C,12.01,3,C-C-N,0.1401,120.13,1,ca,0.0356
paracetamol,C,12.01,3,C-C-H,0.1294,119.93,0,ca,-0.1345
paracetamol,C,12.01,3,C-C-H,0.1294,119.93,1,ca,-0.1345
paracetamol,C,12.01,3,C-C-H,0.1294,119.93,1,ca,-0.158
paracetamol,C,12.01,3,C-C-H,0.1294,119.93,1,ca,-0.158
paracetamol,C,12.01,3,C-C-O,0.1387,119.94,1,ca,0.0961
paracetamol,C,12.01,3,C-N-O,0.1375,120.33,0,c,0.666099
paracetamol,C,12.01,4,C-H-H-H,0.1204,108.34,0,c3,-0.1781
paracetamol,H,1.008,1,C,0.1086,,0,ha,0.153
paracetamol,H,1.008,1,C,0.1086,,0,ha,0.153
paracetamol,H,1.008,1,N,0.1013,,0,hn,0.3135
paracetamol,H,1.008,1,C,0.1086,,0,ha,0.1435
paracetamol,H,1.008,1,C,0.1086,,0,ha,0.1435
paracetamol,H,1.008,1,C,0.1096,,0,hc,0.068367
paracetamol,H,1.008,1,C,0.1096,,0,hc,0.068367
paracetamol,H,1.008,1,C,0.1096,,0,hc,0.068367
paracetamol,H,1.008,1,O,0.0973,,0,ho,0.418
paracetamol,O,15.9994,2,C-H,0.0,0.0,0,opls_154,-0.4991
paracetamol,O,15.9994,1,C,0.0,,0,opls_236,-0.5931
paracetamol,N,0.0,3,C-C-H,0.0,0.0,1,opls_x,-0.4721
paracetamol,C,12.011,3,C-C-N,0.0,0.0,1,opls_145,0.0356
paracetamol,C,12.011,3,C-C-H,0.0,0.0,0,opls_145,-0.1345
paracetamol,C,12.011,3,C-C-H,0.0,0.0,1,opls_145,-0.1345
paracetamol,C,12.011,3,C-C-H,0.0,0.0,1,opls_145,-0.158
paracetamol,C,12.011,3,C-C-H,0.0,0.0,1,opls_145,-0.158
paracetamol,C,12.011,3,C-C-O,0.0,0.0,1,opls_145,0.0961
paracetamol,C,12.011,3,C-N-O,0.0,0.0,0,opls_235,0.666099
paracetamol,C,12.011,4,C-H-H-H,0.0,0.0,0,opls_135,-0.1781
paracetamol,H,1.008,1,C,0.0,,0,opls_146,0.153
paracetamol,H,1.008,1,C,0.0,,0,opls_146,0.153
paracetamol,H,1.008,1,N,0.0,,0,opls_240,0.3135
paracetamol,H,1.008,1,C,0.0,,0,opls_146,0.1435
paracetamol,H,1.008,1,C,0.0,,0,opls_146,0.1435
paracetamol,H,1.008,1,C,0.0,,0,opls_140,0.068367
paracetamol,H,1.008,1,C,0.0,,0,opls_140,0.068367
paracetamol,H,1.008,1,C,0.0,,0,opls_140,0.068367
paracetamol,H,1.008,1,O,0.0,,0,opls_155,0.418
warfarin,O,16.0,2,C-C,0.1365,121.29,0,os,-0.3242
warfarin,O,16.0,2,C-H,0.1161,107.2,0,oh,-0.4901
warfarin,O,16.0,1,C,0.1219,,0,o,-0.5555
warfarin,O,16.0,1,C,0.1219,,0,o,-0.5241
warfarin,C,12.01,4,C-C-C-H,0.1412,111.55,1,c3,0.0468
warfarin,C,12.01,3,C-C-C,0.1447,122.18,1,cc,-0.2264
warfarin,C,12.01,4,C-C-H-H,0.1314,109.4,0,c3,-0.1804
warfarin,C,12.01,3,C-C-C,0.1437,120.56,0,ca,-0.0813
warfarin,C,12.01,3,C-C-O,0.1394,122.41,0,cd,0.2189
warfarin,C,12.01,3,C-C-C,0.1419,120.56,0,ca,-0.1838
warfarin,C,12.01,3,C-O-O,0.135,120.45,1,c,0.7348
warfarin,C,12.01,3,C-C-O,0.1424,120.83,0,c,0.5631
warfarin,C,12.01,3,C-C-H,0.1294,119.93,0,ca,-0.121
warfarin,C,12.01,3,C-C-H,0.1294,119.93,1,ca,-0.121
warfarin,C,12.01,3,C-C-O,0.1389,119.41,1,ca,0.1691
warfarin,C,12.01,3,C-C-H,0.1294,119.93,1,ca,-0.085
warfarin,C,12.01,3,C-C-H,0.1294,119.93,1,ca,-0.1335
warfarin,C,12.01,3,C-C-H,0.1294,119.93,1,ca,-0.1335
warfarin,C,12.01,3,C-C-H,0.1294,119.93,0,ca,-0.145
warfarin,C,12.01,4,C-H-H-H,0.1204,108.34,1,c3,-0.2021
warfarin,C,12.01,3,C-C-H,0.1294,119.93,1,ca,-0.129
warfarin,C,12.01,3,C-C-H,0.1294,119.93,1,ca,-0.154
warfarin,C,12.01,3,C-C-H,0.1294,119.93,1,ca,-0.08
warfarin,H,1.008,1,C,0.1096,,0,hc,0.1077
warfarin,H,1.008,1,C,0.1096,,0,hc,0.0767
warfarin,H,1.008,1,C,0.1096,,0,hc,0.0767
warfarin,H,1.008,1,C,0.1086,,0,ha,0.1415
warfarin,H,1.008,1,C,0.1086,,0,ha,0.1415
warfarin,H,1.008,1,C,0.1086,,0,ha,0.13
warfarin,H,1.008,1,C,0.1086,,0,ha,0.1305
warfarin,H,1.008,1,C,0.1086,,0,ha,0.1305
warfarin,H,1.008,1,C,0.1086,,0,ha,0.165
warfarin,H,1.008,1,C,0.1096,,0,hc,0.0627
warfarin,H,1.008,1,C,0.1096,,0,hc,0.0627
warfarin,H,1.008,1,C,0.1096,,0,hc,0.0627
warfarin,H,1.008,1,C,0.1086,,0,ha,0.13
warfarin,H,1.008,1,C,0.1086,,0,ha,0.143
warfarin,H,1.008,1,O,0.0973,,0,ho,0.431
warfarin,H,1.008,1,C,0.1086,,0,ha,0.145
warfarin,O,0.0,2,C-C,0.0,0.0,0,opls_x,-0.3242
warfarin,O,15.9994,2,C-H,0.0,0.0,0,opls_154,-0.4901
warfarin,O,15.9994,1,C,0.0,,0,opls_236,-0.5555
warfarin,O,15.9994,1,C,0.0,,0,opls_236,-0.5241
warfarin,C,12.011,4,C-C-C-H,0.0,0.0,1,opls_135,0.0468
warfarin,C,12.011,3,C-C-C,0.0,0.0,1,opls_500,-0.2264
warfarin,C,12.011,4,C-C-H-H,0.0,0.0,0,opls_135,-0.1804
warfarin,C,12.011,3,C-C-C,0.0,0.0,0,opls_145,-0.0813
warfarin,C,12.011,3,C-C-O,0.0,0.0,0,opls_500,0.2189
warfarin,C,12.011,3,C-C-C,0.0,0.0,0,opls_145,-0.1838
warfarin,C,12.011,3,C-O-O,0.0,0.0,1,opls_235,0.7348
warfarin,C,12.011,3,C-C-O,0.0,0.0,0,opls_235,0.5631
warfarin,C,12.011,3,C-C-H,0.0,0.0,0,opls_145,-0.121
warfarin,C,12.011,3,C-C-H,0.0,0.0,1,opls_145,-0.121
warfarin,C,12.011,3,C-C-O,0.0,0.0,1,opls_145,0.1691
warfarin,C,12.011,3,C-C-H,0.0,0.0,1,opls_145,-0.085
warfarin,C,12.011,3,C-C-H,0.0,0.0,1,opls_145,-0.1335
warfarin,C,12.011,3,C-C-H,0.0,0.0,1,opls_145,-0.1335
warfarin,C,12.011,3,C-C-H,0.0,0.0,0,opls_145,-0.145
warfarin,C,12.011,4,C-H-H-H,0.0,0.0,1,opls_135,-0.2021
warfarin,C,12.011,3,C-C-H,0.0,0.0,1,opls_145,-0.129
warfarin,C,12.011,3,C-C-H,0.0,0.0,1,opls_145,-0.154
warfarin,C,12.011,3,C-C-H,0.0,0.0,1,opls_145,-0.08
warfarin,H,1.008,1,C,0.0,,0,opls_140,0.1077
warfarin,H,1.008,1,C,0.0,,0,opls_140,0.0767
warfarin,H,1.008,1,C,0.0,,0,opls_140,0.0767
warfarin,H,1.008,1,C,0.0,,0,opls_146,0.1415
warfarin,H,1.008,1,C,0.0,,0,opls_146,0.1415
warfarin,H,1.008,1,C,0.0,,0,opls_146,0.13
warfarin,H,1.008,1,C,0.0,,0,opls_146,0.1305
warfarin,H,1.008,1,C,0.0,,0,opls_146,0.1305
warfarin,H,1.008,1,C,0.0,,0,opls_146,0.165
warfarin,H,1.008,1,C,0.0,,0,opls_140,0.0627
warfarin,H,1.008,1,C,0.0,,0,opls_140,0.0627
warfarin,H,1.008,1,C,0.0,,0,opls_140,0.0627
warfarin,H,1.008,1,C,0.0,,0,opls_146,0.13
warfarin,H,1.008,1,C,0.0,,0,opls_146,0.143
warfarin,H,1.008,1,O,0.0,,0,opls_155,0.431
warfarin,H,1.008,1,C,0.0,,0,opls_146,0.145
amoxicillin,S,32.06,2,C-C,0.0,0.0,0,opls_202,-0.3082
amoxicillin,O,15.9994,1,C,0.0,,0,opls_236,-0.5145
amoxicillin,O,15.9994,2,C-H,0.0,0.0,0,opls_154,-0.6101
amoxicillin,OXT,15.9994,1,C,0.0,,1,opls_236,-0.521
amoxicillin,O,15.9994,1,C,0.0,,0,opls_236,-0.5981
amoxicillin,O,15.9994,2,C-H,0.0,0.0,0,opls_154,-0.4931
amoxicillin,N,0.0,3,C-C-CA,0.0,0.0,1,opls_x,-0.4018
amoxicillin,N,0.0,3,C-C-H,0.0,0.0,1,opls_x,-0.5349
amoxicillin,N,0.0,3,C-H-H,0.0,0.0,0,opls_x,-0.927798
amoxicillin,C,0.0,4,C-H-N-S,0.0,0.0,0,opls_x,0.0968
amoxicillin,C,0.0,4,C-C-CA-S,0.0,0.0,0,opls_x,0.0381
amoxicillin,CA,0.0,4,C-C-HA-N,0.0,0.0,1,opls_x,0.0267
amoxicillin,C,0.0,4,C-C-H-N,0.0,0.0,1,opls_x,0.0287
amoxicillin,C,12.011,3,C-N-O,0.0,0.0,0,opls_235,0.6545
amoxicillin,C,12.011,4,C-H-H-H,0.0,0.0,0,opls_135,-0.0961
amoxicillin,C,12.011,4,C-H-H-H,0.0,0.0,0,opls_135,-0.0961
amoxicillin,C,12.011,3,CA-O-OXT,0.0,0.0,0,opls_235,0.6461
amoxicillin,C,12.011,3,C-N-O,0.0,0.0,0,opls_235,0.6701
amoxicillin,C,12.011,4,C-C-H-N,0.0,0.0,0,opls_135,0.1638
amoxicillin,C,12.011,3,C-C-C,0.0,0.0,0,opls_145,-0.1463
amoxicillin,C,12.011,3,C-C-H,0.0,0.0,0,opls_145,-0.0735
amoxicillin,C,12.011,3,C-C-H,0.0,0.0,1,opls_145,-0.0735
amoxicillin,C,12.011,3,C-C-H,0.0,0.0,1,opls_145,-0.187
amoxicillin,C,12.011,3,C-C-H,0.0,0.0,1,opls_145,-0.187
amoxicillin,C,12.011,3,C-C-O,0.0,0.0,1,opls_145,0.1381
amoxicillin,H,0.0,1,C,0.0,,0,opls_x,0.1287
amoxicillin,HA,1.008,1,CA,0.0,,0,opls_140,0.1177
amoxicillin,H,1.008,1,C,0.0,,0,opls_140,0.1327
amoxicillin,H,1.008,1,C,0.0,,0,opls_140,0.056533
amoxicillin,H,1.008,1,C,0.0,,0,opls_140,0.056533
amoxicillin,H,1.008,1,C,0.0,,0,opls_140,0.056533
amoxicillin,H,1.008,1,C,0.0,,0,opls_140,0.056533
amoxicillin,H,1.008,1,C,0.0,,0,opls_140,0.056533
amoxicillin,H,1.008,1,C,0.0,,0,opls_140,0.056533
amoxicillin,H,1.008,1,N,0.0,,0,opls_240,0.3405
amoxicillin,H,1.008,1,C,0.0,,0,opls_140,0.0627
amoxicillin,H,1.008,1,O,0.0,,0,opls_155,0.448
amoxicillin,H,1.008,1,N,0.0,,0,opls_240,0.3688
amoxicillin,H,1.008,1,N,0.0,,0,opls_240,0.3688
amoxicillin,H,1.008,1,C,0.0,,0,opls_146,0.1425
amoxicillin,H,1.008,1,C,0.0,,0,opls_146,0.1425
amoxicillin,H,1.008,1,C,0.0,,0,opls_146,0.146
amoxicillin,H,1.008,1,C,0.0,,0,opls_146,0.146
amoxicillin,H,1.008,1,O,0.0,,0,opls_155,0.422
amoxicillin,S,32.06,2,C-C,0.185,94.49,0,ss,-0.3082
amoxicillin,O,16.0,1,C,0.1219,,0,o,-0.5145
amoxicillin,O,16.0,2,C-H,0.1164,106.54,0,oh,-0.6101
amoxicillin,OXT,16.0,1,C,0.1219,,1,o,-0.521
amoxicillin,O,16.0,1,C,0.1219,,0,o,-0.5981
amoxicillin,O,16.0,2,C-H,0.1168,108.58,0,oh,-0.4931
amoxicillin,N,14.01,3,C-C-CA,0.1442,112.79,1,nj,-0.4018
amoxicillin,N,14.01,3,C-C-H,0.1275,119.41,1,ns,-0.5349
amoxicillin,N,14.01,3,C-H-H,0.1168,108.53,0,n8,-0.927798
amoxicillin,C,12.01,4,C-H-N-S,0.1494,108.84,0,cy,0.0968
amoxicillin,C,12.01,4,C-C-CA-S,0.1618,110.55,0,c5,0.0381
amoxicillin,CA,12.01,4,C-C-HA-N,0.1408,108.82,1,c5,0.0267
amoxicillin,C,12.01,4,C-C-H-N,0.1409,109.42,1,cy,0.0287
amoxicillin,C,12.01,3,C-N-O,0.1391,120.0,0,c,0.6545
amoxicillin,C,12.01,4,C-H-H-H,0.1206,109.13,0,c3,-0.0961
amoxicillin,C,12.01,4,C-H-H-H,0.1206,109.13,0,c3,-0.0961
amoxicillin,C,12.01,3,CA-O-OXT,0.137,119.94,0,c,0.6461
amoxicillin,C,12.01,3,C-N-O,0.1375,120.33,0,c,0.6701
amoxicillin,C,12.01,4,C-C-H-N,0.1401,109.97,0,c3,0.1638
amoxicillin,C,12.01,3,C-C-C,0.1437,120.56,0,ca,-0.1463
amoxicillin,C,12.01,3,C-C-H,0.1294,119.93,0,ca,-0.0735
amoxicillin,C,12.01,3,C-C-H,0.1294,119.93,1,ca,-0.0735
amoxicillin,C,12.01,3,C-C-H,0.1294,119.93,1,ca,-0.187
amoxicillin,C,12.01,3,C-C-H,0.1294,119.93,1,ca,-0.187
amoxicillin,C,12.01,3,C-C-O,0.1387,119.94,1,ca,0.1381
amoxicillin,H,1.008,1,C,0.1093,,0,h2,0.1287
amoxicillin,HA,1.008,1,CA,0.1097,,0,h1,0.1177
amoxicillin,H,1.008,1,C,0.1095,,0,h1,0.1327
amoxicillin,H,1.008,1,C,0.1096,,0,hc,0.056533
amoxicillin,H,1.008,1,C,0.1096,,0,hc,0.056533
amoxicillin,H,1.008,1,C,0.1096,,0,hc,0.056533
amoxicillin,H,1.008,1,C,0.1096,,0,hc,0.056533
amoxicillin,H,1.008,1,C,0.1096,,0,hc,0.056533
amoxicillin,H,1.008,1,C,0.1096,,0,hc,0.056533
amoxicillin,H,1.008,1,N,0.1013,,0,hn,0.3405
amoxicillin,H,1.008,1,C,0.1097,,0,h1,0.0627
amoxicillin,H,1.008,1,O,0.0973,,0,ho,0.448
amoxicillin,H,1.008,1,N,0.1019,,0,hn,0.3688
amoxicillin,H,1.008,1,N,0.1019,,0,hn,0.3688
amoxicillin,H,1.008,1,C,0.1086,,0,ha,0.1425
amoxicillin,H,1.008,1,C,0.1086,,0,ha,0.1425
amoxicillin,H,1.008,1,C,0.1086,,0,ha,0.146
amoxicillin,H,1.008,1,C,0.1086,,0,ha,0.146
amoxicillin,H,1.008,1,O,0.0973,,0,ho,0.422
bisphenol-s,S,32.06,4,C-C-O-O,0.1628,109.92,0,sy,1.4546
bisphenol-s,O,16.0,1,S,0.1466,,0,o,-0.6618
bisphenol-s,O,16.0,1,S,0.1466,,0,o,-0.6618
bisphenol-s,O,16.0,2,C-H,0.1168,108.58,0,oh,-0.4871
bisphenol-s,O,16.0,2,C-H,0.1168,108.58,0,oh,-0.4871
bisphenol-s,C,12.01,3,C-C-S,0.153,119.61,1,ca,-0.4135
bisphenol-s,C,12.01,3,C-C-S,0.153,119.61,1,ca,-0.4135
bisphenol-s,C,12.01,3,C-C-H,0.1294,119.93,0,ca,0.0195
bisphenol-s,C,12.01,3,C-C-H,0.1294,119.93,0,ca,0.0195
bisphenol-s,C,12.01,3,C-C-H,0.1294,119.93,0,ca,0.0195
bisphenol-s,C,12.01,3,C-C-H,0.1294,119.93,0,ca,0.0195
bisphenol-s,C,12.01,3,C-C-H,0.1294,119.93,1,ca,-0.2145
bisphenol-s,C,12.01,3,C-C-H,0.1294,119.93,1,ca,-0.2145
bisphenol-s,C,12.01,3,C-C-H,0.1294,119.93,1,ca,-0.2145
bisphenol-s,C,12.01,3,C-C-H,0.1294,119.93,1,ca,-0.2145
bisphenol-s,C,12.01,3,C-C-O,0.1387,119.94,1,ca,0.1871
bisphenol-s,C,12.01,3,C-C-O,0.1387,119.94,1,ca,0.1871
bisphenol-s,H,1.008,1,C,0.1086,,0,ha,0.1545
bisphenol-s,H,1.008,1,C,0.1086,,0,ha,0.1545
bisphenol-s,H,1.008,1,C,0.1086,,0,ha,0.1545
bisphenol-s,H,1.008,1,C,0.1086,,0,ha,0.1545
bisphenol-s,H,1.008,1,C,0.1086,,0,ha,0.151
bisphenol-s,H,1.008,1,C,0.1086,,0,ha,0.151
bisphenol-s,H,1.008,1,C,0.1086,,0,ha,0.151
bisphenol-s,H,1.008,1,C,0.1086,,0,ha,0.151
bisphenol-s,H,1.008,1,O,0.0973,,0,ho,0.427
bisphenol-s,H,1.008,1,O,0.0973,,0,ho,0.427
bisphenol-s,S,0.0,4,C-C-O-O,0.0,0.0,0,opls_x,1.4546
bisphenol-s,O,15.9994,1,S,0.0,,0,opls_236,-0.6618
bisphenol-s,O,15.9994,1,S,0.0,,0,opls_236,-0.6618
bisphenol-s,O,15.9994,2,C-H,0.0,0.0,0,opls_154,-0.4871
bisphenol-s,O,15.9994,2,C-H,0.0,0.0,0,opls_154,-0.4871
bisphenol-s,C,12.011,3,C-C-S,0.0,0.0,1,opls_145,-0.4135
bisphenol-s,C,12.011,3,C-C-S,0.0,0.0,1,opls_145,-0.4135
bisphenol-s,C,12.011,3,C-C-H,0.0,0.0,0,opls_145,0.0195
bisphenol-s,C,12.011,3,C-C-H,0.0,0.0,0,opls_145,0.0195
bisphenol-s,C,12.011,3,C-C-H,0.0,0.0,0,opls_145,0.0195
bisphenol-s,C,12.011,3,C-C-H,0.0,0.0,0,opls_145,0.0195
bisphenol-s,C,12.011,3,C-C-H,0.0,0.0,1,opls_145,-0.2145
bisphenol-s,C,12.011,3,C-C-H,0.0,0.0,1,opls_145,-0.2145
bisphenol-s,C,12.011,3,C-C-H,0.0,0.0,1,opls_145,-0.2145
bisphenol-s,C,12.011,3,C-C-H,0.0,0.0,1,opls_145,-0.2145
bisphenol-s,C,12.011,3,C-C-O,0.0,0.0,1,opls_145,0.1871
bisphenol-s,C,12.011,3,C-C-O,0.0,0.0,1,opls_145,0.1871
bisphenol-s,H,1.008,1,C,0.0,,0,opls_146,0.1545
bisphenol-s,H,1.008,1,C,0.0,,0,opls_146,0.1545
bisphenol-s,H,1.008,1,C,0.0,,0,opls_146,0.1545
bisphenol-s,H,1.008,1,C,0.0,,0,opls_146,0.1545
bisphenol-s,H,1.008,1,C,0.0,,0,opls_146,0.151
bisphenol-s,H,1.008,1,C,0.0,,0,opls_146,0.151
bisphenol-s,H,1.008,1,C,0.0,,0,opls_146,0.151
bisphenol-s,H,1.008,1,C,0.0,,0,opls_146,0.151
bisphenol-s,H,1.008,1,O,0.0,,0,opls_155,0.427
bisphenol-s,H,1.008,1,O,0.0,,0,opls_155,0.427
triclosan,CL,0.0,1,C,0.0,,0,opls_x,-0.0694
triclosan,CL,0.0,1,C,0.0,,0,opls_x,-0.0824
triclosan,CL,0.0,1,C,0.0,,0,opls_x,-0.0834
triclosan,O,0.0,2,C-C,0.0,0.0,0,opls_x,-0.2352
triclosan,O,15.9994,2,C-H,0.0,0.0,0,opls_154,-0.4851
triclosan,C,12.011,3,C-C-O,0.0,0.0,0,opls_145,0.0591
triclosan,C,12.011,3,C-C-O,0.0,0.0,0,opls_145,0.0971
triclosan,C,12.011,3,C-C-O,0.0,0.0,0,opls_145,0.1301
triclosan,C,12.011,3,C-C-H,0.0,0.0,1,opls_145,-0.09
triclosan,C,12.011,3,C-C-CL,0.0,0.0,1,opls_145,0.0164
triclosan,C,12.011,3,C-C-H,0.0,0.0,1,opls_145,-0.121
triclosan,C,12.011,3,C-C-H,0.0,0.0,1,opls_145,-0.206
triclosan,C,12.011,3,C-C-H,0.0,0.0,1,opls_145,-0.15
triclosan,C,12.011,3,C-C-H,0.0,0.0,0,opls_145,-0.117
triclosan,C,12.011,3,C-C-H,0.0,0.0,1,opls_145,-0.116
triclosan,C,12.011,3,C-C-CL,0.0,0.0,1,opls_145,0.0544
triclosan,C,12.011,3,C-C-CL,0.0,0.0,1,opls_145,0.0184
triclosan,H,1.008,1,C,0.0,,0,opls_146,0.161
triclosan,H,1.008,1,C,0.0,,0,opls_146,0.17
triclosan,H,1.008,1,C,0.0,,0,opls_146,0.152
triclosan,H,1.008,1,C,0.0,,0,opls_146,0.155
triclosan,H,1.008,1,C,0.0,,0,opls_146,0.163
triclosan,H,1.008,1,C,0.0,,0,opls_146,0.154
triclosan,H,1.008,1,O,0.0,,0,opls_155,0.425
triclosan,CL,35.45,1,C,0.1757,,0,cl,-0.0694
triclosan,CL,35.45,1,C,0.1757,,0,cl,-0.0824
triclosan,CL,35.45,1,C,0.1757,,0,cl,-0.0834
triclosan,O,16.0,2,C-C,0.1369,119.87,0,os,-0.2352
triclosan,O,16.0,2,C-H,0.1168,108.58,0,oh,-0.4851
triclosan,C,12.01,3,C-C-O,0.1389,119.41,0,ca,0.0591
triclosan,C,12.01,3,C-C-O,0.1389,119.41,0,ca,0.0971
triclosan,C,12.01,3,C-C-O,0.1387,119.94,0,ca,0.1301
triclosan,C,12.01,3,C-C-H,0.1294,119.93,1,ca,-0.09
triclosan,C,12.01,3,C-C-CL,0.1518,119.59,1,ca,0.0164
triclosan,C,12.01,3,C-C-H,0.1294,119.93,1,ca,-0.121
triclosan,C,12.01,3,C-C-H,0.1294,119.93,1,ca,-0.206
triclosan,C,12.01,3,C-C-H,0.1294,119.93,1,ca,-0.15
triclosan,C,12.01,3,C-C-H,0.1294,119.93,0,ca,-0.117
triclosan,C,12.01,3,C-C-H,0.1294,119.93,1,ca,-0.116
triclosan,C,12.01,3,C-C-CL,0.1518,119.59,1,ca,0.0544
triclosan,C,12.01,3,C-C-CL,0.1518,119.59,1,ca,0.0184
triclosan,H,1.008,1,C,0.1086,,0,ha,0.161
triclosan,H,1.008,1,C,0.1086,,0,ha,0.17
triclosan,H,1.008,1,C,0.1086,,0,ha,0.152
triclosan,H,1.008,1,C,0.1086,,0,ha,0.155
triclosan,H,1.008,1,C,0.1086,,0,ha,0.163
triclosan,H,1.008,1,C,0.1086,,0,ha,0.154
triclosan,H,1.008,1,O,0.0973,,0,ho,0.425
caffeine,O,16.0,1,C,0.1219,,0,o,-0.6335
caffeine,O,16.0,1,C,0.1219,,0,o,-0.6375
caffeine,N,14.01,3,C-C-C,0.1415,120.73,1,n,-0.4173
caffeine,N,14.01,3,C-C-C,0.141,120.63,1,na,-0.1489
caffeine,N,14.01,3,C-C-C,0.1419,120.96,1,n,-0.4834
caffeine,N,14.01,2,C-C,0.134,109.15,0,nc,-0.685
caffeine,C,12.01,3,C-C-N,0.141,118.48,1,cd,-0.3502
caffeine,C,12.01,3,C-N-N,0.1373,120.95,1,cc,0.4852
caffeine,C,12.01,3,C-N-O,0.1363,119.62,1,c,0.7651
caffeine,C,12.01,3,N-N-O,0.1337,120.44,1,c,0.815498
caffeine,C,12.01,3,H-N-N,0.1261,119.71,0,cd,0.4434
caffeine,C,12.01,4,H-H-H-N,0.1189,108.66,1,c3,0.0903
caffeine,C,12.01,4,H-H-H-N,0.1189,108.66,0,c3,0.0096
caffeine,C,12.01,4,H-H-H-N,0.1189,108.66,0,c3,0.0803
caffeine,H,1.008,1,C,0.1082,,0,h5,0.0711
caffeine,H,1.008,1,C,0.1097,,0,h1,0.063367
caffeine,H,1.008,1,C,0.1097,,0,h1,0.063367
caffeine,H,1.008,1,C,0.1097,,0,h1,0.063367
caffeine,H,1.008,1,C,0.1097,,0,h1,0.0717
caffeine,H,1.008,1,C,0.1097,,0,h1,0.0717
caffeine,H,1.008,1,C,0.1097,,0,h1,0.0717
caffeine,H,1.008,1,C,0.1097,,0,h1,0.063367
caffeine,H,1.008,1,C,0.1097,,0,h1,0.063367
caffeine,H,1.008,1,C,0.1097,,0,h1,0.063367
caffeine,O,15.9994,1,C,0.0,,0,opls_236,-0.6335
caffeine,O,15.9994,1,C,0.0,,0,opls_236,-0.6375
caffeine,N,14.0067,3,C-C-C,0.0,0.0,1,opls_237,-0.4173
caffeine,N,14.0067,3,C-C-C,0.0,0.0,1,opls_503,-0.1489
caffeine,N,14.0067,3,C-C-C,0.0,0.0,1,opls_237,-0.4834
caffeine,N,14.0067,2,C-C,0.0,0.0,0,opls_511,-0.685
caffeine,C,12.011,3,C-C-N,0.0,0.0,1,opls_500,-0.3502
caffeine,C,12.011,3,C-N-N,0.0,0.0,1,opls_500,0.4852
caffeine,C,12.011,3,C-N-O,0.0,0.0,1,opls_235,0.7651
caffeine,C,12.011,3,N-N-O,0.0,0.0,1,opls_235,0.815498
caffeine,C,12.011,3,H-N-N,0.0,0.0,0,opls_500,0.4434
caffeine,C,12.011,4,H-H-H-N,0.0,0.0,1,opls_135,0.0903
caffeine,C,12.011,4,H-H-H-N,0.0,0.0,0,opls_135,0.0096
caffeine,C,12.011,4,H-H-H-N,0.0,0.0,0,opls_135,0.0803
caffeine,H,1.008,1,C,0.0,,0,opls_146,0.0711
caffeine,H,1.008,1,C,0.0,,0,opls_140,0.063367
caffeine,H,1.008,1,C,0.0,,0,opls_140,0.063367
caffeine,H,1.008,1,C,0.0,,0,opls_140,0.063367
caffeine,H,1.008,1,C,0.0,,0,opls_140,0.0717
caffeine,H,1.008,1,C,0.0,,0,opls_140,0.0717
caffeine,H,1.008,1,C,0.0,,0,opls_140,0.0717
caffeine,H,1.008,1,C,0.0,,0,opls_140,0.063367
caffeine,H,1.008,1,C,0.0,,0,opls_140,0.063367
caffeine,H,1.008,1,C,0.0,,0,opls_140,0.063367
aspartic-acid,O,15.9994,2,C-H,0.0,0.0,0,opls_154,-0.5961
aspartic-acid,OD,15.9994,2,CG-HD,0.0,0.0,0,opls_154,-0.6051
aspartic-acid,OXT,15.9994,1,C,0.0,,0,opls_236,-0.55
aspartic-acid,OD,15.9994,1,CG,0.0,,1,opls_236,-0.539
aspartic-acid,N,0.0,3,CA-H-H,0.0,0.0,0,opls_x,-0.8958
aspartic-acid,CA,12.011,4,C-CB-HA-N,0.0,0.0,0,opls_135,0.1435
aspartic-acid,CB,12.011,4,CA-CG-HB-HB,0.0,0.0,0,opls_135,-0.1274
aspartic-acid,C,12.011,3,CA-O-OXT,0.0,0.0,1,opls_235,0.5801
aspartic-acid,CG,12.011,3,CB-OD-OD,0.0,0.0,0,opls_235,0.6371
aspartic-acid,HA,1.008,1,CA,0.0,,0,opls_140,0.1147
aspartic-acid,HB,1.008,1,CB,0.0,,0,opls_140,0.0997
aspartic-acid,HB,1.008,1,CB,0.0,,0,opls_140,0.0997
aspartic-acid,H,1.008,1,N,0.0,,0,opls_240,0.3703
aspartic-acid,H,1.008,1,N,0.0,,0,opls_240,0.3703
aspartic-acid,H,1.008,1,O,0.0,,0,opls_155,0.449
aspartic-acid,HD,1.008,1,OD,0.0,,0,opls_155,0.449
aspartic-acid,O,16.0,2,C-H,0.1164,106.54,0,oh,-0.5961
aspartic-acid,OD,16.0,2,CG-HD,0.1164,106.54,0,oh,-0.6051
aspartic-acid,OXT,16.0,1,C,0.1219,,0,o,-0.55
aspartic-acid,OD,16.0,1,CG,0.1219,,1,o,-0.539
aspartic-acid,N,14.01,3,CA-H-H,0.1168,108.53,0,n8,-0.8958
aspartic-acid,CA,12.01,4,C-CB-HA-N,0.1406,109.9,0,c3,0.1435
aspartic-acid,CB,12.01,4,CA-CG-HB-HB,0.1314,109.4,0,c3,-0.1274
aspartic-acid,C,12.01,3,CA-O-OXT,0.1367,119.24,1,c,0.5801
aspartic-acid,CG,12.01,3,CB-OD-OD,0.1367,119.24,0,c,0.6371
aspartic-acid,HA,1.008,1,CA,0.1097,,0,h1,0.1147
aspartic-acid,HB,1.008,1,CB,0.1096,,0,hc,0.0997
aspartic-acid,HB,1.008,1,CB,0.1096,,0,hc,0.0997
aspartic-acid,H,1.008,1,N,0.1019,,0,hn,0.3703
aspartic-acid,H,1.008,1,N,0.1019,,0,hn,0.3703
aspartic-acid,H,1.008,1,O,0.0973,,0,ho,0.449
aspartic-acid,HD,1.008,1,OD,0.0973,,0,ho,0.449
bisphenol-a,O,16.0,2,C-H,0.1168,108.58,0,oh,-0.4986
bisphenol-a,O,16.0,2,C-H,0.1168,108.58,0,oh,-0.4986
bisphenol-a,C,12.01,4,C-C-C-C,0.1525,112.44,0,c3,0.0496
bisphenol-a,C,12.01,3,C-C-C,0.1437,120.56,0,ca,-0.1073
bisphenol-a,C,12.01,3,C-C-C,0.1437,120.56,0,ca,-0.1073
bisphenol-a,C,12.01,4,C-H-H-H,0.1206,108.7,0,c3,-0.0861
bisphenol-a,C,12.01,4,C-H-H-H,0.1206,108.7,0,c3,-0.0861
bisphenol-a,C,12.01,3,C-C-H,0.1294,119.93,0,ca,-0.0895
bisphenol-a,C,12.01,3,C-C-H,0.1294,119.93,1,ca,-0.0895
bisphenol-a,C,12.01,3,C-C-H,0.1294,119.93,1,ca,-0.0895
bisphenol-a,C,12.01,3,C-C-H,0.1294,119.93,0,ca,-0.0895
bisphenol-a,C,12.01,3,C-C-H,0.1294,119.93,1,ca,-0.1855
bisphenol-a,C,12.01,3,C-C-H,0.1294,119.93,1,ca,-0.1855
bisphenol-a,C,12.01,3,C-C-H,0.1294,119.93,1,ca,-0.1855
bisphenol-a,C,12.01,3,C-C-H,0.1294,119.93,1,ca,-0.1855
bisphenol-a,C,12.01,3,C-C-O,0.1387,119.94,1,ca,0.1211
bisphenol-a,C,12.01,3,C-C-O,0.1387,119.94,1,ca,0.1211
bisphenol-a,H,1.008,1,C,0.1096,,0,hc,0.0397
bisphenol-a,H,1.008,1,C,0.1096,,0,hc,0.0397
bisphenol-a,H,1.008,1,C,0.1096,,0,hc,0.0397
bisphenol-a,H,1.008,1,C,0.1096,,0,hc,0.0397
bisphenol-a,H,1.008,1,C,0.1096,,0,hc,0.0397
bisphenol-a,H,1.008,1,C,0.1096,,0,hc,0.0397
bisphenol-a,H,1.008,1,C,0.1086,,0,ha,0.138
bisphenol-a,H,1.008,1,C,0.1086,,0,ha,0.138
bisphenol-a,H,1.008,1,C,0.1086,,0,ha,0.138
bisphenol-a,H,1.008,1,C,0.1086,,0,ha,0.138
bisphenol-a,H,1.008,1,C,0.1086,,0,ha,0.1415
bisphenol-a,H,1.008,1,C,0.1086,,0,ha,0.1415
bisphenol-a,H,1.008,1,C,0.1086,,0,ha,0.1415
bisphenol-a,H,1.008,1,C,0.1086,,0,ha,0.1415
bisphenol-a,H,1.008,1,O,0.0973,,0,ho,0.418
bisphenol-a,H,1.008,1,O,0.0973,,0,ho,0.418
bisphenol-a,O,15.9994,2,C-H,0.0,0.0,0,opls_154,-0.4986
bisphenol-a,O,15.9994,2,C-H,0.0,0.0,0,opls_154,-0.4986
bisphenol-a,C,12.011,4,C-C-C-C,0.0,0.0,0,opls_135,0.0496
bisphenol-a,C,12.011,3,C-C-C,0.0,0.0,0,opls_145,-0.1073
bisphenol-a,C,12.011,3,C-C-C,0.0,0.0,0,opls_145,-0.1073
bisphenol-a,C,12.011,4,C-H-H-H,0.0,0.0,0,opls_135,-0.0861
bisphenol-a,C,12.011,4,C-H-H-H,0.0,0.0,0,opls_135,-0.0861
bisphenol-a,C,12.011,3,C-C-H,0.0,0.0,0,opls_145,-0.0895
bisphenol-a,C,12.011,3,C-C-H,0.0,0.0,1,opls_145,-0.0895
bisphenol-a,C,12.011,3,C-C-H,0.0,0.0,1,opls_145,-0.0895
bisphenol-a,C,12.011,3,C-C-H,0.0,0.0,0,opls_145,-0.0895
bisphenol-a,C,12.011,3,C-C-H,0.0,0.0,1,opls_145,-0.1855
bisphenol-a,C,12.011,3,C-C-H,0.0,0.0,1,opls_145,-0.1855
bisphenol-a,C,12.011,3,C-C-H,0.0,0.0,1,opls_145,-0.1855
bisphenol-a,C,12.011,3,C-C-H,0.0,0.0,1,opls_145,-0.1855
bisphenol-a,C,12.011,3,C-C-O,0.0,0.0,1,opls_145,0.1211
bisphenol-a,C,12.011,3,C-C-O,0.0,0.0,1,opls_145,0.1211
bisphenol-a,H,1.008,1,C,0.0,,0,opls_140,0.0397
bisphenol-a,H,1.008,1,C,0.0,,0,opls_140,0.0397
bisphenol-a,H,1.008,1,C,0.0,,0,opls_140,0.0397
bisphenol-a,H,1.008,1,C,0.0,,0,opls_140,0.0397
bisphenol-a,H,1.008,1,C,0.0,,0,opls_140,0.0397
bisphenol-a,H,1.008,1,C,0.0,,0,opls_140,0.0397
bisphenol-a,H,1.008,1,C,0.0,,0,opls_146,0.138
bisphenol-a,H,1.008,1,C,0.0,,0,opls_146,0.138
bisphenol-a,H,1.008,1,C,0.0,,0,opls_146,0.138
bisphenol-a,H,1.008,1,C,0.0,,0,opls_146,0.138
bisphenol-a,H,1.008,1,C,0.0,,0,opls_146,0.1415
bisphenol-a,H,1.008,1,C,0.0,,0,opls_146,0.1415
bisphenol-a,H,1.008,1,C,0.0,,0,opls_146,0.1415
bisphenol-a,H,1.008,1,C,0.0,,0,opls_146,0.1415
bisphenol-a,H,1.008,1,O,0.0,,0,opls_155,0.418
bisphenol-a,H,1.008,1,O,0.0,,0,opls_155,0.418
alanine,O,15.9994,2,C-H,0.0,0.0,0,opls_154,-0.6021
alanine,OXT,15.9994,1,C,0.0,,0,opls_236,-0.549
alanine,N,0.0,3,CA-H-H,0.0,0.0,0,opls_x,-0.902799
alanine,CA,12.011,4,C-CB-HA-N,0.0,0.0,0,opls_135,0.1285
alanine,CB,12.011,4,CA-HB-HB-HB,0.0,0.0,0,opls_135,-0.1361
alanine,C,12.011,3,CA-O-OXT,0.0,0.0,1,opls_235,0.6371
alanine,HA,1.008,1,CA,0.0,,0,opls_140,0.0947
alanine,HB,1.008,1,CB,0.0,,0,opls_140,0.052033
alanine,HB,1.008,1,CB,0.0,,0,opls_140,0.052033
alanine,HB,1.008,1,CB,0.0,,0,opls_140,0.052033
alanine,H,1.008,1,N,0.0,,0,opls_240,0.3638
alanine,H,1.008,1,N,0.0,,0,opls_240,0.3638
alanine,H,1.008,1,O,0.0,,0,opls_155,0.446
alanine,O,16.0,2,C-H,0.1164,106.54,0,oh,-0.6021
alanine,OXT,16.0,1,C,0.1219,,0,o,-0.549
alanine,N,14.01,3,CA-H-H,0.1168,108.53,0,n8,-0.902799
alanine,CA,12.01,4,C-CB-HA-N,0.1406,109.9,0,c3,0.1285
alanine,CB,12.01,4,CA-HB-HB-HB,0.1206,108.7,0,c3,-0.1361
alanine,C,12.01,3,CA-O-OXT,0.1367,119.24,1,c,0.6371
alanine,HA,1.008,1,CA,0.1097,,0,h1,0.0947
alanine,HB,1.008,1,CB,0.1096,,0,hc,0.052033
alanine,HB,1.008,1,CB,0.1096,,0,hc,0.052033
alanine,HB,1.008,1,CB,0.1096,,0,hc,0.052033
alanine,H,1.008,1,N,0.1019,,0,hn,0.3638
alanine,H,1.008,1,N,0.1019,,0,hn,0.3638
alanine,H,1.008,1,O,0.0973,,0,ho,0.446
ketoprofen,O,16.0,2,C-H,0.1164,106.54,0,oh,-0.6061
ketoprofen,O,16.0,1,C,0.1219,,0,o,-0.5321
ketoprofen,O,16.0,1,C,0.1219,,0,o,-0.55
ketoprofen,C,12.01,4,C-C-C-H,0.1418,110.71,0,c3,-0.0554
ketoprofen,C,12.01,3,C-C-C,0.1437,120.56,0,ca,-0.1093
ketoprofen,C,12.01,3,C-C-H,0.1294,119.93,1,ca,-0.074
ketoprofen,C,12.01,3,C-C-C,0.1429,120.23,1,ca,-0.1666
ketoprofen,C,12.01,3,C-C-H,0.1294,119.93,1,ca,-0.092
ketoprofen,C,12.01,4,C-H-H-H,0.1206,108.7,0,c3,-0.0921
ketoprofen,C,12.01,3,C-C-H,0.1294,119.93,1,ca,-0.071
ketoprofen,C,12.01,3,C-C-H,0.1294,119.93,1,ca,-0.145
ketoprofen,C,12.01,3,C-C-O,0.14,121.04,0,c,0.5893
ketoprofen,C,12.01,3,C-O-O,0.1367,119.24,1,c,0.638101
ketoprofen,C,12.01,3,C-C-C,0.1429,120.23,1,ca,-0.1726
ketoprofen,C,12.01,3,C-C-H,0.1294,119.93,1,ca,-0.081
ketoprofen,C,12.01,3,C-C-H,0.1294,119.93,0,ca,-0.081
ketoprofen,C,12.01,3,C-C-H,0.1294,119.93,1,ca,-0.141
ketoprofen,C,12.01,3,C-C-H,0.1294,119.93,1,ca,-0.141
ketoprofen,C,12.01,3,C-C-H,0.1294,119.93,1,ca,-0.103
ketoprofen,H,1.008,1,C,0.1096,,0,hc,0.0877
ketoprofen,H,1.008,1,C,0.1086,,0,ha,0.162
ketoprofen,H,1.008,1,C,0.1086,,0,ha,0.137
ketoprofen,H,1.008,1,C,0.1096,,0,hc,0.053033
ketoprofen,H,1.008,1,C,0.1096,,0,hc,0.053033
ketoprofen,H,1.008,1,C,0.1096,,0,hc,0.053033
ketoprofen,H,1.008,1,C,0.1086,,0,ha,0.154
ketoprofen,H,1.008,1,C,0.1086,,0,ha,0.14
ketoprofen,H,1.008,1,C,0.1086,,0,ha,0.1465
ketoprofen,H,1.008,1,C,0.1086,,0,ha,0.1465
ketoprofen,H,1.008,1,C,0.1086,,0,ha,0.1375
ketoprofen,H,1.008,1,C,0.1086,,0,ha,0.1375
ketoprofen,H,1.008,1,C,0.1086,,0,ha,0.134
ketoprofen,H,1.008,1,O,0.0973,,0,ho,0.444
ketoprofen,O,15.9994,2,C-H,0.0,0.0,0,opls_154,-0.6061
ketoprofen,O,15.9994,1,C,0.0,,0,opls_236,-0.5321
ketoprofen,O,15.9994,1,C,0.0,,0,opls_236,-0.55
ketoprofen,C,12.011,4,C-C-C-H,0.0,0.0,0,opls_135,-0.0554
ketoprofen,C,12.011,3,C-C-C,0.0,0.0,0,opls_145,-0.1093
ketoprofen,C,12.011,3,C-C-H,0.0,0.0,1,opls_145,-0.074
ketoprofen,C,12.011,3,C-C-C,0.0,0.0,1,opls_145,-0.1666
ketoprofen,C,12.011,3,C-C-H,0.0,0.0,1,opls_145,-0.092
ketoprofen,C,12.011,4,C-H-H-H,0.0,0.0,0,opls_135,-0.0921
ketoprofen,C,12.011,3,C-C-H,0.0,0.0,1,opls_145,-0.071
ketoprofen,C,12.011,3,C-C-H,0.0,0.0,1,opls_145,-0.145
ketoprofen,C,12.011,3,C-C-O,0.0,0.0,0,opls_235,0.5893
ketoprofen,C,12.011,3,C-O-O,0.0,0.0,1,opls_235,0.638101
ketoprofen,C,12.011,3,C-C-C,0.0,0.0,1,opls_145,-0.1726
ketoprofen,C,12.011,3,C-C-H,0.0,0.0,1,opls_145,-0.081
ketoprofen,C,12.011,3,C-C-H,0.0,0.0,0,opls_145,-0.081
ketoprofen,C,12.011,3,C-C-H,0.0,0.0,1,opls_145,-0.141
ketoprofen,C,12.011,3,C-C-H,0.0,0.0,1,opls_145,-0.141
ketoprofen,C,12.011,3,C-C-H,0.0,0.0,1,opls_145,-0.103
ketoprofen,H,1.008,1,C,0.0,,0,opls_140,0.0877
ketoprofen,H,1.008,1,C,0.0,,0,opls_146,0.162
ketoprofen,H,1.008,1,C,0.0,,0,opls_146,0.137
ketoprofen,H,1.008,1,C,0.0,,0,opls_140,0.053033
ketoprofen,H,1.008,1,C,0.0,,0,opls_140,0.053033
ketoprofen,H,1.008,1,C,0.0,,0,opls_140,0.053033
ketoprofen,H,1.008,1,C,0.0,,0,opls_146,0.154
ketoprofen,H,1.008,1,C,0.0,,0,opls_146,0.14
ketoprofen,H,1.008,1,C,0.0,,0,opls_146,0.1465
ketoprofen,H,1.008,1,C,0.0,,0,opls_146,0.1465
ketoprofen,H,1.008,1,C,0.0,,0,opls_146,0.1375
ketoprofen,H,1.008,1,C,0.0,,0,opls_146,0.1375
ketoprofen,H,1.008,1,C,0.0,,0,opls_146,0.134
ketoprofen,H,1.008,1,O,0.0,,0,opls_155,0.444
octylphenol,O,15.9994,2,C-H,0.0,0.0,0,opls_154,-0.4991
octylphenol,C,12.011,4,C-C-H-H,0.0,0.0,0,opls_135,-0.0794
octylphenol,C,12.011,4,C-C-H-H,0.0,0.0,0,opls_135,-0.0804
octylphenol,C,12.011,4,C-C-H-H,0.0,0.0,0,opls_135,-0.0794
octylphenol,C,12.011,4,C-C-H-H,0.0,0.0,0,opls_135,-0.0824
octylphenol,C,12.011,4,C-C-H-H,0.0,0.0,0,opls_135,-0.0794
octylphenol,C,12.011,4,C-C-H-H,0.0,0.0,0,opls_135,-0.0371
octylphenol,C,12.011,4,C-C-H-H,0.0,0.0,0,opls_135,-0.0804
octylphenol,C,12.011,3,C-C-C,0.0,0.0,0,opls_145,-0.1593
octylphenol,C,12.011,4,C-H-H-H,0.0,0.0,0,opls_135,-0.0931
octylphenol,C,12.011,3,C-C-O,0.0,0.0,1,opls_145,0.1291
octylphenol,C,12.011,3,C-C-H,0.0,0.0,1,opls_145,-0.091
octylphenol,C,12.011,3,C-C-H,0.0,0.0,0,opls_145,-0.157
octylphenol,C,12.011,3,C-C-H,0.0,0.0,1,opls_145,-0.165
octylphenol,C,12.011,3,C-C-H,0.0,0.0,1,opls_145,-0.099
octylphenol,H,1.008,1,C,0.0,,0,opls_140,0.0412
octylphenol,H,1.008,1,C,0.0,,0,opls_140,0.0412
octylphenol,H,1.008,1,C,0.0,,0,opls_140,0.0397
octylphenol,H,1.008,1,C,0.0,,0,opls_140,0.0397
octylphenol,H,1.008,1,C,0.0,,0,opls_140,0.0397
octylphenol,H,1.008,1,C,0.0,,0,opls_140,0.0397
octylphenol,H,1.008,1,C,0.0,,0,opls_140,0.0462
octylphenol,H,1.008,1,C,0.0,,0,opls_140,0.0462
octylphenol,H,1.008,1,C,0.0,,0,opls_140,0.0397
octylphenol,H,1.008,1,C,0.0,,0,opls_140,0.0397
octylphenol,H,1.008,1,C,0.0,,0,opls_140,0.0477
octylphenol,H,1.008,1,C,0.0,,0,opls_140,0.0477
octylphenol,H,1.008,1,C,0.0,,0,opls_140,0.0387
octylphenol,H,1.008,1,C,0.0,,0,opls_140,0.0387
octylphenol,H,1.008,1,C,0.0,,0,opls_140,0.0327
octylphenol,H,1.008,1,C,0.0,,0,opls_140,0.0327
octylphenol,H,1.008,1,C,0.0,,0,opls_140,0.0327
octylphenol,H,1.008,1,C,0.0,,0,opls_146,0.131
octylphenol,H,1.008,1,C,0.0,,0,opls_146,0.149
octylphenol,H,1.008,1,C,0.0,,0,opls_146,0.133
octylphenol,H,1.008,1,C,0.0,,0,opls_146,0.134
octylphenol,H,1.008,1,O,0.0,,0,opls_155,0.422
octylphenol,O,16.0,2,C-H,0.1168,108.58,0,oh,-0.4991
octylphenol,C,12.01,4,C-C-H-H,0.1316,109.85,0,c3,-0.0794
octylphenol,C,12.01,4,C-C-H-H,0.1316,109.85,0,c3,-0.0804
octylphenol,C,12.01,4,C-C-H-H,0.1316,109.85,0,c3,-0.0794
octylphenol,C,12.01,4,C-C-H-H,0.1316,109.85,0,c3,-0.0824
octylphenol,C,12.01,4,C-C-H-H,0.1316,109.85,0,c3,-0.0794
octylphenol,C,12.01,4,C-C-H-H,0.1311,110.13,0,c3,-0.0371
octylphenol,C,12.01,4,C-C-H-H,0.1316,109.85,0,c3,-0.0804
octylphenol,C,12.01,3,C-C-C,0.1437,120.56,0,ca,-0.1593
octylphenol,C,12.01,4,C-H-H-H,0.1206,108.7,0,c3,-0.0931
octylphenol,C,12.01,3,C-C-O,0.1387,119.94,1,ca,0.1291
octylphenol,C,12.01,3,C-C-H,0.1294,119.93,1,ca,-0.091
octylphenol,C,12.01,3,C-C-H,0.1294,119.93,0,ca,-0.157
octylphenol,C,12.01,3,C-C-H,0.1294,119.93,1,ca,-0.165
octylphenol,C,12.01,3,C-C-H,0.1294,119.93,1,ca,-0.099
octylphenol,H,1.008,1,C,0.1096,,0,hc,0.0412
octylphenol,H,1.008,1,C,0.1096,,0,hc,0.0412
octylphenol,H,1.008,1,C,0.1096,,0,hc,0.0397
octylphenol,H,1.008,1,C,0.1096,,0,hc,0.0397
octylphenol,H,1.008,1,C,0.1096,,0,hc,0.0397
octylphenol,H,1.008,1,C,0.1096,,0,hc,0.0397
octylphenol,H,1.008,1,C,0.1096,,0,hc,0.0462
octylphenol,H,1.008,1,C,0.1096,,0,hc,0.0462
octylphenol,H,1.008,1,C,0.1096,,0,hc,0.0397
octylphenol,H,1.008,1,C,0.1096,,0,hc,0.0397
octylphenol,H,1.008,1,C,0.1096,,0,hc,0.0477
octylphenol,H,1.008,1,C,0.1096,,0,hc,0.0477
octylphenol,H,1.008,1,C,0.1096,,0,hc,0.0387
octylphenol,H,1.008,1,C,0.1096,,0,hc,0.0387
octylphenol,H,1.008,1,C,0.1096,,0,hc,0.0327
octylphenol,H,1.008,1,C,0.1096,,0,hc,0.0327
octylphenol,H,1.008,1,C,0.1096,,0,hc,0.0327
octylphenol,H,1.008,1,C,0.1086,,0,ha,0.131
octylphenol,H,1.008,1,C,0.1086,,0,ha,0.149
octylphenol,H,1.008,1,C,0.1086,,0,ha,0.133
octylphenol,H,1.008,1,C,0.1086,,0,ha,0.134
octylphenol,H,1.008,1,O,0.0973,,0,ho,0.422
tyrosine,O,16.0,2,C-H,0.1164,106.54,0,oh,-0.5911
tyrosine,OH,16.0,2,CZ-HH,0.1168,108.58,0,oh,-0.4961
tyrosine,OXT,16.0,1,C,0.1219,,0,o,-0.557
tyrosine,N,14.01,3,CA-H-H,0.1168,108.53,0,n8,-0.9008
tyrosine,CB,12.01,4,CA-CG-HB-HB,0.1311,110.13,0,c3,-0.0691
tyrosine,CA,12.01,4,C-CB-HA-N,0.1406,109.9,0,c3,0.1315
tyrosine,CG,12.01,3,CB-CD-CD,0.1437,120.56,0,ca,-0.1273
tyrosine,CD,12.01,3,CE-CG-HD,0.1294,119.93,0,ca,-0.085
tyrosine,CD,12.01,3,CE-CG-HD,0.1294,119.93,1,ca,-0.085
tyrosine,C,12.01,3,CA-O-OXT,0.1367,119.24,1,c,0.6461
tyrosine,CE,12.01,3,CD-CZ-HE,0.1294,119.93,1,ca,-0.183
tyrosine,CE,12.01,3,CD-CZ-HE,0.1294,119.93,1,ca,-0.183
tyrosine,CZ,12.01,3,CE-CE-OH,0.1387,119.94,1,ca,0.1281
tyrosine,HB,1.008,1,CB,0.1096,,0,hc,0.0617
tyrosine,HB,1.008,1,CB,0.1096,,0,hc,0.0617
tyrosine,HA,1.008,1,CA,0.1097,,0,h1,0.0967
tyrosine,HD,1.008,1,CD,0.1086,,0,ha,0.1365
tyrosine,HD,1.008,1,CD,0.1086,,0,ha,0.1365
tyrosine,H,1.008,1,N,0.1019,,0,hn,0.3633
tyrosine,H,1.008,1,N,0.1019,,0,hn,0.3633
tyrosine,HE,1.008,1,CE,0.1086,,0,ha,0.144
tyrosine,HE,1.008,1,CE,0.1086,,0,ha,0.144
tyrosine,H,1.008,1,O,0.0973,,0,ho,0.444
tyrosine,HH,1.008,1,OH,0.0973,,0,ho,0.42
tyrosine,O,15.9994,2,C-H,0.0,0.0,0,opls_154,-0.5911
tyrosine,OH,15.9994,2,CZ-HH,0.0,0.0,0,opls_154,-0.4961
tyrosine,OXT,15.9994,1,C,0.0,,0,opls_236,-0.557
tyrosine,N,0.0,3,CA-H-H,0.0,0.0,0,opls_x,-0.9008
tyrosine,CB,12.011,4,CA-CG-HB-HB,0.0,0.0,0,opls_135,-0.0691
tyrosine,CA,12.011,4,C-CB-HA-N,0.0,0.0,0,opls_135,0.1315
tyrosine,CG,12.011,3,CB-CD-CD,0.0,0.0,0,opls_145,-0.1273
tyrosine,CD,12.011,3,CE-CG-HD,0.0,0.0,0,opls_145,-0.085
tyrosine,CD,12.011,3,CE-CG-HD,0.0,0.0,1,opls_145,-0.085
tyrosine,C,12.011,3,CA-O-OXT,0.0,0.0,1,opls_235,0.6461
tyrosine,CE,12.011,3,CD-CZ-HE,0.0,0.0,1,opls_145,-0.183
tyrosine,CE,12.011,3,CD-CZ-HE,0.0,0.0,1,opls_145,-0.183
tyrosine,CZ,12.011,3,CE-CE-OH,0.0,0.0,1,opls_145,0.1281
tyrosine,HB,1.008,1,CB,0.0,,0,opls_140,0.0617
tyrosine,HB,1.008,1,CB,0.0,,0,opls_140,0.0617
tyrosine,HA,1.008,1,CA,0.0,,0,opls_140,0.0967
tyrosine,HD,1.008,1,CD,0.0,,0,opls_146,0.1365
tyrosine,HD,1.008,1,CD,0.0,,0,opls_146,0.1365
tyrosine,H,1.008,1,N,0.0,,0,opls_240,0.3633
tyrosine,H,1.008,1,N,0.0,,0,opls_240,0.3633
tyrosine,HE,1.008,1,CE,0.0,,0,opls_146,0.144
tyrosine,HE,1.008,1,CE,0.0,,0,opls_146,0.144
tyrosine,H,1.008,1,O,0.0,,0,opls_155,0.444
tyrosine,HH,1.008,1,OH,0.0,,0,opls_155,0.42
bisphenol-f,O,15.9994,2,C-H,0.0,0.0,0,opls_154,-0.4996
bisphenol-f,O,15.9994,2,C-H,0.0,0.0,0,opls_154,-0.4996
bisphenol-f,C,12.011,4,C-C-H-H,0.0,0.0,0,opls_135,0.0172
bisphenol-f,C,12.011,3,C-C-C,0.0,0.0,0,opls_145,-0.1123
bisphenol-f,C,12.011,3,C-C-C,0.0,0.0,0,opls_145,-0.1123
bisphenol-f,C,12.011,3,C-C-H,0.0,0.0,0,opls_145,-0.0895
bisphenol-f,C,12.011,3,C-C-H,0.0,0.0,1,opls_145,-0.0895
bisphenol-f,C,12.011,3,C-C-H,0.0,0.0,1,opls_145,-0.0895
bisphenol-f,C,12.011,3,C-C-H,0.0,0.0,0,opls_145,-0.0895
bisphenol-f,C,12.011,3,C-C-H,0.0,0.0,1,opls_145,-0.18325
bisphenol-f,C,12.011,3,C-C-H,0.0,0.0,1,opls_145,-0.18325
bisphenol-f,C,12.011,3,C-C-H,0.0,0.0,1,opls_145,-0.18325
bisphenol-f,C,12.011,3,C-C-H,0.0,0.0,1,opls_145,-0.18325
bisphenol-f,C,12.011,3,C-C-O,0.0,0.0,1,opls_145,0.1216
bisphenol-f,C,12.011,3,C-C-O,0.0,0.0,1,opls_145,0.1216
bisphenol-f,H,1.008,1,C,0.0,,0,opls_140,0.0542
bisphenol-f,H,1.008,1,C,0.0,,0,opls_140,0.0542
bisphenol-f,H,1.008,1,C,0.0,,0,opls_146,0.13525
bisphenol-f,H,1.008,1,C,0.0,,0,opls_146,0.13525
bisphenol-f,H,1.008,1,C,0.0,,0,opls_146,0.13525
bisphenol-f,H,1.008,1,C,0.0,,0,opls_146,0.13525
bisphenol-f,H,1.008,1,C,0.0,,0,opls_146,0.142
bisphenol-f,H,1.008,1,C,0.0,,0,opls_146,0.142
bisphenol-f,H,1.008,1,C,0.0,,0,opls_146,0.142
bisphenol-f,H,1.008,1,C,0.0,,0,opls_146,0.142
bisphenol-f,H,1.008,1,O,0.0,,0,opls_155,0.4185
bisphenol-f,H,1.008,1,O,0.0,,0,opls_155,0.4185
bisphenol-f,O,16.0,2,C-H,0.1168,108.58,0,oh,-0.4996
bisphenol-f,O,16.0,2,C-H,0.1168,108.58,0,oh,-0.4996
bisphenol-f,C,12.01,4,C-C-H-H,0.1305,110.43,0,c3,0.0172
bisphenol-f,C,12.01,3,C-C-C,0.1437,120.56,0,ca,-0.1123
bisphenol-f,C,12.01,3,C-C-C,0.1437,120.56,0,ca,-0.1123
bisphenol-f,C,12.01,3,C-C-H,0.1294,119.93,0,ca,-0.0895
bisphenol-f,C,12.01,3,C-C-H,0.1294,119.93,1,ca,-0.0895
bisphenol-f,C,12.01,3,C-C-H,0.1294,119.93,1,ca,-0.0895
bisphenol-f,C,12.01,3,C-C-H,0.1294,119.93,0,ca,-0.0895
bisphenol-f,C,12.01,3,C-C-H,0.1294,119.93,1,ca,-0.18325
bisphenol-f,C,12.01,3,C-C-H,0.1294,119.93,1,ca,-0.18325
bisphenol-f,C,12.01,3,C-C-H,0.1294,119.93,1,ca,-0.18325
bisphenol-f,C,12.01,3,C-C-H,0.1294,119.93,1,ca,-0.18325
bisphenol-f,C,12.01,3,C-C-O,0.1387,119.94,1,ca,0.1216
bisphenol-f,C,12.01,3,C-C-O,0.1387,119.94,1,ca,0.1216
bisphenol-f,H,1.008,1,C,0.1096,,0,hc,0.0542
bisphenol-f,H,1.008,1,C,0.1096,,0,hc,0.0542
bisphenol-f,H,1.008,1,C,0.1086,,0,ha,0.13525
bisphenol-f,H,1.008,1,C,0.1086,,0,ha,0.13525
bisphenol-f,H,1.008,1,C,0.1086,,0,ha,0.13525
bisphenol-f,H,1.008,1,C,0.1086,,0,ha,0.13525
bisphenol-f,H,1.008,1,C,0.1086,,0,ha,0.142
bisphenol-f,H,1.008,1,C,0.1086,,0,ha,0.142
bisphenol-f,H,1.008,1,C,0.1086,,0,ha,0.142
bisphenol-f,H,1.008,1,C,0.1086,,0,ha,0.142
bisphenol-f,H,1.008,1,O,0.0973,,0,ho,0.4185
bisphenol-f,H,1.008,1,O,0.0973,,0,ho,0.4185
galactose,O,0.0,2,C-C,0.0,0.0,0,opls_x,-0.4686
galactose,O,15.9994,2,C-H,0.0,0.0,0,opls_154,-0.5678
galactose,O,15.9994,2,C-H,0.0,0.0,0,opls_154,-0.5768
galactose,O,15.9994,2,C-H,0.0,0.0,0,opls_154,-0.5998
galactose,O,15.9994,2,C-H,0.0,0.0,0,opls_154,-0.6028
galactose,O,15.9994,2,C-H,0.0,0.0,0,opls_154,-0.5938
galactose,C,0.0,4,C-C-H-O,0.0,0.0,0,opls_x,0.1231
galactose,C,0.0,4,C-C-H-O,0.0,0.0,0,opls_x,0.1151
galactose,C,0.0,4,C-C-H-O,0.0,0.0,0,opls_x,0.0691
galactose,C,0.0,4,C-C-H-O,0.0,0.0,0,opls_x,0.0751
galactose,C,0.0,4,C-H-O-O,0.0,0.0,0,opls_x,0.3109
galactose,C,12.011,4,C-H-H-O,0.0,0.0,0,opls_135,0.1404
galactose,H,1.008,1,C,0.0,,0,opls_140,0.1027
galactose,H,1.008,1,C,0.0,,0,opls_140,0.0547
galactose,H,1.008,1,C,0.0,,0,opls_140,0.0637
galactose,H,1.008,1,C,0.0,,0,opls_140,0.0727
galactose,H,0.0,1,C,0.0,,0,opls_x,0.0557
galactose,H,1.008,1,C,0.0,,0,opls_140,0.0657
galactose,H,1.008,1,C,0.0,,0,opls_140,0.0657
galactose,H,1.008,1,O,0.0,,0,opls_155,0.407
galactose,H,1.008,1,O,0.0,,0,opls_155,0.419
galactose,H,1.008,1,O,0.0,,0,opls_155,0.425
galactose,H,1.008,1,O,0.0,,0,opls_155,0.434
galactose,H,1.008,1,O,0.0,,0,opls_155,0.41
galactose,O,16.0,2,C-C,0.143,113.3,0,os,-0.4686
galactose,O,16.0,2,C-H,0.1198,107.07,0,oh,-0.5678
galactose,O,16.0,2,C-H,0.1198,107.07,0,oh,-0.5768
galactose,O,16.0,2,C-H,0.1198,107.07,0,oh,-0.5998
galactose,O,16.0,2,C-H,0.1198,107.07,0,oh,-0.6028
galactose,O,16.0,2,C-H,0.1198,107.39,0,oh,-0.5938
galactose,C,12.01,4,C-C-H-O,0.14,109.91,0,c6,0.1231
galactose,C,12.01,4,C-C-H-O,0.14,109.91,0,c6,0.1151
galactose,C,12.01,4,C-C-H-O,0.1402,109.03,0,c6,0.0691
galactose,C,12.01,4,C-C-H-O,0.14,109.91,0,c6,0.0751
galactose,C,12.01,4,C-H-O-O,0.1373,109.66,0,c6,0.3109
galactose,C,12.01,4,C-H-H-O,0.129,109.84,0,c3,0.1404
galactose,H,1.008,1,C,0.1098,,0,h1,0.1027
galactose,H,1.008,1,C,0.1098,,0,h1,0.0547
galactose,H,1.008,1,C,0.1098,,0,h1,0.0637
galactose,H,1.008,1,C,0.1098,,0,h1,0.0727
galactose,H,1.008,1,C,0.1099,,0,h2,0.0557
galactose,H,1.008,1,C,0.1097,,0,h1,0.0657
galactose,H,1.008,1,C,0.1097,,0,h1,0.0657
galactose,H,1.008,1,O,0.0973,,0,ho,0.407
galactose,H,1.008,1,O,0.0973,,0,ho,0.419
galactose,H,1.008,1,O,0.0973,,0,ho,0.425
galactose,H,1.008,1,O,0.0973,,0,ho,0.434
galactose,H,1.008,1,O,0.0973,,0,ho,0.41
celecoxib,S,0.0,4,C-N-O-O,0.0,0.0,0,opls_x,1.5282
celecoxib,F,0.0,1,C,0.0,,0,opls_x,-0.2293
celecoxib,F,0.0,1,C,0.0,,0,opls_x,-0.2293
celecoxib,F,0.0,1,C,0.0,,0,opls_x,-0.2293
celecoxib,O,15.9994,1,S,0.0,,0,opls_236,-0.6558
celecoxib,O,15.9994,1,S,0.0,,0,opls_236,-0.6558
celecoxib,N,14.0067,3,C-C-N,0.0,0.0,0,opls_503,0.1623
celecoxib,N,14.0067,2,C-N,0.0,0.0,0,opls_511,-0.4408
celecoxib,N,0.0,3,H-H-S,0.0,0.0,0,opls_x,-1.0267
celecoxib,C,12.011,3,C-C-N,0.0,0.0,1,opls_500,-0.0293
celecoxib,C,12.011,3,C-C-N,0.0,0.0,0,opls_145,0.0738
celecoxib,C,12.011,3,C-C-C,0.0,0.0,0,opls_145,-0.058
celecoxib,C,12.011,3,C-C-H,0.0,0.0,1,opls_500,-0.2313
celecoxib,C,12.011,3,C-C-N,0.0,0.0,1,opls_500,0.2156
celecoxib,C,12.011,3,C-C-H,0.0,0.0,0,opls_145,-0.1495
celecoxib,C,12.011,3,C-C-H,0.0,0.0,1,opls_145,-0.1495
celecoxib,C,12.011,3,C-C-S,0.0,0.0,1,opls_145,-0.3795
celecoxib,C,12.011,3,C-C-H,0.0,0.0,0,opls_145,-0.0985
celecoxib,C,12.011,3,C-C-H,0.0,0.0,1,opls_145,-0.0985
celecoxib,C,12.011,3,C-C-H,0.0,0.0,1,opls_145,-0.011
celecoxib,C,12.011,3,C-C-H,0.0,0.0,1,opls_145,-0.011
celecoxib,C,12.011,3,C-C-C,0.0,0.0,1,opls_145,-0.0543
celecoxib,C,12.011,3,C-C-H,0.0,0.0,1,opls_145,-0.1345
celecoxib,C,12.011,3,C-C-H,0.0,0.0,1,opls_145,-0.1345
celecoxib,C,12.011,4,C-F-F-F,0.0,0.0,0,opls_135,0.6326
celecoxib,C,12.011,4,C-H-H-H,0.0,0.0,0,opls_135,-0.0608
celecoxib,H,1.008,1,C,0.0,,0,opls_146,0.188
celecoxib,H,1.008,1,C,0.0,,0,opls_146,0.164
celecoxib,H,1.008,1,C,0.0,,0,opls_146,0.164
celecoxib,H,1.008,1,C,0.0,,0,opls_146,0.1425
celecoxib,H,1.008,1,C,0.0,,0,opls_146,0.1425
celecoxib,H,1.008,1,C,0.0,,0,opls_146,0.1605
celecoxib,H,1.008,1,C,0.0,,0,opls_146,0.1605
celecoxib,H,1.008,1,C,0.0,,0,opls_146,0.1405
celecoxib,H,1.008,1,C,0.0,,0,opls_146,0.1405
celecoxib,H,1.008,1,C,0.0,,0,opls_140,0.0507
celecoxib,H,1.008,1,C,0.0,,0,opls_140,0.0507
celecoxib,H,1.008,1,C,0.0,,0,opls_140,0.0507
celecoxib,H,1.008,1,N,0.0,,0,opls_240,0.4498
celecoxib,H,1.008,1,N,0.0,,0,opls_240,0.4498
celecoxib,S,32.06,4,C-N-O-O,0.1604,109.19,0,sy,1.5282
celecoxib,F,19.0,1,C,0.1351,,0,f,-0.2293
celecoxib,F,19.0,1,C,0.1351,,0,f,-0.2293
celecoxib,F,19.0,1,C,0.1351,,0,f,-0.2293
celecoxib,O,16.0,1,S,0.1466,,0,o,-0.6558
celecoxib,O,16.0,1,S,0.1466,,0,o,-0.6558
celecoxib,N,14.01,3,C-C-N,0.1374,115.45,0,na,0.1623
celecoxib,N,14.01,2,C-N,0.1337,103.83,0,nc,-0.4408
celecoxib,N,14.01,3,H-H-S,0.1243,108.57,0,n8,-1.0267
celecoxib,C,12.01,3,C-C-N,0.1402,114.86,1,cc,-0.0293
celecoxib,C,12.01,3,C-C-N,0.1394,120.21,0,ca,0.0738
celecoxib,C,12.01,3,C-C-C,0.1417,120.61,0,ca,-0.058
celecoxib,C,12.01,3,C-C-H,0.1295,119.92,1,cd,-0.2313
celecoxib,C,12.01,3,C-C-N,0.1416,122.06,1,cd,0.2156
celecoxib,C,12.01,3,C-C-H,0.1294,119.93,0,ca,-0.1495
celecoxib,C,12.01,3,C-C-H,0.1294,119.93,1,ca,-0.1495
celecoxib,C,12.01,3,C-C-S,0.153,119.61,1,ca,-0.3795
celecoxib,C,12.01,3,C-C-H,0.1294,119.93,0,ca,-0.0985
celecoxib,C,12.01,3,C-C-H,0.1294,119.93,1,ca,-0.0985
celecoxib,C,12.01,3,C-C-H,0.1294,119.93,1,ca,-0.011
celecoxib,C,12.01,3,C-C-H,0.1294,119.93,1,ca,-0.011
celecoxib,C,12.01,3,C-C-C,0.1437,120.56,1,ca,-0.0543
celecoxib,C,12.01,3,C-C-H,0.1294,119.93,1,ca,-0.1345
celecoxib,C,12.01,3,C-C-H,0.1294,119.93,1,ca,-0.1345
celecoxib,C,12.01,4,C-F-F-F,0.1389,109.58,0,c3,0.6326
celecoxib,C,12.01,4,C-H-H-H,0.1201,109.18,0,c3,-0.0608
celecoxib,H,1.008,1,C,0.1084,,0,ha,0.188
celecoxib,H,1.008,1,C,0.1086,,0,ha,0.164
celecoxib,H,1.008,1,C,0.1086,,0,ha,0.164
celecoxib,H,1.008,1,C,0.1086,,0,ha,0.1425
celecoxib,H,1.008,1,C,0.1086,,0,ha,0.1425
celecoxib,H,1.008,1,C,0.1086,,0,ha,0.1605
celecoxib,H,1.008,1,C,0.1086,,0,ha,0.1605
celecoxib,H,1.008,1,C,0.1086,,0,ha,0.1405
celecoxib,H,1.008,1,C,0.1086,,0,ha,0.1405
celecoxib,H,1.008,1,C,0.1096,,0,hc,0.0507
celecoxib,H,1.008,1,C,0.1096,,0,hc,0.0507
celecoxib,H,1.008,1,C,0.1096,,0,hc,0.0507
celecoxib,H,1.008,1,N,0.1019,,0,hn,0.4498
celecoxib,H,1.008,1,N,0.1019,,0,hn,0.4498
benzocaine,O,16.0,2,C-C,0.1395,115.82,0,os,-0.4459
benzocaine,O,16.0,1,C,0.1219,,0,o,-0.557
benzocaine,N,14.01,3,C-H-H,0.1132,116.25,0,nv,-0.833201
benzocaine,C,12.01,3,C-C-C,0.1429,120.23,0,ca,-0.1896
benzocaine,C,12.01,3,C-C-H,0.1294,119.93,1,ca,-0.0275
benzocaine,C,12.01,3,C-C-H,0.1294,119.93,0,ca,-0.0275
benzocaine,C,12.01,3,C-C-N,0.1391,120.63,1,ca,0.1916
benzocaine,C,12.01,3,C-C-H,0.1294,119.93,1,ca,-0.221
benzocaine,C,12.01,3,C-C-H,0.1294,119.93,1,ca,-0.221
benzocaine,C,12.01,3,C-O-O,0.1357,119.4,1,c,0.6547
benzocaine,C,12.01,4,C-H-H-O,0.1289,109.34,0,c3,0.1404
benzocaine,C,12.01,4,C-H-H-H,0.1206,108.7,0,c3,-0.1001
benzocaine,H,1.008,1,C,0.1086,,0,ha,0.154
benzocaine,H,1.008,1,C,0.1086,,0,ha,0.154
benzocaine,H,1.008,1,C,0.1086,,0,ha,0.1375
benzocaine,H,1.008,1,C,0.1086,,0,ha,0.1375
benzocaine,H,1.008,1,C,0.1097,,0,h1,0.0512
benzocaine,H,1.008,1,C,0.1097,,0,h1,0.0512
benzocaine,H,1.008,1,C,0.1096,,0,hc,0.046367
benzocaine,H,1.008,1,C,0.1096,,0,hc,0.046367
benzocaine,H,1.008,1,C,0.1096,,0,hc,0.046367
benzocaine,H,1.008,1,N,0.1011,,1,hn,0.4058
benzocaine,H,1.008,1,N,0.1011,,0,hn,0.4058
benzocaine,O,0.0,2,C-C,0.0,0.0,0,opls_x,-0.4459
benzocaine,O,15.9994,1,C,0.0,,0,opls_236,-0.557
benzocaine,N,0.0,3,C-H-H,0.0,0.0,0,opls_x,-0.833201
benzocaine,C,12.011,3,C-C-C,0.0,0.0,0,opls_145,-0.1896
benzocaine,C,12.011,3,C-C-H,0.0,0.0,1,opls_145,-0.0275
benzocaine,C,12.011,3,C-C-H,0.0,0.0,0,opls_145,-0.0275
benzocaine,C,12.011,3,C-C-N,0.0,0.0,1,opls_145,0.1916
benzocaine,C,12.011,3,C-C-H,0.0,0.0,1,opls_145,-0.221
benzocaine,C,12.011,3,C-C-H,0.0,0.0,1,opls_145,-0.221
benzocaine,C,12.011,3,C-O-O,0.0,0.0,1,opls_235,0.6547
benzocaine,C,12.011,4,C-H-H-O,0.0,0.0,0,opls_135,0.1404
benzocaine,C,12.011,4,C-H-H-H,0.0,0.0,0,opls_135,-0.1001
benzocaine,H,1.008,1,C,0.0,,0,opls_146,0.154
benzocaine,H,1.008,1,C,0.0,,0,opls_146,0.154
benzocaine,H,1.008,1,C,0.0,,0,opls_146,0.1375
benzocaine,H,1.008,1,C,0.0,,0,opls_146,0.1375
benzocaine,H,1.008,1,C,0.0,,0,opls_140,0.0512
benzocaine,H,1.008,1,C,0.0,,0,opls_140,0.0512
benzocaine,H,1.008,1,C,0.0,,0,opls_140,0.046367
benzocaine,H,1.008,1,C,0.0,,0,opls_140,0.046367
benzocaine,H,1.008,1,C,0.0,,0,opls_140,0.046367
benzocaine,H,1.008,1,N,0.0,,1,opls_240,0.4058
benzocaine,H,1.008,1,N,0.0,,0,opls_240,0.4058
beta-sitosterol,O,16.0,2,C-H,0.1198,107.07,0,oh,-0.601804
beta-sitosterol,C,12.01,4,C-C-C-C,0.1543,111.52,0,c5,-0.044
beta-sitosterol,C,12.01,4,C-C-C-H,0.1433,110.02,0,c5,-0.0657
beta-sitosterol,C,12.01,4,C-C-C-H,0.1428,110.23,0,c6,-0.0467
beta-sitosterol,C,12.01,4,C-C-C-H,0.1428,110.25,0,c6,-0.0487
beta-sitosterol,C,12.01,4,C-C-C-H,0.1432,110.19,0,c5,-0.0537
beta-sitosterol,C,12.01,4,C-C-H-H,0.1318,109.21,0,c6,-0.0654
beta-sitosterol,C,12.01,4,C-C-C-C,0.1533,111.08,1,c6,0.0002
beta-sitosterol,C,12.01,4,C-C-H-H,0.1322,109.29,0,c5,-0.0744
beta-sitosterol,C,12.01,4,C-C-H-H,0.1318,109.25,0,c6,-0.0754
beta-sitosterol,C,12.01,4,C-C-H-H,0.1322,109.29,0,c5,-0.0794
beta-sitosterol,C,12.01,4,C-C-H-H,0.1312,109.26,1,c6,-0.0422
beta-sitosterol,C,12.01,4,C-C-C-H,0.1426,111.65,0,c3,-0.0577
beta-sitosterol,C,12.01,4,C-H-H-H,0.1206,109.13,0,c3,-0.0821
beta-sitosterol,C,12.01,3,C-C-C,0.1455,120.67,0,c2,-0.1054
beta-sitosterol,C,12.01,4,C-C-H-H,0.1318,109.25,0,c6,-0.0704
beta-sitosterol,C,12.01,3,C-C-H,0.1313,119.99,0,c2,-0.1672
beta-sitosterol,C,12.01,4,C-H-H-H,0.1208,109.18,0,c3,-0.0831
beta-sitosterol,C,12.01,4,C-C-H-H,0.1312,109.26,0,c6,-0.0752
beta-sitosterol,C,12.01,4,C-C-H-H,0.1316,109.85,0,c3,-0.0804
beta-sitosterol,C,12.01,4,C-C-H-H,0.1318,109.25,0,c6,-0.0754
beta-sitosterol,C,12.01,4,C-C-H-O,0.14,109.91,0,c6,0.1451
beta-sitosterol,C,12.01,4,C-H-H-H,0.1206,108.7,0,c3,-0.0901
beta-sitosterol,C,12.01,4,C-C-H-H,0.1316,109.85,0,c3,-0.0754
beta-sitosterol,C,12.01,4,C-C-C-H,0.1426,111.16,0,c3,-0.0607
beta-sitosterol,C,12.01,4,C-C-C-H,0.1426,111.16,0,c3,-0.0647
beta-sitosterol,C,12.01,4,C-C-H-H,0.1316,109.85,0,c3,-0.0794
beta-sitosterol,C,12.01,4,C-H-H-H,0.1206,108.7,0,c3,-0.0901
beta-sitosterol,C,12.01,4,C-H-H-H,0.1206,108.7,0,c3,-0.0901
beta-sitosterol,C,12.01,4,C-H-H-H,0.1206,108.7,0,c3,-0.0931
beta-sitosterol,H,1.008,1,C,0.1095,,0,hc,0.0457
beta-sitosterol,H,1.008,1,C,0.1098,,0,hc,0.0587
beta-sitosterol,H,1.008,1,C,0.1098,,0,hc,0.0477
beta-sitosterol,H,1.008,1,C,0.1095,,0,hc,0.0467
beta-sitosterol,H,1.008,1,C,0.1098,,0,hc,0.0417
beta-sitosterol,H,1.008,1,C,0.1098,,0,hc,0.0417
beta-sitosterol,H,1.008,1,C,0.1095,,0,hc,0.0417
beta-sitosterol,H,1.008,1,C,0.1095,,0,hc,0.0417
beta-sitosterol,H,1.008,1,C,0.1098,,0,hc,0.0412
beta-sitosterol,H,1.008,1,C,0.1098,,0,hc,0.0412
beta-sitosterol,H,1.008,1,C,0.1095,,0,hc,0.0422
beta-sitosterol,H,1.008,1,C,0.1095,,0,hc,0.0422
beta-sitosterol,H,1.008,1,C,0.1098,,0,hc,0.0492
beta-sitosterol,H,1.008,1,C,0.1098,,0,hc,0.0492
beta-sitosterol,H,1.008,1,C,0.1096,,0,hc,0.0527
beta-sitosterol,H,1.008,1,C,0.1096,,0,hc,0.035367
beta-sitosterol,H,1.008,1,C,0.1096,,0,hc,0.035367
beta-sitosterol,H,1.008,1,C,0.1096,,0,hc,0.035367
beta-sitosterol,H,1.008,1,C,0.1098,,0,hc,0.0447
beta-sitosterol,H,1.008,1,C,0.1098,,0,hc,0.0447
beta-sitosterol,H,1.008,1,C,0.1088,,0,ha,0.119
beta-sitosterol,H,1.008,1,C,0.1096,,0,hc,0.037367
beta-sitosterol,H,1.008,1,C,0.1096,,0,hc,0.037367
beta-sitosterol,H,1.008,1,C,0.1096,,0,hc,0.037367
beta-sitosterol,H,1.008,1,C,0.1098,,0,hc,0.0512
beta-sitosterol,H,1.008,1,C,0.1098,,0,hc,0.0512
beta-sitosterol,H,1.008,1,C,0.1096,,0,hc,0.0417
beta-sitosterol,H,1.008,1,C,0.1096,,0,hc,0.0417
beta-sitosterol,H,1.008,1,C,0.1098,,0,hc,0.0552
beta-sitosterol,H,1.008,1,C,0.1098,,0,hc,0.0552
beta-sitosterol,H,1.008,1,C,0.1098,,0,h1,0.0357
beta-sitosterol,H,1.008,1,C,0.1096,,0,hc,0.033367
beta-sitosterol,H,1.008,1,C,0.1096,,0,hc,0.033367
beta-sitosterol,H,1.008,1,C,0.1096,,0,hc,0.033367
beta-sitosterol,H,1.008,1,C,0.1096,,0,hc,0.0417
beta-sitosterol,H,1.008,1,C,0.1096,,0,hc,0.0417
beta-sitosterol,H,1.008,1,C,0.1096,,0,hc,0.0497
beta-sitosterol,H,1.008,1,O,0.0973,,0,ho,0.398
beta-sitosterol,H,1.008,1,C,0.1096,,0,hc,0.0457
beta-sitosterol,H,1.008,1,C,0.1096,,0,hc,0.0402
beta-sitosterol,H,1.008,1,C,0.1096,,0,hc,0.0402
beta-sitosterol,H,1.008,1,C,0.1096,,0,hc,0.032867
beta-sitosterol,H,1.008,1,C,0.1096,,0,hc,0.032867
beta-sitosterol,H,1.008,1,C,0.1096,,0,hc,0.032867
beta-sitosterol,H,1.008,1,C,0.1096,,0,hc,0.032867
beta-sitosterol,H,1.008,1,C,0.1096,,0,hc,0.032867
beta-sitosterol,H,1.008,1,C,0.1096,,0,hc,0.032867
beta-sitosterol,H,1.008,1,C,0.1096,,0,hc,0.032033
beta-sitosterol,H,1.008,1,C,0.1096,,0,hc,0.032033
beta-sitosterol,H,1.008,1,C,0.1096,,0,hc,0.032033
beta-sitosterol,O,15.9994,2,C-H,0.0,0.0,0,opls_154,-0.601804
beta-sitosterol,C,0.0,4,C-C-C-C,0.0,0.0,0,opls_x,-0.044
beta-sitosterol,C,0.0,4,C-C-C-H,0.0,0.0,0,opls_x,-0.0657
beta-sitosterol,C,0.0,4,C-C-C-H,0.0,0.0,0,opls_x,-0.0467
beta-sitosterol,C,0.0,4,C-C-C-H,0.0,0.0,0,opls_x,-0.0487
beta-sitosterol,C,0.0,4,C-C-C-H,0.0,0.0,0,opls_x,-0.0537
beta-sitosterol,C,0.0,4,C-C-H-H,0.0,0.0,0,opls_x,-0.0654
beta-sitosterol,C,0.0,4,C-C-C-C,0.0,0.0,1,opls_x,0.0002
beta-sitosterol,C,0.0,4,C-C-H-H,0.0,0.0,0,opls_x,-0.0744
beta-sitosterol,C,0.0,4,C-C-H-H,0.0,0.0,0,opls_x,-0.0754
beta-sitosterol,C,0.0,4,C-C-H-H,0.0,0.0,0,opls_x,-0.0794
beta-sitosterol,C,0.0,4,C-C-H-H,0.0,0.0,1,opls_x,-0.0422
beta-sitosterol,C,12.011,4,C-C-C-H,0.0,0.0,0,opls_135,-0.0577
beta-sitosterol,C,12.011,4,C-H-H-H,0.0,0.0,0,opls_135,-0.0821
beta-sitosterol,C,12.011,3,C-C-C,0.0,0.0,0,opls_509,-0.1054
beta-sitosterol,C,0.0,4,C-C-H-H,0.0,0.0,0,opls_x,-0.0704
beta-sitosterol,C,12.011,3,C-C-H,0.0,0.0,0,opls_509,-0.1672
beta-sitosterol,C,12.011,4,C-H-H-H,0.0,0.0,0,opls_135,-0.0831
beta-sitosterol,C,0.0,4,C-C-H-H,0.0,0.0,0,opls_x,-0.0752
beta-sitosterol,C,12.011,4,C-C-H-H,0.0,0.0,0,opls_135,-0.0804
beta-sitosterol,C,0.0,4,C-C-H-H,0.0,0.0,0,opls_x,-0.0754
beta-sitosterol,C,0.0,4,C-C-H-O,0.0,0.0,0,opls_x,0.1451
beta-sitosterol,C,12.011,4,C-H-H-H,0.0,0.0,0,opls_135,-0.0901
beta-sitosterol,C,12.011,4,C-C-H-H,0.0,0.0,0,opls_135,-0.0754
beta-sitosterol,C,12.011,4,C-C-C-H,0.0,0.0,0,opls_135,-0.0607
beta-sitosterol,C,12.011,4,C-C-C-H,0.0,0.0,0,opls_135,-0.0647
beta-sitosterol,C,12.011,4,C-C-H-H,0.0,0.0,0,opls_135,-0.0794
beta-sitosterol,C,12.011,4,C-H-H-H,0.0,0.0,0,opls_135,-0.0901
beta-sitosterol,C,12.011,4,C-H-H-H,0.0,0.0,0,opls_135,-0.0901
beta-sitosterol,C,12.011,4,C-H-H-H,0.0,0.0,0,opls_135,-0.0931
beta-sitosterol,H,1.008,1,C,0.0,,0,opls_140,0.0457
beta-sitosterol,H,1.008,1,C,0.0,,0,opls_140,0.0587
beta-sitosterol,H,1.008,1,C,0.0,,0,opls_140,0.0477
beta-sitosterol,H,1.008,1,C,0.0,,0,opls_140,0.0467
beta-sitosterol,H,1.008,1,C,0.0,,0,opls_140,0.0417
beta-sitosterol,H,1.008,1,C,0.0,,0,opls_140,0.0417
beta-sitosterol,H,1.008,1,C,0.0,,0,opls_140,0.0417
beta-sitosterol,H,1.008,1,C,0.0,,0,opls_140,0.0417
beta-sitosterol,H,1.008,1,C,0.0,,0,opls_140,0.0412
beta-sitosterol,H,1.008,1,C,0.0,,0,opls_140,0.0412
beta-sitosterol,H,1.008,1,C,0.0,,0,opls_140,0.0422
beta-sitosterol,H,1.008,1,C,0.0,,0,opls_140,0.0422
beta-sitosterol,H,1.008,1,C,0.0,,0,opls_140,0.0492
beta-sitosterol,H,1.008,1,C,0.0,,0,opls_140,0.0492
beta-sitosterol,H,1.008,1,C,0.0,,0,opls_140,0.0527
beta-sitosterol,H,1.008,1,C,0.0,,0,opls_140,0.035367
beta-sitosterol,H,1.008,1,C,0.0,,0,opls_140,0.035367
beta-sitosterol,H,1.008,1,C,0.0,,0,opls_140,0.035367
beta-sitosterol,H,1.008,1,C,0.0,,0,opls_140,0.0447
beta-sitosterol,H,1.008,1,C,0.0,,0,opls_140,0.0447
beta-sitosterol,H,1.008,1,C,0.0,,0,opls_146,0.119
beta-sitosterol,H,1.008,1,C,0.0,,0,opls_140,0.037367
beta-sitosterol,H,1.008,1,C,0.0,,0,opls_140,0.037367
beta-sitosterol,H,1.008,1,C,0.0,,0,opls_140,0.037367
beta-sitosterol,H,1.008,1,C,0.0,,0,opls_140,0.0512
beta-sitosterol,H,1.008,1,C,0.0,,0,opls_140,0.0512
beta-sitosterol,H,1.008,1,C,0.0,,0,opls_140,0.0417
beta-sitosterol,H,1.008,1,C,0.0,,0,opls_140,0.0417
beta-sitosterol,H,1.008,1,C,0.0,,0,opls_140,0.0552
beta-sitosterol,H,1.008,1,C,0.0,,0,opls_140,0.0552
beta-sitosterol,H,1.008,1,C,0.0,,0,opls_140,0.0357
beta-sitosterol,H,1.008,1,C,0.0,,0,opls_140,0.033367
beta-sitosterol,H,1.008,1,C,0.0,,0,opls_140,0.033367
beta-sitosterol,H,1.008,1,C,0.0,,0,opls_140,0.033367
beta-sitosterol,H,1.008,1,C,0.0,,0,opls_140,0.0417
beta-sitosterol,H,1.008,1,C,0.0,,0,opls_140,0.0417
beta-sitosterol,H,1.008,1,C,0.0,,0,opls_140,0.0497
beta-sitosterol,H,1.008,1,O,0.0,,0,opls_155,0.398
beta-sitosterol,H,1.008,1,C,0.0,,0,opls_140,0.0457
beta-sitosterol,H,1.008,1,C,0.0,,0,opls_140,0.0402
beta-sitosterol,H,1.008,1,C,0.0,,0,opls_140,0.0402
beta-sitosterol,H,1.008,1,C,0.0,,0,opls_140,0.032867
beta-sitosterol,H,1.008,1,C,0.0,,0,opls_140,0.032867
beta-sitosterol,H,1.008,1,C,0.0,,0,opls_140,0.032867
beta-sitosterol,H,1.008,1,C,0.0,,0,opls_140,0.032867
beta-sitosterol,H,1.008,1,C,0.0,,0,opls_140,0.032867
beta-sitosterol,H,1.008,1,C,0.0,,0,opls_140,0.032867
beta-sitosterol,H,1.008,1,C,0.0,,0,opls_140,0.032033
beta-sitosterol,H,1.008,1,C,0.0,,0,opls_140,0.032033
beta-sitosterol,H,1.008,1,C,0.0,,0,opls_140,0.032033
7-dehydrocholesterol,O,15.9994,2,C-H,0.0,0.0,0,opls_154,-0.605802
7-dehydrocholesterol,C,0.0,4,C-C-C-C,0.0,0.0,0,opls_x,-0.042
7-dehydrocholesterol,C,0.0,4,C-C-C-H,0.0,0.0,0,opls_x,-0.0335
7-dehydrocholesterol,C,0.0,4,C-C-C-H,0.0,0.0,0,opls_x,-0.0537
7-dehydrocholesterol,C,0.0,4,C-C-C-H,0.0,0.0,1,opls_x,-0.0155
7-dehydrocholesterol,C,0.0,4,C-C-H-H,0.0,0.0,0,opls_x,-0.0674
7-dehydrocholesterol,C,0.0,4,C-C-H-H,0.0,0.0,0,opls_x,-0.0724
7-dehydrocholesterol,C,12.011,3,C-C-C,0.0,0.0,0,opls_509,-0.0804
7-dehydrocholesterol,C,0.0,4,C-C-H-H,0.0,0.0,0,opls_x,-0.0784
7-dehydrocholesterol,C,0.0,4,C-C-C-C,0.0,0.0,0,opls_x,0.0032
7-dehydrocholesterol,C,0.0,4,C-C-H-H,0.0,0.0,0,opls_x,-0.0734
7-dehydrocholesterol,C,12.011,4,C-C-C-H,0.0,0.0,0,opls_135,-0.0547
7-dehydrocholesterol,C,12.011,4,C-H-H-H,0.0,0.0,0,opls_135,-0.0821
7-dehydrocholesterol,C,12.011,3,C-C-C,0.0,0.0,0,opls_509,-0.1054
7-dehydrocholesterol,C,0.0,4,C-C-H-H,0.0,0.0,0,opls_x,-0.0674
7-dehydrocholesterol,C,0.0,3,C-C-H,0.0,0.0,1,opls_x,-0.146
7-dehydrocholesterol,C,12.011,4,C-H-H-H,0.0,0.0,0,opls_135,-0.0861
7-dehydrocholesterol,C,12.011,4,C-C-H-H,0.0,0.0,0,opls_135,-0.0764
7-dehydrocholesterol,C,0.0,3,C-C-H,0.0,0.0,1,opls_x,-0.132
7-dehydrocholesterol,C,0.0,4,C-C-H-H,0.0,0.0,1,opls_x,-0.0382
7-dehydrocholesterol,C,0.0,4,C-C-H-H,0.0,0.0,0,opls_x,-0.1134
7-dehydrocholesterol,C,12.011,4,C-H-H-H,0.0,0.0,0,opls_135,-0.0901
7-dehydrocholesterol,C,0.0,4,C-C-H-O,0.0,0.0,0,opls_x,0.1451
7-dehydrocholesterol,C,12.011,4,C-C-H-H,0.0,0.0,0,opls_135,-0.0804
7-dehydrocholesterol,C,12.011,4,C-C-H-H,0.0,0.0,0,opls_135,-0.0734
7-dehydrocholesterol,C,12.011,4,C-C-C-H,0.0,0.0,0,opls_135,-0.0657
7-dehydrocholesterol,C,12.011,4,C-H-H-H,0.0,0.0,0,opls_135,-0.0891
7-dehydrocholesterol,C,12.011,4,C-H-H-H,0.0,0.0,0,opls_135,-0.0891
7-dehydrocholesterol,H,1.008,1,C,0.0,,0,opls_140,0.0547
7-dehydrocholesterol,H,1.008,1,C,0.0,,0,opls_140,0.0487
7-dehydrocholesterol,H,1.008,1,C,0.0,,0,opls_140,0.0527
7-dehydrocholesterol,H,1.008,1,C,0.0,,0,opls_140,0.0422
7-dehydrocholesterol,H,1.008,1,C,0.0,,0,opls_140,0.0422
7-dehydrocholesterol,H,1.008,1,C,0.0,,0,opls_140,0.0447
7-dehydrocholesterol,H,1.008,1,C,0.0,,0,opls_140,0.0447
7-dehydrocholesterol,H,1.008,1,C,0.0,,0,opls_140,0.0427
7-dehydrocholesterol,H,1.008,1,C,0.0,,0,opls_140,0.0427
7-dehydrocholesterol,H,1.008,1,C,0.0,,0,opls_140,0.0437
7-dehydrocholesterol,H,1.008,1,C,0.0,,0,opls_140,0.0437
7-dehydrocholesterol,H,1.008,1,C,0.0,,0,opls_140,0.0477
7-dehydrocholesterol,H,1.008,1,C,0.0,,0,opls_140,0.0377
7-dehydrocholesterol,H,1.008,1,C,0.0,,0,opls_140,0.0377
7-dehydrocholesterol,H,1.008,1,C,0.0,,0,opls_140,0.0377
7-dehydrocholesterol,H,1.008,1,C,0.0,,0,opls_140,0.0437
7-dehydrocholesterol,H,1.008,1,C,0.0,,0,opls_140,0.0437
7-dehydrocholesterol,H,1.008,1,C,0.0,,0,opls_146,0.131
7-dehydrocholesterol,H,1.008,1,C,0.0,,0,opls_140,0.039367
7-dehydrocholesterol,H,1.008,1,C,0.0,,0,opls_140,0.039367
7-dehydrocholesterol,H,1.008,1,C,0.0,,0,opls_140,0.039367
7-dehydrocholesterol,H,1.008,1,C,0.0,,0,opls_140,0.0387
7-dehydrocholesterol,H,1.008,1,C,0.0,,0,opls_140,0.0387
7-dehydrocholesterol,H,1.008,1,C,0.0,,0,opls_146,0.128
7-dehydrocholesterol,H,1.008,1,C,0.0,,0,opls_140,0.0622
7-dehydrocholesterol,H,1.008,1,C,0.0,,0,opls_140,0.0622
7-dehydrocholesterol,H,1.008,1,C,0.0,,0,opls_140,0.0477
7-dehydrocholesterol,H,1.008,1,C,0.0,,0,opls_140,0.0477
7-dehydrocholesterol,H,1.008,1,C,0.0,,0,opls_140,0.034033
7-dehydrocholesterol,H,1.008,1,C,0.0,,0,opls_140,0.034033
7-dehydrocholesterol,H,1.008,1,C,0.0,,0,opls_140,0.034033
7-dehydrocholesterol,H,1.008,1,C,0.0,,0,opls_140,0.0367
7-dehydrocholesterol,H,1.008,1,C,0.0,,0,opls_140,0.0432
7-dehydrocholesterol,H,1.008,1,C,0.0,,0,opls_140,0.0432
7-dehydrocholesterol,H,1.008,1,C,0.0,,0,opls_140,0.0377
7-dehydrocholesterol,H,1.008,1,C,0.0,,0,opls_140,0.0377
7-dehydrocholesterol,H,1.008,1,O,0.0,,0,opls_155,0.399
7-dehydrocholesterol,H,1.008,1,C,0.0,,0,opls_140,0.0417
7-dehydrocholesterol,H,1.008,1,C,0.0,,0,opls_140,0.032867
7-dehydrocholesterol,H,1.008,1,C,0.0,,0,opls_140,0.032867
7-dehydrocholesterol,H,1.008,1,C,0.0,,0,opls_140,0.032867
7-dehydrocholesterol,H,1.008,1,C,0.0,,0,opls_140,0.032867
7-dehydrocholesterol,H,1.008,1,C,0.0,,0,opls_140,0.032867
7-dehydrocholesterol,H,1.008,1,C,0.0,,0,opls_140,0.032867
7-dehydrocholesterol,O,16.0,2,C-H,0.1198,107.07,0,oh,-0.605802
7-dehydrocholesterol,C,12.01,4,C-C-C-C,0.1543,111.52,0,c5,-0.042
7-dehydrocholesterol,C,12.01,4,C-C-C-H,0.1427,108.8,0,c5,-0.0335
7-dehydrocholesterol,C,12.01,4,C-C-C-H,0.1432,110.19,0,c5,-0.0537
7-dehydrocholesterol,C,12.01,4,C-C-C-H,0.1422,110.35,1,c6,-0.0155
7-dehydrocholesterol,C,12.01,4,C-C-H-H,0.1318,109.21,0,c6,-0.0674
7-dehydrocholesterol,C,12.01,4,C-C-H-H,0.1322,109.29,0,c5,-0.0724
7-dehydrocholesterol,C,12.01,3,C-C-C,0.1458,118.25,0,c2,-0.0804
7-dehydrocholesterol,C,12.01,4,C-C-H-H,0.1322,109.29,0,c5,-0.0784
7-dehydrocholesterol,C,12.01,4,C-C-C-C,0.1533,111.08,0,c6,0.0032
7-dehydrocholesterol,C,12.01,4,C-C-H-H,0.1318,109.25,0,c6,-0.0734
7-dehydrocholesterol,C,12.01,4,C-C-C-H,0.1426,111.65,0,c3,-0.0547
7-dehydrocholesterol,C,12.01,4,C-H-H-H,0.1206,109.13,0,c3,-0.0821
7-dehydrocholesterol,C,12.01,3,C-C-C,0.1457,120.42,0,c2,-0.1054
7-dehydrocholesterol,C,12.01,4,C-C-H-H,0.1318,109.25,0,c6,-0.0674
7-dehydrocholesterol,C,12.01,3,C-C-H,0.1298,119.95,1,ce,-0.146
7-dehydrocholesterol,C,12.01,4,C-H-H-H,0.1208,109.18,0,c3,-0.0861
7-dehydrocholesterol,C,12.01,4,C-C-H-H,0.1316,109.85,0,c3,-0.0764
7-dehydrocholesterol,C,12.01,3,C-C-H,0.1298,119.95,1,ce,-0.132
7-dehydrocholesterol,C,12.01,4,C-C-H-H,0.1312,109.26,1,c6,-0.0382
7-dehydrocholesterol,C,12.01,4,C-C-H-H,0.1318,109.25,0,c6,-0.1134
7-dehydrocholesterol,C,12.01,4,C-H-H-H,0.1206,108.7,0,c3,-0.0901
7-dehydrocholesterol,C,12.01,4,C-C-H-O,0.14,109.91,0,c6,0.1451
7-dehydrocholesterol,C,12.01,4,C-C-H-H,0.1316,109.85,0,c3,-0.0804
7-dehydrocholesterol,C,12.01,4,C-C-H-H,0.1316,109.85,0,c3,-0.0734
7-dehydrocholesterol,C,12.01,4,C-C-C-H,0.1426,111.16,0,c3,-0.0657
7-dehydrocholesterol,C,12.01,4,C-H-H-H,0.1206,108.7,0,c3,-0.0891
7-dehydrocholesterol,C,12.01,4,C-H-H-H,0.1206,108.7,0,c3,-0.0891
7-dehydrocholesterol,H,1.008,1,C,0.1095,,0,hc,0.0547
7-dehydrocholesterol,H,1.008,1,C,0.1095,,0,hc,0.0487
7-dehydrocholesterol,H,1.008,1,C,0.1098,,0,hc,0.0527
7-dehydrocholesterol,H,1.008,1,C,0.1098,,0,hc,0.0422
7-dehydrocholesterol,H,1.008,1,C,0.1098,,0,hc,0.0422
7-dehydrocholesterol,H,1.008,1,C,0.1095,,0,hc,0.0447
7-dehydrocholesterol,H,1.008,1,C,0.1095,,0,hc,0.0447
7-dehydrocholesterol,H,1.008,1,C,0.1095,,0,hc,0.0427
7-dehydrocholesterol,H,1.008,1,C,0.1095,,0,hc,0.0427
7-dehydrocholesterol,H,1.008,1,C,0.1098,,0,hc,0.0437
7-dehydrocholesterol,H,1.008,1,C,0.1098,,0,hc,0.0437
7-dehydrocholesterol,H,1.008,1,C,0.1096,,0,hc,0.0477
7-dehydrocholesterol,H,1.008,1,C,0.1096,,0,hc,0.0377
7-dehydrocholesterol,H,1.008,1,C,0.1096,,0,hc,0.0377
7-dehydrocholesterol,H,1.008,1,C,0.1096,,0,hc,0.0377
7-dehydrocholesterol,H,1.008,1,C,0.1098,,0,hc,0.0437
7-dehydrocholesterol,H,1.008,1,C,0.1098,,0,hc,0.0437
7-dehydrocholesterol,H,1.008,1,C,0.1088,,0,ha,0.131
7-dehydrocholesterol,H,1.008,1,C,0.1096,,0,hc,0.039367
7-dehydrocholesterol,H,1.008,1,C,0.1096,,0,hc,0.039367
7-dehydrocholesterol,H,1.008,1,C,0.1096,,0,hc,0.039367
7-dehydrocholesterol,H,1.008,1,C,0.1096,,0,hc,0.0387
7-dehydrocholesterol,H,1.008,1,C,0.1096,,0,hc,0.0387
7-dehydrocholesterol,H,1.008,1,C,0.1088,,0,ha,0.128
7-dehydrocholesterol,H,1.008,1,C,0.1098,,0,hc,0.0622
7-dehydrocholesterol,H,1.008,1,C,0.1098,,0,hc,0.0622
7-dehydrocholesterol,H,1.008,1,C,0.1098,,0,hc,0.0477
7-dehydrocholesterol,H,1.008,1,C,0.1098,,0,hc,0.0477
7-dehydrocholesterol,H,1.008,1,C,0.1096,,0,hc,0.034033
7-dehydrocholesterol,H,1.008,1,C,0.1096,,0,hc,0.034033
7-dehydrocholesterol,H,1.008,1,C,0.1096,,0,hc,0.034033
7-dehydrocholesterol,H,1.008,1,C,0.1098,,0,h1,0.0367
7-dehydrocholesterol,H,1.008,1,C,0.1096,,0,hc,0.0432
7-dehydrocholesterol,H,1.008,1,C,0.1096,,0,hc,0.0432
7-dehydrocholesterol,H,1.008,1,C,0.1096,,0,hc,0.0377
7-dehydrocholesterol,H,1.008,1,C,0.1096,,0,hc,0.0377
7-dehydrocholesterol,H,1.008,1,O,0.0973,,0,ho,0.399
7-dehydrocholesterol,H,1.008,1,C,0.1096,,0,hc,0.0417
7-dehydrocholesterol,H,1.008,1,C,0.1096,,0,hc,0.032867
7-dehydrocholesterol,H,1.008,1,C,0.1096,,0,hc,0.032867
7-dehydrocholesterol,H,1.008,1,C,0.1096,,0,hc,0.032867
7-dehydrocholesterol,H,1.008,1,C,0.1096,,0,hc,0.032867
7-dehydrocholesterol,H,1.008,1,C,0.1096,,0,hc,0.032867
7-dehydrocholesterol,H,1.008,1,C,0.1096,,0,hc,0.032867
histidine,O,15.9994,2,C-H,0.0,0.0,0,opls_154,-0.5811
histidine,OXT,15.9994,1,C,0.0,,0,opls_236,-0.581
histidine,ND,14.0067,3,CE-CG-HD,0.0,0.0,1,opls_503,-0.3069
histidine,N,0.0,3,CA-H-H,0.0,0.0,0,opls_x,-0.9008
histidine,NE,14.0067,2,CD-CE,0.0,0.0,0,opls_511,-0.67
histidine,CB,12.011,4,CA-CG-HB-HB,0.0,0.0,0,opls_135,-0.0381
histidine,CA,12.011,4,C-CB-HA-N,0.0,0.0,0,opls_135,0.1305
histidine,CG,12.011,3,CB-CD-ND,0.0,0.0,0,opls_500,-0.2399
histidine,C,12.011,3,CA-O-OXT,0.0,0.0,1,opls_235,0.6521
histidine,CD,12.011,3,CG-HD-NE,0.0,0.0,1,opls_500,0.3062
histidine,CE,12.011,3,HE-ND-NE,0.0,0.0,1,opls_500,0.3934
histidine,HB,1.008,1,CB,0.0,,0,opls_140,0.0682
histidine,HB,1.008,1,CB,0.0,,0,opls_140,0.0682
histidine,HA,1.008,1,CA,0.0,,0,opls_140,0.1017
histidine,HD,1.008,1,ND,0.0,,0,opls_240,0.3207
histidine,HD,1.008,1,CD,0.0,,1,opls_146,0.0401
histidine,H,1.008,1,N,0.0,,0,opls_240,0.3653
histidine,H,1.008,1,N,0.0,,0,opls_240,0.3653
histidine,HE,1.008,1,CE,0.0,,0,opls_146,0.0621
histidine,H,1.008,1,O,0.0,,0,opls_155,0.444
histidine,O,16.0,2,C-H,0.1164,106.54,0,oh,-0.5811
histidine,OXT,16.0,1,C,0.1219,,0,o,-0.581
histidine,ND,14.01,3,CE-CG-HD,0.1258,120.46,1,na,-0.3069
histidine,N,14.01,3,CA-H-H,0.1168,108.53,0,n8,-0.9008
histidine,NE,14.01,2,CD-CE,0.134,109.15,0,nc,-0.67
histidine,CB,12.01,4,CA-CG-HB-HB,0.1307,110.17,0,c3,-0.0381
histidine,CA,12.01,4,C-CB-HA-N,0.1406,109.9,0,c3,0.1305
histidine,CG,12.01,3,CB-CD-ND,0.1419,119.03,0,cd,-0.2399
histidine,C,12.01,3,CA-O-OXT,0.1367,119.24,1,c,0.6521
histidine,CD,12.01,3,CG-HD-NE,0.1272,122.62,1,cc,0.3062
histidine,CE,12.01,3,HE-ND-NE,0.1261,119.71,1,cd,0.3934
histidine,HB,1.008,1,CB,0.1096,,0,hc,0.0682
histidine,HB,1.008,1,CB,0.1096,,0,hc,0.0682
histidine,HA,1.008,1,CA,0.1097,,0,h1,0.1017
histidine,HD,1.008,1,ND,0.1009,,0,hn,0.3207
histidine,HD,1.008,1,CD,0.1081,,1,h4,0.0401
histidine,H,1.008,1,N,0.1019,,0,hn,0.3653
histidine,H,1.008,1,N,0.1019,,0,hn,0.3653
histidine,HE,1.008,1,CE,0.1082,,0,h5,0.0621
histidine,H,1.008,1,O,0.0973,,0,ho,0.444
testosterone,O,16.0,2,C-H,0.1196,107.17,0,oh,-0.5888
testosterone,O,16.0,1,C,0.1219,,0,o,-0.5351
testosterone,C,12.01,4,C-C-C-H,0.1433,110.02,0,c5,-0.0637
testosterone,C,12.01,4,C-C-C-C,0.1543,111.52,0,c5,-0.084
testosterone,C,12.01,4,C-C-C-H,0.1428,110.23,0,c6,-0.0497
testosterone,C,12.01,4,C-C-C-H,0.1428,110.25,0,c6,-0.0477
testosterone,C,12.01,4,C-C-C-C,0.1533,111.08,0,c6,-0.0158
testosterone,C,12.01,4,C-C-H-H,0.1318,109.21,0,c6,-0.0614
testosterone,C,12.01,4,C-C-H-H,0.1318,109.25,0,c6,-0.0764
testosterone,C,12.01,4,C-C-H-O,0.1403,109.95,0,c5,0.1451
testosterone,C,12.01,4,C-C-H-H,0.1322,109.29,0,c5,-0.0734
testosterone,C,12.01,4,C-C-H-H,0.1318,109.25,0,c6,-0.0724
testosterone,C,12.01,4,C-C-H-H,0.1322,109.29,0,c5,-0.1144
testosterone,C,12.01,3,C-C-C,0.1457,120.42,1,c2,-0.0284
testosterone,C,12.01,4,C-C-H-H,0.1312,109.26,1,c6,-0.0542
testosterone,C,12.01,4,C-H-H-H,0.1206,109.13,0,c3,-0.0901
testosterone,C,12.01,4,C-C-H-H,0.1318,109.25,0,c6,-0.0704
testosterone,C,12.01,4,C-H-H-H,0.1208,109.18,0,c3,-0.0851
testosterone,C,12.01,4,C-C-H-H,0.1316,108.71,0,c6,-0.1824
testosterone,C,12.01,3,C-C-H,0.1306,119.47,1,ce,-0.2652
testosterone,C,12.01,3,C-C-O,0.1411,120.58,0,c,0.5693
testosterone,H,1.008,1,C,0.1095,,0,hc,0.0497
testosterone,H,1.008,1,C,0.1098,,0,hc,0.0567
testosterone,H,1.008,1,C,0.1098,,0,hc,0.0517
testosterone,H,1.008,1,C,0.1098,,0,hc,0.0472
testosterone,H,1.008,1,C,0.1098,,0,hc,0.0472
testosterone,H,1.008,1,C,0.1098,,0,hc,0.0432
testosterone,H,1.008,1,C,0.1098,,0,hc,0.0432
testosterone,H,1.008,1,C,0.1097,,0,h1,0.0787
testosterone,H,1.008,1,C,0.1095,,0,hc,0.0447
testosterone,H,1.008,1,C,0.1095,,0,hc,0.0447
testosterone,H,1.008,1,C,0.1098,,0,hc,0.0477
testosterone,H,1.008,1,C,0.1098,,0,hc,0.0477
testosterone,H,1.008,1,C,0.1095,,0,hc,0.0497
testosterone,H,1.008,1,C,0.1095,,0,hc,0.0497
testosterone,H,1.008,1,C,0.1098,,0,hc,0.0557
testosterone,H,1.008,1,C,0.1098,,0,hc,0.0557
testosterone,H,1.008,1,C,0.1096,,0,hc,0.0387
testosterone,H,1.008,1,C,0.1096,,0,hc,0.0387
testosterone,H,1.008,1,C,0.1096,,0,hc,0.0387
testosterone,H,1.008,1,C,0.1098,,0,hc,0.0512
testosterone,H,1.008,1,C,0.1098,,0,hc,0.0512
testosterone,H,1.008,1,C,0.1096,,0,hc,0.0407
testosterone,H,1.008,1,C,0.1096,,0,hc,0.0407
testosterone,H,1.008,1,C,0.1096,,0,hc,0.0407
testosterone,H,1.008,1,C,0.1098,,0,hc,0.0717
testosterone,H,1.008,1,C,0.1098,,0,hc,0.0717
testosterone,H,1.008,1,C,0.1088,,0,ha,0.148
testosterone,H,1.008,1,O,0.0973,,0,ho,0.399
testosterone,O,15.9994,2,C-H,0.0,0.0,0,opls_154,-0.5888
testosterone,O,15.9994,1,C,0.0,,0,opls_236,-0.5351
testosterone,C,0.0,4,C-C-C-H,0.0,0.0,0,opls_x,-0.0637
testosterone,C,0.0,4,C-C-C-C,0.0,0.0,0,opls_x,-0.084
testosterone,C,0.0,4,C-C-C-H,0.0,0.0,0,opls_x,-0.0497
testosterone,C,0.0,4,C-C-C-H,0.0,0.0,0,opls_x,-0.0477
testosterone,C,0.0,4,C-C-C-C,0.0,0.0,0,opls_x,-0.0158
testosterone,C,0.0,4,C-C-H-H,0.0,0.0,0,opls_x,-0.0614
testosterone,C,0.0,4,C-C-H-H,0.0,0.0,0,opls_x,-0.0764
testosterone,C,0.0,4,C-C-H-O,0.0,0.0,0,opls_x,0.1451
testosterone,C,0.0,4,C-C-H-H,0.0,0.0,0,opls_x,-0.0734
testosterone,C,0.0,4,C-C-H-H,0.0,0.0,0,opls_x,-0.0724
testosterone,C,0.0,4,C-C-H-H,0.0,0.0,0,opls_x,-0.1144
testosterone,C,12.011,3,C-C-C,0.0,0.0,1,opls_509,-0.0284
testosterone,C,0.0,4,C-C-H-H,0.0,0.0,1,opls_x,-0.0542
testosterone,C,12.011,4,C-H-H-H,0.0,0.0,0,opls_135,-0.0901
testosterone,C,0.0,4,C-C-H-H,0.0,0.0,0,opls_x,-0.0704
testosterone,C,12.011,4,C-H-H-H,0.0,0.0,0,opls_135,-0.0851
testosterone,C,0.0,4,C-C-H-H,0.0,0.0,0,opls_x,-0.1824
testosterone,C,0.0,3,C-C-H,0.0,0.0,1,opls_x,-0.2652
testosterone,C,12.011,3,C-C-O,0.0,0.0,0,opls_235,0.5693
testosterone,H,1.008,1,C,0.0,,0,opls_140,0.0497
testosterone,H,1.008,1,C,0.0,,0,opls_140,0.0567
testosterone,H,1.008,1,C,0.0,,0,opls_140,0.0517
testosterone,H,1.008,1,C,0.0,,0,opls_140,0.0472
testosterone,H,1.008,1,C,0.0,,0,opls_140,0.0472
testosterone,H,1.008,1,C,0.0,,0,opls_140,0.0432
testosterone,H,1.008,1,C,0.0,,0,opls_140,0.0432
testosterone,H,1.008,1,C,0.0,,0,opls_140,0.0787
testosterone,H,1.008,1,C,0.0,,0,opls_140,0.0447
testosterone,H,1.008,1,C,0.0,,0,opls_140,0.0447
testosterone,H,1.008,1,C,0.0,,0,opls_140,0.0477
testosterone,H,1.008,1,C,0.0,,0,opls_140,0.0477
testosterone,H,1.008,1,C,0.0,,0,opls_140,0.0497
testosterone,H,1.008,1,C,0.0,,0,opls_140,0.0497
testosterone,H,1.008,1,C,0.0,,0,opls_140,0.0557
testosterone,H,1.008,1,C,0.0,,0,opls_140,0.0557
testosterone,H,1.008,1,C,0.0,,0,opls_140,0.0387
testosterone,H,1.008,1,C,0.0,,0,opls_140,0.0387
testosterone,H,1.008,1,C,0.0,,0,opls_140,0.0387
testosterone,H,1.008,1,C,0.0,,0,opls_140,0.0512
testosterone,H,1.008,1,C,0.0,,0,opls_140,0.0512
testosterone,H,1.008,1,C,0.0,,0,opls_140,0.0407
testosterone,H,1.008,1,C,0.0,,0,opls_140,0.0407
testosterone,H,1.008,1,C,0.0,,0,opls_140,0.0407
testosterone,H,1.008,1,C,0.0,,0,opls_140,0.0717
testosterone,H,1.008,1,C,0.0,,0,opls_140,0.0717
testosterone,H,1.008,1,C,0.0,,0,opls_146,0.148
testosterone,H,1.008,1,O,0.0,,0,opls_155,0.399
ciprofloxacin,F,19.0,1,C,0.135,,0,f,-0.1329
ciprofloxacin,O,16.0,1,C,0.1219,,0,o,-0.5291
ciprofloxacin,O,16.0,2,C-H,0.1164,106.54,0,oh,-0.5601
ciprofloxacin,O,16.0,1,C,0.1219,,1,o,-0.598
ciprofloxacin,N,14.01,3,C-C-C,0.1409,121.31,0,na,-0.4838
ciprofloxacin,N,14.01,3,C-C-C,0.1445,116.26,0,nh,-0.638
ciprofloxacin,N,14.01,3,C-C-H,0.1317,110.2,0,n7,-0.8222
ciprofloxacin,C,12.01,4,C-C-H-N,0.1392,109.63,0,cx,0.1325
ciprofloxacin,C,12.01,4,C-C-H-H,0.1297,107.53,0,cx,-0.1249
ciprofloxacin,C,12.01,4,C-C-H-H,0.1297,107.53,0,cx,-0.1249
ciprofloxacin,C,12.01,3,C-C-N,0.1394,120.21,1,ca,0.1846
ciprofloxacin,C,12.01,3,C-H-N,0.1278,118.96,1,cc,0.19
ciprofloxacin,C,12.01,3,C-C-C,0.1429,120.23,0,ca,-0.1936
ciprofloxacin,C,12.01,3,C-C-H,0.1294,119.93,1,ca,-0.218
ciprofloxacin,C,12.01,3,C-C-N,0.14,120.76,1,ca,0.1626
ciprofloxacin,C,12.01,4,C-H-H-N,0.13,109.13,0,c6,0.1858
ciprofloxacin,C,12.01,4,C-H-H-N,0.13,109.13,1,c6,0.1858
ciprofloxacin,C,12.01,3,C-C-C,0.144,121.4,1,cd,-0.3374
ciprofloxacin,C,12.01,3,C-C-O,0.1394,121.27,0,c,0.6039
ciprofloxacin,C,12.01,4,C-H-H-N,0.13,108.96,0,c6,0.1593
ciprofloxacin,C,12.01,4,C-H-H-N,0.13,108.96,0,c6,0.1593
ciprofloxacin,C,12.01,3,C-C-H,0.1294,119.93,0,ca,-0.073
ciprofloxacin,C,12.01,3,C-C-F,0.1382,119.31,1,ca,0.0719
ciprofloxacin,C,12.01,3,C-O-O,0.1349,119.77,1,c,0.6703
ciprofloxacin,H,1.008,1,C,0.1089,,0,h1,0.1007
ciprofloxacin,H,1.008,1,C,0.1086,,0,hc,0.08795
ciprofloxacin,H,1.008,1,C,0.1086,,0,hc,0.08795
ciprofloxacin,H,1.008,1,C,0.1086,,0,hc,0.08795
ciprofloxacin,H,1.008,1,C,0.1086,,0,hc,0.08795
ciprofloxacin,H,1.008,1,C,0.1081,,1,h4,0.184
ciprofloxacin,H,1.008,1,C,0.1086,,0,ha,0.148
ciprofloxacin,H,1.008,1,C,0.1098,,0,h1,0.04845
ciprofloxacin,H,1.008,1,C,0.1098,,0,h1,0.04845
ciprofloxacin,H,1.008,1,C,0.1098,,0,h1,0.04845
ciprofloxacin,H,1.008,1,C,0.1098,,0,h1,0.04845
ciprofloxacin,H,1.008,1,C,0.1098,,0,h1,0.0407
ciprofloxacin,H,1.008,1,C,0.1098,,0,h1,0.0407
ciprofloxacin,H,1.008,1,C,0.1098,,0,h1,0.0407
ciprofloxacin,H,1.008,1,C,0.1098,,0,h1,0.0407
ciprofloxacin,H,1.008,1,C,0.1086,,0,ha,0.181
ciprofloxacin,H,1.008,1,N,0.1019,,0,hn,0.3688
ciprofloxacin,H,1.008,1,O,0.0973,,0,ho,0.439
ciprofloxacin,F,0.0,1,C,0.0,,0,opls_x,-0.1329
ciprofloxacin,O,15.9994,1,C,0.0,,0,opls_236,-0.5291
ciprofloxacin,O,15.9994,2,C-H,0.0,0.0,0,opls_154,-0.5601
ciprofloxacin,O,15.9994,1,C,0.0,,1,opls_236,-0.598
ciprofloxacin,N,14.0067,3,C-C-C,0.0,0.0,0,opls_503,-0.4838
ciprofloxacin,N,14.0067,3,C-C-C,0.0,0.0,0,opls_300,-0.638
ciprofloxacin,N,0.0,3,C-C-H,0.0,0.0,0,opls_x,-0.8222
ciprofloxacin,C,0.0,4,C-C-H-N,0.0,0.0,0,opls_x,0.1325
ciprofloxacin,C,0.0,4,C-C-H-H,0.0,0.0,0,opls_x,-0.1249
ciprofloxacin,C,0.0,4,C-C-H-H,0.0,0.0,0,opls_x,-0.1249
ciprofloxacin,C,12.011,3,C-C-N,0.0,0.0,1,opls_145,0.1846
ciprofloxacin,C,12.011,3,C-H-N,0.0,0.0,1,opls_500,0.19
ciprofloxacin,C,12.011,3,C-C-C,0.0,0.0,0,opls_145,-0.1936
ciprofloxacin,C,12.011,3,C-C-H,0.0,0.0,1,opls_145,-0.218
ciprofloxacin,C,12.011,3,C-C-N,0.0,0.0,1,opls_145,0.1626
ciprofloxacin,C,0.0,4,C-H-H-N,0.0,0.0,0,opls_x,0.1858
ciprofloxacin,C,0.0,4,C-H-H-N,0.0,0.0,1,opls_x,0.1858
ciprofloxacin,C,12.011,3,C-C-C,0.0,0.0,1,opls_500,-0.3374
ciprofloxacin,C,12.011,3,C-C-O,0.0,0.0,0,opls_235,0.6039
ciprofloxacin,C,0.0,4,C-H-H-N,0.0,0.0,0,opls_x,0.1593
ciprofloxacin,C,0.0,4,C-H-H-N,0.0,0.0,0,opls_x,0.1593
ciprofloxacin,C,12.011,3,C-C-H,0.0,0.0,0,opls_145,-0.073
ciprofloxacin,C,12.011,3,C-C-F,0.0,0.0,1,opls_145,0.0719
ciprofloxacin,C,12.011,3,C-O-O,0.0,0.0,1,opls_235,0.6703
ciprofloxacin,H,1.008,1,C,0.0,,0,opls_140,0.1007
ciprofloxacin,H,1.008,1,C,0.0,,0,opls_140,0.08795
ciprofloxacin,H,1.008,1,C,0.0,,0,opls_140,0.08795
ciprofloxacin,H,1.008,1,C,0.0,,0,opls_140,0.08795
ciprofloxacin,H,1.008,1,C,0.0,,0,opls_140,0.08795
ciprofloxacin,H,1.008,1,C,0.0,,1,opls_146,0.184
ciprofloxacin,H,1.008,1,C,0.0,,0,opls_146,0.148
ciprofloxacin,H,1.008,1,C,0.0,,0,opls_140,0.04845
ciprofloxacin,H,1.008,1,C,0.0,,0,opls_140,0.04845
ciprofloxacin,H,1.008,1,C,0.0,,0,opls_140,0.04845
ciprofloxacin,H,1.008,1,C,0.0,,0,opls_140,0.04845
ciprofloxacin,H,1.008,1,C,0.0,,0,opls_140,0.0407
ciprofloxacin,H,1.008,1,C,0.0,,0,opls_140,0.0407
ciprofloxacin,H,1.008,1,C,0.0,,0,opls_140,0.0407
ciprofloxacin,H,1.008,1,C,0.0,,0,opls_140,0.0407
ciprofloxacin,H,1.008,1,C,0.0,,0,opls_146,0.181
ciprofloxacin,H,1.008,1,N,0.0,,0,opls_240,0.3688
ciprofloxacin,H,1.008,1,O,0.0,,0,opls_155,0.439
nonylphenol,O,16.0,2,C-H,0.1168,108.58,0,oh,-0.500101
nonylphenol,C,12.01,4,C-C-H-H,0.1316,109.85,0,c3,-0.0784
nonylphenol,C,12.01,4,C-C-H-H,0.1316,109.85,0,c3,-0.0794
nonylphenol,C,12.01,4,C-C-H-H,0.1316,109.85,0,c3,-0.0794
nonylphenol,C,12.01,4,C-C-H-H,0.1316,109.85,0,c3,-0.0794
nonylphenol,C,12.01,4,C-C-H-H,0.1316,109.85,0,c3,-0.0744
nonylphenol,C,12.01,4,C-C-H-H,0.1316,109.85,0,c3,-0.0794
nonylphenol,C,12.01,4,C-C-H-H,0.1311,110.13,0,c3,-0.0311
nonylphenol,C,12.01,4,C-C-H-H,0.1316,109.85,0,c3,-0.0804
nonylphenol,C,12.01,3,C-C-C,0.1437,120.56,0,ca,-0.0983
nonylphenol,C,12.01,4,C-H-H-H,0.1206,108.7,0,c3,-0.0921
nonylphenol,C,12.01,3,C-C-O,0.1387,119.94,1,ca,0.1241
nonylphenol,C,12.01,3,C-C-H,0.1294,119.93,1,ca,-0.099
nonylphenol,C,12.01,3,C-C-H,0.1294,119.93,0,ca,-0.211
nonylphenol,C,12.01,3,C-C-H,0.1294,119.93,1,ca,-0.162
nonylphenol,C,12.01,3,C-C-H,0.1294,119.93,1,ca,-0.095
nonylphenol,H,1.008,1,C,0.1096,,0,hc,0.0397
nonylphenol,H,1.008,1,C,0.1096,,0,hc,0.0397
nonylphenol,H,1.008,1,C,0.1096,,0,hc,0.0392
nonylphenol,H,1.008,1,C,0.1096,,0,hc,0.0392
nonylphenol,H,1.008,1,C,0.1096,,0,hc,0.0397
nonylphenol,H,1.008,1,C,0.1096,,0,hc,0.0397
nonylphenol,H,1.008,1,C,0.1096,,0,hc,0.0392
nonylphenol,H,1.008,1,C,0.1096,,0,hc,0.0392
nonylphenol,H,1.008,1,C,0.1096,,0,hc,0.0427
nonylphenol,H,1.008,1,C,0.1096,,0,hc,0.0427
nonylphenol,H,1.008,1,C,0.1096,,0,hc,0.0397
nonylphenol,H,1.008,1,C,0.1096,,0,hc,0.0397
nonylphenol,H,1.008,1,C,0.1096,,0,hc,0.0557
nonylphenol,H,1.008,1,C,0.1096,,0,hc,0.0557
nonylphenol,H,1.008,1,C,0.1096,,0,hc,0.0382
nonylphenol,H,1.008,1,C,0.1096,,0,hc,0.0382
nonylphenol,H,1.008,1,C,0.1096,,0,hc,0.032367
nonylphenol,H,1.008,1,C,0.1096,,0,hc,0.032367
nonylphenol,H,1.008,1,C,0.1096,,0,hc,0.032367
nonylphenol,H,1.008,1,C,0.1086,,0,ha,0.135
nonylphenol,H,1.008,1,C,0.1086,,0,ha,0.132
nonylphenol,H,1.008,1,C,0.1086,,0,ha,0.133
nonylphenol,H,1.008,1,C,0.1086,,0,ha,0.132
nonylphenol,H,1.008,1,O,0.0973,,0,ho,0.418
nonylphenol,O,15.9994,2,C-H,0.0,0.0,0,opls_154,-0.500101
nonylphenol,C,12.011,4,C-C-H-H,0.0,0.0,0,opls_135,-0.0784
nonylphenol,C,12.011,4,C-C-H-H,0.0,0.0,0,opls_135,-0.0794
nonylphenol,C,12.011,4,C-C-H-H,0.0,0.0,0,opls_135,-0.0794
nonylphenol,C,12.011,4,C-C-H-H,0.0,0.0,0,opls_135,-0.0794
nonylphenol,C,12.011,4,C-C-H-H,0.0,0.0,0,opls_135,-0.0744
nonylphenol,C,12.011,4,C-C-H-H,0.0,0.0,0,opls_135,-0.0794
nonylphenol,C,12.011,4,C-C-H-H,0.0,0.0,0,opls_135,-0.0311
nonylphenol,C,12.011,4,C-C-H-H,0.0,0.0,0,opls_135,-0.0804
nonylphenol,C,12.011,3,C-C-C,0.0,0.0,0,opls_145,-0.0983
nonylphenol,C,12.011,4,C-H-H-H,0.0,0.0,0,opls_135,-0.0921
nonylphenol,C,12.011,3,C-C-O,0.0,0.0,1,opls_145,0.1241
nonylphenol,C,12.011,3,C-C-H,0.0,0.0,1,opls_145,-0.099
nonylphenol,C,12.011,3,C-C-H,0.0,0.0,0,opls_145,-0.211
nonylphenol,C,12.011,3,C-C-H,0.0,0.0,1,opls_145,-0.162
nonylphenol,C,12.011,3,C-C-H,0.0,0.0,1,opls_145,-0.095
nonylphenol,H,1.008,1,C,0.0,,0,opls_140,0.0397
nonylphenol,H,1.008,1,C,0.0,,0,opls_140,0.0397
nonylphenol,H,1.008,1,C,0.0,,0,opls_140,0.0392
nonylphenol,H,1.008,1,C,0.0,,0,opls_140,0.0392
nonylphenol,H,1.008,1,C,0.0,,0,opls_140,0.0397
nonylphenol,H,1.008,1,C,0.0,,0,opls_140,0.0397
nonylphenol,H,1.008,1,C,0.0,,0,opls_140,0.0392
nonylphenol,H,1.008,1,C,0.0,,0,opls_140,0.0392
nonylphenol,H,1.008,1,C,0.0,,0,opls_140,0.0427
nonylphenol,H,1.008,1,C,0.0,,0,opls_140,0.0427
nonylphenol,H,1.008,1,C,0.0,,0,opls_140,0.0397
nonylphenol,H,1.008,1,C,0.0,,0,opls_140,0.0397
nonylphenol,H,1.008,1,C,0.0,,0,opls_140,0.0557
nonylphenol,H,1.008,1,C,0.0,,0,opls_140,0.0557
nonylphenol,H,1.008,1,C,0.0,,0,opls_140,0.0382
nonylphenol,H,1.008,1,C,0.0,,0,opls_140,0.0382
nonylphenol,H,1.008,1,C,0.0,,0,opls_140,0.032367
nonylphenol,H,1.008,1,C,0.0,,0,opls_140,0.032367
nonylphenol,H,1.008,1,C,0.0,,0,opls_140,0.032367
nonylphenol,H,1.008,1,C,0.0,,0,opls_146,0.135
nonylphenol,H,1.008,1,C,0.0,,0,opls_146,0.132
nonylphenol,H,1.008,1,C,0.0,,0,opls_146,0.133
nonylphenol,H,1.008,1,C,0.0,,0,opls_146,0.132
nonylphenol,H,1.008,1,O,0.0,,0,opls_155,0.418
estradiol,O,16.0,2,C-H,0.1196,107.17,0,oh,-0.591801
estradiol,O,16.0,2,C-H,0.1168,108.58,0,oh,-0.4991
estradiol,C,12.01,4,C-C-C-C,0.1543,111.52,0,c5,-0.044
estradiol,C,12.01,4,C-C-C-H,0.1433,110.02,0,c5,-0.0657
estradiol,C,12.01,4,C-C-C-H,0.1428,110.23,0,c6,-0.0477
estradiol,C,12.01,4,C-C-C-H,0.1424,110.56,0,c6,-0.0084
estradiol,C,12.01,4,C-C-H-O,0.1403,109.95,0,c5,0.1411
estradiol,C,12.01,4,C-C-H-H,0.1318,109.21,0,c6,-0.0634
estradiol,C,12.01,4,C-C-H-H,0.1322,109.29,0,c5,-0.0684
estradiol,C,12.01,4,C-C-H-H,0.1318,109.25,0,c6,-0.0714
estradiol,C,12.01,4,C-C-H-H,0.1322,109.29,0,c5,-0.1174
estradiol,C,12.01,4,C-C-H-H,0.1318,109.25,0,c6,-0.0734
estradiol,C,12.01,4,C-H-H-H,0.1206,109.13,0,c3,-0.0771
estradiol,C,12.01,3,C-C-C,0.1439,120.41,1,ca,-0.0993
estradiol,C,12.01,4,C-C-H-H,0.1314,109.41,0,c6,-0.0371
estradiol,C,12.01,3,C-C-C,0.1439,120.41,1,ca,-0.0373
estradiol,C,12.01,3,C-C-H,0.1294,119.93,0,ca,-0.091
estradiol,C,12.01,3,C-C-H,0.1294,119.93,0,ca,-0.162
estradiol,C,12.01,3,C-C-H,0.1294,119.93,1,ca,-0.215
estradiol,C,12.01,3,C-C-O,0.1387,119.94,1,ca,0.1221
estradiol,H,1.008,1,C,0.1095,,0,hc,0.0457
estradiol,H,1.008,1,C,0.1098,,0,hc,0.0637
estradiol,H,1.008,1,C,0.1098,,0,hc,0.0537
estradiol,H,1.008,1,C,0.1097,,0,h1,0.0337
estradiol,H,1.008,1,C,0.1098,,0,hc,0.0452
estradiol,H,1.008,1,C,0.1098,,0,hc,0.0452
estradiol,H,1.008,1,C,0.1095,,0,hc,0.0452
estradiol,H,1.008,1,C,0.1095,,0,hc,0.0452
estradiol,H,1.008,1,C,0.1098,,0,hc,0.0432
estradiol,H,1.008,1,C,0.1098,,0,hc,0.0432
estradiol,H,1.008,1,C,0.1095,,0,hc,0.0472
estradiol,H,1.008,1,C,0.1095,,0,hc,0.0472
estradiol,H,1.008,1,C,0.1098,,0,hc,0.0442
estradiol,H,1.008,1,C,0.1098,,0,hc,0.0442
estradiol,H,1.008,1,C,0.1096,,0,hc,0.041367
estradiol,H,1.008,1,C,0.1096,,0,hc,0.041367
estradiol,H,1.008,1,C,0.1096,,0,hc,0.041367
estradiol,H,1.008,1,C,0.1098,,0,hc,0.0527
estradiol,H,1.008,1,C,0.1098,,0,hc,0.0527
estradiol,H,1.008,1,O,0.0973,,0,ho,0.398
estradiol,H,1.008,1,C,0.1086,,0,ha,0.134
estradiol,H,1.008,1,C,0.1086,,0,ha,0.148
estradiol,H,1.008,1,C,0.1086,,0,ha,0.132
estradiol,H,1.008,1,O,0.0973,,0,ho,0.418
estradiol,O,15.9994,2,C-H,0.0,0.0,0,opls_154,-0.591801
estradiol,O,15.9994,2,C-H,0.0,0.0,0,opls_154,-0.4991
estradiol,C,0.0,4,C-C-C-C,0.0,0.0,0,opls_x,-0.044
estradiol,C,0.0,4,C-C-C-H,0.0,0.0,0,opls_x,-0.0657
estradiol,C,0.0,4,C-C-C-H,0.0,0.0,0,opls_x,-0.0477
estradiol,C,0.0,4,C-C-C-H,0.0,0.0,0,opls_x,-0.0084
estradiol,C,0.0,4,C-C-H-O,0.0,0.0,0,opls_x,0.1411
estradiol,C,0.0,4,C-C-H-H,0.0,0.0,0,opls_x,-0.0634
estradiol,C,0.0,4,C-C-H-H,0.0,0.0,0,opls_x,-0.0684
estradiol,C,0.0,4,C-C-H-H,0.0,0.0,0,opls_x,-0.0714
estradiol,C,0.0,4,C-C-H-H,0.0,0.0,0,opls_x,-0.1174
estradiol,C,0.0,4,C-C-H-H,0.0,0.0,0,opls_x,-0.0734
estradiol,C,12.011,4,C-H-H-H,0.0,0.0,0,opls_135,-0.0771
estradiol,C,12.011,3,C-C-C,0.0,0.0,1,opls_145,-0.0993
estradiol,C,0.0,4,C-C-H-H,0.0,0.0,0,opls_x,-0.0371
estradiol,C,12.011,3,C-C-C,0.0,0.0,1,opls_145,-0.0373
estradiol,C,12.011,3,C-C-H,0.0,0.0,0,opls_145,-0.091
estradiol,C,12.011,3,C-C-H,0.0,0.0,0,opls_145,-0.162
estradiol,C,12.011,3,C-C-H,0.0,0.0,1,opls_145,-0.215
estradiol,C,12.011,3,C-C-O,0.0,0.0,1,opls_145,0.1221
estradiol,H,1.008,1,C,0.0,,0,opls_140,0.0457
estradiol,H,1.008,1,C,0.0,,0,opls_140,0.0637
estradiol,H,1.008,1,C,0.0,,0,opls_140,0.0537
estradiol,H,1.008,1,C,0.0,,0,opls_140,0.0337
estradiol,H,1.008,1,C,0.0,,0,opls_140,0.0452
estradiol,H,1.008,1,C,0.0,,0,opls_140,0.0452
estradiol,H,1.008,1,C,0.0,,0,opls_140,0.0452
estradiol,H,1.008,1,C,0.0,,0,opls_140,0.0452
estradiol,H,1.008,1,C,0.0,,0,opls_140,0.0432
estradiol,H,1.008,1,C,0.0,,0,opls_140,0.0432
estradiol,H,1.008,1,C,0.0,,0,opls_140,0.0472
estradiol,H,1.008,1,C,0.0,,0,opls_140,0.0472
estradiol,H,1.008,1,C,0.0,,0,opls_140,0.0442
estradiol,H,1.008,1,C,0.0,,0,opls_140,0.0442
estradiol,H,1.008,1,C,0.0,,0,opls_140,0.041367
estradiol,H,1.008,1,C,0.0,,0,opls_140,0.041367
estradiol,H,1.008,1,C,0.0,,0,opls_140,0.041367
estradiol,H,1.008,1,C,0.0,,0,opls_140,0.0527
estradiol,H,1.008,1,C,0.0,,0,opls_140,0.0527
estradiol,H,1.008,1,O,0.0,,0,opls_155,0.398
estradiol,H,1.008,1,C,0.0,,0,opls_146,0.134
estradiol,H,1.008,1,C,0.0,,0,opls_146,0.148
estradiol,H,1.008,1,C,0.0,,0,opls_146,0.132
estradiol,H,1.008,1,O,0.0,,0,opls_155,0.418
deoxyribose,O,0.0,2,C-C,0.0,0.0,0,opls_x,-0.4496
deoxyribose,O,15.9994,2,C-H,0.0,0.0,0,opls_154,-0.5918
deoxyribose,O,15.9994,2,C-H,0.0,0.0,0,opls_154,-0.5988
deoxyribose,O,15.9994,2,C-H,0.0,0.0,0,opls_154,-0.5948
deoxyribose,C,0.0,4,C-C-H-O,0.0,0.0,0,opls_x,0.1181
deoxyribose,C,0.0,4,C-C-H-O,0.0,0.0,0,opls_x,0.0551
deoxyribose,C,0.0,4,C-C-H-H,0.0,0.0,0,opls_x,-0.1394
deoxyribose,C,0.0,4,C-H-O-O,0.0,0.0,0,opls_x,0.3349
deoxyribose,C,12.011,4,C-H-H-O,0.0,0.0,0,opls_135,0.1284
deoxyribose,H,1.008,1,C,0.0,,0,opls_140,0.0527
deoxyribose,H,1.008,1,C,0.0,,0,opls_140,0.0787
deoxyribose,H,1.008,1,C,0.0,,0,opls_140,0.0822
deoxyribose,H,1.008,1,C,0.0,,0,opls_140,0.0822
deoxyribose,H,0.0,1,C,0.0,,0,opls_x,0.1037
deoxyribose,H,1.008,1,C,0.0,,0,opls_140,0.0487
deoxyribose,H,1.008,1,C,0.0,,0,opls_140,0.0487
deoxyribose,H,1.008,1,O,0.0,,0,opls_155,0.407
deoxyribose,H,1.008,1,O,0.0,,0,opls_155,0.416
deoxyribose,H,1.008,1,O,0.0,,0,opls_155,0.418
deoxyribose,O,16.0,2,C-C,0.1435,109.26,0,os,-0.4496
deoxyribose,O,16.0,2,C-H,0.1196,107.17,0,oh,-0.5918
deoxyribose,O,16.0,2,C-H,0.1196,107.17,0,oh,-0.5988
deoxyribose,O,16.0,2,C-H,0.1198,107.39,0,oh,-0.5948
deoxyribose,C,12.01,4,C-C-H-O,0.1403,109.95,0,c5,0.1181
deoxyribose,C,12.01,4,C-C-H-O,0.1404,109.6,0,c5,0.0551
deoxyribose,C,12.01,4,C-C-H-H,0.1322,109.29,0,c5,-0.1394
deoxyribose,C,12.01,4,C-H-O-O,0.1374,109.7,0,c5,0.3349
deoxyribose,C,12.01,4,C-H-H-O,0.1289,109.65,0,c3,0.1284
deoxyribose,H,1.008,1,C,0.1097,,0,h1,0.0527
deoxyribose,H,1.008,1,C,0.1097,,0,h1,0.0787
deoxyribose,H,1.008,1,C,0.1095,,0,hc,0.0822
deoxyribose,H,1.008,1,C,0.1095,,0,hc,0.0822
deoxyribose,H,1.008,1,C,0.1095,,0,h2,0.1037
deoxyribose,H,1.008,1,C,0.1097,,0,h1,0.0487
deoxyribose,H,1.008,1,C,0.1097,,0,h1,0.0487
deoxyribose,H,1.008,1,O,0.0973,,0,ho,0.407
deoxyribose,H,1.008,1,O,0.0973,,0,ho,0.416
deoxyribose,H,1.008,1,O,0.0973,,0,ho,0.418
cytosine,O,15.9994,1,C,0.0,,0,opls_236,-0.6075
cytosine,N,0.0,3,C-C-H,0.0,0.0,1,opls_x,-0.4961
cytosine,N,0.0,3,C-H-H,0.0,0.0,0,opls_x,-0.8636
cytosine,N,14.0067,2,C-C,0.0,0.0,0,opls_511,-0.6511
cytosine,C,12.011,3,C-N-N,0.0,0.0,1,opls_500,0.3346
cytosine,C,12.011,3,C-C-H,0.0,0.0,0,opls_500,-0.4896
cytosine,C,12.011,3,N-N-O,0.0,0.0,1,opls_235,0.8219
cytosine,C,12.011,3,C-H-N,0.0,0.0,1,opls_500,0.5685
cytosine,H,1.008,1,N,0.0,,0,opls_240,0.3325
cytosine,H,1.008,1,C,0.0,,0,opls_146,0.155
cytosine,H,1.008,1,C,0.0,,1,opls_146,0.0358
cytosine,H,1.008,1,N,0.0,,1,opls_240,0.4298
cytosine,H,1.008,1,N,0.0,,0,opls_240,0.4298
cytosine,O,16.0,1,C,0.1219,,0,o,-0.6075
cytosine,N,14.01,3,C-C-H,0.1258,120.45,1,ns,-0.4961
cytosine,N,14.01,3,C-H-H,0.113,116.09,0,nv,-0.8636
cytosine,N,14.01,2,C-C,0.1346,120.34,0,nc,-0.6511
cytosine,C,12.01,3,C-N-N,0.1374,121.66,1,cc,0.3346
cytosine,C,12.01,3,C-C-H,0.1295,119.92,0,cd,-0.4896
cytosine,C,12.01,3,N-N-O,0.1324,121.14,1,c,0.8219
cytosine,C,12.01,3,C-H-N,0.1276,121.86,1,cd,0.5685
cytosine,H,1.008,1,N,0.1013,,0,hn,0.3325
cytosine,H,1.008,1,C,0.1084,,0,ha,0.155
cytosine,H,1.008,1,C,0.1082,,1,h4,0.0358
cytosine,H,1.008,1,N,0.1011,,1,hn,0.4298
cytosine,H,1.008,1,N,0.1011,,0,hn,0.4298
cysteine,SG,32.06,2,CB-HG,0.0,0.0,0,opls_200,-0.3779
cysteine,O,15.9994,2,C-H,0.0,0.0,0,opls_154,-0.6071
cysteine,OXT,15.9994,1,C,0.0,,1,opls_236,-0.55
cysteine,N,0.0,3,CA-H-H,0.0,0.0,0,opls_x,-0.9098
cysteine,CA,12.011,4,C-CB-HA-N,0.0,0.0,0,opls_135,0.1365
cysteine,CB,12.011,4,CA-HB-HB-SG,0.0,0.0,0,opls_135,0.0007
cysteine,C,12.011,3,CA-O-OXT,0.0,0.0,0,opls_235,0.6371
cysteine,HA,1.008,1,CA,0.0,,0,opls_140,0.0637
cysteine,HB,1.008,1,CB,0.0,,0,opls_140,0.0942
cysteine,HB,1.008,1,CB,0.0,,0,opls_140,0.0942
cysteine,H,1.008,1,N,0.0,,0,opls_240,0.3703
cysteine,H,1.008,1,N,0.0,,0,opls_240,0.3703
cysteine,HG,1.008,1,SG,0.0,,0,opls_204,0.2278
cysteine,H,1.008,1,O,0.0,,0,opls_155,0.45
cysteine,SG,32.06,2,CB-HG,0.1597,96.41,0,sh,-0.3779
cysteine,O,16.0,2,C-H,0.1164,106.54,0,oh,-0.6071
cysteine,OXT,16.0,1,C,0.1219,,1,o,-0.55
cysteine,N,14.01,3,CA-H-H,0.1168,108.53,0,n8,-0.9098
cysteine,CA,12.01,4,C-CB-HA-N,0.1406,109.9,0,c3,0.1365
cysteine,CB,12.01,4,CA-HB-HB-SG,0.1393,109.63,0,c3,0.0007
cysteine,C,12.01,3,CA-O-OXT,0.1367,119.24,0,c,0.6371
cysteine,HA,1.008,1,CA,0.1097,,0,h1,0.0637
cysteine,HB,1.008,1,CB,0.1097,,0,h1,0.0942
cysteine,HB,1.008,1,CB,0.1097,,0,h1,0.0942
cysteine,H,1.008,1,N,0.1019,,0,hn,0.3703
cysteine,H,1.008,1,N,0.1019,,0,hn,0.3703
cysteine,HG,1.008,1,SG,0.135,,0,hs,0.2278
cysteine,H,1.008,1,O,0.0973,,0,ho,0.45
cytidine,O*,0.0,2,C*-C*,0.0,0.0,0,opls_x,-0.3946
cytidine,O*,15.9994,2,C*-H,0.0,0.0,0,opls_154,-0.5978
cytidine,O*,15.9994,2,C*-H,0.0,0.0,0,opls_154,-0.5758
cytidine,O*,15.9994,2,C*-H*,0.0,0.0,0,opls_154,-0.5928
cytidine,O,15.9994,1,C,0.0,,0,opls_236,-0.6595
cytidine,N,14.0067,3,C-C-C*,0.0,0.0,0,opls_237,-0.405
cytidine,N,14.0067,2,C-C,0.0,0.0,1,opls_511,-0.7261
cytidine,N,0.0,3,C-H-H,0.0,0.0,0,opls_x,-0.9168
cytidine,C*,0.0,4,C*-C*-H*-O*,0.0,0.0,0,opls_x,0.0931
cytidine,C*,0.0,4,C*-C*-H*-O*,0.0,0.0,0,opls_x,0.1281
cytidine,C*,0.0,4,C*-H*-N-O*,0.0,0.0,1,opls_x,0.2575
cytidine,C*,0.0,4,C*-C*-H*-O*,0.0,0.0,0,opls_x,0.0921
cytidine,C*,12.011,4,C*-H*-H*-O*,0.0,0.0,0,opls_135,0.1064
cytidine,C,12.011,3,C-H-N,0.0,0.0,0,opls_500,0.0766
cytidine,C,12.011,3,N-N-O,0.0,0.0,0,opls_235,0.8409
cytidine,C,12.011,3,C-C-H,0.0,0.0,0,opls_500,-0.4406
cytidine,C,12.011,3,C-N-N,0.0,0.0,1,opls_500,0.7585
cytidine,H*,1.008,1,C*,0.0,,0,opls_140,0.0777
cytidine,H*,1.008,1,C*,0.0,,0,opls_140,0.0887
cytidine,H*,0.0,1,C*,0.0,,0,opls_x,0.1067
cytidine,H*,1.008,1,C*,0.0,,0,opls_140,0.1067
cytidine,H*,1.008,1,C*,0.0,,0,opls_140,0.0347
cytidine,H*,1.008,1,C*,0.0,,0,opls_140,0.0347
cytidine,H,1.008,1,O*,0.0,,0,opls_155,0.449
cytidine,H,1.008,1,O*,0.0,,0,opls_155,0.427
cytidine,H,1.008,1,C,0.0,,1,opls_146,0.195
cytidine,H*,1.008,1,O*,0.0,,0,opls_155,0.404
cytidine,H,1.008,1,C,0.0,,0,opls_146,0.155
cytidine,H,1.008,1,N,0.0,,1,opls_240,0.4383
cytidine,H,1.008,1,N,0.0,,0,opls_240,0.4383
cytidine,O*,16.0,2,C*-C*,0.1435,109.26,0,os,-0.3946
cytidine,O*,16.0,2,C*-H,0.1196,107.17,0,oh,-0.5978
cytidine,O*,16.0,2,C*-H,0.1196,107.17,0,oh,-0.5758
cytidine,O*,16.0,2,C*-H*,0.1198,107.39,0,oh,-0.5928
cytidine,O,16.0,1,C,0.1219,,0,o,-0.6595
cytidine,N,14.01,3,C-C-C*,0.1416,120.0,0,n,-0.405
cytidine,N,14.01,2,C-C,0.1346,120.34,1,nc,-0.7261
cytidine,N,14.01,3,C-H-H,0.1131,116.24,0,nv,-0.9168
cytidine,C*,12.01,4,C*-C*-H*-O*,0.1403,109.95,0,c5,0.0931
cytidine,C*,12.01,4,C*-C*-H*-O*,0.1403,109.95,0,c5,0.1281
cytidine,C*,12.01,4,C*-H*-N-O*,0.1387,107.48,1,c5,0.2575
cytidine,C*,12.01,4,C*-C*-H*-O*,0.1404,109.6,0,c5,0.0921
cytidine,C*,12.01,4,C*-H*-H*-O*,0.1289,109.65,0,c3,0.1064
cytidine,C,12.01,3,C-H-N,0.1279,122.11,0,cc,0.0766
cytidine,C,12.01,3,N-N-O,0.133,121.28,0,c,0.8409
cytidine,C,12.01,3,C-C-H,0.1295,119.92,0,cd,-0.4406
cytidine,C,12.01,3,C-N-N,0.1372,120.11,1,cd,0.7585
cytidine,H*,1.008,1,C*,0.1097,,0,h1,0.0777
cytidine,H*,1.008,1,C*,0.1097,,0,h1,0.0887
cytidine,H*,1.008,1,C*,0.1095,,0,h2,0.1067
cytidine,H*,1.008,1,C*,0.1097,,0,h1,0.1067
cytidine,H*,1.008,1,C*,0.1097,,0,h1,0.0347
cytidine,H*,1.008,1,C*,0.1097,,0,h1,0.0347
cytidine,H,1.008,1,O*,0.0973,,0,ho,0.449
cytidine,H,1.008,1,O*,0.0973,,0,ho,0.427
cytidine,H,1.008,1,C,0.1081,,1,h4,0.195
cytidine,H*,1.008,1,O*,0.0973,,0,ho,0.404
cytidine,H,1.008,1,C,0.1084,,0,ha,0.155
cytidine,H,1.008,1,N,0.1011,,1,hn,0.4383
cytidine,H,1.008,1,N,0.1011,,0,hn,0.4383
adenine,N,14.0067,3,C-C-H,0.0,0.0,1,opls_503,-0.2623
adenine,N,14.0067,2,C-C,0.0,0.0,0,opls_511,-0.6257
adenine,N,0.0,2,C-C,0.0,0.0,1,opls_x,-0.653
adenine,N,0.0,2,C-C,0.0,0.0,1,opls_x,-0.749
adenine,N,0.0,3,C-H-H,0.0,0.0,0,opls_x,-0.9175
adenine,C,12.011,3,C-C-N,0.0,0.0,1,opls_145,-0.3608
adenine,C,12.011,3,C-N-N,0.0,0.0,0,opls_145,0.5723
adenine,C,12.011,3,C-N-N,0.0,0.0,0,opls_145,0.6672
adenine,C,12.011,3,H-N-N,0.0,0.0,0,opls_500,0.4357
adenine,C,12.011,3,H-N-N,0.0,0.0,0,opls_145,0.6459
adenine,H,1.008,1,N,0.0,,0,opls_240,0.3097
adenine,H,1.008,1,C,0.0,,0,opls_146,0.0748
adenine,H,1.008,1,C,0.0,,0,opls_146,0.0571
adenine,H,1.008,1,N,0.0,,1,opls_240,0.4028
adenine,H,1.008,1,N,0.0,,0,opls_240,0.4028
adenine,N,14.01,3,C-C-H,0.1259,119.84,1,na,-0.2623
adenine,N,14.01,2,C-C,0.1351,104.17,0,nc,-0.6257
adenine,N,14.01,2,C-C,0.1339,117.24,1,nb,-0.653
adenine,N,14.01,2,C-C,0.1339,117.24,1,nb,-0.749
adenine,N,14.01,3,C-H-H,0.1132,116.25,0,nv,-0.9175
adenine,C,12.01,3,C-C-N,0.1394,120.21,1,ca,-0.3608
adenine,C,12.01,3,C-N-N,0.1374,124.04,0,ca,0.5723
adenine,C,12.01,3,C-N-N,0.1371,120.22,0,ca,0.6672
adenine,C,12.01,3,H-N-N,0.1261,119.71,0,cd,0.4357
adenine,C,12.01,3,H-N-N,0.1255,119.63,0,ca,0.6459
adenine,H,1.008,1,N,0.1009,,0,hn,0.3097
adenine,H,1.008,1,C,0.1082,,0,h5,0.0748
adenine,H,1.008,1,C,0.1088,,0,h5,0.0571
adenine,H,1.008,1,N,0.1011,,1,hn,0.4028
adenine,H,1.008,1,N,0.1011,,0,hn,0.4028
lidocaine,O,16.0,1,C,0.1219,,0,o,-0.5961
lidocaine,N,14.01,3,C-C-C,0.1463,112.42,0,n3,-0.748604
lidocaine,N,14.01,3,C-C-H,0.1267,120.27,0,ns,-0.4591
lidocaine,C,12.01,4,C-H-H-N,0.1296,109.81,0,c3,0.0908
lidocaine,C,12.01,4,C-H-H-N,0.1298,110.17,0,c3,0.1658
lidocaine,C,12.01,4,C-H-H-N,0.1298,110.17,0,c3,0.1658
lidocaine,C,12.01,3,C-C-N,0.1401,120.13,1,ca,0.0366
lidocaine,C,12.01,3,C-N-O,0.1375,120.33,1,c,0.6531
lidocaine,C,12.01,3,C-C-C,0.1437,120.56,0,ca,-0.0738
lidocaine,C,12.01,3,C-C-C,0.1437,120.56,1,ca,-0.0738
lidocaine,C,12.01,4,C-H-H-H,0.1206,108.7,0,c3,-0.0956
lidocaine,C,12.01,4,C-H-H-H,0.1206,108.7,0,c3,-0.0956
lidocaine,C,12.01,3,C-C-H,0.1294,119.93,1,ca,-0.127
lidocaine,C,12.01,3,C-C-H,0.1294,119.93,1,ca,-0.127
lidocaine,C,12.01,4,C-H-H-H,0.1201,109.18,0,c3,-0.0593
lidocaine,C,12.01,4,C-H-H-H,0.1201,109.18,0,c3,-0.0593
lidocaine,C,12.01,3,C-C-H,0.1294,119.93,1,ca,-0.129
lidocaine,H,1.008,1,C,0.1097,,0,h1,0.0662
lidocaine,H,1.008,1,C,0.1097,,0,h1,0.0662
lidocaine,H,1.008,1,C,0.1097,,0,h1,0.0372
lidocaine,H,1.008,1,C,0.1097,,0,h1,0.0372
lidocaine,H,1.008,1,C,0.1097,,0,h1,0.0372
lidocaine,H,1.008,1,C,0.1097,,0,h1,0.0372
lidocaine,H,1.008,1,N,0.1013,,0,hn,0.3255
lidocaine,H,1.008,1,C,0.1096,,0,hc,0.039867
lidocaine,H,1.008,1,C,0.1096,,0,hc,0.039867
lidocaine,H,1.008,1,C,0.1096,,0,hc,0.039867
lidocaine,H,1.008,1,C,0.1096,,0,hc,0.039867
lidocaine,H,1.008,1,C,0.1096,,0,hc,0.039867
lidocaine,H,1.008,1,C,0.1096,,0,hc,0.039867
lidocaine,H,1.008,1,C,0.1086,,0,ha,0.132
lidocaine,H,1.008,1,C,0.1086,,0,ha,0.132
lidocaine,H,1.008,1,C,0.1096,,0,hc,0.048367
lidocaine,H,1.008,1,C,0.1096,,0,hc,0.048367
lidocaine,H,1.008,1,C,0.1096,,0,hc,0.048367
lidocaine,H,1.008,1,C,0.1096,,0,hc,0.048367
lidocaine,H,1.008,1,C,0.1096,,0,hc,0.048367
lidocaine,H,1.008,1,C,0.1096,,0,hc,0.048367
lidocaine,H,1.008,1,C,0.1086,,0,ha,0.132
lidocaine,O,15.9994,1,C,0.0,,0,opls_236,-0.5961
lidocaine,N,0.0,3,C-C-C,0.0,0.0,0,opls_x,-0.748604
lidocaine,N,0.0,3,C-C-H,0.0,0.0,0,opls_x,-0.4591
lidocaine,C,12.011,4,C-H-H-N,0.0,0.0,0,opls_135,0.0908
lidocaine,C,12.011,4,C-H-H-N,0.0,0.0,0,opls_135,0.1658
lidocaine,C,12.011,4,C-H-H-N,0.0,0.0,0,opls_135,0.1658
lidocaine,C,12.011,3,C-C-N,0.0,0.0,1,opls_145,0.0366
lidocaine,C,12.011,3,C-N-O,0.0,0.0,1,opls_235,0.6531
lidocaine,C,12.011,3,C-C-C,0.0,0.0,0,opls_145,-0.0738
lidocaine,C,12.011,3,C-C-C,0.0,0.0,1,opls_145,-0.0738
lidocaine,C,12.011,4,C-H-H-H,0.0,0.0,0,opls_135,-0.0956
lidocaine,C,12.011,4,C-H-H-H,0.0,0.0,0,opls_135,-0.0956
lidocaine,C,12.011,3,C-C-H,0.0,0.0,1,opls_145,-0.127
lidocaine,C,12.011,3,C-C-H,0.0,0.0,1,opls_145,-0.127
lidocaine,C,12.011,4,C-H-H-H,0.0,0.0,0,opls_135,-0.0593
lidocaine,C,12.011,4,C-H-H-H,0.0,0.0,0,opls_135,-0.0593
lidocaine,C,12.011,3,C-C-H,0.0,0.0,1,opls_145,-0.129
lidocaine,H,1.008,1,C,0.0,,0,opls_140,0.0662
lidocaine,H,1.008,1,C,0.0,,0,opls_140,0.0662
lidocaine,H,1.008,1,C,0.0,,0,opls_140,0.0372
lidocaine,H,1.008,1,C,0.0,,0,opls_140,0.0372
lidocaine,H,1.008,1,C,0.0,,0,opls_140,0.0372
lidocaine,H,1.008,1,C,0.0,,0,opls_140,0.0372
lidocaine,H,1.008,1,N,0.0,,0,opls_240,0.3255
lidocaine,H,1.008,1,C,0.0,,0,opls_140,0.039867
lidocaine,H,1.008,1,C,0.0,,0,opls_140,0.039867
lidocaine,H,1.008,1,C,0.0,,0,opls_140,0.039867
lidocaine,H,1.008,1,C,0.0,,0,opls_140,0.039867
lidocaine,H,1.008,1,C,0.0,,0,opls_140,0.039867
lidocaine,H,1.008,1,C,0.0,,0,opls_140,0.039867
lidocaine,H,1.008,1,C,0.0,,0,opls_146,0.132
lidocaine,H,1.008,1,C,0.0,,0,opls_146,0.132
lidocaine,H,1.008,1,C,0.0,,0,opls_140,0.048367
lidocaine,H,1.008,1,C,0.0,,0,opls_140,0.048367
lidocaine,H,1.008,1,C,0.0,,0,opls_140,0.048367
lidocaine,H,1.008,1,C,0.0,,0,opls_140,0.048367
lidocaine,H,1.008,1,C,0.0,,0,opls_140,0.048367
lidocaine,H,1.008,1,C,0.0,,0,opls_140,0.048367
lidocaine,H,1.008,1,C,0.0,,0,opls_146,0.132
progesterone,O,16.0,1,C,0.1219,,0,o,-0.5331
progesterone,O,16.0,1,C,0.1219,,0,o,-0.5351
progesterone,C,12.01,4,C-C-C-H,0.1433,110.02,0,c5,-0.0617
progesterone,C,12.01,4,C-C-C-C,0.1543,111.52,0,c5,-0.038
progesterone,C,12.01,4,C-C-C-H,0.1428,110.23,0,c6,-0.0507
progesterone,C,12.01,4,C-C-C-H,0.1428,110.25,0,c6,-0.0477
progesterone,C,12.01,4,C-C-C-C,0.1533,111.08,0,c6,-0.0158
progesterone,C,12.01,4,C-C-C-H,0.1432,108.42,0,c5,-0.1647
progesterone,C,12.01,4,C-C-H-H,0.1318,109.21,0,c6,-0.0674
progesterone,C,12.01,4,C-C-H-H,0.1318,109.25,0,c6,-0.0744
progesterone,C,12.01,4,C-C-H-H,0.1322,109.29,0,c5,-0.0724
progesterone,C,12.01,4,C-C-H-H,0.1318,109.25,0,c6,-0.0724
progesterone,C,12.01,4,C-C-H-H,0.1322,109.29,0,c5,-0.0754
progesterone,C,12.01,3,C-C-C,0.1457,120.42,1,c2,-0.0284
progesterone,C,12.01,4,C-H-H-H,0.1206,109.13,0,c3,-0.0911
progesterone,C,12.01,4,C-C-H-H,0.1312,109.26,1,c6,-0.0542
progesterone,C,12.01,4,C-C-H-H,0.1318,109.25,0,c6,-0.0694
progesterone,C,12.01,4,C-H-H-H,0.1208,109.18,0,c3,-0.0861
progesterone,C,12.01,3,C-C-O,0.1427,122.19,1,c,0.5771
progesterone,C,12.01,4,C-C-H-H,0.1316,108.71,0,c6,-0.1824
progesterone,C,12.01,3,C-C-H,0.1306,119.47,1,ce,-0.2652
progesterone,C,12.01,3,C-C-O,0.1411,120.58,0,c,0.5693
progesterone,C,12.01,4,C-H-H-H,0.1204,108.34,0,c3,-0.2041
progesterone,H,1.008,1,C,0.1095,,0,hc,0.0477
progesterone,H,1.008,1,C,0.1098,,0,hc,0.0597
progesterone,H,1.008,1,C,0.1098,,0,hc,0.0517
progesterone,H,1.008,1,C,0.1095,,0,hc,0.0617
progesterone,H,1.008,1,C,0.1098,,0,hc,0.0417
progesterone,H,1.008,1,C,0.1098,,0,hc,0.0417
progesterone,H,1.008,1,C,0.1098,,0,hc,0.0442
progesterone,H,1.008,1,C,0.1098,,0,hc,0.0442
progesterone,H,1.008,1,C,0.1095,,0,hc,0.0462
progesterone,H,1.008,1,C,0.1095,,0,hc,0.0462
progesterone,H,1.008,1,C,0.1098,,0,hc,0.0482
progesterone,H,1.008,1,C,0.1098,,0,hc,0.0482
progesterone,H,1.008,1,C,0.1095,,0,hc,0.0567
progesterone,H,1.008,1,C,0.1095,,0,hc,0.0567
progesterone,H,1.008,1,C,0.1096,,0,hc,0.043367
progesterone,H,1.008,1,C,0.1096,,0,hc,0.043367
progesterone,H,1.008,1,C,0.1096,,0,hc,0.043367
progesterone,H,1.008,1,C,0.1098,,0,hc,0.0562
progesterone,H,1.008,1,C,0.1098,,0,hc,0.0562
progesterone,H,1.008,1,C,0.1098,,0,hc,0.0502
progesterone,H,1.008,1,C,0.1098,,0,hc,0.0502
progesterone,H,1.008,1,C,0.1096,,0,hc,0.041033
progesterone,H,1.008,1,C,0.1096,,0,hc,0.041033
progesterone,H,1.008,1,C,0.1096,,0,hc,0.041033
progesterone,H,1.008,1,C,0.1098,,0,hc,0.0717
progesterone,H,1.008,1,C,0.1098,,0,hc,0.0717
progesterone,H,1.008,1,C,0.1088,,0,ha,0.148
progesterone,H,1.008,1,C,0.1096,,0,hc,0.0637
progesterone,H,1.008,1,C,0.1096,,0,hc,0.0637
progesterone,H,1.008,1,C,0.1096,,0,hc,0.0637
progesterone,O,15.9994,1,C,0.0,,0,opls_236,-0.5331
progesterone,O,15.9994,1,C,0.0,,0,opls_236,-0.5351
progesterone,C,0.0,4,C-C-C-H,0.0,0.0,0,opls_x,-0.0617
progesterone,C,0.0,4,C-C-C-C,0.0,0.0,0,opls_x,-0.038
progesterone,C,0.0,4,C-C-C-H,0.0,0.0,0,opls_x,-0.0507
progesterone,C,0.0,4,C-C-C-H,0.0,0.0,0,opls_x,-0.0477
progesterone,C,0.0,4,C-C-C-C,0.0,0.0,0,opls_x,-0.0158
progesterone,C,0.0,4,C-C-C-H,0.0,0.0,0,opls_x,-0.1647
progesterone,C,0.0,4,C-C-H-H,0.0,0.0,0,opls_x,-0.0674
progesterone,C,0.0,4,C-C-H-H,0.0,0.0,0,opls_x,-0.0744
progesterone,C,0.0,4,C-C-H-H,0.0,0.0,0,opls_x,-0.0724
progesterone,C,0.0,4,C-C-H-H,0.0,0.0,0,opls_x,-0.0724
progesterone,C,0.0,4,C-C-H-H,0.0,0.0,0,opls_x,-0.0754
progesterone,C,12.011,3,C-C-C,0.0,0.0,1,opls_509,-0.0284
progesterone,C,12.011,4,C-H-H-H,0.0,0.0,0,opls_135,-0.0911
progesterone,C,0.0,4,C-C-H-H,0.0,0.0,1,opls_x,-0.0542
progesterone,C,0.0,4,C-C-H-H,0.0,0.0,0,opls_x,-0.0694
progesterone,C,12.011,4,C-H-H-H,0.0,0.0,0,opls_135,-0.0861
progesterone,C,12.011,3,C-C-O,0.0,0.0,1,opls_235,0.5771
progesterone,C,0.0,4,C-C-H-H,0.0,0.0,0,opls_x,-0.1824
progesterone,C,0.0,3,C-C-H,0.0,0.0,1,opls_x,-0.2652
progesterone,C,12.011,3,C-C-O,0.0,0.0,0,opls_235,0.5693
progesterone,C,12.011,4,C-H-H-H,0.0,0.0,0,opls_135,-0.2041
progesterone,H,1.008,1,C,0.0,,0,opls_140,0.0477
progesterone,H,1.008,1,C,0.0,,0,opls_140,0.0597
progesterone,H,1.008,1,C,0.0,,0,opls_140,0.0517
progesterone,H,1.008,1,C,0.0,,0,opls_140,0.0617
progesterone,H,1.008,1,C,0.0,,0,opls_140,0.0417
progesterone,H,1.008,1,C,0.0,,0,opls_140,0.0417
progesterone,H,1.008,1,C,0.0,,0,opls_140,0.0442
progesterone,H,1.008,1,C,0.0,,0,opls_140,0.0442
progesterone,H,1.008,1,C,0.0,,0,opls_140,0.0462
progesterone,H,1.008,1,C,0.0,,0,opls_140,0.0462
progesterone,H,1.008,1,C,0.0,,0,opls_140,0.0482
progesterone,H,1.008,1,C,0.0,,0,opls_140,0.0482
progesterone,H,1.008,1,C,0.0,,0,opls_140,0.0567
progesterone,H,1.008,1,C,0.0,,0,opls_140,0.0567
progesterone,H,1.008,1,C,0.0,,0,opls_140,0.043367
progesterone,H,1.008,1,C,0.0,,0,opls_140,0.043367
progesterone,H,1.008,1,C,0.0,,0,opls_140,0.043367
progesterone,H,1.008,1,C,0.0,,0,opls_140,0.0562
progesterone,H,1.008,1,C,0.0,,0,opls_140,0.0562
progesterone,H,1.008,1,C,0.0,,0,opls_140,0.0502
progesterone,H,1.008,1,C,0.0,,0,opls_140,0.0502
progesterone,H,1.008,1,C,0.0,,0,opls_140,0.041033
progesterone,H,1.008,1,C,0.0,,0,opls_140,0.041033
progesterone,H,1.008,1,C,0.0,,0,opls_140,0.041033
progesterone,H,1.008,1,C,0.0,,0,opls_140,0.0717
progesterone,H,1.008,1,C,0.0,,0,opls_140,0.0717
progesterone,H,1.008,1,C,0.0,,0,opls_146,0.148
progesterone,H,1.008,1,C,0.0,,0,opls_140,0.0637
progesterone,H,1.008,1,C,0.0,,0,opls_140,0.0637
progesterone,H,1.008,1,C,0.0,,0,opls_140,0.0637
uridine,O*,0.0,2,C*-C*,0.0,0.0,0,opls_x,-0.4066
uridine,O*,15.9994,2,C*-H,0.0,0.0,0,opls_154,-0.5958
uridine,O*,15.9994,2,C*-H,0.0,0.0,0,opls_154,-0.5738
uridine,O*,15.9994,2,C*-H*,0.0,0.0,0,opls_154,-0.5958
uridine,O,15.9994,1,C,0.0,,0,opls_236,-0.6775
uridine,O,15.9994,1,C,0.0,,0,opls_236,-0.6035
uridine,N,14.0067,3,C-C-C*,0.0,0.0,0,opls_237,-0.401
uridine,N,0.0,3,C-C-H,0.0,0.0,1,opls_x,-0.5815
uridine,C*,0.0,4,C*-C*-H*-O*,0.0,0.0,0,opls_x,0.0881
uridine,C*,0.0,4,C*-C*-H*-O*,0.0,0.0,0,opls_x,0.1361
uridine,C*,0.0,4,C*-H*-N-O*,0.0,0.0,1,opls_x,0.2775
uridine,C*,0.0,4,C*-C*-H*-O*,0.0,0.0,0,opls_x,0.0501
uridine,C*,12.011,4,C*-H*-H*-O*,0.0,0.0,0,opls_135,0.1124
uridine,C,12.011,3,N-N-O,0.0,0.0,0,opls_235,0.8085
uridine,C,12.011,3,C-H-N,0.0,0.0,1,opls_500,0.0576
uridine,C,12.011,3,C-C-H,0.0,0.0,0,opls_500,-0.3252
uridine,C,12.011,3,C-N-O,0.0,0.0,1,opls_235,0.7147
uridine,H*,1.008,1,C*,0.0,,0,opls_140,0.0777
uridine,H*,1.008,1,C*,0.0,,0,opls_140,0.0947
uridine,H*,0.0,1,C*,0.0,,0,opls_x,0.1057
uridine,H*,1.008,1,C*,0.0,,0,opls_140,0.0937
uridine,H*,1.008,1,C*,0.0,,0,opls_140,0.0582
uridine,H*,1.008,1,C*,0.0,,0,opls_140,0.0582
uridine,H,1.008,1,O*,0.0,,0,opls_155,0.447
uridine,H,1.008,1,O*,0.0,,0,opls_155,0.428
uridine,H,1.008,1,C,0.0,,1,opls_146,0.205
uridine,H*,1.008,1,O*,0.0,,0,opls_155,0.411
uridine,H,1.008,1,N,0.0,,0,opls_240,0.3535
uridine,H,1.008,1,C,0.0,,0,opls_146,0.183
uridine,O*,16.0,2,C*-C*,0.1435,109.26,0,os,-0.4066
uridine,O*,16.0,2,C*-H,0.1196,107.17,0,oh,-0.5958
uridine,O*,16.0,2,C*-H,0.1196,107.17,0,oh,-0.5738
uridine,O*,16.0,2,C*-H*,0.1198,107.39,0,oh,-0.5958
uridine,O,16.0,1,C,0.1219,,0,o,-0.6775
uridine,O,16.0,1,C,0.1219,,0,o,-0.6035
uridine,N,14.01,3,C-C-C*,0.1416,120.0,0,n,-0.401
uridine,N,14.01,3,C-C-H,0.1258,120.86,1,ns,-0.5815
uridine,C*,12.01,4,C*-C*-H*-O*,0.1403,109.95,0,c5,0.0881
uridine,C*,12.01,4,C*-C*-H*-O*,0.1403,109.95,0,c5,0.1361
uridine,C*,12.01,4,C*-H*-N-O*,0.1387,107.48,1,c5,0.2775
uridine,C*,12.01,4,C*-C*-H*-O*,0.1404,109.6,0,c5,0.0501
uridine,C*,12.01,4,C*-H*-H*-O*,0.1289,109.65,0,c3,0.1124
uridine,C,12.01,3,N-N-O,0.1332,120.0,0,c,0.8085
uridine,C,12.01,3,C-H-N,0.1279,122.11,1,cc,0.0576
uridine,C,12.01,3,C-C-H,0.131,119.8,0,cd,-0.3252
uridine,C,12.01,3,C-N-O,0.1357,119.65,1,c,0.7147
uridine,H*,1.008,1,C*,0.1097,,0,h1,0.0777
uridine,H*,1.008,1,C*,0.1097,,0,h1,0.0947
uridine,H*,1.008,1,C*,0.1095,,0,h2,0.1057
uridine,H*,1.008,1,C*,0.1097,,0,h1,0.0937
uridine,H*,1.008,1,C*,0.1097,,0,h1,0.0582
uridine,H*,1.008,1,C*,0.1097,,0,h1,0.0582
uridine,H,1.008,1,O*,0.0973,,0,ho,0.447
uridine,H,1.008,1,O*,0.0973,,0,ho,0.428
uridine,H,1.008,1,C,0.1081,,1,h4,0.205
uridine,H*,1.008,1,O*,0.0973,,0,ho,0.411
uridine,H,1.008,1,N,0.1013,,0,hn,0.3535
uridine,H,1.008,1,C,0.1084,,0,ha,0.183
uracil,O,15.9994,1,C,0.0,,0,opls_236,-0.6365
uracil,O,15.9994,1,C,0.0,,0,opls_236,-0.6055
uracil,N,0.0,3,C-C-H,0.0,0.0,1,opls_x,-0.5855
uracil,N,0.0,3,C-C-H,0.0,0.0,0,opls_x,-0.4751
uracil,C,12.011,3,N-N-O,0.0,0.0,1,opls_235,0.8055
uracil,C,12.011,3,C-N-O,0.0,0.0,1,opls_235,0.7147
uracil,C,12.011,3,C-H-N,0.0,0.0,1,opls_500,0.0506
uracil,C,12.011,3,C-C-H,0.0,0.0,0,opls_500,-0.3192
uracil,H,1.008,1,N,0.0,,0,opls_240,0.3535
uracil,H,1.008,1,N,0.0,,0,opls_240,0.3545
uracil,H,1.008,1,C,0.0,,0,opls_146,0.18
uracil,H,1.008,1,C,0.0,,1,opls_146,0.163
uracil,O,16.0,1,C,0.1219,,0,o,-0.6365
uracil,O,16.0,1,C,0.1219,,0,o,-0.6055
uracil,N,14.01,3,C-C-H,0.1258,120.86,1,ns,-0.5855
uracil,N,14.01,3,C-C-H,0.1258,120.45,0,ns,-0.4751
uracil,C,12.01,3,N-N-O,0.1326,119.66,1,c,0.8055
uracil,C,12.01,3,C-N-O,0.1357,119.65,1,c,0.7147
uracil,C,12.01,3,C-H-N,0.1278,122.13,1,cc,0.0506
uracil,C,12.01,3,C-C-H,0.131,119.8,0,cd,-0.3192
uracil,H,1.008,1,N,0.1013,,0,hn,0.3535
uracil,H,1.008,1,N,0.1013,,0,hn,0.3545
uracil,H,1.008,1,C,0.1084,,0,ha,0.18
uracil,H,1.008,1,C,0.1081,,1,h4,0.163
methionine,SD,32.06,2,CE-CG,0.1841,99.64,0,ss,-0.3032
methionine,O,16.0,2,C-H,0.1164,106.54,0,oh,-0.6121
methionine,OXT,16.0,1,C,0.1219,,1,o,-0.547
methionine,N,14.01,3,CA-H-H,0.1168,108.53,0,n8,-0.907799
methionine,CB,12.01,4,CA-CG-HB-HB,0.1316,109.85,0,c3,-0.0714
methionine,CA,12.01,4,C-CB-HA-N,0.1406,109.9,0,c3,0.1315
methionine,CG,12.01,4,CB-HG-HG-SD,0.1392,109.23,0,c3,-0.0263
methionine,C,12.01,3,CA-O-OXT,0.1367,119.24,0,c,0.6391
methionine,CE,12.01,4,HE-HE-HE-SD,0.1283,108.64,0,c3,-0.041
methionine,HB,1.008,1,CB,0.1096,,0,hc,0.0657
methionine,HB,1.008,1,CB,0.1096,,0,hc,0.0657
methionine,HA,1.008,1,CA,0.1097,,0,h1,0.0657
methionine,HG,1.008,1,CG,0.1097,,0,h1,0.0862
methionine,HG,1.008,1,CG,0.1097,,0,h1,0.0862
methionine,H,1.008,1,N,0.1019,,0,hn,0.3663
methionine,H,1.008,1,N,0.1019,,0,hn,0.3663
methionine,HE,1.008,1,CE,0.1097,,0,h1,0.063033
methionine,HE,1.008,1,CE,0.1097,,0,h1,0.063033
methionine,HE,1.008,1,CE,0.1097,,0,h1,0.063033
methionine,H,1.008,1,O,0.0973,,0,ho,0.447
methionine,SD,32.06,2,CE-CG,0.0,0.0,0,opls_202,-0.3032
methionine,O,15.9994,2,C-H,0.0,0.0,0,opls_154,-0.6121
methionine,OXT,15.9994,1,C,0.0,,1,opls_236,-0.547
methionine,N,0.0,3,CA-H-H,0.0,0.0,0,opls_x,-0.907799
methionine,CB,12.011,4,CA-CG-HB-HB,0.0,0.0,0,opls_135,-0.0714
methionine,CA,12.011,4,C-CB-HA-N,0.0,0.0,0,opls_135,0.1315
methionine,CG,12.011,4,CB-HG-HG-SD,0.0,0.0,0,opls_135,-0.0263
methionine,C,12.011,3,CA-O-OXT,0.0,0.0,0,opls_235,0.6391
methionine,CE,12.011,4,HE-HE-HE-SD,0.0,0.0,0,opls_135,-0.041
methionine,HB,1.008,1,CB,0.0,,0,opls_140,0.0657
methionine,HB,1.008,1,CB,0.0,,0,opls_140,0.0657
methionine,HA,1.008,1,CA,0.0,,0,opls_140,0.0657
methionine,HG,1.008,1,CG,0.0,,0,opls_140,0.0862
methionine,HG,1.008,1,CG,0.0,,0,opls_140,0.0862
methionine,H,1.008,1,N,0.0,,0,opls_240,0.3663
methionine,H,1.008,1,N,0.0,,0,opls_240,0.3663
methionine,HE,1.008,1,CE,0.0,,0,opls_140,0.063033
methionine,HE,1.008,1,CE,0.0,,0,opls_140,0.063033
methionine,HE,1.008,1,CE,0.0,,0,opls_140,0.063033
methionine,H,1.008,1,O,0.0,,0,opls_155,0.447
androstenedione,O,16.0,1,C,0.1219,,0,o,-0.5171
androstenedione,O,16.0,1,C,0.1219,,0,o,-0.5341
androstenedione,C,12.01,4,C-C-C-H,0.1428,110.23,0,c6,-0.0487
androstenedione,C,12.01,4,C-C-C-H,0.1428,110.25,0,c6,-0.0487
androstenedione,C,12.01,4,C-C-C-H,0.1433,110.02,0,c5,-0.0647
androstenedione,C,12.01,4,C-C-C-C,0.154,111.55,0,c5,-0.153
androstenedione,C,12.01,4,C-C-C-C,0.1533,111.08,0,c6,-0.0148
androstenedione,C,12.01,4,C-C-H-H,0.1318,109.25,0,c6,-0.0764
androstenedione,C,12.01,4,C-C-H-H,0.1318,109.21,0,c6,-0.0564
androstenedione,C,12.01,4,C-C-H-H,0.1318,109.25,0,c6,-0.0724
androstenedione,C,12.01,4,C-C-H-H,0.1322,109.29,0,c5,-0.0724
androstenedione,C,12.01,3,C-C-C,0.1457,120.42,1,c2,-0.0304
androstenedione,C,12.01,3,C-C-O,0.1429,119.9,1,c,0.5791
androstenedione,C,12.01,4,C-C-H-H,0.1312,109.26,1,c6,-0.0542
androstenedione,C,12.01,4,C-C-H-H,0.1318,109.12,0,c5,-0.1884
androstenedione,C,12.01,4,C-C-H-H,0.1318,109.25,0,c6,-0.0704
androstenedione,C,12.01,4,C-H-H-H,0.1206,109.13,0,c3,-0.0831
androstenedione,C,12.01,4,C-H-H-H,0.1208,109.18,0,c3,-0.0861
androstenedione,C,12.01,4,C-C-H-H,0.1316,108.71,0,c6,-0.1824
androstenedione,C,12.01,3,C-C-H,0.1306,119.47,1,ce,-0.2632
androstenedione,C,12.01,3,C-C-O,0.1411,120.58,0,c,0.5693
androstenedione,H,1.008,1,C,0.1098,,0,hc,0.0577
androstenedione,H,1.008,1,C,0.1098,,0,hc,0.0527
androstenedione,H,1.008,1,C,0.1095,,0,hc,0.0537
androstenedione,H,1.008,1,C,0.1098,,0,hc,0.0447
androstenedione,H,1.008,1,C,0.1098,,0,hc,0.0447
androstenedione,H,1.008,1,C,0.1098,,0,hc,0.0532
androstenedione,H,1.008,1,C,0.1098,,0,hc,0.0532
androstenedione,H,1.008,1,C,0.1098,,0,hc,0.0477
androstenedione,H,1.008,1,C,0.1098,,0,hc,0.0477
androstenedione,H,1.008,1,C,0.1095,,0,hc,0.0502
androstenedione,H,1.008,1,C,0.1095,,0,hc,0.0502
androstenedione,H,1.008,1,C,0.1098,,0,hc,0.0567
androstenedione,H,1.008,1,C,0.1098,,0,hc,0.0567
androstenedione,H,1.008,1,C,0.1095,,0,hc,0.0757
androstenedione,H,1.008,1,C,0.1095,,0,hc,0.0757
androstenedione,H,1.008,1,C,0.1098,,0,hc,0.0512
androstenedione,H,1.008,1,C,0.1098,,0,hc,0.0512
androstenedione,H,1.008,1,C,0.1096,,0,hc,0.0437
androstenedione,H,1.008,1,C,0.1096,,0,hc,0.0437
androstenedione,H,1.008,1,C,0.1096,,0,hc,0.0437
androstenedione,H,1.008,1,C,0.1096,,0,hc,0.0407
androstenedione,H,1.008,1,C,0.1096,,0,hc,0.0407
androstenedione,H,1.008,1,C,0.1096,,0,hc,0.0407
androstenedione,H,1.008,1,C,0.1098,,0,hc,0.0722
androstenedione,H,1.008,1,C,0.1098,,0,hc,0.0722
androstenedione,H,1.008,1,C,0.1088,,0,ha,0.148
androstenedione,O,15.9994,1,C,0.0,,0,opls_236,-0.5171
androstenedione,O,15.9994,1,C,0.0,,0,opls_236,-0.5341
androstenedione,C,0.0,4,C-C-C-H,0.0,0.0,0,opls_x,-0.0487
androstenedione,C,0.0,4,C-C-C-H,0.0,0.0,0,opls_x,-0.0487
androstenedione,C,0.0,4,C-C-C-H,0.0,0.0,0,opls_x,-0.0647
androstenedione,C,0.0,4,C-C-C-C,0.0,0.0,0,opls_x,-0.153
androstenedione,C,0.0,4,C-C-C-C,0.0,0.0,0,opls_x,-0.0148
androstenedione,C,0.0,4,C-C-H-H,0.0,0.0,0,opls_x,-0.0764
androstenedione,C,0.0,4,C-C-H-H,0.0,0.0,0,opls_x,-0.0564
androstenedione,C,0.0,4,C-C-H-H,0.0,0.0,0,opls_x,-0.0724
androstenedione,C,0.0,4,C-C-H-H,0.0,0.0,0,opls_x,-0.0724
androstenedione,C,12.011,3,C-C-C,0.0,0.0,1,opls_509,-0.0304
androstenedione,C,12.011,3,C-C-O,0.0,0.0,1,opls_235,0.5791
androstenedione,C,0.0,4,C-C-H-H,0.0,0.0,1,opls_x,-0.0542
androstenedione,C,0.0,4,C-C-H-H,0.0,0.0,0,opls_x,-0.1884
androstenedione,C,0.0,4,C-C-H-H,0.0,0.0,0,opls_x,-0.0704
androstenedione,C,12.011,4,C-H-H-H,0.0,0.0,0,opls_135,-0.0831
androstenedione,C,12.011,4,C-H-H-H,0.0,0.0,0,opls_135,-0.0861
androstenedione,C,0.0,4,C-C-H-H,0.0,0.0,0,opls_x,-0.1824
androstenedione,C,0.0,3,C-C-H,0.0,0.0,1,opls_x,-0.2632
androstenedione,C,12.011,3,C-C-O,0.0,0.0,0,opls_235,0.5693
androstenedione,H,1.008,1,C,0.0,,0,opls_140,0.0577
androstenedione,H,1.008,1,C,0.0,,0,opls_140,0.0527
androstenedione,H,1.008,1,C,0.0,,0,opls_140,0.0537
androstenedione,H,1.008,1,C,0.0,,0,opls_140,0.0447
androstenedione,H,1.008,1,C,0.0,,0,opls_140,0.0447
androstenedione,H,1.008,1,C,0.0,,0,opls_140,0.0532
androstenedione,H,1.008,1,C,0.0,,0,opls_140,0.0532
androstenedione,H,1.008,1,C,0.0,,0,opls_140,0.0477
androstenedione,H,1.008,1,C,0.0,,0,opls_140,0.0477
androstenedione,H,1.008,1,C,0.0,,0,opls_140,0.0502
androstenedione,H,1.008,1,C,0.0,,0,opls_140,0.0502
androstenedione,H,1.008,1,C,0.0,,0,opls_140,0.0567
androstenedione,H,1.008,1,C,0.0,,0,opls_140,0.0567
androstenedione,H,1.008,1,C,0.0,,0,opls_140,0.0757
androstenedione,H,1.008,1,C,0.0,,0,opls_140,0.0757
androstenedione,H,1.008,1,C,0.0,,0,opls_140,0.0512
androstenedione,H,1.008,1,C,0.0,,0,opls_140,0.0512
androstenedione,H,1.008,1,C,0.0,,0,opls_140,0.0437
androstenedione,H,1.008,1,C,0.0,,0,opls_140,0.0437
androstenedione,H,1.008,1,C,0.0,,0,opls_140,0.0437
androstenedione,H,1.008,1,C,0.0,,0,opls_140,0.0407
androstenedione,H,1.008,1,C,0.0,,0,opls_140,0.0407
androstenedione,H,1.008,1,C,0.0,,0,opls_140,0.0407
androstenedione,H,1.008,1,C,0.0,,0,opls_140,0.0722
androstenedione,H,1.008,1,C,0.0,,0,opls_140,0.0722
androstenedione,H,1.008,1,C,0.0,,0,opls_146,0.148
desmosterol,O,15.9994,2,C-H,0.0,0.0,0,opls_154,-0.600804
desmosterol,C,0.0,4,C-C-C-C,0.0,0.0,0,opls_x,-0.045
desmosterol,C,0.0,4,C-C-C-H,0.0,0.0,0,opls_x,-0.0647
desmosterol,C,0.0,4,C-C-C-H,0.0,0.0,0,opls_x,-0.0467
desmosterol,C,0.0,4,C-C-C-H,0.0,0.0,0,opls_x,-0.0487
desmosterol,C,0.0,4,C-C-C-H,0.0,0.0,0,opls_x,-0.0547
desmosterol,C,0.0,4,C-C-H-H,0.0,0.0,0,opls_x,-0.0654
desmosterol,C,0.0,4,C-C-C-C,0.0,0.0,1,opls_x,0.0002
desmosterol,C,0.0,4,C-C-H-H,0.0,0.0,0,opls_x,-0.0744
desmosterol,C,0.0,4,C-C-H-H,0.0,0.0,0,opls_x,-0.0754
desmosterol,C,0.0,4,C-C-H-H,0.0,0.0,0,opls_x,-0.0784
desmosterol,C,0.0,4,C-C-H-H,0.0,0.0,1,opls_x,-0.0422
desmosterol,C,12.011,4,C-C-C-H,0.0,0.0,0,opls_135,-0.0557
desmosterol,C,12.011,4,C-H-H-H,0.0,0.0,0,opls_135,-0.0821
desmosterol,C,12.011,3,C-C-C,0.0,0.0,0,opls_509,-0.1054
desmosterol,C,0.0,4,C-C-H-H,0.0,0.0,0,opls_x,-0.0704
desmosterol,C,12.011,3,C-C-H,0.0,0.0,0,opls_509,-0.1672
desmosterol,C,12.011,4,C-H-H-H,0.0,0.0,0,opls_135,-0.0831
desmosterol,C,0.0,4,C-C-H-H,0.0,0.0,0,opls_x,-0.0752
desmosterol,C,0.0,4,C-C-H-H,0.0,0.0,0,opls_x,-0.0754
desmosterol,C,12.011,4,C-C-H-H,0.0,0.0,0,opls_135,-0.0744
desmosterol,C,0.0,4,C-C-H-O,0.0,0.0,0,opls_x,0.1451
desmosterol,C,12.011,4,C-H-H-H,0.0,0.0,0,opls_135,-0.0901
desmosterol,C,12.011,4,C-C-H-H,0.0,0.0,1,opls_135,-0.0472
desmosterol,C,12.011,3,C-C-H,0.0,0.0,0,opls_509,-0.1752
desmosterol,C,12.011,3,C-C-C,0.0,0.0,0,opls_509,-0.1264
desmosterol,C,12.011,4,C-H-H-H,0.0,0.0,1,opls_135,-0.0574
desmosterol,C,12.011,4,C-H-H-H,0.0,0.0,0,opls_135,-0.0574
desmosterol,H,1.008,1,C,0.0,,0,opls_140,0.0457
desmosterol,H,1.008,1,C,0.0,,0,opls_140,0.0587
desmosterol,H,1.008,1,C,0.0,,0,opls_140,0.0477
desmosterol,H,1.008,1,C,0.0,,0,opls_140,0.0477
desmosterol,H,1.008,1,C,0.0,,0,opls_140,0.0407
desmosterol,H,1.008,1,C,0.0,,0,opls_140,0.0407
desmosterol,H,1.008,1,C,0.0,,0,opls_140,0.0417
desmosterol,H,1.008,1,C,0.0,,0,opls_140,0.0417
desmosterol,H,1.008,1,C,0.0,,0,opls_140,0.0417
desmosterol,H,1.008,1,C,0.0,,0,opls_140,0.0417
desmosterol,H,1.008,1,C,0.0,,0,opls_140,0.0422
desmosterol,H,1.008,1,C,0.0,,0,opls_140,0.0422
desmosterol,H,1.008,1,C,0.0,,0,opls_140,0.0492
desmosterol,H,1.008,1,C,0.0,,0,opls_140,0.0492
desmosterol,H,1.008,1,C,0.0,,0,opls_140,0.0477
desmosterol,H,1.008,1,C,0.0,,0,opls_140,0.0357
desmosterol,H,1.008,1,C,0.0,,0,opls_140,0.0357
desmosterol,H,1.008,1,C,0.0,,0,opls_140,0.0357
desmosterol,H,1.008,1,C,0.0,,0,opls_140,0.0447
desmosterol,H,1.008,1,C,0.0,,0,opls_140,0.0447
desmosterol,H,1.008,1,C,0.0,,0,opls_146,0.119
desmosterol,H,1.008,1,C,0.0,,0,opls_140,0.037367
desmosterol,H,1.008,1,C,0.0,,0,opls_140,0.037367
desmosterol,H,1.008,1,C,0.0,,0,opls_140,0.037367
desmosterol,H,1.008,1,C,0.0,,0,opls_140,0.0512
desmosterol,H,1.008,1,C,0.0,,0,opls_140,0.0512
desmosterol,H,1.008,1,C,0.0,,0,opls_140,0.0552
desmosterol,H,1.008,1,C,0.0,,0,opls_140,0.0552
desmosterol,H,1.008,1,C,0.0,,0,opls_140,0.0402
desmosterol,H,1.008,1,C,0.0,,0,opls_140,0.0402
desmosterol,H,1.008,1,C,0.0,,0,opls_140,0.0357
desmosterol,H,1.008,1,C,0.0,,0,opls_140,0.034367
desmosterol,H,1.008,1,C,0.0,,0,opls_140,0.034367
desmosterol,H,1.008,1,C,0.0,,0,opls_140,0.034367
desmosterol,H,1.008,1,C,0.0,,0,opls_140,0.0487
desmosterol,H,1.008,1,C,0.0,,0,opls_140,0.0487
desmosterol,H,1.008,1,O,0.0,,0,opls_155,0.398
desmosterol,H,1.008,1,C,0.0,,0,opls_146,0.121
desmosterol,H,1.008,1,C,0.0,,0,opls_140,0.039867
desmosterol,H,1.008,1,C,0.0,,0,opls_140,0.039867
desmosterol,H,1.008,1,C,0.0,,0,opls_140,0.039867
desmosterol,H,1.008,1,C,0.0,,0,opls_140,0.039867
desmosterol,H,1.008,1,C,0.0,,0,opls_140,0.039867
desmosterol,H,1.008,1,C,0.0,,0,opls_140,0.039867
desmosterol,O,16.0,2,C-H,0.1198,107.07,0,oh,-0.600804
desmosterol,C,12.01,4,C-C-C-C,0.1543,111.52,0,c5,-0.045
desmosterol,C,12.01,4,C-C-C-H,0.1433,110.02,0,c5,-0.0647
desmosterol,C,12.01,4,C-C-C-H,0.1428,110.23,0,c6,-0.0467
desmosterol,C,12.01,4,C-C-C-H,0.1428,110.25,0,c6,-0.0487
desmosterol,C,12.01,4,C-C-C-H,0.1432,110.19,0,c5,-0.0547
desmosterol,C,12.01,4,C-C-H-H,0.1318,109.21,0,c6,-0.0654
desmosterol,C,12.01,4,C-C-C-C,0.1533,111.08,1,c6,0.0002
desmosterol,C,12.01,4,C-C-H-H,0.1322,109.29,0,c5,-0.0744
desmosterol,C,12.01,4,C-C-H-H,0.1318,109.25,0,c6,-0.0754
desmosterol,C,12.01,4,C-C-H-H,0.1322,109.29,0,c5,-0.0784
desmosterol,C,12.01,4,C-C-H-H,0.1312,109.26,1,c6,-0.0422
desmosterol,C,12.01,4,C-C-C-H,0.1426,111.65,0,c3,-0.0557
desmosterol,C,12.01,4,C-H-H-H,0.1206,109.13,0,c3,-0.0821
desmosterol,C,12.01,3,C-C-C,0.1455,120.67,0,c2,-0.1054
desmosterol,C,12.01,4,C-C-H-H,0.1318,109.25,0,c6,-0.0704
desmosterol,C,12.01,3,C-C-H,0.1313,119.99,0,c2,-0.1672
desmosterol,C,12.01,4,C-H-H-H,0.1208,109.18,0,c3,-0.0831
desmosterol,C,12.01,4,C-C-H-H,0.1312,109.26,0,c6,-0.0752
desmosterol,C,12.01,4,C-C-H-H,0.1318,109.25,0,c6,-0.0754
desmosterol,C,12.01,4,C-C-H-H,0.1316,109.85,0,c3,-0.0744
desmosterol,C,12.01,4,C-C-H-O,0.14,109.91,0,c6,0.1451
desmosterol,C,12.01,4,C-H-H-H,0.1206,108.7,0,c3,-0.0901
desmosterol,C,12.01,4,C-C-H-H,0.1309,110.16,1,c3,-0.0472
desmosterol,C,12.01,3,C-C-H,0.1312,120.13,0,c2,-0.1752
desmosterol,C,12.01,3,C-C-C,0.1452,121.64,0,c2,-0.1264
desmosterol,C,12.01,4,C-H-H-H,0.1199,109.19,1,c3,-0.0574
desmosterol,C,12.01,4,C-H-H-H,0.1199,109.19,0,c3,-0.0574
desmosterol,H,1.008,1,C,0.1095,,0,hc,0.0457
desmosterol,H,1.008,1,C,0.1098,,0,hc,0.0587
desmosterol,H,1.008,1,C,0.1098,,0,hc,0.0477
desmosterol,H,1.008,1,C,0.1095,,0,hc,0.0477
desmosterol,H,1.008,1,C,0.1098,,0,hc,0.0407
desmosterol,H,1.008,1,C,0.1098,,0,hc,0.0407
desmosterol,H,1.008,1,C,0.1095,,0,hc,0.0417
desmosterol,H,1.008,1,C,0.1095,,0,hc,0.0417
desmosterol,H,1.008,1,C,0.1098,,0,hc,0.0417
desmosterol,H,1.008,1,C,0.1098,,0,hc,0.0417
desmosterol,H,1.008,1,C,0.1095,,0,hc,0.0422
desmosterol,H,1.008,1,C,0.1095,,0,hc,0.0422
desmosterol,H,1.008,1,C,0.1098,,0,hc,0.0492
desmosterol,H,1.008,1,C,0.1098,,0,hc,0.0492
desmosterol,H,1.008,1,C,0.1096,,0,hc,0.0477
desmosterol,H,1.008,1,C,0.1096,,0,hc,0.0357
desmosterol,H,1.008,1,C,0.1096,,0,hc,0.0357
desmosterol,H,1.008,1,C,0.1096,,0,hc,0.0357
desmosterol,H,1.008,1,C,0.1098,,0,hc,0.0447
desmosterol,H,1.008,1,C,0.1098,,0,hc,0.0447
desmosterol,H,1.008,1,C,0.1088,,0,ha,0.119
desmosterol,H,1.008,1,C,0.1096,,0,hc,0.037367
desmosterol,H,1.008,1,C,0.1096,,0,hc,0.037367
desmosterol,H,1.008,1,C,0.1096,,0,hc,0.037367
desmosterol,H,1.008,1,C,0.1098,,0,hc,0.0512
desmosterol,H,1.008,1,C,0.1098,,0,hc,0.0512
desmosterol,H,1.008,1,C,0.1098,,0,hc,0.0552
desmosterol,H,1.008,1,C,0.1098,,0,hc,0.0552
desmosterol,H,1.008,1,C,0.1096,,0,hc,0.0402
desmosterol,H,1.008,1,C,0.1096,,0,hc,0.0402
desmosterol,H,1.008,1,C,0.1098,,0,h1,0.0357
desmosterol,H,1.008,1,C,0.1096,,0,hc,0.034367
desmosterol,H,1.008,1,C,0.1096,,0,hc,0.034367
desmosterol,H,1.008,1,C,0.1096,,0,hc,0.034367
desmosterol,H,1.008,1,C,0.1096,,0,hc,0.0487
desmosterol,H,1.008,1,C,0.1096,,0,hc,0.0487
desmosterol,H,1.008,1,O,0.0973,,0,ho,0.398
desmosterol,H,1.008,1,C,0.1088,,0,ha,0.121
desmosterol,H,1.008,1,C,0.1096,,0,hc,0.039867
desmosterol,H,1.008,1,C,0.1096,,0,hc,0.039867
desmosterol,H,1.008,1,C,0.1096,,0,hc,0.039867
desmosterol,H,1.008,1,C,0.1096,,0,hc,0.039867
desmosterol,H,1.008,1,C,0.1096,,0,hc,0.039867
desmosterol,H,1.008,1,C,0.1096,,0,hc,0.039867
naproxen,O,0.0,2,C-C,0.0,0.0,0,opls_x,-0.3279
naproxen,O,15.9994,2,C-H,0.0,0.0,0,opls_154,-0.6061
naproxen,O,15.9994,1,C,0.0,,1,opls_236,-0.554
naproxen,C,12.011,4,C-C-C-H,0.0,0.0,0,opls_135,-0.0544
naproxen,C,12.011,3,C-C-C,0.0,0.0,0,opls_145,-0.1063
naproxen,C,12.011,3,C-C-C,0.0,0.0,1,opls_145,-0.069
naproxen,C,12.011,3,C-C-C,0.0,0.0,0,opls_145,0.001
naproxen,C,12.011,3,C-C-H,0.0,0.0,1,opls_145,-0.087
naproxen,C,12.011,3,C-C-H,0.0,0.0,1,opls_145,-0.107
naproxen,C,12.011,3,C-C-H,0.0,0.0,1,opls_145,-0.126
naproxen,C,12.011,4,C-H-H-H,0.0,0.0,0,opls_135,-0.0911
naproxen,C,12.011,3,C-C-H,0.0,0.0,0,opls_145,-0.079
naproxen,C,12.011,3,C-C-H,0.0,0.0,0,opls_145,-0.163
naproxen,C,12.011,3,C-C-O,0.0,0.0,1,opls_145,0.1271
naproxen,C,12.011,3,C-O-O,0.0,0.0,0,opls_235,0.643101
naproxen,C,12.011,3,C-C-H,0.0,0.0,1,opls_145,-0.186
naproxen,C,12.011,4,H-H-H-O,0.0,0.0,0,opls_135,0.1137
naproxen,H,1.008,1,C,0.0,,0,opls_140,0.0877
naproxen,H,1.008,1,C,0.0,,0,opls_146,0.155
naproxen,H,1.008,1,C,0.0,,0,opls_146,0.133
naproxen,H,1.008,1,C,0.0,,0,opls_146,0.137
naproxen,H,1.008,1,C,0.0,,0,opls_140,0.051033
naproxen,H,1.008,1,C,0.0,,0,opls_140,0.051033
naproxen,H,1.008,1,C,0.0,,0,opls_140,0.051033
naproxen,H,1.008,1,C,0.0,,0,opls_146,0.139
naproxen,H,1.008,1,C,0.0,,0,opls_146,0.151
naproxen,H,1.008,1,C,0.0,,0,opls_146,0.139
naproxen,H,1.008,1,O,0.0,,0,opls_155,0.443
naproxen,H,1.008,1,C,0.0,,0,opls_140,0.0447
naproxen,H,1.008,1,C,0.0,,0,opls_140,0.0447
naproxen,H,1.008,1,C,0.0,,0,opls_140,0.0447
naproxen,O,16.0,2,C-C,0.1398,118.39,0,os,-0.3279
naproxen,O,16.0,2,C-H,0.1164,106.54,0,oh,-0.6061
naproxen,O,16.0,1,C,0.1219,,1,o,-0.554
naproxen,C,12.01,4,C-C-C-H,0.1418,110.71,0,c3,-0.0544
naproxen,C,12.01,3,C-C-C,0.1437,120.56,0,ca,-0.1063
naproxen,C,12.01,3,C-C-C,0.1399,120.02,1,ca,-0.069
naproxen,C,12.01,3,C-C-C,0.1399,120.02,0,ca,0.001
naproxen,C,12.01,3,C-C-H,0.1294,119.93,1,ca,-0.087
naproxen,C,12.01,3,C-C-H,0.1294,119.93,1,ca,-0.107
naproxen,C,12.01,3,C-C-H,0.1294,119.93,1,ca,-0.126
naproxen,C,12.01,4,C-H-H-H,0.1206,108.7,0,c3,-0.0911
naproxen,C,12.01,3,C-C-H,0.1294,119.93,0,ca,-0.079
naproxen,C,12.01,3,C-C-H,0.1294,119.93,0,ca,-0.163
naproxen,C,12.01,3,C-C-O,0.1389,119.41,1,ca,0.1271
naproxen,C,12.01,3,C-O-O,0.1367,119.24,0,c,0.643101
naproxen,C,12.01,3,C-C-H,0.1294,119.93,1,ca,-0.186
naproxen,C,12.01,4,H-H-H-O,0.1179,109.44,0,c3,0.1137
naproxen,H,1.008,1,C,0.1096,,0,hc,0.0877
naproxen,H,1.008,1,C,0.1086,,0,ha,0.155
naproxen,H,1.008,1,C,0.1086,,0,ha,0.133
naproxen,H,1.008,1,C,0.1086,,0,ha,0.137
naproxen,H,1.008,1,C,0.1096,,0,hc,0.051033
naproxen,H,1.008,1,C,0.1096,,0,hc,0.051033
naproxen,H,1.008,1,C,0.1096,,0,hc,0.051033
naproxen,H,1.008,1,C,0.1086,,0,ha,0.139
naproxen,H,1.008,1,C,0.1086,,0,ha,0.151
naproxen,H,1.008,1,C,0.1086,,0,ha,0.139
naproxen,H,1.008,1,O,0.0973,,0,ho,0.443
naproxen,H,1.008,1,C,0.1097,,0,h1,0.0447
naproxen,H,1.008,1,C,0.1097,,0,h1,0.0447
naproxen,H,1.008,1,C,0.1097,,0,h1,0.0447
ribose,O,16.0,2,C-C,0.143,113.3,0,os,-0.4386
ribose,O,16.0,2,C-H,0.1198,107.07,0,oh,-0.6008
ribose,O,16.0,2,C-H,0.1198,107.07,0,oh,-0.5768
ribose,O,16.0,2,C-H,0.1198,107.07,0,oh,-0.5838
ribose,O,16.0,2,C-H,0.1198,107.07,0,oh,-0.6418
ribose,C,12.01,4,C-C-H-O,0.14,109.91,0,c6,0.0741
ribose,C,12.01,4,C-C-H-O,0.14,109.91,0,c6,0.1041
ribose,C,12.01,4,C-C-H-O,0.14,109.91,0,c6,0.0841
ribose,C,12.01,4,C-H-O-O,0.1373,109.66,0,c6,0.2909
ribose,C,12.01,4,C-H-H-O,0.1291,108.69,0,c6,0.0954
ribose,H,1.008,1,C,0.1098,,0,h1,0.1037
ribose,H,1.008,1,C,0.1098,,0,h1,0.0967
ribose,H,1.008,1,C,0.1098,,0,h1,0.0907
ribose,H,1.008,1,C,0.1099,,0,h2,0.0897
ribose,H,1.008,1,C,0.1098,,0,h1,0.0627
ribose,H,1.008,1,C,0.1098,,0,h1,0.0627
ribose,H,1.008,1,O,0.0973,,0,ho,0.419
ribose,H,1.008,1,O,0.0973,,0,ho,0.424
ribose,H,1.008,1,O,0.0973,,0,ho,0.415
ribose,H,1.008,1,O,0.0973,,0,ho,0.429
ribose,O,0.0,2,C-C,0.0,0.0,0,opls_x,-0.4386
ribose,O,15.9994,2,C-H,0.0,0.0,0,opls_154,-0.6008
ribose,O,15.9994,2,C-H,0.0,0.0,0,opls_154,-0.5768
ribose,O,15.9994,2,C-H,0.0,0.0,0,opls_154,-0.5838
ribose,O,15.9994,2,C-H,0.0,0.0,0,opls_154,-0.6418
ribose,C,0.0,4,C-C-H-O,0.0,0.0,0,opls_x,0.0741
ribose,C,0.0,4,C-C-H-O,0.0,0.0,0,opls_x,0.1041
ribose,C,0.0,4,C-C-H-O,0.0,0.0,0,opls_x,0.0841
ribose,C,0.0,4,C-H-O-O,0.0,0.0,0,opls_x,0.2909
ribose,C,0.0,4,C-H-H-O,0.0,0.0,0,opls_x,0.0954
ribose,H,1.008,1,C,0.0,,0,opls_140,0.1037
ribose,H,1.008,1,C,0.0,,0,opls_140,0.0967
ribose,H,1.008,1,C,0.0,,0,opls_140,0.0907
ribose,H,0.0,1,C,0.0,,0,opls_x,0.0897
ribose,H,1.008,1,C,0.0,,0,opls_140,0.0627
ribose,H,1.008,1,C,0.0,,0,opls_140,0.0627
ribose,H,1.008,1,O,0.0,,0,opls_155,0.419
ribose,H,1.008,1,O,0.0,,0,opls_155,0.424
ribose,H,1.008,1,O,0.0,,0,opls_155,0.415
ribose,H,1.008,1,O,0.0,,0,opls_155,0.429
cortisol,O,15.9994,2,C-H,0.0,0.0,0,opls_154,-0.5728
cortisol,O,15.9994,2,C-H,0.0,0.0,0,opls_154,-0.609801
cortisol,O,15.9994,1,C,0.0,,0,opls_236,-0.5081
cortisol,O,15.9994,2,C-H,0.0,0.0,0,opls_154,-0.5858
cortisol,O,15.9994,1,C,0.0,,0,opls_236,-0.5371
cortisol,C,0.0,4,C-C-C-C,0.0,0.0,0,opls_x,-0.017
cortisol,C,0.0,4,C-C-C-H,0.0,0.0,0,opls_x,-0.0687
cortisol,C,0.0,4,C-C-C-H,0.0,0.0,0,opls_x,-0.0467
cortisol,C,0.0,4,C-C-C-H,0.0,0.0,0,opls_x,-0.0407
cortisol,C,0.0,4,C-C-C-O,0.0,0.0,1,opls_x,0.0628
cortisol,C,0.0,4,C-C-H-H,0.0,0.0,0,opls_x,-0.1024
cortisol,C,0.0,4,C-C-C-C,0.0,0.0,0,opls_x,-0.0068
cortisol,C,0.0,4,C-C-H-O,0.0,0.0,0,opls_x,0.1501
cortisol,C,0.0,4,C-C-H-H,0.0,0.0,0,opls_x,-0.0684
cortisol,C,0.0,4,C-C-H-H,0.0,0.0,0,opls_x,-0.1054
cortisol,C,0.0,4,C-C-H-H,0.0,0.0,0,opls_x,-0.0724
cortisol,C,12.011,4,C-H-H-H,0.0,0.0,0,opls_135,-0.1081
cortisol,C,12.011,3,C-C-C,0.0,0.0,1,opls_509,-0.0304
cortisol,C,0.0,4,C-C-H-H,0.0,0.0,1,opls_x,-0.0542
cortisol,C,0.0,4,C-C-H-H,0.0,0.0,0,opls_x,-0.0714
cortisol,C,12.011,4,C-H-H-H,0.0,0.0,0,opls_135,-0.0791
cortisol,C,12.011,3,C-C-O,0.0,0.0,0,opls_235,0.5161
cortisol,C,0.0,4,C-C-H-H,0.0,0.0,0,opls_x,-0.1814
cortisol,C,0.0,3,C-C-H,0.0,0.0,1,opls_x,-0.2662
cortisol,C,12.011,3,C-C-O,0.0,0.0,0,opls_235,0.5703
cortisol,C,12.011,4,C-H-H-O,0.0,0.0,0,opls_135,0.0304
cortisol,H,1.008,1,C,0.0,,0,opls_140,0.0647
cortisol,H,1.008,1,C,0.0,,0,opls_140,0.0677
cortisol,H,1.008,1,C,0.0,,0,opls_140,0.0537
cortisol,H,1.008,1,C,0.0,,0,opls_140,0.0682
cortisol,H,1.008,1,C,0.0,,0,opls_140,0.0682
cortisol,H,1.008,1,C,0.0,,0,opls_140,0.0347
cortisol,H,1.008,1,C,0.0,,0,opls_140,0.0497
cortisol,H,1.008,1,C,0.0,,0,opls_140,0.0497
cortisol,H,1.008,1,C,0.0,,0,opls_140,0.0507
cortisol,H,1.008,1,C,0.0,,0,opls_140,0.0507
cortisol,H,1.008,1,C,0.0,,0,opls_140,0.0462
cortisol,H,1.008,1,C,0.0,,0,opls_140,0.0462
cortisol,H,1.008,1,C,0.0,,0,opls_140,0.049367
cortisol,H,1.008,1,C,0.0,,0,opls_140,0.049367
cortisol,H,1.008,1,C,0.0,,0,opls_140,0.049367
cortisol,H,1.008,1,C,0.0,,0,opls_140,0.0567
cortisol,H,1.008,1,C,0.0,,0,opls_140,0.0567
cortisol,H,1.008,1,C,0.0,,0,opls_140,0.0512
cortisol,H,1.008,1,C,0.0,,0,opls_140,0.0512
cortisol,H,1.008,1,C,0.0,,0,opls_140,0.0447
cortisol,H,1.008,1,C,0.0,,0,opls_140,0.0447
cortisol,H,1.008,1,C,0.0,,0,opls_140,0.0447
cortisol,H,1.008,1,O,0.0,,0,opls_155,0.404
cortisol,H,1.008,1,C,0.0,,0,opls_140,0.0717
cortisol,H,1.008,1,C,0.0,,0,opls_140,0.0717
cortisol,H,1.008,1,O,0.0,,0,opls_155,0.404
cortisol,H,1.008,1,C,0.0,,0,opls_146,0.147
cortisol,H,1.008,1,C,0.0,,0,opls_140,0.0672
cortisol,H,1.008,1,C,0.0,,0,opls_140,0.0672
cortisol,H,1.008,1,O,0.0,,0,opls_155,0.422
cortisol,O,16.0,2,C-H,0.1196,107.17,0,oh,-0.5728
cortisol,O,16.0,2,C-H,0.1198,107.07,0,oh,-0.609801
cortisol,O,16.0,1,C,0.1219,,0,o,-0.5081
cortisol,O,16.0,2,C-H,0.1198,107.39,0,oh,-0.5858
cortisol,O,16.0,1,C,0.1219,,0,o,-0.5371
cortisol,C,12.01,4,C-C-C-C,0.1543,111.52,0,c5,-0.017
cortisol,C,12.01,4,C-C-C-H,0.1433,110.02,0,c5,-0.0687
cortisol,C,12.01,4,C-C-C-H,0.1428,110.23,0,c6,-0.0467
cortisol,C,12.01,4,C-C-C-H,0.1428,110.25,0,c6,-0.0407
cortisol,C,12.01,4,C-C-C-O,0.1513,108.47,1,c5,0.0628
cortisol,C,12.01,4,C-C-H-H,0.1318,109.21,0,c6,-0.1024
cortisol,C,12.01,4,C-C-C-C,0.1533,111.08,0,c6,-0.0068
cortisol,C,12.01,4,C-C-H-O,0.14,109.91,0,c6,0.1501
cortisol,C,12.01,4,C-C-H-H,0.1322,109.29,0,c5,-0.0684
cortisol,C,12.01,4,C-C-H-H,0.1322,109.29,0,c5,-0.1054
cortisol,C,12.01,4,C-C-H-H,0.1318,109.25,0,c6,-0.0724
cortisol,C,12.01,4,C-H-H-H,0.1206,109.13,0,c3,-0.1081
cortisol,C,12.01,3,C-C-C,0.1457,120.42,1,c2,-0.0304
cortisol,C,12.01,4,C-C-H-H,0.1312,109.26,1,c6,-0.0542
cortisol,C,12.01,4,C-C-H-H,0.1318,109.25,0,c6,-0.0714
cortisol,C,12.01,4,C-H-H-H,0.1208,109.18,0,c3,-0.0791
cortisol,C,12.01,3,C-C-O,0.1427,122.19,0,c,0.5161
cortisol,C,12.01,4,C-C-H-H,0.1316,108.71,0,c6,-0.1814
cortisol,C,12.01,3,C-C-H,0.1306,119.47,1,ce,-0.2662
cortisol,C,12.01,3,C-C-O,0.1411,120.58,0,c,0.5703
cortisol,C,12.01,4,C-H-H-O,0.1286,109.25,0,c3,0.0304
cortisol,H,1.008,1,C,0.1095,,0,hc,0.0647
cortisol,H,1.008,1,C,0.1098,,0,hc,0.0677
cortisol,H,1.008,1,C,0.1098,,0,hc,0.0537
cortisol,H,1.008,1,C,0.1098,,0,hc,0.0682
cortisol,H,1.008,1,C,0.1098,,0,hc,0.0682
cortisol,H,1.008,1,C,0.1098,,0,h1,0.0347
cortisol,H,1.008,1,C,0.1095,,0,hc,0.0497
cortisol,H,1.008,1,C,0.1095,,0,hc,0.0497
cortisol,H,1.008,1,C,0.1095,,0,hc,0.0507
cortisol,H,1.008,1,C,0.1095,,0,hc,0.0507
cortisol,H,1.008,1,C,0.1098,,0,hc,0.0462
cortisol,H,1.008,1,C,0.1098,,0,hc,0.0462
cortisol,H,1.008,1,C,0.1096,,0,hc,0.049367
cortisol,H,1.008,1,C,0.1096,,0,hc,0.049367
cortisol,H,1.008,1,C,0.1096,,0,hc,0.049367
cortisol,H,1.008,1,C,0.1098,,0,hc,0.0567
cortisol,H,1.008,1,C,0.1098,,0,hc,0.0567
cortisol,H,1.008,1,C,0.1098,,0,hc,0.0512
cortisol,H,1.008,1,C,0.1098,,0,hc,0.0512
cortisol,H,1.008,1,C,0.1096,,0,hc,0.0447
cortisol,H,1.008,1,C,0.1096,,0,hc,0.0447
cortisol,H,1.008,1,C,0.1096,,0,hc,0.0447
cortisol,H,1.008,1,O,0.0973,,0,ho,0.404
cortisol,H,1.008,1,C,0.1098,,0,hc,0.0717
cortisol,H,1.008,1,C,0.1098,,0,hc,0.0717
cortisol,H,1.008,1,O,0.0973,,0,ho,0.404
cortisol,H,1.008,1,C,0.1088,,0,ha,0.147
cortisol,H,1.008,1,C,0.1097,,0,h1,0.0672
cortisol,H,1.008,1,C,0.1097,,0,h1,0.0672
cortisol,H,1.008,1,O,0.0973,,0,ho,0.422
glucose,O,0.0,2,C-C,0.0,0.0,0,opls_x,-0.4516
glucose,O,15.9994,2,C-H,0.0,0.0,0,opls_154,-0.5868
glucose,O,15.9994,2,C-H,0.0,0.0,0,opls_154,-0.5778
glucose,O,15.9994,2,C-H,0.0,0.0,0,opls_154,-0.5558
glucose,O,15.9994,2,C-H,0.0,0.0,0,opls_154,-0.5648
glucose,O,15.9994,2,C-H,0.0,0.0,0,opls_154,-0.5938
glucose,C,0.0,4,C-C-H-O,0.0,0.0,0,opls_x,0.0721
glucose,C,0.0,4,C-C-H-O,0.0,0.0,0,opls_x,0.0811
glucose,C,0.0,4,C-C-H-O,0.0,0.0,0,opls_x,0.0781
glucose,C,0.0,4,C-C-H-O,0.0,0.0,0,opls_x,0.0931
glucose,C,0.0,4,C-H-O-O,0.0,0.0,0,opls_x,0.3069
glucose,C,12.011,4,C-H-H-O,0.0,0.0,0,opls_135,0.1384
glucose,H,1.008,1,C,0.0,,0,opls_140,0.1057
glucose,H,1.008,1,C,0.0,,0,opls_140,0.0327
glucose,H,1.008,1,C,0.0,,0,opls_140,0.0537
glucose,H,1.008,1,C,0.0,,0,opls_140,0.1047
glucose,H,0.0,1,C,0.0,,0,opls_x,0.0777
glucose,H,1.008,1,C,0.0,,0,opls_140,0.0642
glucose,H,1.008,1,C,0.0,,0,opls_140,0.0642
glucose,H,1.008,1,O,0.0,,0,opls_155,0.405
glucose,H,1.008,1,O,0.0,,0,opls_155,0.418
glucose,H,1.008,1,O,0.0,,0,opls_155,0.4
glucose,H,1.008,1,O,0.0,,0,opls_155,0.42
glucose,H,1.008,1,O,0.0,,0,opls_155,0.415
glucose,O,16.0,2,C-C,0.143,113.3,0,os,-0.4516
glucose,O,16.0,2,C-H,0.1198,107.07,0,oh,-0.5868
glucose,O,16.0,2,C-H,0.1198,107.07,0,oh,-0.5778
glucose,O,16.0,2,C-H,0.1198,107.07,0,oh,-0.5558
glucose,O,16.0,2,C-H,0.1198,107.07,0,oh,-0.5648
glucose,O,16.0,2,C-H,0.1198,107.39,0,oh,-0.5938
glucose,C,12.01,4,C-C-H-O,0.14,109.91,0,c6,0.0721
glucose,C,12.01,4,C-C-H-O,0.14,109.91,0,c6,0.0811
glucose,C,12.01,4,C-C-H-O,0.1402,109.03,0,c6,0.0781
glucose,C,12.01,4,C-C-H-O,0.14,109.91,0,c6,0.0931
glucose,C,12.01,4,C-H-O-O,0.1373,109.66,0,c6,0.3069
glucose,C,12.01,4,C-H-H-O,0.129,109.84,0,c3,0.1384
glucose,H,1.008,1,C,0.1098,,0,h1,0.1057
glucose,H,1.008,1,C,0.1098,,0,h1,0.0327
glucose,H,1.008,1,C,0.1098,,0,h1,0.0537
glucose,H,1.008,1,C,0.1098,,0,h1,0.1047
glucose,H,1.008,1,C,0.1099,,0,h2,0.0777
glucose,H,1.008,1,C,0.1097,,0,h1,0.0642
glucose,H,1.008,1,C,0.1097,,0,h1,0.0642
glucose,H,1.008,1,O,0.0973,,0,ho,0.405
glucose,H,1.008,1,O,0.0973,,0,ho,0.418
glucose,H,1.008,1,O,0.0973,,0,ho,0.4
glucose,H,1.008,1,O,0.0973,,0,ho,0.42
glucose,H,1.008,1,O,0.0973,,0,ho,0.415
sucrose,O,0.0,2,C-C,0.0,0.0,0,opls_x,-0.4246
sucrose,O,0.0,2,C-C,0.0,0.0,0,opls_x,-0.4206
sucrose,O,0.0,2,C-C,0.0,0.0,0,opls_x,-0.4346
sucrose,O,15.9994,2,C-H,0.0,0.0,0,opls_154,-0.5698
sucrose,O,15.9994,2,C-H,0.0,0.0,0,opls_154,-0.5928
sucrose,O,15.9994,2,C-H,0.0,0.0,0,opls_154,-0.6008
sucrose,O,15.9994,2,C-H,0.0,0.0,0,opls_154,-0.6018
sucrose,O,15.9994,2,C-H,0.0,0.0,0,opls_154,-0.5888
sucrose,O,15.9994,2,C-H,0.0,0.0,0,opls_154,-0.5878
sucrose,O,15.9994,2,C-H,0.0,0.0,0,opls_154,-0.6008
sucrose,O,15.9994,2,C-H,0.0,0.0,0,opls_154,-0.5918
sucrose,C,0.0,4,C-C-O-O,0.0,0.0,0,opls_x,0.3116
sucrose,C,0.0,4,C-C-H-O,0.0,0.0,0,opls_x,0.1321
sucrose,C,0.0,4,C-C-H-O,0.0,0.0,0,opls_x,0.0801
sucrose,C,0.0,4,C-C-H-O,0.0,0.0,0,opls_x,0.0691
sucrose,C,0.0,4,C-H-O-O,0.0,0.0,0,opls_x,0.3049
sucrose,C,0.0,4,C-C-H-O,0.0,0.0,0,opls_x,0.1321
sucrose,C,0.0,4,C-C-H-O,0.0,0.0,0,opls_x,0.1051
sucrose,C,0.0,4,C-C-H-O,0.0,0.0,0,opls_x,0.0941
sucrose,C,0.0,4,C-C-H-O,0.0,0.0,0,opls_x,0.0801
sucrose,C,12.011,4,C-H-H-O,0.0,0.0,0,opls_135,0.1244
sucrose,C,12.011,4,C-H-H-O,0.0,0.0,0,opls_135,0.1264
sucrose,C,12.011,4,C-H-H-O,0.0,0.0,0,opls_135,0.0924
sucrose,H,1.008,1,C,0.0,,0,opls_140,0.0957
sucrose,H,1.008,1,C,0.0,,0,opls_140,0.0667
sucrose,H,1.008,1,C,0.0,,0,opls_140,0.0867
sucrose,H,0.0,1,C,0.0,,0,opls_x,0.0637
sucrose,H,1.008,1,C,0.0,,0,opls_140,0.0757
sucrose,H,1.008,1,C,0.0,,0,opls_140,0.0767
sucrose,H,1.008,1,C,0.0,,0,opls_140,0.0937
sucrose,H,1.008,1,C,0.0,,0,opls_140,0.0917
sucrose,H,1.008,1,C,0.0,,0,opls_140,0.0687
sucrose,H,1.008,1,C,0.0,,0,opls_140,0.0687
sucrose,H,1.008,1,C,0.0,,0,opls_140,0.0492
sucrose,H,1.008,1,C,0.0,,0,opls_140,0.0492
sucrose,H,1.008,1,C,0.0,,0,opls_140,0.0627
sucrose,H,1.008,1,C,0.0,,0,opls_140,0.0627
sucrose,H,1.008,1,O,0.0,,0,opls_155,0.412
sucrose,H,1.008,1,O,0.0,,0,opls_155,0.41
sucrose,H,1.008,1,O,0.0,,0,opls_155,0.433
sucrose,H,1.008,1,O,0.0,,0,opls_155,0.417
sucrose,H,1.008,1,O,0.0,,0,opls_155,0.428
sucrose,H,1.008,1,O,0.0,,0,opls_155,0.418
sucrose,H,1.008,1,O,0.0,,0,opls_155,0.429
sucrose,H,1.008,1,O,0.0,,0,opls_155,0.403
sucrose,O,16.0,2,C-C,0.1435,109.26,0,os,-0.4246
sucrose,O,16.0,2,C-C,0.1432,115.0,0,os,-0.4206
sucrose,O,16.0,2,C-C,0.143,113.3,0,os,-0.4346
sucrose,O,16.0,2,C-H,0.1196,107.17,0,oh,-0.5698
sucrose,O,16.0,2,C-H,0.1196,107.17,0,oh,-0.5928
sucrose,O,16.0,2,C-H,0.1198,107.07,0,oh,-0.6008
sucrose,O,16.0,2,C-H,0.1198,107.07,0,oh,-0.6018
sucrose,O,16.0,2,C-H,0.1198,107.07,0,oh,-0.5888
sucrose,O,16.0,2,C-H,0.1198,107.39,0,oh,-0.5878
sucrose,O,16.0,2,C-H,0.1198,107.39,0,oh,-0.6008
sucrose,O,16.0,2,C-H,0.1198,107.39,0,oh,-0.5918
sucrose,C,12.01,4,C-C-O-O,0.1489,108.62,0,c5,0.3116
sucrose,C,12.01,4,C-C-H-O,0.1403,109.95,0,c5,0.1321
sucrose,C,12.01,4,C-C-H-O,0.1403,109.95,0,c5,0.0801
sucrose,C,12.01,4,C-C-H-O,0.1404,109.6,0,c5,0.0691
sucrose,C,12.01,4,C-H-O-O,0.1374,109.76,0,c6,0.3049
sucrose,C,12.01,4,C-C-H-O,0.14,109.91,0,c6,0.1321
sucrose,C,12.01,4,C-C-H-O,0.14,109.91,0,c6,0.1051
sucrose,C,12.01,4,C-C-H-O,0.14,109.91,0,c6,0.0941
sucrose,C,12.01,4,C-C-H-O,0.1402,109.03,0,c6,0.0801
sucrose,C,12.01,4,C-H-H-O,0.1289,109.65,0,c3,0.1244
sucrose,C,12.01,4,C-H-H-O,0.1289,109.65,0,c3,0.1264
sucrose,C,12.01,4,C-H-H-O,0.129,109.84,0,c3,0.0924
sucrose,H,1.008,1,C,0.1097,,0,h1,0.0957
sucrose,H,1.008,1,C,0.1097,,0,h1,0.0667
sucrose,H,1.008,1,C,0.1097,,0,h1,0.0867
sucrose,H,1.008,1,C,0.1099,,0,h2,0.0637
sucrose,H,1.008,1,C,0.1098,,0,h1,0.0757
sucrose,H,1.008,1,C,0.1098,,0,h1,0.0767
sucrose,H,1.008,1,C,0.1098,,0,h1,0.0937
sucrose,H,1.008,1,C,0.1098,,0,h1,0.0917
sucrose,H,1.008,1,C,0.1097,,0,h1,0.0687
sucrose,H,1.008,1,C,0.1097,,0,h1,0.0687
sucrose,H,1.008,1,C,0.1097,,0,h1,0.0492
sucrose,H,1.008,1,C,0.1097,,0,h1,0.0492
sucrose,H,1.008,1,C,0.1097,,0,h1,0.0627
sucrose,H,1.008,1,C,0.1097,,0,h1,0.0627
sucrose,H,1.008,1,O,0.0973,,0,ho,0.412
sucrose,H,1.008,1,O,0.0973,,0,ho,0.41
sucrose,H,1.008,1,O,0.0973,,0,ho,0.433
sucrose,H,1.008,1,O,0.0973,,0,ho,0.417
sucrose,H,1.008,1,O,0.0973,,0,ho,0.428
sucrose,H,1.008,1,O,0.0973,,0,ho,0.418
sucrose,H,1.008,1,O,0.0973,,0,ho,0.429
sucrose,H,1.008,1,O,0.0973,,0,ho,0.403
ibuprofen,O,16.0,2,C-H,0.1164,106.54,0,oh,-0.6071
ibuprofen,O,16.0,1,C,0.1219,,0,o,-0.553
ibuprofen,C,12.01,4,C-C-C-H,0.1426,111.16,0,c3,-0.0597
ibuprofen,C,12.01,4,C-C-H-H,0.1311,110.13,0,c3,-0.0361
ibuprofen,C,12.01,3,C-C-C,0.1437,120.56,0,ca,-0.0633
ibuprofen,C,12.01,3,C-C-C,0.1437,120.56,0,ca,-0.0993
ibuprofen,C,12.01,4,C-C-C-H,0.1418,110.71,0,c3,-0.0554
ibuprofen,C,12.01,4,C-H-H-H,0.1206,108.7,0,c3,-0.0931
ibuprofen,C,12.01,4,C-H-H-H,0.1206,108.7,0,c3,-0.0931
ibuprofen,C,12.01,3,C-C-H,0.1294,119.93,1,ca,-0.1295
ibuprofen,C,12.01,3,C-C-H,0.1294,119.93,1,ca,-0.1295
ibuprofen,C,12.01,3,C-C-H,0.1294,119.93,1,ca,-0.1135
ibuprofen,C,12.01,3,C-C-H,0.1294,119.93,1,ca,-0.1135
ibuprofen,C,12.01,4,C-H-H-H,0.1206,108.7,0,c3,-0.0901
ibuprofen,C,12.01,3,C-O-O,0.1367,119.24,1,c,0.642103
ibuprofen,H,1.008,1,C,0.1096,,0,hc,0.0437
ibuprofen,H,1.008,1,C,0.1096,,0,hc,0.0482
ibuprofen,H,1.008,1,C,0.1096,,0,hc,0.0482
ibuprofen,H,1.008,1,C,0.1096,,0,hc,0.0857
ibuprofen,H,1.008,1,C,0.1096,,0,hc,0.036033
ibuprofen,H,1.008,1,C,0.1096,,0,hc,0.036033
ibuprofen,H,1.008,1,C,0.1096,,0,hc,0.036033
ibuprofen,H,1.008,1,C,0.1096,,0,hc,0.036033
ibuprofen,H,1.008,1,C,0.1096,,0,hc,0.036033
ibuprofen,H,1.008,1,C,0.1096,,0,hc,0.036033
ibuprofen,H,1.008,1,C,0.1086,,0,ha,0.135
ibuprofen,H,1.008,1,C,0.1086,,0,ha,0.135
ibuprofen,H,1.008,1,C,0.1086,,0,ha,0.143
ibuprofen,H,1.008,1,C,0.1086,,0,ha,0.143
ibuprofen,H,1.008,1,C,0.1096,,0,hc,0.051033
ibuprofen,H,1.008,1,C,0.1096,,0,hc,0.051033
ibuprofen,H,1.008,1,C,0.1096,,0,hc,0.051033
ibuprofen,H,1.008,1,O,0.0973,,0,ho,0.443
ibuprofen,O,15.9994,2,C-H,0.0,0.0,0,opls_154,-0.6071
ibuprofen,O,15.9994,1,C,0.0,,0,opls_236,-0.553
ibuprofen,C,12.011,4,C-C-C-H,0.0,0.0,0,opls_135,-0.0597
ibuprofen,C,12.011,4,C-C-H-H,0.0,0.0,0,opls_135,-0.0361
ibuprofen,C,12.011,3,C-C-C,0.0,0.0,0,opls_145,-0.0633
ibuprofen,C,12.011,3,C-C-C,0.0,0.0,0,opls_145,-0.0993
ibuprofen,C,12.011,4,C-C-C-H,0.0,0.0,0,opls_135,-0.0554
ibuprofen,C,12.011,4,C-H-H-H,0.0,0.0,0,opls_135,-0.0931
ibuprofen,C,12.011,4,C-H-H-H,0.0,0.0,0,opls_135,-0.0931
ibuprofen,C,12.011,3,C-C-H,0.0,0.0,1,opls_145,-0.1295
ibuprofen,C,12.011,3,C-C-H,0.0,0.0,1,opls_145,-0.1295
ibuprofen,C,12.011,3,C-C-H,0.0,0.0,1,opls_145,-0.1135
ibuprofen,C,12.011,3,C-C-H,0.0,0.0,1,opls_145,-0.1135
ibuprofen,C,12.011,4,C-H-H-H,0.0,0.0,0,opls_135,-0.0901
ibuprofen,C,12.011,3,C-O-O,0.0,0.0,1,opls_235,0.642103
ibuprofen,H,1.008,1,C,0.0,,0,opls_140,0.0437
ibuprofen,H,1.008,1,C,0.0,,0,opls_140,0.0482
ibuprofen,H,1.008,1,C,0.0,,0,opls_140,0.0482
ibuprofen,H,1.008,1,C,0.0,,0,opls_140,0.0857
ibuprofen,H,1.008,1,C,0.0,,0,opls_140,0.036033
ibuprofen,H,1.008,1,C,0.0,,0,opls_140,0.036033
ibuprofen,H,1.008,1,C,0.0,,0,opls_140,0.036033
ibuprofen,H,1.008,1,C,0.0,,0,opls_140,0.036033
ibuprofen,H,1.008,1,C,0.0,,0,opls_140,0.036033
ibuprofen,H,1.008,1,C,0.0,,0,opls_140,0.036033
ibuprofen,H,1.008,1,C,0.0,,0,opls_146,0.135
ibuprofen,H,1.008,1,C,0.0,,0,opls_146,0.135
ibuprofen,H,1.008,1,C,0.0,,0,opls_146,0.143
ibuprofen,H,1.008,1,C,0.0,,0,opls_146,0.143
ibuprofen,H,1.008,1,C,0.0,,0,opls_140,0.051033
ibuprofen,H,1.008,1,C,0.0,,0,opls_140,0.051033
ibuprofen,H,1.008,1,C,0.0,,0,opls_140,0.051033
ibuprofen,H,1.008,1,O,0.0,,0,opls_155,0.443
glycine,O,16.0,2,C-H,0.1164,106.54,0,oh,-0.6041
glycine,OXT,16.0,1,C,0.1219,,0,o,-0.559
glycine,N,14.01,3,CA-H-H,0.1168,108.53,0,n8,-0.8948
glycine,CA,12.01,4,C-HA-HA-N,0.1296,108.75,0,c3,0.1188
glycine,C,12.01,3,CA-O-OXT,0.1367,119.24,1,c,0.5831
glycine,HA,1.008,1,CA,0.1097,,0,h1,0.0907
glycine,HA,1.008,1,CA,0.1097,,0,h1,0.0907
glycine,H,1.008,1,N,0.1019,,0,hn,0.3648
glycine,H,1.008,1,N,0.1019,,0,hn,0.3648
glycine,H,1.008,1,O,0.0973,,0,ho,0.445
glycine,O,15.9994,2,C-H,0.0,0.0,0,opls_154,-0.6041
glycine,OXT,15.9994,1,C,0.0,,0,opls_236,-0.559
glycine,N,0.0,3,CA-H-H,0.0,0.0,0,opls_x,-0.8948
glycine,CA,12.011,4,C-HA-HA-N,0.0,0.0,0,opls_135,0.1188
glycine,C,12.011,3,CA-O-OXT,0.0,0.0,1,opls_235,0.5831
glycine,HA,1.008,1,CA,0.0,,0,opls_140,0.0907
glycine,HA,1.008,1,CA,0.0,,0,opls_140,0.0907
glycine,H,1.008,1,N,0.0,,0,opls_240,0.3648
glycine,H,1.008,1,N,0.0,,0,opls_240,0.3648
glycine,H,1.008,1,O,0.0,,0,opls_155,0.445
