molecule,element,mass,coordination,neighbor_config,avg_bond_len,avg_angle,is_planar,target_atom_type,target_charge,source
stigmasterol,O,16.0,2,C-H,0.1198,107.07,0,oh,-0.594801,online
stigmasterol,C,12.01,4,C-C-C-C,0.1543,111.52,0,c5,-0.045,online
stigmasterol,C,12.01,4,C-C-C-H,0.1433,110.02,0,c5,-0.0647,online
stigmasterol,C,12.01,4,C-C-C-H,0.1428,110.23,0,c6,-0.0467,online
stigmasterol,C,12.01,4,C-C-C-H,0.1428,110.25,0,c6,-0.0487,online
stigmasterol,C,12.01,4,C-C-C-H,0.1432,110.19,0,c5,-0.0517,online
stigmasterol,C,12.01,4,C-C-H-H,0.1318,109.21,0,c6,-0.0654,online
stigmasterol,C,12.01,4,C-C-C-C,0.1533,111.08,1,c6,-0.0008,online
stigmasterol,C,12.01,4,C-C-H-H,0.1322,109.29,0,c5,-0.0744,online
stigmasterol,C,12.01,4,C-C-H-H,0.1318,109.25,0,c6,-0.0754,online
stigmasterol,C,12.01,4,C-C-H-H,0.1322,109.29,0,c5,-0.0784,online
stigmasterol,C,12.01,4,C-C-H-H,0.1312,109.26,1,c6,-0.0432,online
stigmasterol,C,12.01,4,C-H-H-H,0.1206,109.13,0,c3,-0.0821,online
stigmasterol,C,12.01,3,C-C-C,0.1455,120.67,0,c2,-0.1094,online
stigmasterol,C,12.01,4,C-C-C-H,0.1419,111.84,1,c3,-0.0265,online
stigmasterol,C,12.01,4,C-C-H-H,0.1318,109.25,0,c6,-0.0674,online
stigmasterol,C,12.01,3,C-C-H,0.1313,119.99,0,c2,-0.1632,online
stigmasterol,C,12.01,4,C-H-H-H,0.1208,109.18,0,c3,-0.0821,online
stigmasterol,C,12.01,4,C-C-H-H,0.1312,109.26,0,c6,-0.0722,online
stigmasterol,C,12.01,4,C-C-H-H,0.1318,109.25,0,c6,-0.1104,online
stigmasterol,C,12.01,4,C-C-H-O,0.14,109.91,0,c6,0.1421,online
stigmasterol,C,12.01,4,C-H-H-H,0.1206,108.7,0,c3,-0.0871,online
stigmasterol,C,12.01,3,C-C-H,0.1312,120.13,0,c2,-0.1692,online
stigmasterol,C,12.01,3,C-C-H,0.1312,120.13,0,c2,-0.1612,online
stigmasterol,C,12.01,4,C-C-C-H,0.1419,111.3,1,c3,-0.0305,online
stigmasterol,C,12.01,4,C-C-C-H,0.1426,111.16,0,c3,-0.0587,online
stigmasterol,C,12.01,4,C-C-H-H,0.1316,109.85,0,c3,-0.0734,online
stigmasterol,C,12.01,4,C-H-H-H,0.1206,108.7,0,c3,-0.0916,online
stigmasterol,C,12.01,4,C-H-H-H,0.1206,108.7,0,c3,-0.0916,online
stigmasterol,C,12.01,4,C-H-H-H,0.1206,108.7,0,c3,-0.0931,online
stigmasterol,H,1.008,1,C,0.1095,,0,hc,0.0457,online
stigmasterol,H,1.008,1,C,0.1098,,0,hc,0.0587,online
stigmasterol,H,1.008,1,C,0.1098,,0,hc,0.0487,online
stigmasterol,H,1.008,1,C,0.1095,,0,hc,0.0467,online
stigmasterol,H,1.008,1,C,0.1098,,0,hc,0.0412,online
stigmasterol,H,1.008,1,C,0.1098,,0,hc,0.0412,online
stigmasterol,H,1.008,1,C,0.1095,,0,hc,0.0417,online
stigmasterol,H,1.008,1,C,0.1095,,0,hc,0.0417,online
stigmasterol,H,1.008,1,C,0.1098,,0,hc,0.0407,online
stigmasterol,H,1.008,1,C,0.1098,,0,hc,0.0407,online
stigmasterol,H,1.008,1,C,0.1095,,0,hc,0.0437,online
stigmasterol,H,1.008,1,C,0.1095,,0,hc,0.0437,online
stigmasterol,H,1.008,1,C,0.1098,,0,hc,0.0497,online
stigmasterol,H,1.008,1,C,0.1098,,0,hc,0.0497,online
stigmasterol,H,1.008,1,C,0.1096,,0,hc,0.0357,online
stigmasterol,H,1.008,1,C,0.1096,,0,hc,0.0357,online
stigmasterol,H,1.008,1,C,0.1096,,0,hc,0.0357,online
stigmasterol,H,1.008,1,C,0.1096,,0,hc,0.0537,online
stigmasterol,H,1.008,1,C,0.1098,,0,hc,0.0452,online
stigmasterol,H,1.008,1,C,0.1098,,0,hc,0.0452,online
stigmasterol,H,1.008,1,C,0.1088,,0,ha,0.121,online
stigmasterol,H,1.008,1,C,0.1096,,0,hc,0.036033,online
stigmasterol,H,1.008,1,C,0.1096,,0,hc,0.036033,online
stigmasterol,H,1.008,1,C,0.1096,,0,hc,0.036033,online
stigmasterol,H,1.008,1,C,0.1098,,0,hc,0.0517,online
stigmasterol,H,1.008,1,C,0.1098,,0,hc,0.0517,online
stigmasterol,H,1.008,1,C,0.1098,,0,hc,0.0472,online
stigmasterol,H,1.008,1,C,0.1098,,0,hc,0.0472,online
stigmasterol,H,1.008,1,C,0.1098,,0,h1,0.0797,online
stigmasterol,H,1.008,1,C,0.1096,,0,hc,0.035367,online
stigmasterol,H,1.008,1,C,0.1096,,0,hc,0.035367,online
stigmasterol,H,1.008,1,C,0.1096,,0,hc,0.035367,online
stigmasterol,H,1.008,1,C,0.1088,,0,ha,0.121,online
stigmasterol,H,1.008,1,C,0.1088,,0,ha,0.121,online
stigmasterol,H,1.008,1,O,0.0973,,0,ho,0.395,online
stigmasterol,H,1.008,1,C,0.1096,,0,hc,0.0507,online
stigmasterol,H,1.008,1,C,0.1096,,0,hc,0.0447,online
stigmasterol,H,1.008,1,C,0.1096,,0,hc,0.0392,online
stigmasterol,H,1.008,1,C,0.1096,,0,hc,0.0392,online
stigmasterol,H,1.008,1,C,0.1096,,0,hc,0.034367,online
stigmasterol,H,1.008,1,C,0.1096,,0,hc,0.034367,online
stigmasterol,H,1.008,1,C,0.1096,,0,hc,0.034367,online
stigmasterol,H,1.008,1,C,0.1096,,0,hc,0.034367,online
stigmasterol,H,1.008,1,C,0.1096,,0,hc,0.034367,online
stigmasterol,H,1.008,1,C,0.1096,,0,hc,0.034367,online
stigmasterol,H,1.008,1,C,0.1096,,0,hc,0.034033,online
stigmasterol,H,1.008,1,C,0.1096,,0,hc,0.034033,online
stigmasterol,H,1.008,1,C,0.1096,,0,hc,0.034033,online
stigmasterol,O,15.9994,2,C-H,0.0,0.0,0,opls_154,-0.594801,online
stigmasterol,C,0.0,4,C-C-C-C,0.0,0.0,0,opls_x,-0.045,online
stigmasterol,C,0.0,4,C-C-C-H,0.0,0.0,0,opls_x,-0.0647,online
stigmasterol,C,0.0,4,C-C-C-H,0.0,0.0,0,opls_x,-0.0467,online
stigmasterol,C,0.0,4,C-C-C-H,0.0,0.0,0,opls_x,-0.0487,online
stigmasterol,C,0.0,4,C-C-C-H,0.0,0.0,0,opls_x,-0.0517,online
stigmasterol,C,0.0,4,C-C-H-H,0.0,0.0,0,opls_x,-0.0654,online
stigmasterol,C,0.0,4,C-C-C-C,0.0,0.0,1,opls_x,-0.0008,online
stigmasterol,C,0.0,4,C-C-H-H,0.0,0.0,0,opls_x,-0.0744,online
stigmasterol,C,0.0,4,C-C-H-H,0.0,0.0,0,opls_x,-0.0754,online
stigmasterol,C,0.0,4,C-C-H-H,0.0,0.0,0,opls_x,-0.0784,online
stigmasterol,C,0.0,4,C-C-H-H,0.0,0.0,1,opls_x,-0.0432,online
stigmasterol,C,12.011,4,C-H-H-H,0.0,0.0,0,opls_135,-0.0821,online
stigmasterol,C,12.011,3,C-C-C,0.0,0.0,0,opls_509,-0.1094,online
stigmasterol,C,12.011,4,C-C-C-H,0.0,0.0,1,opls_135,-0.0265,online
stigmasterol,C,0.0,4,C-C-H-H,0.0,0.0,0,opls_x,-0.0674,online
stigmasterol,C,12.011,3,C-C-H,0.0,0.0,0,opls_509,-0.1632,online
stigmasterol,C,12.011,4,C-H-H-H,0.0,0.0,0,opls_135,-0.0821,online
stigmasterol,C,0.0,4,C-C-H-H,0.0,0.0,0,opls_x,-0.0722,online
stigmasterol,C,0.0,4,C-C-H-H,0.0,0.0,0,opls_x,-0.1104,online
stigmasterol,C,0.0,4,C-C-H-O,0.0,0.0,0,opls_x,0.1421,online
stigmasterol,C,12.011,4,C-H-H-H,0.0,0.0,0,opls_135,-0.0871,online
stigmasterol,C,12.011,3,C-C-H,0.0,0.0,0,opls_509,-0.1692,online
stigmasterol,C,12.011,3,C-C-H,0.0,0.0,0,opls_509,-0.1612,online
stigmasterol,C,12.011,4,C-C-C-H,0.0,0.0,1,opls_135,-0.0305,online
stigmasterol,C,12.011,4,C-C-C-H,0.0,0.0,0,opls_135,-0.0587,online
stigmasterol,C,12.011,4,C-C-H-H,0.0,0.0,0,opls_135,-0.0734,online
stigmasterol,C,12.011,4,C-H-H-H,0.0,0.0,0,opls_135,-0.0916,online
stigmasterol,C,12.011,4,C-H-H-H,0.0,0.0,0,opls_135,-0.0916,online
stigmasterol,C,12.011,4,C-H-H-H,0.0,0.0,0,opls_135,-0.0931,online
stigmasterol,H,1.008,1,C,0.0,,0,opls_140,0.0457,online
stigmasterol,H,1.008,1,C,0.0,,0,opls_140,0.0587,online
stigmasterol,H,1.008,1,C,0.0,,0,opls_140,0.0487,online
stigmasterol,H,1.008,1,C,0.0,,0,opls_140,0.0467,online
stigmasterol,H,1.008,1,C,0.0,,0,opls_140,0.0412,online
stigmasterol,H,1.008,1,C,0.0,,0,opls_140,0.0412,online
stigmasterol,H,1.008,1,C,0.0,,0,opls_140,0.0417,online
stigmasterol,H,1.008,1,C,0.0,,0,opls_140,0.0417,online
stigmasterol,H,1.008,1,C,0.0,,0,opls_140,0.0407,online
stigmasterol,H,1.008,1,C,0.0,,0,opls_140,0.0407,online
stigmasterol,H,1.008,1,C,0.0,,0,opls_140,0.0437,online
stigmasterol,H,1.008,1,C,0.0,,0,opls_140,0.0437,online
stigmasterol,H,1.008,1,C,0.0,,0,opls_140,0.0497,online
stigmasterol,H,1.008,1,C,0.0,,0,opls_140,0.0497,online
stigmasterol,H,1.008,1,C,0.0,,0,opls_140,0.0357,online
stigmasterol,H,1.008,1,C,0.0,,0,opls_140,0.0357,online
stigmasterol,H,1.008,1,C,0.0,,0,opls_140,0.0357,online
stigmasterol,H,1.008,1,C,0.0,,0,opls_140,0.0537,online
stigmasterol,H,1.008,1,C,0.0,,0,opls_140,0.0452,online
stigmasterol,H,1.008,1,C,0.0,,0,opls_140,0.0452,online
stigmasterol,H,1.008,1,C,0.0,,0,opls_146,0.121,online
stigmasterol,H,1.008,1,C,0.0,,0,opls_140,0.036033,online
stigmasterol,H,1.008,1,C,0.0,,0,opls_140,0.036033,online
stigmasterol,H,1.008,1,C,0.0,,0,opls_140,0.036033,online
stigmasterol,H,1.008,1,C,0.0,,0,opls_140,0.0517,online
stigmasterol,H,1.008,1,C,0.0,,0,opls_140,0.0517,online
stigmasterol,H,1.008,1,C,0.0,,0,opls_140,0.0472,online
stigmasterol,H,1.008,1,C,0.0,,0,opls_140,0.0472,online
stigmasterol,H,1.008,1,C,0.0,,0,opls_140,0.0797,online
stigmasterol,H,1.008,1,C,0.0,,0,opls_140,0.035367,online
stigmasterol,H,1.008,1,C,0.0,,0,opls_140,0.035367,online
stigmasterol,H,1.008,1,C,0.0,,0,opls_140,0.035367,online
stigmasterol,H,1.008,1,C,0.0,,0,opls_146,0.121,online
stigmasterol,H,1.008,1,C,0.0,,0,opls_146,0.121,online
stigmasterol,H,1.008,1,O,0.0,,0,opls_155,0.395,online
stigmasterol,H,1.008,1,C,0.0,,0,opls_140,0.0507,online
stigmasterol,H,1.008,1,C,0.0,,0,opls_140,0.0447,online
stigmasterol,H,1.008,1,C,0.0,,0,opls_140,0.0392,online
stigmasterol,H,1.008,1,C,0.0,,0,opls_140,0.0392,online
stigmasterol,H,1.008,1,C,0.0,,0,opls_140,0.034367,online
stigmasterol,H,1.008,1,C,0.0,,0,opls_140,0.034367,online
stigmasterol,H,1.008,1,C,0.0,,0,opls_140,0.034367,online
stigmasterol,H,1.008,1,C,0.0,,0,opls_140,0.034367,online
stigmasterol,H,1.008,1,C,0.0,,0,opls_140,0.034367,online
stigmasterol,H,1.008,1,C,0.0,,0,opls_140,0.034367,online
stigmasterol,H,1.008,1,C,0.0,,0,opls_140,0.034033,online
stigmasterol,H,1.008,1,C,0.0,,0,opls_140,0.034033,online
stigmasterol,H,1.008,1,C,0.0,,0,opls_140,0.034033,online
thymine,O,16.0,1,C,0.1219,,0,o,-0.6065,online
thymine,O,16.0,1,C,0.1219,,0,o,-0.6385,online
thymine,N,14.01,3,C-C-H,0.1258,120.86,0,ns,-0.5845,online
thymine,N,14.01,3,C-C-H,0.1257,120.85,1,ns,-0.4711,online
thymine,C,12.01,3,C-C-C,0.1447,122.18,0,cc,-0.2534,online
thymine,C,12.01,3,C-N-O,0.1356,120.0,1,c,0.7167,online
thymine,C,12.01,3,C-H-N,0.1277,121.72,1,cd,0.0376,online
thymine,C,12.01,4,C-H-H-H,0.1197,109.05,1,c3,-0.0309,online
thymine,C,12.01,3,N-N-O,0.1326,119.66,1,c,0.802501,online
thymine,H,1.008,1,C,0.1082,,1,h4,0.163,online
thymine,H,1.008,1,N,0.1013,,0,hn,0.3545,online
thymine,H,1.008,1,N,0.1013,,0,hn,0.3545,online
thymine,H,1.008,1,C,0.1096,,0,hc,0.052033,online
thymine,H,1.008,1,C,0.1096,,0,hc,0.052033,online
thymine,H,1.008,1,C,0.1096,,0,hc,0.052033,online
thymine,O,15.9994,1,C,0.0,,0,opls_236,-0.6065,online
thymine,O,15.9994,1,C,0.0,,0,opls_236,-0.6385,online
thymine,N,0.0,3,C-C-H,0.0,0.0,0,opls_x,-0.5845,online
thymine,N,0.0,3,C-C-H,0.0,0.0,1,opls_x,-0.4711,online
thymine,C,12.011,3,C-C-C,0.0,0.0,0,opls_500,-0.2534,online
thymine,C,12.011,3,C-N-O,0.0,0.0,1,opls_235,0.7167,online
thymine,C,12.011,3,C-H-N,0.0,0.0,1,opls_500,0.0376,online
thymine,C,12.011,4,C-H-H-H,0.0,0.0,1,opls_135,-0.0309,online
thymine,C,12.011,3,N-N-O,0.0,0.0,1,opls_235,0.802501,online
thymine,H,1.008,1,C,0.0,,1,opls_146,0.163,online
thymine,H,1.008,1,N,0.0,,0,opls_240,0.3545,online
thymine,H,1.008,1,N,0.0,,0,opls_240,0.3545,online
thymine,H,1.008,1,C,0.0,,0,opls_140,0.052033,online
thymine,H,1.008,1,C,0.0,,0,opls_140,0.052033,online
thymine,H,1.008,1,C,0.0,,0,opls_140,0.052033,online
thymidine,O*,16.0,2,C*-C*,0.1435,109.26,0,os,-0.3916,online
thymidine,O*,16.0,2,C*-H,0.1196,107.17,0,oh,-0.5888,online
thymidine,O*,16.0,2,C*-H*,0.1198,107.39,0,oh,-0.5898,online
thymidine,O,16.0,1,C,0.1219,,0,o,-0.6555,online
thymidine,O,16.0,1,C,0.1219,,0,o,-0.6115,online
thymidine,N,14.01,3,C-C-C*,0.1416,120.0,0,n,-0.401,online
thymidine,N,14.01,3,C-C-H,0.1258,120.86,1,ns,-0.5845,online
thymidine,C*,12.01,4,C*-C*-H*-O*,0.1403,109.95,0,c5,0.1151,online
thymidine,C*,12.01,4,C*-H*-N-O*,0.1387,107.48,1,c5,0.3175,online
thymidine,C*,12.01,4,C*-C*-H*-H*,0.1322,109.29,0,c5,-0.1474,online
thymidine,C*,12.01,4,C*-C*-H*-O*,0.1404,109.6,0,c5,0.1321,online
thymidine,C*,12.01,4,C*-H*-H*-O*,0.1289,109.65,0,c3,0.1064,online
thymidine,C,12.01,3,C-H-N,0.1279,122.11,0,cc,0.0436,online
thymidine,C,12.01,3,N-N-O,0.1332,120.0,0,c,0.8065,online
thymidine,C,12.01,3,C-C-CM,0.1449,121.89,0,cd,-0.2684,online
thymidine,C,12.01,3,C-N-O,0.1357,119.65,1,c,0.7157,online
thymidine,CM,12.01,4,C-HM-HM-HM,0.1198,109.18,1,c3,-0.0279,online
thymidine,H*,1.008,1,C*,0.1097,,0,h1,0.0517,online
thymidine,H*,1.008,1,C*,0.1095,,0,h2,0.1017,online
thymidine,H*,1.008,1,C*,0.1095,,0,hc,0.0867,online
thymidine,H*,1.008,1,C*,0.1095,,0,hc,0.0867,online
thymidine,H*,1.008,1,C*,0.1097,,0,h1,0.1147,online
thymidine,H*,1.008,1,C*,0.1097,,0,h1,0.0352,online
thymidine,H*,1.008,1,C*,0.1097,,0,h1,0.0352,online
thymidine,H,1.008,1,C,0.1081,,1,h4,0.201,online
thymidine,H,1.008,1,O*,0.0973,,0,ho,0.411,online
thymidine,H,1.008,1,N,0.1013,,0,hn,0.3515,online
thymidine,H*,1.008,1,O*,0.0973,,0,ho,0.405,online
thymidine,HM,1.008,1,CM,0.1096,,0,hc,0.0497,online
thymidine,HM,1.008,1,CM,0.1096,,0,hc,0.0497,online
thymidine,HM,1.008,1,CM,0.1096,,0,hc,0.0497,online
thymidine,O*,0.0,2,C*-C*,0.0,0.0,0,opls_x,-0.3916,online
thymidine,O*,15.9994,2,C*-H,0.0,0.0,0,opls_154,-0.5888,online
thymidine,O*,15.9994,2,C*-H*,0.0,0.0,0,opls_154,-0.5898,online
thymidine,O,15.9994,1,C,0.0,,0,opls_236,-0.6555,online
thymidine,O,15.9994,1,C,0.0,,0,opls_236,-0.6115,online
thymidine,N,14.0067,3,C-C-C*,0.0,0.0,0,opls_237,-0.401,online
thymidine,N,0.0,3,C-C-H,0.0,0.0,1,opls_x,-0.5845,online
thymidine,C*,0.0,4,C*-C*-H*-O*,0.0,0.0,0,opls_x,0.1151,online
thymidine,C*,0.0,4,C*-H*-N-O*,0.0,0.0,1,opls_x,0.3175,online
thymidine,C*,0.0,4,C*-C*-H*-H*,0.0,0.0,0,opls_x,-0.1474,online
thymidine,C*,0.0,4,C*-C*-H*-O*,0.0,0.0,0,opls_x,0.1321,online
thymidine,C*,12.011,4,C*-H*-H*-O*,0.0,0.0,0,opls_135,0.1064,online
thymidine,C,12.011,3,C-H-N,0.0,0.0,0,opls_500,0.0436,online
thymidine,C,12.011,3,N-N-O,0.0,0.0,0,opls_235,0.8065,online
thymidine,C,12.011,3,C-C-CM,0.0,0.0,0,opls_500,-0.2684,online
thymidine,C,12.011,3,C-N-O,0.0,0.0,1,opls_235,0.7157,online
thymidine,CM,12.011,4,C-HM-HM-HM,0.0,0.0,1,opls_135,-0.0279,online
thymidine,H*,1.008,1,C*,0.0,,0,opls_140,0.0517,online
thymidine,H*,0.0,1,C*,0.0,,0,opls_x,0.1017,online
thymidine,H*,1.008,1,C*,0.0,,0,opls_140,0.0867,online
thymidine,H*,1.008,1,C*,0.0,,0,opls_140,0.0867,online
thymidine,H*,1.008,1,C*,0.0,,0,opls_140,0.1147,online
thymidine,H*,1.008,1,C*,0.0,,0,opls_140,0.0352,online
thymidine,H*,1.008,1,C*,0.0,,0,opls_140,0.0352,online
thymidine,H,1.008,1,C,0.0,,1,opls_146,0.201,online
thymidine,H,1.008,1,O*,0.0,,0,opls_155,0.411,online
thymidine,H,1.008,1,N,0.0,,0,opls_240,0.3515,online
thymidine,H*,1.008,1,O*,0.0,,0,opls_155,0.405,online
thymidine,HM,1.008,1,CM,0.0,,0,opls_140,0.0497,online
thymidine,HM,1.008,1,CM,0.0,,0,opls_140,0.0497,online
thymidine,HM,1.008,1,CM,0.0,,0,opls_140,0.0497,online
lysine,O,15.9994,2,C-H,0.0,0.0,0,opls_154,-0.6021,online
lysine,OXT,15.9994,1,C,0.0,,0,opls_236,-0.56,online
lysine,N,0.0,3,CA-H-H,0.0,0.0,0,opls_x,-0.8948,online
lysine,NZ,0.0,3,CE-HZ-HZ,0.0,0.0,0,opls_x,-0.9168,online
lysine,CG,12.011,4,CB-CD-HG-HG,0.0,0.0,0,opls_135,-0.0764,online
lysine,CB,12.011,4,CA-CG-HB-HB,0.0,0.0,0,opls_135,-0.0734,online
lysine,CD,12.011,4,CE-CG-HD-HD,0.0,0.0,0,opls_135,-0.0844,online
lysine,CA,12.011,4,C-CB-HA-N,0.0,0.0,0,opls_135,0.1375,online
lysine,CE,12.011,4,CD-HE-HE-NZ,0.0,0.0,0,opls_135,0.1598,online
lysine,C,12.011,3,CA-O-OXT,0.0,0.0,1,opls_235,0.5841,online
lysine,HG,1.008,1,CG,0.0,,0,opls_140,0.0517,online
lysine,HG,1.008,1,CG,0.0,,0,opls_140,0.0517,online
lysine,HB,1.008,1,CB,0.0,,0,opls_140,0.0572,online
lysine,HB,1.008,1,CB,0.0,,0,opls_140,0.0572,online
lysine,HD,1.008,1,CD,0.0,,0,opls_140,0.0472,online
lysine,HD,1.008,1,CD,0.0,,0,opls_140,0.0472,online
lysine,HA,1.008,1,CA,0.0,,0,opls_140,0.0937,online
lysine,HE,1.008,1,CE,0.0,,0,opls_140,0.0252,online
lysine,HE,1.008,1,CE,0.0,,0,opls_140,0.0252,online
lysine,H,1.008,1,N,0.0,,0,opls_240,0.3648,online
lysine,H,1.008,1,N,0.0,,0,opls_240,0.3648,online
lysine,HZ,1.008,1,NZ,0.0,,0,opls_240,0.3483,online
lysine,HZ,1.008,1,NZ,0.0,,0,opls_240,0.3483,online
lysine,H,1.008,1,O,0.0,,0,opls_155,0.444,online
lysine,O,16.0,2,C-H,0.1164,106.54,0,oh,-0.6021,online
lysine,OXT,16.0,1,C,0.1219,,0,o,-0.56,online
lysine,N,14.01,3,CA-H-H,0.1168,108.53,0,n8,-0.8948,online
lysine,NZ,14.01,3,CE-HZ-HZ,0.1168,108.53,0,n8,-0.9168,online
lysine,CG,12.01,4,CB-CD-HG-HG,0.1316,109.85,0,c3,-0.0764,online
lysine,CB,12.01,4,CA-CG-HB-HB,0.1316,109.85,0,c3,-0.0734,online
lysine,CD,12.01,4,CE-CG-HD-HD,0.1316,109.85,0,c3,-0.0844,online
lysine,CA,12.01,4,C-CB-HA-N,0.1406,109.9,0,c3,0.1375,online
lysine,CE,12.01,4,CD-HE-HE-NZ,0.1299,109.15,0,c3,0.1598,online
lysine,C,12.01,3,CA-O-OXT,0.1367,119.24,1,c,0.5841,online
lysine,HG,1.008,1,CG,0.1096,,0,hc,0.0517,online
lysine,HG,1.008,1,CG,0.1096,,0,hc,0.0517,online
lysine,HB,1.008,1,CB,0.1096,,0,hc,0.0572,online
lysine,HB,1.008,1,CB,0.1096,,0,hc,0.0572,online
lysine,HD,1.008,1,CD,0.1096,,0,hc,0.0472,online
lysine,HD,1.008,1,CD,0.1096,,0,hc,0.0472,online
lysine,HA,1.008,1,CA,0.1097,,0,h1,0.0937,online
lysine,HE,1.008,1,CE,0.1097,,0,h1,0.0252,online
lysine,HE,1.008,1,CE,0.1097,,0,h1,0.0252,online
lysine,H,1.008,1,N,0.1019,,0,hn,0.3648,online
lysine,H,1.008,1,N,0.1019,,0,hn,0.3648,online
lysine,HZ,1.008,1,NZ,0.1019,,0,hn,0.3483,online
lysine,HZ,1.008,1,NZ,0.1019,,0,hn,0.3483,online
lysine,H,1.008,1,O,0.0973,,0,ho,0.444,online
campesterol,O,15.9994,2,C-H,0.0,0.0,0,opls_154,-0.603804,online
campesterol,C,0.0,4,C-C-C-C,0.0,0.0,0,opls_x,-0.045,online
campesterol,C,0.0,4,C-C-C-H,0.0,0.0,0,opls_x,-0.0647,online
campesterol,C,0.0,4,C-C-C-H,0.0,0.0,0,opls_x,-0.0467,online
campesterol,C,0.0,4,C-C-C-H,0.0,0.0,0,opls_x,-0.0487,online
campesterol,C,0.0,4,C-C-C-H,0.0,0.0,0,opls_x,-0.0547,online
campesterol,C,0.0,4,C-C-H-H,0.0,0.0,0,opls_x,-0.0654,online
campesterol,C,0.0,4,C-C-C-C,0.0,0.0,1,opls_x,0.0002,online
campesterol,C,0.0,4,C-C-H-H,0.0,0.0,0,opls_x,-0.0744,online
campesterol,C,0.0,4,C-C-H-H,0.0,0.0,0,opls_x,-0.0754,online
campesterol,C,0.0,4,C-C-H-H,0.0,0.0,0,opls_x,-0.0774,online
campesterol,C,0.0,4,C-C-H-H,0.0,0.0,1,opls_x,-0.0422,online
campesterol,C,12.011,4,C-C-C-H,0.0,0.0,0,opls_135,-0.0547,online
campesterol,C,12.011,4,C-H-H-H,0.0,0.0,0,opls_135,-0.0821,online
campesterol,C,12.011,3,C-C-C,0.0,0.0,0,opls_509,-0.1054,online
campesterol,C,0.0,4,C-C-H-H,0.0,0.0,0,opls_x,-0.0704,online
campesterol,C,12.011,3,C-C-H,0.0,0.0,0,opls_509,-0.1672,online
campesterol,C,12.011,4,C-H-H-H,0.0,0.0,0,opls_135,-0.0831,online
campesterol,C,0.0,4,C-C-H-H,0.0,0.0,0,opls_x,-0.0752,online
campesterol,C,0.0,4,C-C-H-H,0.0,0.0,0,opls_x,-0.0754,online
campesterol,C,12.011,4,C-C-H-H,0.0,0.0,0,opls_135,-0.0764,online
campesterol,C,0.0,4,C-C-H-O,0.0,0.0,0,opls_x,0.1451,online
campesterol,C,12.011,4,C-H-H-H,0.0,0.0,0,opls_135,-0.0901,online
campesterol,C,12.011,4,C-C-H-H,0.0,0.0,0,opls_135,-0.0784,online
campesterol,C,12.011,4,C-C-C-H,0.0,0.0,0,opls_135,-0.0617,online
campesterol,C,12.011,4,C-C-C-H,0.0,0.0,0,opls_135,-0.0647,online
campesterol,C,12.011,4,C-H-H-H,0.0,0.0,0,opls_135,-0.0881,online
campesterol,C,12.011,4,C-H-H-H,0.0,0.0,0,opls_135,-0.0891,online
campesterol,C,12.011,4,C-H-H-H,0.0,0.0,0,opls_135,-0.0891,online
campesterol,H,1.008,1,C,0.0,,0,opls_140,0.0457,online
campesterol,H,1.008,1,C,0.0,,0,opls_140,0.0587,online
campesterol,H,1.008,1,C,0.0,,0,opls_140,0.0477,online
campesterol,H,1.008,1,C,0.0,,0,opls_140,0.0487,online
campesterol,H,1.008,1,C,0.0,,0,opls_140,0.0412,online
campesterol,H,1.008,1,C,0.0,,0,opls_140,0.0412,online
campesterol,H,1.008,1,C,0.0,,0,opls_140,0.0417,online
campesterol,H,1.008,1,C,0.0,,0,opls_140,0.0417,online
campesterol,H,1.008,1,C,0.0,,0,opls_140,0.0412,online
campesterol,H,1.008,1,C,0.0,,0,opls_140,0.0412,online
campesterol,H,1.008,1,C,0.0,,0,opls_140,0.0412,online
campesterol,H,1.008,1,C,0.0,,0,opls_140,0.0412,online
campesterol,H,1.008,1,C,0.0,,0,opls_140,0.0492,online
campesterol,H,1.008,1,C,0.0,,0,opls_140,0.0492,online
campesterol,H,1.008,1,C,0.0,,0,opls_140,0.0477,online
campesterol,H,1.008,1,C,0.0,,0,opls_140,0.0357,online
campesterol,H,1.008,1,C,0.0,,0,opls_140,0.0357,online
campesterol,H,1.008,1,C,0.0,,0,opls_140,0.0357,online
campesterol,H,1.008,1,C,0.0,,0,opls_140,0.0447,online
campesterol,H,1.008,1,C,0.0,,0,opls_140,0.0447,online
campesterol,H,1.008,1,C,0.0,,0,opls_146,0.119,online
campesterol,H,1.008,1,C,0.0,,0,opls_140,0.037367,online
campesterol,H,1.008,1,C,0.0,,0,opls_140,0.037367,online
campesterol,H,1.008,1,C,0.0,,0,opls_140,0.037367,online
campesterol,H,1.008,1,C,0.0,,0,opls_140,0.0512,online
campesterol,H,1.008,1,C,0.0,,0,opls_140,0.0512,online
campesterol,H,1.008,1,C,0.0,,0,opls_140,0.0552,online
campesterol,H,1.008,1,C,0.0,,0,opls_140,0.0552,online
campesterol,H,1.008,1,C,0.0,,0,opls_140,0.0387,online
campesterol,H,1.008,1,C,0.0,,0,opls_140,0.0387,online
campesterol,H,1.008,1,C,0.0,,0,opls_140,0.0357,online
campesterol,H,1.008,1,C,0.0,,0,opls_140,0.0337,online
campesterol,H,1.008,1,C,0.0,,0,opls_140,0.0337,online
campesterol,H,1.008,1,C,0.0,,0,opls_140,0.0337,online
campesterol,H,1.008,1,C,0.0,,0,opls_140,0.0427,online
campesterol,H,1.008,1,C,0.0,,0,opls_140,0.0427,online
campesterol,H,1.008,1,C,0.0,,0,opls_140,0.0457,online
campesterol,H,1.008,1,O,0.0,,0,opls_155,0.398,online
campesterol,H,1.008,1,C,0.0,,0,opls_140,0.0457,online
campesterol,H,1.008,1,C,0.0,,0,opls_140,0.033367,online
campesterol,H,1.008,1,C,0.0,,0,opls_140,0.033367,online
campesterol,H,1.008,1,C,0.0,,0,opls_140,0.033367,online
campesterol,H,1.008,1,C,0.0,,0,opls_140,0.032867,online
campesterol,H,1.008,1,C,0.0,,0,opls_140,0.032867,online
campesterol,H,1.008,1,C,0.0,,0,opls_140,0.032867,online
campesterol,H,1.008,1,C,0.0,,0,opls_140,0.032867,online
campesterol,H,1.008,1,C,0.0,,0,opls_140,0.032867,online
campesterol,H,1.008,1,C,0.0,,0,opls_140,0.032867,online
campesterol,O,16.0,2,C-H,0.1198,107.07,0,oh,-0.603804,online
campesterol,C,12.01,4,C-C-C-C,0.1543,111.52,0,c5,-0.045,online
campesterol,C,12.01,4,C-C-C-H,0.1433,110.02,0,c5,-0.0647,online
campesterol,C,12.01,4,C-C-C-H,0.1428,110.23,0,c6,-0.0467,online
campesterol,C,12.01,4,C-C-C-H,0.1428,110.25,0,c6,-0.0487,online
campesterol,C,12.01,4,C-C-C-H,0.1432,110.19,0,c5,-0.0547,online
campesterol,C,12.01,4,C-C-H-H,0.1318,109.21,0,c6,-0.0654,online
campesterol,C,12.01,4,C-C-C-C,0.1533,111.08,1,c6,0.0002,online
campesterol,C,12.01,4,C-C-H-H,0.1322,109.29,0,c5,-0.0744,online
campesterol,C,12.01,4,C-C-H-H,0.1318,109.25,0,c6,-0.0754,online
campesterol,C,12.01,4,C-C-H-H,0.1322,109.29,0,c5,-0.0774,online
campesterol,C,12.01,4,C-C-H-H,0.1312,109.26,1,c6,-0.0422,online
campesterol,C,12.01,4,C-C-C-H,0.1426,111.65,0,c3,-0.0547,online
campesterol,C,12.01,4,C-H-H-H,0.1206,109.13,0,c3,-0.0821,online
campesterol,C,12.01,3,C-C-C,0.1455,120.67,0,c2,-0.1054,online
campesterol,C,12.01,4,C-C-H-H,0.1318,109.25,0,c6,-0.0704,online
campesterol,C,12.01,3,C-C-H,0.1313,119.99,0,c2,-0.1672,online
campesterol,C,12.01,4,C-H-H-H,0.1208,109.18,0,c3,-0.0831,online
campesterol,C,12.01,4,C-C-H-H,0.1312,109.26,0,c6,-0.0752,online
campesterol,C,12.01,4,C-C-H-H,0.1318,109.25,0,c6,-0.0754,online
campesterol,C,12.01,4,C-C-H-H,0.1316,109.85,0,c3,-0.0764,online
campesterol,C,12.01,4,C-C-H-O,0.14,109.91,0,c6,0.1451,online
campesterol,C,12.01,4,C-H-H-H,0.1206,108.7,0,c3,-0.0901,online
campesterol,C,12.01,4,C-C-H-H,0.1316,109.85,0,c3,-0.0784,online
campesterol,C,12.01,4,C-C-C-H,0.1426,111.16,0,c3,-0.0617,online
campesterol,C,12.01,4,C-C-C-H,0.1426,111.16,0,c3,-0.0647,online
campesterol,C,12.01,4,C-H-H-H,0.1206,108.7,0,c3,-0.0881,online
campesterol,C,12.01,4,C-H-H-H,0.1206,108.7,0,c3,-0.0891,online
campesterol,C,12.01,4,C-H-H-H,0.1206,108.7,0,c3,-0.0891,online
campesterol,H,1.008,1,C,0.1095,,0,hc,0.0457,online
campesterol,H,1.008,1,C,0.1098,,0,hc,0.0587,online
campesterol,H,1.008,1,C,0.1098,,0,hc,0.0477,online
campesterol,H,1.008,1,C,0.1095,,0,hc,0.0487,online
campesterol,H,1.008,1,C,0.1098,,0,hc,0.0412,online
campesterol,H,1.008,1,C,0.1098,,0,hc,0.0412,online
campesterol,H,1.008,1,C,0.1095,,0,hc,0.0417,online
campesterol,H,1.008,1,C,0.1095,,0,hc,0.0417,online
campesterol,H,1.008,1,C,0.1098,,0,hc,0.0412,online
campesterol,H,1.008,1,C,0.1098,,0,hc,0.0412,online
campesterol,H,1.008,1,C,0.1095,,0,hc,0.0412,online
campesterol,H,1.008,1,C,0.1095,,0,hc,0.0412,online
campesterol,H,1.008,1,C,0.1098,,0,hc,0.0492,online
campesterol,H,1.008,1,C,0.1098,,0,hc,0.0492,online
campesterol,H,1.008,1,C,0.1096,,0,hc,0.0477,online
campesterol,H,1.008,1,C,0.1096,,0,hc,0.0357,online
campesterol,H,1.008,1,C,0.1096,,0,hc,0.0357,online
campesterol,H,1.008,1,C,0.1096,,0,hc,0.0357,online
campesterol,H,1.008,1,C,0.1098,,0,hc,0.0447,online
campesterol,H,1.008,1,C,0.1098,,0,hc,0.0447,online
campesterol,H,1.008,1,C,0.1088,,0,ha,0.119,online
campesterol,H,1.008,1,C,0.1096,,0,hc,0.037367,online
campesterol,H,1.008,1,C,0.1096,,0,hc,0.037367,online
campesterol,H,1.008,1,C,0.1096,,0,hc,0.037367,online
campesterol,H,1.008,1,C,0.1098,,0,hc,0.0512,online
campesterol,H,1.008,1,C,0.1098,,0,hc,0.0512,online
campesterol,H,1.008,1,C,0.1098,,0,hc,0.0552,online
campesterol,H,1.008,1,C,0.1098,,0,hc,0.0552,online
campesterol,H,1.008,1,C,0.1096,,0,hc,0.0387,online
campesterol,H,1.008,1,C,0.1096,,0,hc,0.0387,online
campesterol,H,1.008,1,C,0.1098,,0,h1,0.0357,online
campesterol,H,1.008,1,C,0.1096,,0,hc,0.0337,online
campesterol,H,1.008,1,C,0.1096,,0,hc,0.0337,online
campesterol,H,1.008,1,C,0.1096,,0,hc,0.0337,online
campesterol,H,1.008,1,C,0.1096,,0,hc,0.0427,online
campesterol,H,1.008,1,C,0.1096,,0,hc,0.0427,online
campesterol,H,1.008,1,C,0.1096,,0,hc,0.0457,online
campesterol,H,1.008,1,O,0.0973,,0,ho,0.398,online
campesterol,H,1.008,1,C,0.1096,,0,hc,0.0457,online
campesterol,H,1.008,1,C,0.1096,,0,hc,0.033367,online
campesterol,H,1.008,1,C,0.1096,,0,hc,0.033367,online
campesterol,H,1.008,1,C,0.1096,,0,hc,0.033367,online
campesterol,H,1.008,1,C,0.1096,,0,hc,0.032867,online
campesterol,H,1.008,1,C,0.1096,,0,hc,0.032867,online
campesterol,H,1.008,1,C,0.1096,,0,hc,0.032867,online
campesterol,H,1.008,1,C,0.1096,,0,hc,0.032867,online
campesterol,H,1.008,1,C,0.1096,,0,hc,0.032867,online
campesterol,H,1.008,1,C,0.1096,,0,hc,0.032867,online
guanosine,O*,16.0,2,C*-C*,0.1435,109.26,0,os,-0.4146,online
guanosine,O*,16.0,2,C*-H,0.1196,107.17,0,oh,-0.5608,online
guanosine,O*,16.0,2,C*-H,0.1196,107.17,0,oh,-0.5878,online
guanosine,O*,16.0,2,C*-H*,0.1198,107.39,0,oh,-0.5878,online
guanosine,O,16.0,1,C,0.1219,,0,o,-0.5955,online
guanosine,N,14.01,3,C-C-C*,0.1408,121.33,1,na,-0.2309,online
guanosine,N,14.01,2,C-C,0.134,109.15,0,nc,-0.582,online
guanosine,N,14.01,2,C-C,0.1344,105.37,0,nd,-0.6721,online
guanosine,N,14.01,3,C-C-H,0.1258,120.45,1,ns,-0.5094,online
guanosine,N,14.01,3,C-H-H,0.113,116.09,0,nv,-0.8958,online
guanosine,C*,12.01,4,C*-C*-H*-O*,0.1403,109.95,0,c5,0.1321,online
guanosine,C*,12.01,4,C*-H*-N-O*,0.1384,109.4,0,c5,0.2198,online
guanosine,C*,12.01,4,C*-C*-H*-O*,0.1403,109.95,0,c5,0.0821,online
guanosine,C*,12.01,4,C*-C*-H*-O*,0.1404,109.6,0,c5,0.0491,online
guanosine,C*,12.01,4,C*-H*-H*-O*,0.1289,109.65,0,c3,0.1114,online
guanosine,C,12.01,3,C-N-N,0.1376,113.9,1,cd,0.1128,online
guanosine,C,12.01,3,H-N-N,0.1261,119.71,0,cd,0.4024,online
guanosine,C,12.01,3,C-C-N,0.1402,120.83,0,cc,0.1768,online
guanosine,C,12.01,3,C-N-O,0.1356,120.0,0,c,0.651,online
guanosine,C,12.01,3,N-N-N,0.1355,120.61,1,cc,0.6848,online
guanosine,H*,1.008,1,C*,0.1097,,0,h1,0.1147,online
guanosine,H*,1.008,1,C*,0.1095,,0,h2,0.1147,online
guanosine,H*,1.008,1,C*,0.1097,,0,h1,0.0677,online
guanosine,H*,1.008,1,C*,0.1097,,0,h1,0.0977,online
guanosine,H*,1.008,1,C*,0.1097,,0,h1,0.0577,online
guanosine,H*,1.008,1,C*,0.1097,,0,h1,0.0577,online
guanosine,H,1.008,1,O*,0.0973,,0,ho,0.422,online
guanosine,H,1.008,1,O*,0.0973,,0,ho,0.418,online
guanosine,H,1.008,1,C,0.1082,,0,h5,0.0701,online
guanosine,H*,1.008,1,O*,0.0973,,0,ho,0.412,online
guanosine,H,1.008,1,N,0.1013,,0,hn,0.3355,online
guanosine,H,1.008,1,N,0.1011,,1,hn,0.4233,online
guanosine,H,1.008,1,N,0.1011,,0,hn,0.4233,online
guanosine,O*,0.0,2,C*-C*,0.0,0.0,0,opls_x,-0.4146,online
guanosine,O*,15.9994,2,C*-H,0.0,0.0,0,opls_154,-0.5608,online
guanosine,O*,15.9994,2,C*-H,0.0,0.0,0,opls_154,-0.5878,online
guanosine,O*,15.9994,2,C*-H*,0.0,0.0,0,opls_154,-0.5878,online
guanosine,O,15.9994,1,C,0.0,,0,opls_236,-0.5955,online
guanosine,N,14.0067,3,C-C-C*,0.0,0.0,1,opls_503,-0.2309,online
guanosine,N,14.0067,2,C-C,0.0,0.0,0,opls_511,-0.582,online
guanosine,N,14.0067,2,C-C,0.0,0.0,0,opls_511,-0.6721,online
guanosine,N,0.0,3,C-C-H,0.0,0.0,1,opls_x,-0.5094,online
guanosine,N,0.0,3,C-H-H,0.0,0.0,0,opls_x,-0.8958,online
guanosine,C*,0.0,4,C*-C*-H*-O*,0.0,0.0,0,opls_x,0.1321,online
guanosine,C*,0.0,4,C*-H*-N-O*,0.0,0.0,0,opls_x,0.2198,online
guanosine,C*,0.0,4,C*-C*-H*-O*,0.0,0.0,0,opls_x,0.0821,online
guanosine,C*,0.0,4,C*-C*-H*-O*,0.0,0.0,0,opls_x,0.0491,online
guanosine,C*,12.011,4,C*-H*-H*-O*,0.0,0.0,0,opls_135,0.1114,online
guanosine,C,12.011,3,C-N-N,0.0,0.0,1,opls_500,0.1128,online
guanosine,C,12.011,3,H-N-N,0.0,0.0,0,opls_500,0.4024,online
guanosine,C,12.011,3,C-C-N,0.0,0.0,0,opls_500,0.1768,online
guanosine,C,12.011,3,C-N-O,0.0,0.0,0,opls_235,0.651,online
guanosine,C,12.011,3,N-N-N,0.0,0.0,1,opls_500,0.6848,online
guanosine,H*,1.008,1,C*,0.0,,0,opls_140,0.1147,online
guanosine,H*,0.0,1,C*,0.0,,0,opls_x,0.1147,online
guanosine,H*,1.008,1,C*,0.0,,0,opls_140,0.0677,online
guanosine,H*,1.008,1,C*,0.0,,0,opls_140,0.0977,online
guanosine,H*,1.008,1,C*,0.0,,0,opls_140,0.0577,online
guanosine,H*,1.008,1,C*,0.0,,0,opls_140,0.0577,online
guanosine,H,1.008,1,O*,0.0,,0,opls_155,0.422,online
guanosine,H,1.008,1,O*,0.0,,0,opls_155,0.418,online
guanosine,H,1.008,1,C,0.0,,0,opls_146,0.0701,online
guanosine,H*,1.008,1,O*,0.0,,0,opls_155,0.412,online
guanosine,H,1.008,1,N,0.0,,0,opls_240,0.3355,online
guanosine,H,1.008,1,N,0.0,,1,opls_240,0.4233,online
guanosine,H,1.008,1,N,0.0,,0,opls_240,0.4233,online
fructose,O,0.0,2,C-C,0.0,0.0,0,opls_x,-0.4396,online
fructose,O,15.9994,2,C-H,0.0,0.0,0,opls_154,-0.5968,online
fructose,O,15.9994,2,C-H,0.0,0.0,0,opls_154,-0.6328,online
fructose,O,15.9994,2,C-H,0.0,0.0,0,opls_154,-0.6078,online
fructose,O,15.9994,2,C-H,0.0,0.0,0,opls_154,-0.5938,online
fructose,O,15.9994,2,C-H,0.0,0.0,0,opls_154,-0.5998,online
fructose,C,0.0,4,C-C-H-O,0.0,0.0,0,opls_x,0.1051,online
fructose,C,0.0,4,C-C-O-O,0.0,0.0,0,opls_x,0.2716,online
fructose,C,0.0,4,C-C-H-O,0.0,0.0,0,opls_x,0.0791,online
fructose,C,0.0,4,C-C-H-O,0.0,0.0,0,opls_x,0.1211,online
fructose,C,0.0,4,C-H-H-O,0.0,0.0,0,opls_x,0.1404,online
fructose,C,12.011,4,C-H-H-O,0.0,0.0,0,opls_135,0.1184,online
fructose,H,1.008,1,C,0.0,,0,opls_140,0.1077,online
fructose,H,1.008,1,C,0.0,,0,opls_140,0.0617,online
fructose,H,1.008,1,C,0.0,,0,opls_140,0.0557,online
fructose,H,1.008,1,C,0.0,,0,opls_140,0.0687,online
fructose,H,1.008,1,C,0.0,,0,opls_140,0.0687,online
fructose,H,1.008,1,C,0.0,,0,opls_140,0.0747,online
fructose,H,1.008,1,C,0.0,,0,opls_140,0.0747,online
fructose,H,1.008,1,O,0.0,,0,opls_155,0.422,online
fructose,H,1.008,1,O,0.0,,0,opls_155,0.436,online
fructose,H,1.008,1,O,0.0,,0,opls_155,0.425,online
fructose,H,1.008,1,O,0.0,,0,opls_155,0.422,online
fructose,H,1.008,1,O,0.0,,0,opls_155,0.418,online
fructose,O,16.0,2,C-C,0.143,113.3,0,os,-0.4396,online
fructose,O,16.0,2,C-H,0.1198,107.07,0,oh,-0.5968,online
fructose,O,16.0,2,C-H,0.1198,107.07,0,oh,-0.6328,online
fructose,O,16.0,2,C-H,0.1198,107.07,0,oh,-0.6078,online
fructose,O,16.0,2,C-H,0.1198,107.07,0,oh,-0.5938,online
fructose,O,16.0,2,C-H,0.1198,107.39,0,oh,-0.5998,online
fructose,C,12.01,4,C-C-H-O,0.14,109.91,0,c6,0.1051,online
fructose,C,12.01,4,C-C-O-O,0.1484,109.34,0,c6,0.2716,online
fructose,C,12.01,4,C-C-H-O,0.14,109.91,0,c6,0.0791,online
fructose,C,12.01,4,C-C-H-O,0.14,109.91,0,c6,0.1211,online
fructose,C,12.01,4,C-H-H-O,0.1291,108.69,0,c6,0.1404,online
fructose,C,12.01,4,C-H-H-O,0.129,109.84,0,c3,0.1184,online
fructose,H,1.008,1,C,0.1098,,0,h1,0.1077,online
fructose,H,1.008,1,C,0.1098,,0,h1,0.0617,online
fructose,H,1.008,1,C,0.1098,,0,h1,0.0557,online
fructose,H,1.008,1,C,0.1098,,0,h1,0.0687,online
fructose,H,1.008,1,C,0.1098,,0,h1,0.0687,online
fructose,H,1.008,1,C,0.1097,,0,h1,0.0747,online
fructose,H,1.008,1,C,0.1097,,0,h1,0.0747,online
fructose,H,1.008,1,O,0.0973,,0,ho,0.422,online
fructose,H,1.008,1,O,0.0973,,0,ho,0.436,online
fructose,H,1.008,1,O,0.0973,,0,ho,0.425,online
fructose,H,1.008,1,O,0.0973,,0,ho,0.422,online
fructose,H,1.008,1,O,0.0973,,0,ho,0.418,online
diethylstilbestrol,O,15.9994,2,C-H,0.0,0.0,0,opls_154,-0.499099,online
diethylstilbestrol,O,15.9994,2,C-H,0.0,0.0,0,opls_154,-0.499099,online
diethylstilbestrol,C,0.0,3,C-C-C,0.0,0.0,0,opls_x,-0.0519,online
diethylstilbestrol,C,0.0,3,C-C-C,0.0,0.0,0,opls_x,-0.0519,online
diethylstilbestrol,C,12.011,4,C-C-H-H,0.0,0.0,0,opls_135,-0.0447,online
diethylstilbestrol,C,12.011,4,C-C-H-H,0.0,0.0,0,opls_135,-0.0447,online
diethylstilbestrol,C,12.011,3,C-C-C,0.0,0.0,1,opls_145,-0.0848,online
diethylstilbestrol,C,12.011,3,C-C-C,0.0,0.0,1,opls_145,-0.0848,online
diethylstilbestrol,C,12.011,4,C-H-H-H,0.0,0.0,0,opls_135,-0.0876,online
diethylstilbestrol,C,12.011,4,C-H-H-H,0.0,0.0,0,opls_135,-0.0876,online
diethylstilbestrol,C,12.011,3,C-C-H,0.0,0.0,0,opls_145,-0.0845,online
diethylstilbestrol,C,12.011,3,C-C-H,0.0,0.0,0,opls_145,-0.0845,online
diethylstilbestrol,C,12.011,3,C-C-H,0.0,0.0,1,opls_145,-0.0845,online
diethylstilbestrol,C,12.011,3,C-C-H,0.0,0.0,1,opls_145,-0.0845,online
diethylstilbestrol,C,12.011,3,C-C-H,0.0,0.0,1,opls_145,-0.1865,online
diethylstilbestrol,C,12.011,3,C-C-H,0.0,0.0,1,opls_145,-0.1865,online
diethylstilbestrol,C,12.011,3,C-C-H,0.0,0.0,1,opls_145,-0.1865,online
diethylstilbestrol,C,12.011,3,C-C-H,0.0,0.0,1,opls_145,-0.1865,online
diethylstilbestrol,C,12.011,3,C-C-O,0.0,0.0,1,opls_145,0.1231,online
diethylstilbestrol,C,12.011,3,C-C-O,0.0,0.0,1,opls_145,0.1231,online
diethylstilbestrol,H,1.008,1,C,0.0,,0,opls_140,0.0507,online
diethylstilbestrol,H,1.008,1,C,0.0,,0,opls_140,0.0507,online
diethylstilbestrol,H,1.008,1,C,0.0,,0,opls_140,0.0507,online
diethylstilbestrol,H,1.008,1,C,0.0,,0,opls_140,0.0507,online
diethylstilbestrol,H,1.008,1,C,0.0,,0,opls_140,0.035033,online
diethylstilbestrol,H,1.008,1,C,0.0,,0,opls_140,0.035033,online
diethylstilbestrol,H,1.008,1,C,0.0,,0,opls_140,0.035033,online
diethylstilbestrol,H,1.008,1,C,0.0,,0,opls_140,0.035033,online
diethylstilbestrol,H,1.008,1,C,0.0,,0,opls_140,0.035033,online
diethylstilbestrol,H,1.008,1,C,0.0,,0,opls_140,0.035033,online
diethylstilbestrol,H,1.008,1,C,0.0,,0,opls_146,0.13825,online
diethylstilbestrol,H,1.008,1,C,0.0,,0,opls_146,0.13825,online
diethylstilbestrol,H,1.008,1,C,0.0,,0,opls_146,0.13825,online
diethylstilbestrol,H,1.008,1,C,0.0,,0,opls_146,0.13825,online
diethylstilbestrol,H,1.008,1,C,0.0,,0,opls_146,0.1425,online
diethylstilbestrol,H,1.008,1,C,0.0,,0,opls_146,0.1425,online
diethylstilbestrol,H,1.008,1,C,0.0,,0,opls_146,0.1425,online
diethylstilbestrol,H,1.008,1,C,0.0,,0,opls_146,0.1425,online
diethylstilbestrol,H,1.008,1,O,0.0,,0,opls_155,0.419,online
diethylstilbestrol,H,1.008,1,O,0.0,,0,opls_155,0.419,online
diethylstilbestrol,O,16.0,2,C-H,0.1168,108.58,0,oh,-0.499099,online
diethylstilbestrol,O,16.0,2,C-H,0.1168,108.58,0,oh,-0.499099,online
diethylstilbestrol,C,12.01,3,C-C-C,0.1449,123.5,0,ce,-0.0519,online
diethylstilbestrol,C,12.01,3,C-C-C,0.1444,122.32,0,cf,-0.0519,online
diethylstilbestrol,C,12.01,4,C-C-H-H,0.131,110.32,0,c3,-0.0447,online
diethylstilbestrol,C,12.01,4,C-C-H-H,0.131,110.34,0,c3,-0.0447,online
diethylstilbestrol,C,12.01,3,C-C-C,0.1426,120.53,1,ca,-0.0848,online
diethylstilbestrol,C,12.01,3,C-C-C,0.1421,120.63,1,ca,-0.0848,online
diethylstilbestrol,C,12.01,4,C-H-H-H,0.1206,108.7,0,c3,-0.0876,online
diethylstilbestrol,C,12.01,4,C-H-H-H,0.1206,108.7,0,c3,-0.0876,online
diethylstilbestrol,C,12.01,3,C-C-H,0.1294,119.93,0,ca,-0.0845,online
diethylstilbestrol,C,12.01,3,C-C-H,0.1294,119.93,0,ca,-0.0845,online
diethylstilbestrol,C,12.01,3,C-C-H,0.1294,119.93,1,ca,-0.0845,online
diethylstilbestrol,C,12.01,3,C-C-H,0.1294,119.93,1,ca,-0.0845,online
diethylstilbestrol,C,12.01,3,C-C-H,0.1294,119.93,1,ca,-0.1865,online
diethylstilbestrol,C,12.01,3,C-C-H,0.1294,119.93,1,ca,-0.1865,online
diethylstilbestrol,C,12.01,3,C-C-H,0.1294,119.93,1,ca,-0.1865,online
diethylstilbestrol,C,12.01,3,C-C-H,0.1294,119.93,1,ca,-0.1865,online
diethylstilbestrol,C,12.01,3,C-C-O,0.1387,119.94,1,ca,0.1231,online
diethylstilbestrol,C,12.01,3,C-C-O,0.1387,119.94,1,ca,0.1231,online
diethylstilbestrol,H,1.008,1,C,0.1096,,0,hc,0.0507,online
diethylstilbestrol,H,1.008,1,C,0.1096,,0,hc,0.0507,online
diethylstilbestrol,H,1.008,1,C,0.1096,,0,hc,0.0507,online
diethylstilbestrol,H,1.008,1,C,0.1096,,0,hc,0.0507,online
diethylstilbestrol,H,1.008,1,C,0.1096,,0,hc,0.035033,online
diethylstilbestrol,H,1.008,1,C,0.1096,,0,hc,0.035033,online
diethylstilbestrol,H,1.008,1,C,0.1096,,0,hc,0.035033,online
diethylstilbestrol,H,1.008,1,C,0.1096,,0,hc,0.035033,online
diethylstilbestrol,H,1.008,1,C,0.1096,,0,hc,0.035033,online
diethylstilbestrol,H,1.008,1,C,0.1096,,0,hc,0.035033,online
diethylstilbestrol,H,1.008,1,C,0.1086,,0,ha,0.13825,online
diethylstilbestrol,H,1.008,1,C,0.1086,,0,ha,0.13825,online
diethylstilbestrol,H,1.008,1,C,0.1086,,0,ha,0.13825,online
diethylstilbestrol,H,1.008,1,C,0.1086,,0,ha,0.13825,online
diethylstilbestrol,H,1.008,1,C,0.1086,,0,ha,0.1425,online
diethylstilbestrol,H,1.008,1,C,0.1086,,0,ha,0.1425,online
diethylstilbestrol,H,1.008,1,C,0.1086,,0,ha,0.1425,online
diethylstilbestrol,H,1.008,1,C,0.1086,,0,ha,0.1425,online
diethylstilbestrol,H,1.008,1,O,0.0973,,0,ho,0.419,online
diethylstilbestrol,H,1.008,1,O,0.0973,,0,ho,0.419,online
valine,O,16.0,2,C-H,0.1164,106.54,0,oh,-0.6021,online
valine,OXT,16.0,1,C,0.1219,,0,o,-0.552,online
valine,N,14.01,3,CA-H-H,0.1168,108.53,0,n8,-0.897798,online
valine,CB,12.01,4,CA-CG-CG-HB,0.1426,111.16,0,c3,-0.0997,online
valine,CA,12.01,4,C-CB-HA-N,0.1406,109.9,0,c3,0.1295,online
valine,CG,12.01,4,CB-HG-HG-HG,0.1206,108.7,0,c3,-0.1001,online
valine,CG,12.01,4,CB-HG-HG-HG,0.1206,108.7,0,c3,-0.1001,online
valine,C,12.01,3,CA-O-OXT,0.1367,119.24,1,c,0.6441,online
valine,HB,1.008,1,CB,0.1096,,0,hc,0.0537,online
valine,HA,1.008,1,CA,0.1097,,0,h1,0.0927,online
valine,HG,1.008,1,CG,0.1096,,0,hc,0.043533,online
valine,HG,1.008,1,CG,0.1096,,0,hc,0.043533,online
valine,HG,1.008,1,CG,0.1096,,0,hc,0.043533,online
valine,HG,1.008,1,CG,0.1096,,0,hc,0.043533,online
valine,HG,1.008,1,CG,0.1096,,0,hc,0.043533,online
valine,HG,1.008,1,CG,0.1096,,0,hc,0.043533,online
valine,H,1.008,1,N,0.1019,,0,hn,0.3633,online
valine,H,1.008,1,N,0.1019,,0,hn,0.3633,online
valine,H,1.008,1,O,0.0973,,0,ho,0.444,online
valine,O,15.9994,2,C-H,0.0,0.0,0,opls_154,-0.6021,online
valine,OXT,15.9994,1,C,0.0,,0,opls_236,-0.552,online
valine,N,0.0,3,CA-H-H,0.0,0.0,0,opls_x,-0.897798,online
valine,CB,12.011,4,CA-CG-CG-HB,0.0,0.0,0,opls_135,-0.0997,online
valine,CA,12.011,4,C-CB-HA-N,0.0,0.0,0,opls_135,0.1295,online
valine,CG,12.011,4,CB-HG-HG-HG,0.0,0.0,0,opls_135,-0.1001,online
valine,CG,12.011,4,CB-HG-HG-HG,0.0,0.0,0,opls_135,-0.1001,online
valine,C,12.011,3,CA-O-OXT,0.0,0.0,1,opls_235,0.6441,online
valine,HB,1.008,1,CB,0.0,,0,opls_140,0.0537,online
valine,HA,1.008,1,CA,0.0,,0,opls_140,0.0927,online
valine,HG,1.008,1,CG,0.0,,0,opls_140,0.043533,online
valine,HG,1.008,1,CG,0.0,,0,opls_140,0.043533,online
valine,HG,1.008,1,CG,0.0,,0,opls_140,0.043533,online
valine,HG,1.008,1,CG,0.0,,0,opls_140,0.043533,online
valine,HG,1.008,1,CG,0.0,,0,opls_140,0.043533,online
valine,HG,1.008,1,CG,0.0,,0,opls_140,0.043533,online
valine,H,1.008,1,N,0.0,,0,opls_240,0.3633,online
valine,H,1.008,1,N,0.0,,0,opls_240,0.3633,online
valine,H,1.008,1,O,0.0,,0,opls_155,0.444,online
propranolol,O,0.0,2,C-C,0.0,0.0,0,opls_x,-0.3469,online
propranolol,O,15.9994,2,C-H,0.0,0.0,0,opls_154,-0.5938,online
propranolol,N,0.0,3,C-C-H,0.0,0.0,0,opls_x,-0.8242,online
propranolol,C,12.011,4,C-C-H-O,0.0,0.0,0,opls_135,0.1441,online
propranolol,C,12.011,4,C-H-H-N,0.0,0.0,0,opls_135,0.1258,online
propranolol,C,12.011,4,C-C-H-N,0.0,0.0,0,opls_135,0.1765,online
propranolol,C,12.011,4,C-H-H-O,0.0,0.0,0,opls_135,0.0964,online
propranolol,C,12.011,4,C-H-H-H,0.0,0.0,0,opls_135,-0.0951,online
propranolol,C,12.011,4,C-H-H-H,0.0,0.0,0,opls_135,-0.0951,online
propranolol,C,12.011,3,C-C-O,0.0,0.0,1,opls_145,0.1491,online
propranolol,C,12.011,3,C-C-C,0.0,0.0,0,opls_145,-0.054,online
propranolol,C,12.011,3,C-C-C,0.0,0.0,1,opls_145,-0.011,online
propranolol,C,12.011,3,C-C-H,0.0,0.0,0,opls_145,-0.216,online
propranolol,C,12.011,3,C-C-H,0.0,0.0,0,opls_145,-0.095,online
propranolol,C,12.011,3,C-C-H,0.0,0.0,1,opls_145,-0.153,online
propranolol,C,12.011,3,C-C-H,0.0,0.0,1,opls_145,-0.091,online
propranolol,C,12.011,3,C-C-H,0.0,0.0,0,opls_145,-0.128,online
propranolol,C,12.011,3,C-C-H,0.0,0.0,1,opls_145,-0.14,online
propranolol,C,12.011,3,C-C-H,0.0,0.0,1,opls_145,-0.117,online
propranolol,H,1.008,1,C,0.0,,0,opls_140,0.0797,online
propranolol,H,1.008,1,C,0.0,,0,opls_140,0.0457,online
propranolol,H,1.008,1,C,0.0,,0,opls_140,0.0457,online
propranolol,H,1.008,1,C,0.0,,0,opls_140,0.0197,online
propranolol,H,1.008,1,N,0.0,,0,opls_240,0.3578,online
propranolol,H,1.008,1,C,0.0,,0,opls_140,0.0602,online
propranolol,H,1.008,1,C,0.0,,0,opls_140,0.0602,online
propranolol,H,1.008,1,C,0.0,,0,opls_140,0.0397,online
propranolol,H,1.008,1,C,0.0,,0,opls_140,0.0397,online
propranolol,H,1.008,1,C,0.0,,0,opls_140,0.0397,online
propranolol,H,1.008,1,C,0.0,,0,opls_140,0.0397,online
propranolol,H,1.008,1,C,0.0,,0,opls_140,0.0397,online
propranolol,H,1.008,1,C,0.0,,0,opls_140,0.0397,online
propranolol,H,1.008,1,O,0.0,,0,opls_155,0.414,online
propranolol,H,1.008,1,C,0.0,,0,opls_146,0.14,online
propranolol,H,1.008,1,C,0.0,,0,opls_146,0.141,online
propranolol,H,1.008,1,C,0.0,,0,opls_146,0.134,online
propranolol,H,1.008,1,C,0.0,,0,opls_146,0.133,online
propranolol,H,1.008,1,C,0.0,,0,opls_146,0.134,online
propranolol,H,1.008,1,C,0.0,,0,opls_146,0.133,online
propranolol,H,1.008,1,C,0.0,,0,opls_146,0.132,online
propranolol,O,16.0,2,C-C,0.1398,118.39,0,os,-0.3469,online
propranolol,O,16.0,2,C-H,0.1198,107.39,0,oh,-0.5938,online
propranolol,N,14.01,3,C-C-H,0.1315,110.77,0,n7,-0.8242,online
propranolol,C,12.01,4,C-C-H-O,0.1398,110.25,0,c3,0.1441,online
propranolol,C,12.01,4,C-H-H-N,0.1298,109.75,0,c3,0.1258,online
propranolol,C,12.01,4,C-C-H-N,0.1408,110.42,0,c3,0.1765,online
propranolol,C,12.01,4,C-H-H-O,0.1289,109.34,0,c3,0.0964,online
propranolol,C,12.01,4,C-H-H-H,0.1206,108.7,0,c3,-0.0951,online
propranolol,C,12.01,4,C-H-H-H,0.1206,108.7,0,c3,-0.0951,online
propranolol,C,12.01,3,C-C-O,0.1389,119.41,1,ca,0.1491,online
propranolol,C,12.01,3,C-C-C,0.1399,120.02,0,ca,-0.054,online
propranolol,C,12.01,3,C-C-C,0.1399,120.02,1,ca,-0.011,online
propranolol,C,12.01,3,C-C-H,0.1294,119.93,0,ca,-0.216,online
propranolol,C,12.01,3,C-C-H,0.1294,119.93,0,ca,-0.095,online
propranolol,C,12.01,3,C-C-H,0.1294,119.93,1,ca,-0.153,online
propranolol,C,12.01,3,C-C-H,0.1294,119.93,1,ca,-0.091,online
propranolol,C,12.01,3,C-C-H,0.1294,119.93,0,ca,-0.128,online
propranolol,C,12.01,3,C-C-H,0.1294,119.93,1,ca,-0.14,online
propranolol,C,12.01,3,C-C-H,0.1294,119.93,1,ca,-0.117,online
propranolol,H,1.008,1,C,0.1097,,0,h1,0.0797,online
propranolol,H,1.008,1,C,0.1097,,0,h1,0.0457,online
propranolol,H,1.008,1,C,0.1097,,0,h1,0.0457,online
propranolol,H,1.008,1,C,0.1097,,0,h1,0.0197,online
propranolol,H,1.008,1,N,0.1019,,0,hn,0.3578,online
propranolol,H,1.008,1,C,0.1097,,0,h1,0.0602,online
propranolol,H,1.008,1,C,0.1097,,0,h1,0.0602,online
propranolol,H,1.008,1,C,0.1096,,0,hc,0.0397,online
propranolol,H,1.008,1,C,0.1096,,0,hc,0.0397,online
propranolol,H,1.008,1,C,0.1096,,0,hc,0.0397,online
propranolol,H,1.008,1,C,0.1096,,0,hc,0.0397,online
propranolol,H,1.008,1,C,0.1096,,0,hc,0.0397,online
propranolol,H,1.008,1,C,0.1096,,0,hc,0.0397,online
propranolol,H,1.008,1,O,0.0973,,0,ho,0.414,online
propranolol,H,1.008,1,C,0.1086,,0,ha,0.14,online
propranolol,H,1.008,1,C,0.1086,,0,ha,0.141,online
propranolol,H,1.008,1,C,0.1086,,0,ha,0.134,online
propranolol,H,1.008,1,C,0.1086,,0,ha,0.133,online
propranolol,H,1.008,1,C,0.1086,,0,ha,0.134,online
propranolol,H,1.008,1,C,0.1086,,0,ha,0.133,online
propranolol,H,1.008,1,C,0.1086,,0,ha,0.132,online
isoleucine,O,16.0,2,C-H,0.1164,106.54,0,oh,-0.6021,online
isoleucine,OXT,16.0,1,C,0.1219,,0,o,-0.562,online
isoleucine,N,14.01,3,CA-H-H,0.1168,108.53,0,n8,-0.8918,online
isoleucine,CB,12.01,4,CA-CG-CG-HB,0.1426,111.16,0,c3,-0.0577,online
isoleucine,CA,12.01,4,C-CB-HA-N,0.1406,109.9,0,c3,0.1385,online
isoleucine,CG,12.01,4,CB-CD-HG-HG,0.1316,109.85,0,c3,-0.0884,online
isoleucine,CG,12.01,4,CB-HG-HG-HG,0.1206,108.7,0,c3,-0.0871,online
isoleucine,CD,12.01,4,CG-HD-HD-HD,0.1206,108.7,0,c3,-0.0921,online
isoleucine,C,12.01,3,CA-O-OXT,0.1367,119.24,1,c,0.5851,online
isoleucine,HB,1.008,1,CB,0.1096,,0,hc,0.0667,online
isoleucine,HA,1.008,1,CA,0.1097,,0,h1,0.0917,online
isoleucine,HG,1.008,1,CG,0.1096,,0,hc,0.0472,online
isoleucine,HG,1.008,1,CG,0.1096,,0,hc,0.0472,online
isoleucine,HG,1.008,1,CG,0.1096,,0,hc,0.0417,online
isoleucine,HG,1.008,1,CG,0.1096,,0,hc,0.0417,online
isoleucine,HG,1.008,1,CG,0.1096,,0,hc,0.0417,online
isoleucine,HD,1.008,1,CD,0.1096,,0,hc,0.0357,online
isoleucine,HD,1.008,1,CD,0.1096,,0,hc,0.0357,online
isoleucine,HD,1.008,1,CD,0.1096,,0,hc,0.0357,online
isoleucine,H,1.008,1,N,0.1019,,0,hn,0.3648,online
isoleucine,H,1.008,1,N,0.1019,,0,hn,0.3648,online
isoleucine,H,1.008,1,O,0.0973,,0,ho,0.443,online
isoleucine,O,15.9994,2,C-H,0.0,0.0,0,opls_154,-0.6021,online
isoleucine,OXT,15.9994,1,C,0.0,,0,opls_236,-0.562,online
isoleucine,N,0.0,3,CA-H-H,0.0,0.0,0,opls_x,-0.8918,online
isoleucine,CB,12.011,4,CA-CG-CG-HB,0.0,0.0,0,opls_135,-0.0577,online
isoleucine,CA,12.011,4,C-CB-HA-N,0.0,0.0,0,opls_135,0.1385,online
isoleucine,CG,12.011,4,CB-CD-HG-HG,0.0,0.0,0,opls_135,-0.0884,online
isoleucine,CG,12.011,4,CB-HG-HG-HG,0.0,0.0,0,opls_135,-0.0871,online
isoleucine,CD,12.011,4,CG-HD-HD-HD,0.0,0.0,0,opls_135,-0.0921,online
isoleucine,C,12.011,3,CA-O-OXT,0.0,0.0,1,opls_235,0.5851,online
isoleucine,HB,1.008,1,CB,0.0,,0,opls_140,0.0667,online
isoleucine,HA,1.008,1,CA,0.0,,0,opls_140,0.0917,online
isoleucine,HG,1.008,1,CG,0.0,,0,opls_140,0.0472,online
isoleucine,HG,1.008,1,CG,0.0,,0,opls_140,0.0472,online
isoleucine,HG,1.008,1,CG,0.0,,0,opls_140,0.0417,online
isoleucine,HG,1.008,1,CG,0.0,,0,opls_140,0.0417,online
isoleucine,HG,1.008,1,CG,0.0,,0,opls_140,0.0417,online
isoleucine,HD,1.008,1,CD,0.0,,0,opls_140,0.0357,online
isoleucine,HD,1.008,1,CD,0.0,,0,opls_140,0.0357,online
isoleucine,HD,1.008,1,CD,0.0,,0,opls_140,0.0357,online
isoleucine,H,1.008,1,N,0.0,,0,opls_240,0.3648,online
isoleucine,H,1.008,1,N,0.0,,0,opls_240,0.3648,online
isoleucine,H,1.008,1,O,0.0,,0,opls_155,0.443,online
mannose,O,0.0,2,C-C,0.0,0.0,0,opls_x,-0.4546,online
mannose,O,15.9994,2,C-H,0.0,0.0,0,opls_154,-0.5858,online
mannose,O,15.9994,2,C-H,0.0,0.0,0,opls_154,-0.5778,online
mannose,O,15.9994,2,C-H,0.0,0.0,0,opls_154,-0.5718,online
mannose,O,15.9994,2,C-H,0.0,0.0,0,opls_154,-0.5678,online
mannose,O,15.9994,2,C-H,0.0,0.0,0,opls_154,-0.5948,online
mannose,C,0.0,4,C-C-H-O,0.0,0.0,0,opls_x,0.0651,online
mannose,C,0.0,4,C-C-H-O,0.0,0.0,0,opls_x,0.0821,online
mannose,C,0.0,4,C-C-H-O,0.0,0.0,0,opls_x,0.0761,online
mannose,C,0.0,4,C-C-H-O,0.0,0.0,0,opls_x,0.0931,online
mannose,C,0.0,4,C-H-O-O,0.0,0.0,0,opls_x,0.3039,online
mannose,C,12.011,4,C-H-H-O,0.0,0.0,0,opls_135,0.1394,online
mannose,H,1.008,1,C,0.0,,0,opls_140,0.0987,online
mannose,H,1.008,1,C,0.0,,0,opls_140,0.0427,online
mannose,H,1.008,1,C,0.0,,0,opls_140,0.0547,online
mannose,H,1.008,1,C,0.0,,0,opls_140,0.1087,online
mannose,H,0.0,1,C,0.0,,0,opls_x,0.0847,online
mannose,H,1.008,1,C,0.0,,0,opls_140,0.0632,online
mannose,H,1.008,1,C,0.0,,0,opls_140,0.0632,online
mannose,H,1.008,1,O,0.0,,0,opls_155,0.406,online
mannose,H,1.008,1,O,0.0,,0,opls_155,0.419,online
mannose,H,1.008,1,O,0.0,,0,opls_155,0.407,online
mannose,H,1.008,1,O,0.0,,0,opls_155,0.429,online
mannose,H,1.008,1,O,0.0,,0,opls_155,0.416,online
mannose,O,16.0,2,C-C,0.143,113.3,0,os,-0.4546,online
mannose,O,16.0,2,C-H,0.1198,107.07,0,oh,-0.5858,online
mannose,O,16.0,2,C-H,0.1198,107.07,0,oh,-0.5778,online
mannose,O,16.0,2,C-H,0.1198,107.07,0,oh,-0.5718,online
mannose,O,16.0,2,C-H,0.1198,107.07,0,oh,-0.5678,online
mannose,O,16.0,2,C-H,0.1198,107.39,0,oh,-0.5948,online
mannose,C,12.01,4,C-C-H-O,0.14,109.91,0,c6,0.0651,online
mannose,C,12.01,4,C-C-H-O,0.14,109.91,0,c6,0.0821,online
mannose,C,12.01,4,C-C-H-O,0.1402,109.03,0,c6,0.0761,online
mannose,C,12.01,4,C-C-H-O,0.14,109.91,0,c6,0.0931,online
mannose,C,12.01,4,C-H-O-O,0.1373,109.66,0,c6,0.3039,online
mannose,C,12.01,4,C-H-H-O,0.129,109.84,0,c3,0.1394,online
mannose,H,1.008,1,C,0.1098,,0,h1,0.0987,online
mannose,H,1.008,1,C,0.1098,,0,h1,0.0427,online
mannose,H,1.008,1,C,0.1098,,0,h1,0.0547,online
mannose,H,1.008,1,C,0.1098,,0,h1,0.1087,online
mannose,H,1.008,1,C,0.1099,,0,h2,0.0847,online
mannose,H,1.008,1,C,0.1097,,0,h1,0.0632,online
mannose,H,1.008,1,C,0.1097,,0,h1,0.0632,online
mannose,H,1.008,1,O,0.0973,,0,ho,0.406,online
mannose,H,1.008,1,O,0.0973,,0,ho,0.419,online
mannose,H,1.008,1,O,0.0973,,0,ho,0.407,online
mannose,H,1.008,1,O,0.0973,,0,ho,0.429,online
mannose,H,1.008,1,O,0.0973,,0,ho,0.416,online
aldosterone,O,15.9994,2,C-H,0.0,0.0,0,opls_154,-0.5908,online
aldosterone,O,15.9994,1,C,0.0,,0,opls_236,-0.5051,online
aldosterone,O,15.9994,1,C,0.0,,0,opls_236,-0.5161,online
aldosterone,O,15.9994,1,C,0.0,,0,opls_236,-0.5331,online
aldosterone,O,15.9994,2,C-H,0.0,0.0,0,opls_154,-0.5888,online
aldosterone,C,0.0,4,C-C-C-H,0.0,0.0,0,opls_x,-0.0467,online
aldosterone,C,0.0,4,C-C-C-H,0.0,0.0,0,opls_x,-0.0587,online
aldosterone,C,0.0,4,C-C-C-C,0.0,0.0,0,opls_x,-0.156,online
aldosterone,C,0.0,4,C-C-C-H,0.0,0.0,0,opls_x,-0.0367,online
aldosterone,C,0.0,4,C-C-C-C,0.0,0.0,0,opls_x,-0.0068,online
aldosterone,C,0.0,4,C-C-H-O,0.0,0.0,0,opls_x,0.1451,online
aldosterone,C,0.0,4,C-C-H-H,0.0,0.0,0,opls_x,-0.1064,online
aldosterone,C,0.0,4,C-C-C-H,0.0,0.0,1,opls_x,-0.1547,online
aldosterone,C,0.0,4,C-C-H-H,0.0,0.0,0,opls_x,-0.0784,online
aldosterone,C,0.0,4,C-C-H-H,0.0,0.0,0,opls_x,-0.0674,online
aldosterone,C,0.0,4,C-C-H-H,0.0,0.0,0,opls_x,-0.0764,online
aldosterone,C,12.011,3,C-C-C,0.0,0.0,1,opls_509,-0.0324,online
aldosterone,C,0.0,4,C-C-H-H,0.0,0.0,1,opls_x,-0.0562,online
aldosterone,C,0.0,4,C-C-H-H,0.0,0.0,0,opls_x,-0.0724,online
aldosterone,C,12.011,3,C-H-O,0.0,0.0,0,opls_235,0.597901,online
aldosterone,C,12.011,4,C-H-H-H,0.0,0.0,0,opls_135,-0.0831,online
aldosterone,C,12.011,3,C-C-O,0.0,0.0,0,opls_235,0.5301,online
aldosterone,C,0.0,4,C-C-H-H,0.0,0.0,0,opls_x,-0.1834,online
aldosterone,C,0.0,3,C-C-H,0.0,0.0,1,opls_x,-0.2642,online
aldosterone,C,12.011,3,C-C-O,0.0,0.0,0,opls_235,0.5703,online
aldosterone,C,12.011,4,C-H-H-O,0.0,0.0,0,opls_135,0.0304,online
aldosterone,H,1.008,1,C,0.0,,0,opls_140,0.0447,online
aldosterone,H,1.008,1,C,0.0,,0,opls_140,0.0927,online
aldosterone,H,1.008,1,C,0.0,,0,opls_140,0.0497,online
aldosterone,H,1.008,1,C,0.0,,0,opls_140,0.0367,online
aldosterone,H,1.008,1,C,0.0,,0,opls_140,0.0527,online
aldosterone,H,1.008,1,C,0.0,,0,opls_140,0.0527,online
aldosterone,H,1.008,1,C,0.0,,0,opls_140,0.0687,online
aldosterone,H,1.008,1,C,0.0,,0,opls_140,0.0612,online
aldosterone,H,1.008,1,C,0.0,,0,opls_140,0.0612,online
aldosterone,H,1.008,1,C,0.0,,0,opls_140,0.0477,online
aldosterone,H,1.008,1,C,0.0,,0,opls_140,0.0477,online
aldosterone,H,1.008,1,C,0.0,,0,opls_140,0.0612,online
aldosterone,H,1.008,1,C,0.0,,0,opls_140,0.0612,online
aldosterone,H,1.008,1,C,0.0,,0,opls_140,0.0592,online
aldosterone,H,1.008,1,C,0.0,,0,opls_140,0.0592,online
aldosterone,H,1.008,1,C,0.0,,0,opls_140,0.0517,online
aldosterone,H,1.008,1,C,0.0,,0,opls_140,0.0517,online
aldosterone,H,1.008,1,C,0.0,,1,opls_146,-0.0048,online
aldosterone,H,1.008,1,C,0.0,,0,opls_140,0.047033,online
aldosterone,H,1.008,1,C,0.0,,0,opls_140,0.047033,online
aldosterone,H,1.008,1,C,0.0,,0,opls_140,0.047033,online
aldosterone,H,1.008,1,C,0.0,,0,opls_140,0.0682,online
aldosterone,H,1.008,1,C,0.0,,0,opls_140,0.0682,online
aldosterone,H,1.008,1,C,0.0,,0,opls_146,0.149,online
aldosterone,H,1.008,1,O,0.0,,0,opls_155,0.4,online
aldosterone,H,1.008,1,C,0.0,,0,opls_140,0.0682,online
aldosterone,H,1.008,1,C,0.0,,0,opls_140,0.0682,online
aldosterone,H,1.008,1,O,0.0,,0,opls_155,0.422,online
aldosterone,O,16.0,2,C-H,0.1198,107.07,0,oh,-0.5908,online
aldosterone,O,16.0,1,C,0.1219,,0,o,-0.5051,online
aldosterone,O,16.0,1,C,0.1219,,0,o,-0.5161,online
aldosterone,O,16.0,1,C,0.1219,,0,o,-0.5331,online
aldosterone,O,16.0,2,C-H,0.1198,107.39,0,oh,-0.5888,online
aldosterone,C,12.01,4,C-C-C-H,0.1433,110.02,0,c5,-0.0467,online
aldosterone,C,12.01,4,C-C-C-H,0.1428,110.23,0,c6,-0.0587,online
aldosterone,C,12.01,4,C-C-C-C,0.1543,109.99,0,c5,-0.156,online
aldosterone,C,12.01,4,C-C-C-H,0.1428,110.25,0,c6,-0.0367,online
aldosterone,C,12.01,4,C-C-C-C,0.1533,111.08,0,c6,-0.0068,online
aldosterone,C,12.01,4,C-C-H-O,0.14,109.91,0,c6,0.1451,online
aldosterone,C,12.01,4,C-C-H-H,0.1318,109.21,0,c6,-0.1064,online
aldosterone,C,12.01,4,C-C-C-H,0.1432,108.42,1,c5,-0.1547,online
aldosterone,C,12.01,4,C-C-H-H,0.1322,109.29,0,c5,-0.0784,online
aldosterone,C,12.01,4,C-C-H-H,0.1318,109.25,0,c6,-0.0674,online
aldosterone,C,12.01,4,C-C-H-H,0.1322,109.29,0,c5,-0.0764,online
aldosterone,C,12.01,3,C-C-C,0.1457,120.42,1,c2,-0.0324,online
aldosterone,C,12.01,4,C-C-H-H,0.1312,109.26,1,c6,-0.0562,online
aldosterone,C,12.01,4,C-C-H-H,0.1318,109.25,0,c6,-0.0724,online
aldosterone,C,12.01,3,C-H-O,0.1289,120.28,0,c,0.597901,online
aldosterone,C,12.01,4,C-H-H-H,0.1208,109.18,0,c3,-0.0831,online
aldosterone,C,12.01,3,C-C-O,0.1427,122.19,0,c,0.5301,online
aldosterone,C,12.01,4,C-C-H-H,0.1316,108.71,0,c6,-0.1834,online
aldosterone,C,12.01,3,C-C-H,0.1306,119.47,1,ce,-0.2642,online
aldosterone,C,12.01,3,C-C-O,0.1411,120.58,0,c,0.5703,online
aldosterone,C,12.01,4,C-H-H-O,0.1286,109.25,0,c3,0.0304,online
aldosterone,H,1.008,1,C,0.1095,,0,hc,0.0447,online
aldosterone,H,1.008,1,C,0.1098,,0,hc,0.0927,online
aldosterone,H,1.008,1,C,0.1098,,0,hc,0.0497,online
aldosterone,H,1.008,1,C,0.1098,,0,h1,0.0367,online
aldosterone,H,1.008,1,C,0.1098,,0,hc,0.0527,online
aldosterone,H,1.008,1,C,0.1098,,0,hc,0.0527,online
aldosterone,H,1.008,1,C,0.1095,,0,hc,0.0687,online
aldosterone,H,1.008,1,C,0.1095,,0,hc,0.0612,online
aldosterone,H,1.008,1,C,0.1095,,0,hc,0.0612,online
aldosterone,H,1.008,1,C,0.1098,,0,hc,0.0477,online
aldosterone,H,1.008,1,C,0.1098,,0,hc,0.0477,online
aldosterone,H,1.008,1,C,0.1095,,0,hc,0.0612,online
aldosterone,H,1.008,1,C,0.1095,,0,hc,0.0612,online
aldosterone,H,1.008,1,C,0.1098,,0,hc,0.0592,online
aldosterone,H,1.008,1,C,0.1098,,0,hc,0.0592,online
aldosterone,H,1.008,1,C,0.1098,,0,hc,0.0517,online
aldosterone,H,1.008,1,C,0.1098,,0,hc,0.0517,online
aldosterone,H,1.008,1,C,0.1112,,1,h4,-0.0048,online
aldosterone,H,1.008,1,C,0.1096,,0,hc,0.047033,online
aldosterone,H,1.008,1,C,0.1096,,0,hc,0.047033,online
aldosterone,H,1.008,1,C,0.1096,,0,hc,0.047033,online
aldosterone,H,1.008,1,C,0.1098,,0,hc,0.0682,online
aldosterone,H,1.008,1,C,0.1098,,0,hc,0.0682,online
aldosterone,H,1.008,1,C,0.1088,,0,ha,0.149,online
aldosterone,H,1.008,1,O,0.0973,,0,ho,0.4,online
aldosterone,H,1.008,1,C,0.1097,,0,h1,0.0682,online
aldosterone,H,1.008,1,C,0.1097,,0,h1,0.0682,online
aldosterone,H,1.008,1,O,0.0973,,0,ho,0.422,online
ergosterol,O,15.9994,2,C-H,0.0,0.0,0,opls_154,-0.603799,online
ergosterol,C,0.0,4,C-C-C-C,0.0,0.0,0,opls_x,-0.042,online
ergosterol,C,0.0,4,C-C-C-H,0.0,0.0,0,opls_x,-0.0335,online
ergosterol,C,0.0,4,C-C-C-H,0.0,0.0,0,opls_x,-0.0517,online
ergosterol,C,0.0,4,C-C-C-H,0.0,0.0,1,opls_x,-0.0155,online
ergosterol,C,0.0,4,C-C-H-H,0.0,0.0,0,opls_x,-0.0674,online
ergosterol,C,12.011,3,C-C-C,0.0,0.0,0,opls_509,-0.0814,online
ergosterol,C,0.0,4,C-C-H-H,0.0,0.0,0,opls_x,-0.0724,online
ergosterol,C,0.0,4,C-C-C-C,0.0,0.0,0,opls_x,0.0032,online
ergosterol,C,0.0,4,C-C-H-H,0.0,0.0,0,opls_x,-0.0784,online
ergosterol,C,0.0,4,C-C-H-H,0.0,0.0,0,opls_x,-0.0734,online
ergosterol,C,12.011,4,C-H-H-H,0.0,0.0,0,opls_135,-0.0821,online
ergosterol,C,12.011,4,C-C-C-H,0.0,0.0,1,opls_135,-0.0265,online
ergosterol,C,12.011,3,C-C-C,0.0,0.0,0,opls_509,-0.1054,online
ergosterol,C,0.0,4,C-C-H-H,0.0,0.0,0,opls_x,-0.0674,online
ergosterol,C,0.0,3,C-C-H,0.0,0.0,1,opls_x,-0.146,online
ergosterol,C,12.011,4,C-H-H-H,0.0,0.0,0,opls_135,-0.0861,online
ergosterol,C,0.0,3,C-C-H,0.0,0.0,1,opls_x,-0.132,online
ergosterol,C,0.0,4,C-C-H-H,0.0,0.0,1,opls_x,-0.0382,online
ergosterol,C,0.0,4,C-C-H-H,0.0,0.0,0,opls_x,-0.1134,online
ergosterol,C,0.0,4,C-C-H-O,0.0,0.0,0,opls_x,0.1451,online
ergosterol,C,12.011,4,C-H-H-H,0.0,0.0,0,opls_135,-0.0871,online
ergosterol,C,12.011,3,C-C-H,0.0,0.0,0,opls_509,-0.1682,online
ergosterol,C,12.011,3,C-C-H,0.0,0.0,0,opls_509,-0.1662,online
ergosterol,C,12.011,4,C-C-C-H,0.0,0.0,1,opls_135,-0.0315,online
ergosterol,C,12.011,4,C-C-C-H,0.0,0.0,0,opls_135,-0.0607,online
ergosterol,C,12.011,4,C-H-H-H,0.0,0.0,0,opls_135,-0.0871,online
ergosterol,C,12.011,4,C-H-H-H,0.0,0.0,0,opls_135,-0.0906,online
ergosterol,C,12.011,4,C-H-H-H,0.0,0.0,0,opls_135,-0.0906,online
ergosterol,H,1.008,1,C,0.0,,0,opls_140,0.0547,online
ergosterol,H,1.008,1,C,0.0,,0,opls_140,0.0467,online
ergosterol,H,1.008,1,C,0.0,,0,opls_140,0.0527,online
ergosterol,H,1.008,1,C,0.0,,0,opls_140,0.0422,online
ergosterol,H,1.008,1,C,0.0,,0,opls_140,0.0422,online
ergosterol,H,1.008,1,C,0.0,,0,opls_140,0.0452,online
ergosterol,H,1.008,1,C,0.0,,0,opls_140,0.0452,online
ergosterol,H,1.008,1,C,0.0,,0,opls_140,0.0447,online
ergosterol,H,1.008,1,C,0.0,,0,opls_140,0.0447,online
ergosterol,H,1.008,1,C,0.0,,0,opls_140,0.0437,online
ergosterol,H,1.008,1,C,0.0,,0,opls_140,0.0437,online
ergosterol,H,1.008,1,C,0.0,,0,opls_140,0.038033,online
ergosterol,H,1.008,1,C,0.0,,0,opls_140,0.038033,online
ergosterol,H,1.008,1,C,0.0,,0,opls_140,0.038033,online
ergosterol,H,1.008,1,C,0.0,,0,opls_140,0.0547,online
ergosterol,H,1.008,1,C,0.0,,0,opls_140,0.0437,online
ergosterol,H,1.008,1,C,0.0,,0,opls_140,0.0437,online
ergosterol,H,1.008,1,C,0.0,,0,opls_146,0.131,online
ergosterol,H,1.008,1,C,0.0,,0,opls_140,0.039367,online
ergosterol,H,1.008,1,C,0.0,,0,opls_140,0.039367,online
ergosterol,H,1.008,1,C,0.0,,0,opls_140,0.039367,online
ergosterol,H,1.008,1,C,0.0,,0,opls_146,0.128,online
ergosterol,H,1.008,1,C,0.0,,0,opls_140,0.0622,online
ergosterol,H,1.008,1,C,0.0,,0,opls_140,0.0622,online
ergosterol,H,1.008,1,C,0.0,,0,opls_140,0.0477,online
ergosterol,H,1.008,1,C,0.0,,0,opls_140,0.0477,online
ergosterol,H,1.008,1,C,0.0,,0,opls_140,0.0367,online
ergosterol,H,1.008,1,C,0.0,,0,opls_140,0.0357,online
ergosterol,H,1.008,1,C,0.0,,0,opls_140,0.0357,online
ergosterol,H,1.008,1,C,0.0,,0,opls_140,0.0357,online
ergosterol,H,1.008,1,C,0.0,,0,opls_146,0.121,online
ergosterol,H,1.008,1,C,0.0,,0,opls_146,0.121,online
ergosterol,H,1.008,1,O,0.0,,0,opls_155,0.399,online
ergosterol,H,1.008,1,C,0.0,,0,opls_140,0.0507,online
ergosterol,H,1.008,1,C,0.0,,0,opls_140,0.0457,online
ergosterol,H,1.008,1,C,0.0,,0,opls_140,0.035033,online
ergosterol,H,1.008,1,C,0.0,,0,opls_140,0.035033,online
ergosterol,H,1.008,1,C,0.0,,0,opls_140,0.035033,online
ergosterol,H,1.008,1,C,0.0,,0,opls_140,0.0342,online
ergosterol,H,1.008,1,C,0.0,,0,opls_140,0.0342,online
ergosterol,H,1.008,1,C,0.0,,0,opls_140,0.0342,online
ergosterol,H,1.008,1,C,0.0,,0,opls_140,0.0342,online
ergosterol,H,1.008,1,C,0.0,,0,opls_140,0.0342,online
ergosterol,H,1.008,1,C,0.0,,0,opls_140,0.0342,online
ergosterol,O,16.0,2,C-H,0.1198,107.07,0,oh,-0.603799,online
ergosterol,C,12.01,4,C-C-C-C,0.1543,111.52,0,c5,-0.042,online
ergosterol,C,12.01,4,C-C-C-H,0.1427,108.8,0,c5,-0.0335,online
ergosterol,C,12.01,4,C-C-C-H,0.1432,110.19,0,c5,-0.0517,online
ergosterol,C,12.01,4,C-C-C-H,0.1422,110.35,1,c6,-0.0155,online
ergosterol,C,12.01,4,C-C-H-H,0.1318,109.21,0,c6,-0.0674,online
ergosterol,C,12.01,3,C-C-C,0.1458,118.25,0,c2,-0.0814,online
ergosterol,C,12.01,4,C-C-H-H,0.1322,109.29,0,c5,-0.0724,online
ergosterol,C,12.01,4,C-C-C-C,0.1533,111.08,0,c6,0.0032,online
ergosterol,C,12.01,4,C-C-H-H,0.1322,109.29,0,c5,-0.0784,online
ergosterol,C,12.01,4,C-C-H-H,0.1318,109.25,0,c6,-0.0734,online
ergosterol,C,12.01,4,C-H-H-H,0.1206,109.13,0,c3,-0.0821,online
ergosterol,C,12.01,4,C-C-C-H,0.1419,111.84,1,c3,-0.0265,online
ergosterol,C,12.01,3,C-C-C,0.1457,120.42,0,c2,-0.1054,online
ergosterol,C,12.01,4,C-C-H-H,0.1318,109.25,0,c6,-0.0674,online
ergosterol,C,12.01,3,C-C-H,0.1298,119.95,1,ce,-0.146,online
ergosterol,C,12.01,4,C-H-H-H,0.1208,109.18,0,c3,-0.0861,online
ergosterol,C,12.01,3,C-C-H,0.1298,119.95,1,ce,-0.132,online
ergosterol,C,12.01,4,C-C-H-H,0.1312,109.26,1,c6,-0.0382,online
ergosterol,C,12.01,4,C-C-H-H,0.1318,109.25,0,c6,-0.1134,online
ergosterol,C,12.01,4,C-C-H-O,0.14,109.91,0,c6,0.1451,online
ergosterol,C,12.01,4,C-H-H-H,0.1206,108.7,0,c3,-0.0871,online
ergosterol,C,12.01,3,C-C-H,0.1312,120.13,0,c2,-0.1682,online
ergosterol,C,12.01,3,C-C-H,0.1312,120.13,0,c2,-0.1662,online
ergosterol,C,12.01,4,C-C-C-H,0.1419,111.3,1,c3,-0.0315,online
ergosterol,C,12.01,4,C-C-C-H,0.1426,111.16,0,c3,-0.0607,online
ergosterol,C,12.01,4,C-H-H-H,0.1206,108.7,0,c3,-0.0871,online
ergosterol,C,12.01,4,C-H-H-H,0.1206,108.7,0,c3,-0.0906,online
ergosterol,C,12.01,4,C-H-H-H,0.1206,108.7,0,c3,-0.0906,online
ergosterol,H,1.008,1,C,0.1095,,0,hc,0.0547,online
ergosterol,H,1.008,1,C,0.1095,,0,hc,0.0467,online
ergosterol,H,1.008,1,C,0.1098,,0,hc,0.0527,online
ergosterol,H,1.008,1,C,0.1098,,0,hc,0.0422,online
ergosterol,H,1.008,1,C,0.1098,,0,hc,0.0422,online
ergosterol,H,1.008,1,C,0.1095,,0,hc,0.0452,online
ergosterol,H,1.008,1,C,0.1095,,0,hc,0.0452,online
ergosterol,H,1.008,1,C,0.1095,,0,hc,0.0447,online
ergosterol,H,1.008,1,C,0.1095,,0,hc,0.0447,online
ergosterol,H,1.008,1,C,0.1098,,0,hc,0.0437,online
ergosterol,H,1.008,1,C,0.1098,,0,hc,0.0437,online
ergosterol,H,1.008,1,C,0.1096,,0,hc,0.038033,online
ergosterol,H,1.008,1,C,0.1096,,0,hc,0.038033,online
ergosterol,H,1.008,1,C,0.1096,,0,hc,0.038033,online
ergosterol,H,1.008,1,C,0.1096,,0,hc,0.0547,online
ergosterol,H,1.008,1,C,0.1098,,0,hc,0.0437,online
ergosterol,H,1.008,1,C,0.1098,,0,hc,0.0437,online
ergosterol,H,1.008,1,C,0.1088,,0,ha,0.131,online
ergosterol,H,1.008,1,C,0.1096,,0,hc,0.039367,online
ergosterol,H,1.008,1,C,0.1096,,0,hc,0.039367,online
ergosterol,H,1.008,1,C,0.1096,,0,hc,0.039367,online
ergosterol,H,1.008,1,C,0.1088,,0,ha,0.128,online
ergosterol,H,1.008,1,C,0.1098,,0,hc,0.0622,online
ergosterol,H,1.008,1,C,0.1098,,0,hc,0.0622,online
ergosterol,H,1.008,1,C,0.1098,,0,hc,0.0477,online
ergosterol,H,1.008,1,C,0.1098,,0,hc,0.0477,online
ergosterol,H,1.008,1,C,0.1098,,0,h1,0.0367,online
ergosterol,H,1.008,1,C,0.1096,,0,hc,0.0357,online
ergosterol,H,1.008,1,C,0.1096,,0,hc,0.0357,online
ergosterol,H,1.008,1,C,0.1096,,0,hc,0.0357,online
ergosterol,H,1.008,1,C,0.1088,,0,ha,0.121,online
ergosterol,H,1.008,1,C,0.1088,,0,ha,0.121,online
ergosterol,H,1.008,1,O,0.0973,,0,ho,0.399,online
ergosterol,H,1.008,1,C,0.1096,,0,hc,0.0507,online
ergosterol,H,1.008,1,C,0.1096,,0,hc,0.0457,online
ergosterol,H,1.008,1,C,0.1096,,0,hc,0.035033,online
ergosterol,H,1.008,1,C,0.1096,,0,hc,0.035033,online
ergosterol,H,1.008,1,C,0.1096,,0,hc,0.035033,online
ergosterol,H,1.008,1,C,0.1096,,0,hc,0.0342,online
ergosterol,H,1.008,1,C,0.1096,,0,hc,0.0342,online
ergosterol,H,1.008,1,C,0.1096,,0,hc,0.0342,online
ergosterol,H,1.008,1,C,0.1096,,0,hc,0.0342,online
ergosterol,H,1.008,1,C,0.1096,,0,hc,0.0342,online
ergosterol,H,1.008,1,C,0.1096,,0,hc,0.0342,online
lanosterol,O,16.0,2,C-H,0.1198,107.07,0,oh,-0.597794,online
lanosterol,C,12.01,4,C-C-C-C,0.1543,111.52,0,c5,-0.036,online
lanosterol,C,12.01,4,C-C-C-C,0.1537,109.95,1,c5,-0.0148,online
lanosterol,C,12.01,4,C-C-C-H,0.1432,110.19,0,c5,-0.0537,online
lanosterol,C,12.01,4,C-C-C-C,0.1533,111.08,1,c6,0.0062,online
lanosterol,C,12.01,3,C-C-C,0.1456,120.32,0,c2,-0.0954,online
lanosterol,C,12.01,4,C-C-C-H,0.1428,110.25,0,c6,-0.0447,online
lanosterol,C,12.01,3,C-C-C,0.1455,120.67,0,c2,-0.1174,online
lanosterol,C,12.01,4,C-C-H-H,0.1322,109.29,0,c5,-0.0694,online
lanosterol,C,12.01,4,C-C-H-H,0.1318,109.21,0,c6,-0.0624,online
lanosterol,C,12.01,4,C-C-H-H,0.1322,109.29,0,c5,-0.0774,online
lanosterol,C,12.01,4,C-C-H-H,0.1312,109.26,0,c6,-0.0342,online
lanosterol,C,12.01,4,C-C-C-C,0.1541,110.94,0,c6,-0.07,online
lanosterol,C,12.01,4,C-C-H-H,0.1312,109.26,0,c6,-0.0362,online
lanosterol,C,12.01,4,C-C-H-H,0.1318,109.25,0,c6,-0.0744,online
lanosterol,C,12.01,4,C-C-H-H,0.1318,109.25,0,c6,-0.0774,online
lanosterol,C,12.01,4,C-C-C-H,0.1426,111.65,0,c3,-0.0557,online
lanosterol,C,12.01,4,C-H-H-H,0.1206,109.13,0,c3,-0.0871,online
lanosterol,C,12.01,4,C-H-H-H,0.1206,109.13,0,c3,-0.0811,online
lanosterol,C,12.01,4,C-C-H-O,0.14,109.91,0,c6,0.1481,online
lanosterol,C,12.01,4,C-C-H-H,0.1318,109.25,0,c6,-0.1104,online
lanosterol,C,12.01,4,C-H-H-H,0.1208,109.18,0,c3,-0.0871,online
lanosterol,C,12.01,4,C-H-H-H,0.1208,109.18,0,c3,-0.0861,online
lanosterol,C,12.01,4,C-H-H-H,0.1208,109.18,0,c3,-0.0861,online
lanosterol,C,12.01,4,C-C-H-H,0.1316,109.85,0,c3,-0.0744,online
lanosterol,C,12.01,4,C-H-H-H,0.1206,108.7,0,c3,-0.0901,online
lanosterol,C,12.01,4,C-C-H-H,0.1309,110.16,1,c3,-0.0472,online
lanosterol,C,12.01,3,C-C-H,0.1312,120.13,0,c2,-0.1752,online
lanosterol,C,12.01,3,C-C-C,0.1452,121.64,0,c2,-0.1264,online
lanosterol,C,12.01,4,C-H-H-H,0.1199,109.19,1,c3,-0.0574,online
lanosterol,C,12.01,4,C-H-H-H,0.1199,109.19,0,c3,-0.0574,online
lanosterol,H,1.008,1,C,0.1095,,0,hc,0.0487,online
lanosterol,H,1.008,1,C,0.1098,,0,hc,0.0507,online
lanosterol,H,1.008,1,C,0.1095,,0,hc,0.0437,online
lanosterol,H,1.008,1,C,0.1095,,0,hc,0.0437,online
lanosterol,H,1.008,1,C,0.1098,,0,hc,0.0407,online
lanosterol,H,1.008,1,C,0.1098,,0,hc,0.0407,online
lanosterol,H,1.008,1,C,0.1095,,0,hc,0.0422,online
lanosterol,H,1.008,1,C,0.1095,,0,hc,0.0422,online
lanosterol,H,1.008,1,C,0.1098,,0,hc,0.0437,online
lanosterol,H,1.008,1,C,0.1098,,0,hc,0.0437,online
lanosterol,H,1.008,1,C,0.1098,,0,hc,0.0487,online
lanosterol,H,1.008,1,C,0.1098,,0,hc,0.0487,online
lanosterol,H,1.008,1,C,0.1098,,0,hc,0.0442,online
lanosterol,H,1.008,1,C,0.1098,,0,hc,0.0442,online
lanosterol,H,1.008,1,C,0.1098,,0,hc,0.0437,online
lanosterol,H,1.008,1,C,0.1098,,0,hc,0.0437,online
lanosterol,H,1.008,1,C,0.1096,,0,hc,0.0487,online
lanosterol,H,1.008,1,C,0.1096,,0,hc,0.037033,online
lanosterol,H,1.008,1,C,0.1096,,0,hc,0.037033,online
lanosterol,H,1.008,1,C,0.1096,,0,hc,0.037033,online
lanosterol,H,1.008,1,C,0.1096,,0,hc,0.036033,online
lanosterol,H,1.008,1,C,0.1096,,0,hc,0.036033,online
lanosterol,H,1.008,1,C,0.1096,,0,hc,0.036033,online
lanosterol,H,1.008,1,C,0.1098,,0,h1,0.0697,online
lanosterol,H,1.008,1,C,0.1098,,0,hc,0.0512,online
lanosterol,H,1.008,1,C,0.1098,,0,hc,0.0512,online
lanosterol,H,1.008,1,C,0.1096,,0,hc,0.037033,online
lanosterol,H,1.008,1,C,0.1096,,0,hc,0.037033,online
lanosterol,H,1.008,1,C,0.1096,,0,hc,0.037033,online
lanosterol,H,1.008,1,C,0.1096,,0,hc,0.0372,online
lanosterol,H,1.008,1,C,0.1096,,0,hc,0.0372,online
lanosterol,H,1.008,1,C,0.1096,,0,hc,0.0372,online
lanosterol,H,1.008,1,C,0.1096,,0,hc,0.0372,online
lanosterol,H,1.008,1,C,0.1096,,0,hc,0.0372,online
lanosterol,H,1.008,1,C,0.1096,,0,hc,0.0372,online
lanosterol,H,1.008,1,C,0.1096,,0,hc,0.0407,online
lanosterol,H,1.008,1,C,0.1096,,0,hc,0.0407,online
lanosterol,H,1.008,1,C,0.1096,,0,hc,0.034033,online
lanosterol,H,1.008,1,C,0.1096,,0,hc,0.034033,online
lanosterol,H,1.008,1,C,0.1096,,0,hc,0.034033,online
lanosterol,H,1.008,1,O,0.0973,,0,ho,0.399,online
lanosterol,H,1.008,1,C,0.1096,,0,hc,0.0482,online
lanosterol,H,1.008,1,C,0.1096,,0,hc,0.0482,online
lanosterol,H,1.008,1,C,0.1088,,0,ha,0.122,online
lanosterol,H,1.008,1,C,0.1096,,0,hc,0.040033,online
lanosterol,H,1.008,1,C,0.1096,,0,hc,0.040033,online
lanosterol,H,1.008,1,C,0.1096,,0,hc,0.040033,online
lanosterol,H,1.008,1,C,0.1096,,0,hc,0.040033,online
lanosterol,H,1.008,1,C,0.1096,,0,hc,0.040033,online
lanosterol,H,1.008,1,C,0.1096,,0,hc,0.040033,online
lanosterol,O,15.9994,2,C-H,0.0,0.0,0,opls_154,-0.597794,online
lanosterol,C,0.0,4,C-C-C-C,0.0,0.0,0,opls_x,-0.036,online
lanosterol,C,0.0,4,C-C-C-C,0.0,0.0,1,opls_x,-0.0148,online
lanosterol,C,0.0,4,C-C-C-H,0.0,0.0,0,opls_x,-0.0537,online
lanosterol,C,0.0,4,C-C-C-C,0.0,0.0,1,opls_x,0.0062,online
lanosterol,C,12.011,3,C-C-C,0.0,0.0,0,opls_509,-0.0954,online
lanosterol,C,0.0,4,C-C-C-H,0.0,0.0,0,opls_x,-0.0447,online
lanosterol,C,12.011,3,C-C-C,0.0,0.0,0,opls_509,-0.1174,online
lanosterol,C,0.0,4,C-C-H-H,0.0,0.0,0,opls_x,-0.0694,online
lanosterol,C,0.0,4,C-C-H-H,0.0,0.0,0,opls_x,-0.0624,online
lanosterol,C,0.0,4,C-C-H-H,0.0,0.0,0,opls_x,-0.0774,online
lanosterol,C,0.0,4,C-C-H-H,0.0,0.0,0,opls_x,-0.0342,online
lanosterol,C,0.0,4,C-C-C-C,0.0,0.0,0,opls_x,-0.07,online
lanosterol,C,0.0,4,C-C-H-H,0.0,0.0,0,opls_x,-0.0362,online
lanosterol,C,0.0,4,C-C-H-H,0.0,0.0,0,opls_x,-0.0744,online
lanosterol,C,0.0,4,C-C-H-H,0.0,0.0,0,opls_x,-0.0774,online
lanosterol,C,12.011,4,C-C-C-H,0.0,0.0,0,opls_135,-0.0557,online
lanosterol,C,12.011,4,C-H-H-H,0.0,0.0,0,opls_135,-0.0871,online
lanosterol,C,12.011,4,C-H-H-H,0.0,0.0,0,opls_135,-0.0811,online
lanosterol,C,0.0,4,C-C-H-O,0.0,0.0,0,opls_x,0.1481,online
lanosterol,C,0.0,4,C-C-H-H,0.0,0.0,0,opls_x,-0.1104,online
lanosterol,C,12.011,4,C-H-H-H,0.0,0.0,0,opls_135,-0.0871,online
lanosterol,C,12.011,4,C-H-H-H,0.0,0.0,0,opls_135,-0.0861,online
lanosterol,C,12.011,4,C-H-H-H,0.0,0.0,0,opls_135,-0.0861,online
lanosterol,C,12.011,4,C-C-H-H,0.0,0.0,0,opls_135,-0.0744,online
lanosterol,C,12.011,4,C-H-H-H,0.0,0.0,0,opls_135,-0.0901,online
lanosterol,C,12.011,4,C-C-H-H,0.0,0.0,1,opls_135,-0.0472,online
lanosterol,C,12.011,3,C-C-H,0.0,0.0,0,opls_509,-0.1752,online
lanosterol,C,12.011,3,C-C-C,0.0,0.0,0,opls_509,-0.1264,online
lanosterol,C,12.011,4,C-H-H-H,0.0,0.0,1,opls_135,-0.0574,online
lanosterol,C,12.011,4,C-H-H-H,0.0,0.0,0,opls_135,-0.0574,online
lanosterol,H,1.008,1,C,0.0,,0,opls_140,0.0487,online
lanosterol,H,1.008,1,C,0.0,,0,opls_140,0.0507,online
lanosterol,H,1.008,1,C,0.0,,0,opls_140,0.0437,online
lanosterol,H,1.008,1,C,0.0,,0,opls_140,0.0437,online
lanosterol,H,1.008,1,C,0.0,,0,opls_140,0.0407,online
lanosterol,H,1.008,1,C,0.0,,0,opls_140,0.0407,online
lanosterol,H,1.008,1,C,0.0,,0,opls_140,0.0422,online
lanosterol,H,1.008,1,C,0.0,,0,opls_140,0.0422,online
lanosterol,H,1.008,1,C,0.0,,0,opls_140,0.0437,online
lanosterol,H,1.008,1,C,0.0,,0,opls_140,0.0437,online
lanosterol,H,1.008,1,C,0.0,,0,opls_140,0.0487,online
lanosterol,H,1.008,1,C,0.0,,0,opls_140,0.0487,online
lanosterol,H,1.008,1,C,0.0,,0,opls_140,0.0442,online
lanosterol,H,1.008,1,C,0.0,,0,opls_140,0.0442,online
lanosterol,H,1.008,1,C,0.0,,0,opls_140,0.0437,online
lanosterol,H,1.008,1,C,0.0,,0,opls_140,0.0437,online
lanosterol,H,1.008,1,C,0.0,,0,opls_140,0.0487,online
lanosterol,H,1.008,1,C,0.0,,0,opls_140,0.037033,online
lanosterol,H,1.008,1,C,0.0,,0,opls_140,0.037033,online
lanosterol,H,1.008,1,C,0.0,,0,opls_140,0.037033,online
lanosterol,H,1.008,1,C,0.0,,0,opls_140,0.036033,online
lanosterol,H,1.008,1,C,0.0,,0,opls_140,0.036033,online
lanosterol,H,1.008,1,C,0.0,,0,opls_140,0.036033,online
lanosterol,H,1.008,1,C,0.0,,0,opls_140,0.0697,online
lanosterol,H,1.008,1,C,0.0,,0,opls_140,0.0512,online
lanosterol,H,1.008,1,C,0.0,,0,opls_140,0.0512,online
lanosterol,H,1.008,1,C,0.0,,0,opls_140,0.037033,online
lanosterol,H,1.008,1,C,0.0,,0,opls_140,0.037033,online
lanosterol,H,1.008,1,C,0.0,,0,opls_140,0.037033,online
lanosterol,H,1.008,1,C,0.0,,0,opls_140,0.0372,online
lanosterol,H,1.008,1,C,0.0,,0,opls_140,0.0372,online
lanosterol,H,1.008,1,C,0.0,,0,opls_140,0.0372,online
lanosterol,H,1.008,1,C,0.0,,0,opls_140,0.0372,online
lanosterol,H,1.008,1,C,0.0,,0,opls_140,0.0372,online
lanosterol,H,1.008,1,C,0.0,,0,opls_140,0.0372,online
lanosterol,H,1.008,1,C,0.0,,0,opls_140,0.0407,online
lanosterol,H,1.008,1,C,0.0,,0,opls_140,0.0407,online
lanosterol,H,1.008,1,C,0.0,,0,opls_140,0.034033,online
lanosterol,H,1.008,1,C,0.0,,0,opls_140,0.034033,online
lanosterol,H,1.008,1,C,0.0,,0,opls_140,0.034033,online
lanosterol,H,1.008,1,O,0.0,,0,opls_155,0.399,online
lanosterol,H,1.008,1,C,0.0,,0,opls_140,0.0482,online
lanosterol,H,1.008,1,C,0.0,,0,opls_140,0.0482,online
lanosterol,H,1.008,1,C,0.0,,0,opls_146,0.122,online
lanosterol,H,1.008,1,C,0.0,,0,opls_140,0.040033,online
lanosterol,H,1.008,1,C,0.0,,0,opls_140,0.040033,online
lanosterol,H,1.008,1,C,0.0,,0,opls_140,0.040033,online
lanosterol,H,1.008,1,C,0.0,,0,opls_140,0.040033,online
lanosterol,H,1.008,1,C,0.0,,0,opls_140,0.040033,online
lanosterol,H,1.008,1,C,0.0,,0,opls_140,0.040033,online
theophylline,O,15.9994,1,C,0.0,,0,opls_236,-0.6245,online
theophylline,O,15.9994,1,C,0.0,,0,opls_236,-0.6355,online
theophylline,N,14.0067,3,C-C-C,0.0,0.0,1,opls_237,-0.4173,online
theophylline,N,14.0067,3,C-C-C,0.0,0.0,1,opls_237,-0.4844,online
theophylline,N,14.0067,3,C-C-H,0.0,0.0,1,opls_503,-0.2669,online
theophylline,N,14.0067,2,C-C,0.0,0.0,0,opls_511,-0.684,online
theophylline,C,12.011,3,C-N-N,0.0,0.0,1,opls_500,0.4872,online
theophylline,C,12.011,3,C-C-N,0.0,0.0,0,opls_500,-0.3532,online
theophylline,C,12.011,3,C-N-O,0.0,0.0,1,opls_235,0.7621,online
theophylline,C,12.011,3,N-N-O,0.0,0.0,1,opls_235,0.814501,online
theophylline,C,12.011,4,H-H-H-N,0.0,0.0,1,opls_135,0.0903,online
theophylline,C,12.011,4,H-H-H-N,0.0,0.0,0,opls_135,0.0803,online
theophylline,C,12.011,3,H-N-N,0.0,0.0,1,opls_500,0.4484,online
theophylline,H,1.008,1,N,0.0,,0,opls_240,0.3277,online
theophylline,H,1.008,1,C,0.0,,0,opls_140,0.064033,online
theophylline,H,1.008,1,C,0.0,,0,opls_140,0.064033,online
theophylline,H,1.008,1,C,0.0,,0,opls_140,0.064033,online
theophylline,H,1.008,1,C,0.0,,0,opls_140,0.0637,online
theophylline,H,1.008,1,C,0.0,,0,opls_140,0.0637,online
theophylline,H,1.008,1,C,0.0,,0,opls_140,0.0637,online
theophylline,H,1.008,1,C,0.0,,0,opls_146,0.0721,online
theophylline,O,16.0,1,C,0.1219,,0,o,-0.6245,online
theophylline,O,16.0,1,C,0.1219,,0,o,-0.6355,online
theophylline,N,14.01,3,C-C-C,0.1415,120.73,1,n,-0.4173,online
theophylline,N,14.01,3,C-C-C,0.1419,120.96,1,n,-0.4844,online
theophylline,N,14.01,3,C-C-H,0.1258,120.46,1,na,-0.2669,online
theophylline,N,14.01,2,C-C,0.134,109.15,0,nc,-0.684,online
theophylline,C,12.01,3,C-N-N,0.1373,120.95,1,cc,0.4872,online
theophylline,C,12.01,3,C-C-N,0.141,118.48,0,cd,-0.3532,online
theophylline,C,12.01,3,C-N-O,0.1363,119.62,1,c,0.7621,online
theophylline,C,12.01,3,N-N-O,0.1337,120.44,1,c,0.814501,online
theophylline,C,12.01,4,H-H-H-N,0.1189,108.66,1,c3,0.0903,online
theophylline,C,12.01,4,H-H-H-N,0.1189,108.66,0,c3,0.0803,online
theophylline,C,12.01,3,H-N-N,0.1261,119.71,1,cd,0.4484,online
theophylline,H,1.008,1,N,0.1009,,0,hn,0.3277,online
theophylline,H,1.008,1,C,0.1097,,0,h1,0.064033,online
theophylline,H,1.008,1,C,0.1097,,0,h1,0.064033,online
theophylline,H,1.008,1,C,0.1097,,0,h1,0.064033,online
theophylline,H,1.008,1,C,0.1097,,0,h1,0.0637,online
theophylline,H,1.008,1,C,0.1097,,0,h1,0.0637,online
theophylline,H,1.008,1,C,0.1097,,0,h1,0.0637,online
theophylline,H,1.008,1,C,0.1082,,0,h5,0.0721,online
tryptophan,O,15.9994,2,C-H,0.0,0.0,0,opls_154,-0.6161,online
tryptophan,OXT,15.9994,1,C,0.0,,0,opls_236,-0.547,online
tryptophan,NE,14.0067,3,CD-CE-HE,0.0,0.0,0,opls_503,-0.1924,online
tryptophan,N,0.0,3,CA-H-H,0.0,0.0,0,opls_x,-0.9108,online
tryptophan,CG,12.011,3,CB-CD-CD,0.0,0.0,0,opls_500,-0.1534,online
tryptophan,CB,12.011,4,CA-CG-HB-HB,0.0,0.0,0,opls_135,-0.0092,online
tryptophan,CD,12.011,3,CE-CE-CG,0.0,0.0,1,opls_145,-0.0898,online
tryptophan,CA,12.011,4,C-CB-HA-N,0.0,0.0,0,opls_135,0.1405,online
tryptophan,CE,12.011,3,CD-CZ-NE,0.0,0.0,0,opls_145,-0.0472,online
tryptophan,CD,12.011,3,CG-HD-NE,0.0,0.0,1,opls_500,-0.1041,online
tryptophan,CE,12.011,3,CD-CZ-HE,0.0,0.0,1,opls_145,-0.082,online
tryptophan,CZ,12.011,3,CE-CH-HZ,0.0,0.0,1,opls_145,-0.149,online
tryptophan,C,12.011,3,CA-O-OXT,0.0,0.0,1,opls_235,0.6441,online
tryptophan,CZ,12.011,3,CE-CH-HZ,0.0,0.0,1,opls_145,-0.158,online
tryptophan,CH,12.011,3,CZ-CZ-HH,0.0,0.0,1,opls_145,-0.111,online
tryptophan,HB,1.008,1,CB,0.0,,0,opls_140,0.0737,online
tryptophan,HB,1.008,1,CB,0.0,,0,opls_140,0.0737,online
tryptophan,HA,1.008,1,CA,0.0,,0,opls_140,0.0537,online
tryptophan,HD,1.008,1,CD,0.0,,1,opls_146,0.162,online
tryptophan,HE,1.008,1,NE,0.0,,0,opls_240,0.2987,online
tryptophan,HE,1.008,1,CE,0.0,,0,opls_146,0.158,online
tryptophan,HZ,1.008,1,CZ,0.0,,0,opls_146,0.131,online
tryptophan,HZ,1.008,1,CZ,0.0,,0,opls_146,0.131,online
tryptophan,H,1.008,1,N,0.0,,0,opls_240,0.3648,online
tryptophan,H,1.008,1,N,0.0,,0,opls_240,0.3648,online
tryptophan,HH,1.008,1,CH,0.0,,0,opls_146,0.129,online
tryptophan,H,1.008,1,O,0.0,,0,opls_155,0.445,online
tryptophan,O,16.0,2,C-H,0.1164,106.54,0,oh,-0.6161,online
tryptophan,OXT,16.0,1,C,0.1219,,0,o,-0.547,online
tryptophan,NE,14.01,3,CD-CE-HE,0.1259,119.84,0,na,-0.1924,online
tryptophan,N,14.01,3,CA-H-H,0.1168,108.53,0,n8,-0.9108,online
tryptophan,CG,12.01,3,CB-CD-CD,0.1442,123.36,0,cc,-0.1534,online
tryptophan,CB,12.01,4,CA-CG-HB-HB,0.1307,110.13,0,c3,-0.0092,online
tryptophan,CD,12.01,3,CE-CE-CG,0.1417,120.61,1,ca,-0.0898,online
tryptophan,CA,12.01,4,C-CB-HA-N,0.1406,109.9,0,c3,0.1405,online
tryptophan,CE,12.01,3,CD-CZ-NE,0.1394,120.21,0,ca,-0.0472,online
tryptophan,CD,12.01,3,CG-HD-NE,0.1279,118.93,1,cd,-0.1041,online
tryptophan,CE,12.01,3,CD-CZ-HE,0.1294,119.93,1,ca,-0.082,online
tryptophan,CZ,12.01,3,CE-CH-HZ,0.1294,119.93,1,ca,-0.149,online
tryptophan,C,12.01,3,CA-O-OXT,0.1367,119.24,1,c,0.6441,online
tryptophan,CZ,12.01,3,CE-CH-HZ,0.1294,119.93,1,ca,-0.158,online
tryptophan,CH,12.01,3,CZ-CZ-HH,0.1294,119.93,1,ca,-0.111,online
tryptophan,HB,1.008,1,CB,0.1096,,0,hc,0.0737,online
tryptophan,HB,1.008,1,CB,0.1096,,0,hc,0.0737,online
tryptophan,HA,1.008,1,CA,0.1097,,0,h1,0.0537,online
tryptophan,HD,1.008,1,CD,0.1082,,1,h4,0.162,online
tryptophan,HE,1.008,1,NE,0.1009,,0,hn,0.2987,online
tryptophan,HE,1.008,1,CE,0.1086,,0,ha,0.158,online
tryptophan,HZ,1.008,1,CZ,0.1086,,0,ha,0.131,online
tryptophan,HZ,1.008,1,CZ,0.1086,,0,ha,0.131,online
tryptophan,H,1.008,1,N,0.1019,,0,hn,0.3648,online
tryptophan,H,1.008,1,N,0.1019,,0,hn,0.3648,online
tryptophan,HH,1.008,1,CH,0.1086,,0,ha,0.129,online
tryptophan,H,1.008,1,O,0.0973,,0,ho,0.445,online
adenosine,O*,16.0,2,C*-C*,0.1435,109.26,0,os,-0.4126,online
adenosine,O*,16.0,2,C*-H,0.1196,107.17,0,oh,-0.5628,online
adenosine,O*,16.0,2,C*-H,0.1196,107.17,0,oh,-0.5868,online
adenosine,O*,16.0,2,C*-H*,0.1198,107.39,0,oh,-0.5888,online
adenosine,N,14.01,3,C-C-C*,0.1409,121.02,1,na,-0.284,online
adenosine,N,14.01,2,C-C,0.1351,104.17,0,nc,-0.5321,online
adenosine,N,14.01,2,C-C,0.1339,117.24,1,nb,-0.734,online
adenosine,N,14.01,2,C-C,0.1339,117.24,1,nb,-0.795,online
adenosine,N,14.01,3,C-H-H,0.1132,116.25,0,nv,-0.9635,online
adenosine,C*,12.01,4,C*-C*-H*-O*,0.1403,109.95,0,c5,0.1301,online
adenosine,C*,12.01,4,C*-H*-N-O*,0.1384,109.4,0,c5,0.2108,online
adenosine,C*,12.01,4,C*-C*-H*-O*,0.1403,109.95,0,c5,0.0801,online
adenosine,C*,12.01,4,C*-C*-H*-O*,0.1404,109.6,0,c5,0.0471,online
adenosine,C*,12.01,4,C*-H*-H*-O*,0.1289,109.65,0,c3,0.1184,online
adenosine,C,12.01,3,C-N-N,0.1375,123.45,1,ca,0.4778,online
adenosine,C,12.01,3,H-N-N,0.1261,119.71,0,cd,0.3947,online
adenosine,C,12.01,3,C-C-N,0.1394,121.25,0,ca,-0.2402,online
adenosine,C,12.01,3,C-N-N,0.1371,120.22,1,ca,0.7672,online
adenosine,C,12.01,3,H-N-N,0.1255,119.63,0,ca,0.6919,online
adenosine,H*,1.008,1,C*,0.1097,,0,h1,0.1017,online
adenosine,H*,1.008,1,C*,0.1095,,0,h2,0.1357,online
adenosine,H*,1.008,1,C*,0.1097,,0,h1,0.0607,online
adenosine,H*,1.008,1,C*,0.1097,,0,h1,0.0957,online
adenosine,H*,1.008,1,C*,0.1097,,0,h1,0.0502,online
adenosine,H*,1.008,1,C*,0.1097,,0,h1,0.0502,online
adenosine,H,1.008,1,O*,0.0973,,0,ho,0.427,online
adenosine,H,1.008,1,O*,0.0973,,0,ho,0.419,online
adenosine,H,1.008,1,C,0.1082,,0,h5,0.0668,online
adenosine,H*,1.008,1,O*,0.0973,,0,ho,0.419,online
adenosine,H,1.008,1,C,0.1088,,0,h5,0.0541,online
adenosine,H,1.008,1,N,0.1011,,1,hn,0.4508,online
adenosine,H,1.008,1,N,0.1011,,0,hn,0.4508,online
adenosine,O*,0.0,2,C*-C*,0.0,0.0,0,opls_x,-0.4126,online
adenosine,O*,15.9994,2,C*-H,0.0,0.0,0,opls_154,-0.5628,online
adenosine,O*,15.9994,2,C*-H,0.0,0.0,0,opls_154,-0.5868,online
adenosine,O*,15.9994,2,C*-H*,0.0,0.0,0,opls_154,-0.5888,online
adenosine,N,14.0067,3,C-C-C*,0.0,0.0,1,opls_503,-0.284,online
adenosine,N,14.0067,2,C-C,0.0,0.0,0,opls_511,-0.5321,online
adenosine,N,0.0,2,C-C,0.0,0.0,1,opls_x,-0.734,online
adenosine,N,0.0,2,C-C,0.0,0.0,1,opls_x,-0.795,online
adenosine,N,0.0,3,C-H-H,0.0,0.0,0,opls_x,-0.9635,online
adenosine,C*,0.0,4,C*-C*-H*-O*,0.0,0.0,0,opls_x,0.1301,online
adenosine,C*,0.0,4,C*-H*-N-O*,0.0,0.0,0,opls_x,0.2108,online
adenosine,C*,0.0,4,C*-C*-H*-O*,0.0,0.0,0,opls_x,0.0801,online
adenosine,C*,0.0,4,C*-C*-H*-O*,0.0,0.0,0,opls_x,0.0471,online
adenosine,C*,12.011,4,C*-H*-H*-O*,0.0,0.0,0,opls_135,0.1184,online
adenosine,C,12.011,3,C-N-N,0.0,0.0,1,opls_145,0.4778,online
adenosine,C,12.011,3,H-N-N,0.0,0.0,0,opls_500,0.3947,online
adenosine,C,12.011,3,C-C-N,0.0,0.0,0,opls_145,-0.2402,online
adenosine,C,12.011,3,C-N-N,0.0,0.0,1,opls_145,0.7672,online
adenosine,C,12.011,3,H-N-N,0.0,0.0,0,opls_145,0.6919,online
adenosine,H*,1.008,1,C*,0.0,,0,opls_140,0.1017,online
adenosine,H*,0.0,1,C*,0.0,,0,opls_x,0.1357,online
adenosine,H*,1.008,1,C*,0.0,,0,opls_140,0.0607,online
adenosine,H*,1.008,1,C*,0.0,,0,opls_140,0.0957,online
adenosine,H*,1.008,1,C*,0.0,,0,opls_140,0.0502,online
adenosine,H*,1.008,1,C*,0.0,,0,opls_140,0.0502,online
adenosine,H,1.008,1,O*,0.0,,0,opls_155,0.427,online
adenosine,H,1.008,1,O*,0.0,,0,opls_155,0.419,online
adenosine,H,1.008,1,C,0.0,,0,opls_146,0.0668,online
adenosine,H*,1.008,1,O*,0.0,,0,opls_155,0.419,online
adenosine,H,1.008,1,C,0.0,,0,opls_146,0.0541,online
adenosine,H,1.008,1,N,0.0,,1,opls_240,0.4508,online
adenosine,H,1.008,1,N,0.0,,0,opls_240,0.4508,online
diclofenac,CL,0.0,1,C,0.0,,0,opls_x,-0.0714,online
diclofenac,CL,0.0,1,C,0.0,,0,opls_x,-0.0714,online
diclofenac,O,15.9994,2,C-H,0.0,0.0,0,opls_154,-0.6031,online
diclofenac,O,15.9994,1,C,0.0,,1,opls_236,-0.566,online
diclofenac,N,0.0,3,C-C-H,0.0,0.0,0,opls_x,-0.625,online
diclofenac,C,12.011,3,C-C-C,0.0,0.0,0,opls_145,-0.1343,online
diclofenac,C,12.011,3,C-C-N,0.0,0.0,0,opls_145,0.1716,online
diclofenac,C,12.011,4,C-C-H-H,0.0,0.0,0,opls_135,-0.0751,online
diclofenac,C,12.011,3,C-C-N,0.0,0.0,1,opls_145,0.1356,online
diclofenac,C,12.011,3,C-C-H,0.0,0.0,1,opls_145,-0.089,online
diclofenac,C,12.011,3,C-C-H,0.0,0.0,1,opls_145,-0.175,online
diclofenac,C,12.011,3,C-C-H,0.0,0.0,1,opls_145,-0.163,online
diclofenac,C,12.011,3,C-C-H,0.0,0.0,1,opls_145,-0.09,online
diclofenac,C,12.011,3,C-C-CL,0.0,0.0,1,opls_145,-0.0011,online
diclofenac,C,12.011,3,C-C-CL,0.0,0.0,1,opls_145,-0.0011,online
diclofenac,C,12.011,3,C-O-O,0.0,0.0,0,opls_235,0.6431,online
diclofenac,C,12.011,3,C-C-H,0.0,0.0,0,opls_145,-0.1135,online
diclofenac,C,12.011,3,C-C-H,0.0,0.0,1,opls_145,-0.1135,online
diclofenac,C,12.011,3,C-C-H,0.0,0.0,1,opls_145,-0.128,online
diclofenac,H,1.008,1,C,0.0,,0,opls_140,0.0907,online
diclofenac,H,1.008,1,C,0.0,,0,opls_140,0.0907,online
diclofenac,H,1.008,1,N,0.0,,0,opls_240,0.4508,online
diclofenac,H,1.008,1,C,0.0,,0,opls_146,0.134,online
diclofenac,H,1.008,1,C,0.0,,0,opls_146,0.143,online
diclofenac,H,1.008,1,C,0.0,,0,opls_146,0.135,online
diclofenac,H,1.008,1,C,0.0,,0,opls_146,0.134,online
diclofenac,H,1.008,1,C,0.0,,0,opls_146,0.1515,online
diclofenac,H,1.008,1,C,0.0,,0,opls_146,0.1515,online
diclofenac,H,1.008,1,C,0.0,,0,opls_146,0.144,online
diclofenac,H,1.008,1,O,0.0,,0,opls_155,0.445,online
diclofenac,CL,35.45,1,C,0.1757,,0,cl,-0.0714,online
diclofenac,CL,35.45,1,C,0.1757,,0,cl,-0.0714,online
diclofenac,O,16.0,2,C-H,0.1164,106.54,0,oh,-0.6031,online
diclofenac,O,16.0,1,C,0.1219,,1,o,-0.566,online
diclofenac,N,14.01,3,C-C-H,0.1268,119.91,0,nu,-0.625,online
diclofenac,C,12.01,3,C-C-C,0.1437,120.56,0,ca,-0.1343,online
diclofenac,C,12.01,3,C-C-N,0.1397,120.5,0,ca,0.1716,online
diclofenac,C,12.01,4,C-C-H-H,0.1309,109.67,0,c3,-0.0751,online
diclofenac,C,12.01,3,C-C-N,0.1397,120.5,1,ca,0.1356,online
diclofenac,C,12.01,3,C-C-H,0.1294,119.93,1,ca,-0.089,online
diclofenac,C,12.01,3,C-C-H,0.1294,119.93,1,ca,-0.175,online
diclofenac,C,12.01,3,C-C-H,0.1294,119.93,1,ca,-0.163,online
diclofenac,C,12.01,3,C-C-H,0.1294,119.93,1,ca,-0.09,online
diclofenac,C,12.01,3,C-C-CL,0.1518,119.59,1,ca,-0.0011,online
diclofenac,C,12.01,3,C-C-CL,0.1518,119.59,1,ca,-0.0011,online
diclofenac,C,12.01,3,C-O-O,0.1367,119.24,0,c,0.6431,online
diclofenac,C,12.01,3,C-C-H,0.1294,119.93,0,ca,-0.1135,online
diclofenac,C,12.01,3,C-C-H,0.1294,119.93,1,ca,-0.1135,online
diclofenac,C,12.01,3,C-C-H,0.1294,119.93,1,ca,-0.128,online
diclofenac,H,1.008,1,C,0.1096,,0,hc,0.0907,online
diclofenac,H,1.008,1,C,0.1096,,0,hc,0.0907,online
diclofenac,H,1.008,1,N,0.1014,,0,hn,0.4508,online
diclofenac,H,1.008,1,C,0.1086,,0,ha,0.134,online
diclofenac,H,1.008,1,C,0.1086,,0,ha,0.143,online
diclofenac,H,1.008,1,C,0.1086,,0,ha,0.135,online
diclofenac,H,1.008,1,C,0.1086,,0,ha,0.134,online
diclofenac,H,1.008,1,C,0.1086,,0,ha,0.1515,online
diclofenac,H,1.008,1,C,0.1086,,0,ha,0.1515,online
diclofenac,H,1.008,1,C,0.1086,,0,ha,0.144,online
diclofenac,H,1.008,1,O,0.0973,,0,ho,0.445,online
metformin,N,14.0067,3,C-C-C,0.0,0.0,1,opls_300,-0.7196,online
metformin,N,0.0,2,C-C,0.0,0.0,0,opls_x,-0.856,online
metformin,N,0.0,2,C-H,0.0,0.0,0,opls_x,-0.8711,online
metformin,N,0.0,3,C-H-H,0.0,0.0,1,opls_x,-0.9188,online
metformin,N,0.0,3,C-H-H,0.0,0.0,0,opls_x,-0.9188,online
metformin,C,12.011,4,H-H-H-N,0.0,0.0,0,opls_135,0.1616,online
metformin,C,12.011,4,H-H-H-N,0.0,0.0,0,opls_135,0.1616,online
metformin,C,0.0,3,N-N-N,0.0,0.0,1,opls_x,0.8202,online
metformin,C,12.011,3,N-N-N,0.0,0.0,0,opls_509,0.8461,online
metformin,H,1.008,1,C,0.0,,0,opls_140,0.0362,online
metformin,H,1.008,1,C,0.0,,0,opls_140,0.0362,online
metformin,H,1.008,1,C,0.0,,0,opls_140,0.0362,online
metformin,H,1.008,1,C,0.0,,0,opls_140,0.0362,online
metformin,H,1.008,1,C,0.0,,0,opls_140,0.0362,online
metformin,H,1.008,1,C,0.0,,0,opls_140,0.0362,online
metformin,H,1.008,1,N,0.0,,0,opls_240,0.4084,online
metformin,H,1.008,1,N,0.0,,1,opls_240,0.4173,online
metformin,H,1.008,1,N,0.0,,0,opls_240,0.4173,online
metformin,H,1.008,1,N,0.0,,1,opls_240,0.4173,online
metformin,H,1.008,1,N,0.0,,0,opls_240,0.4173,online
metformin,N,14.01,3,C-C-C,0.1436,119.57,1,nh,-0.7196,online
metformin,N,14.01,2,C-C,0.1343,115.8,0,ne,-0.856,online
metformin,N,14.01,2,C-H,0.1155,110.98,0,n2,-0.8711,online
metformin,N,14.01,3,C-H-H,0.1138,115.13,1,nv,-0.9188,online
metformin,N,14.01,3,C-H-H,0.1138,115.13,0,nv,-0.9188,online
metformin,C,12.01,4,H-H-H-N,0.1188,109.12,0,c3,0.1616,online
metformin,C,12.01,4,H-H-H-N,0.1188,109.12,0,c3,0.1616,online
metformin,C,12.01,3,N-N-N,0.1355,121.51,1,ce,0.8202,online
metformin,C,12.01,3,N-N-N,0.1358,119.36,0,c2,0.8461,online
metformin,H,1.008,1,C,0.1097,,0,h1,0.0362,online
metformin,H,1.008,1,C,0.1097,,0,h1,0.0362,online
metformin,H,1.008,1,C,0.1097,,0,h1,0.0362,online
metformin,H,1.008,1,C,0.1097,,0,h1,0.0362,online
metformin,H,1.008,1,C,0.1097,,0,h1,0.0362,online
metformin,H,1.008,1,C,0.1097,,0,h1,0.0362,online
metformin,H,1.008,1,N,0.1022,,0,hn,0.4084,online
metformin,H,1.008,1,N,0.1011,,1,hn,0.4173,online
metformin,H,1.008,1,N,0.1011,,0,hn,0.4173,online
metformin,H,1.008,1,N,0.1011,,1,hn,0.4173,online
metformin,H,1.008,1,N,0.1011,,0,hn,0.4173,online
phenylalanine,O,16.0,2,C-H,0.1164,106.54,0,oh,-0.5911,online
phenylalanine,OXT,16.0,1,C,0.1219,,0,o,-0.556,online
phenylalanine,N,14.01,3,CA-H-H,0.1168,108.53,0,n8,-0.9048,online
phenylalanine,CB,12.01,4,CA-CG-HB-HB,0.1311,110.13,0,c3,-0.0751,online
phenylalanine,CA,12.01,4,C-CB-HA-N,0.1406,109.9,0,c3,0.1315,online
phenylalanine,CG,12.01,3,CB-CD-CD,0.1437,120.56,0,ca,-0.0903,online
phenylalanine,CD,12.01,3,CE-CG-HD,0.1294,119.93,0,ca,-0.122,online
phenylalanine,CD,12.01,3,CE-CG-HD,0.1294,119.93,1,ca,-0.122,online
phenylalanine,C,12.01,3,CA-O-OXT,0.1367,119.24,1,c,0.6461,online
phenylalanine,CE,12.01,3,CD-CZ-HE,0.1294,119.93,1,ca,-0.1265,online
phenylalanine,CE,12.01,3,CD-CZ-HE,0.1294,119.93,1,ca,-0.1265,online
phenylalanine,CZ,12.01,3,CE-CE-HZ,0.1294,119.93,1,ca,-0.126,online
phenylalanine,HB,1.008,1,CB,0.1096,,0,hc,0.0627,online
phenylalanine,HB,1.008,1,CB,0.1096,,0,hc,0.0627,online
phenylalanine,HA,1.008,1,CA,0.1097,,0,h1,0.0977,online
phenylalanine,HD,1.008,1,CD,0.1086,,0,ha,0.134,online
phenylalanine,HD,1.008,1,CD,0.1086,,0,ha,0.134,online
phenylalanine,H,1.008,1,N,0.1019,,0,hn,0.3638,online
phenylalanine,H,1.008,1,N,0.1019,,0,hn,0.3638,online
phenylalanine,HE,1.008,1,CE,0.1086,,0,ha,0.1335,online
phenylalanine,HE,1.008,1,CE,0.1086,,0,ha,0.1335,online
phenylalanine,HZ,1.008,1,CZ,0.1086,,0,ha,0.133,online
phenylalanine,H,1.008,1,O,0.0973,,0,ho,0.444,online
phenylalanine,O,15.9994,2,C-H,0.0,0.0,0,opls_154,-0.5911,online
phenylalanine,OXT,15.9994,1,C,0.0,,0,opls_236,-0.556,online
phenylalanine,N,0.0,3,CA-H-H,0.0,0.0,0,opls_x,-0.9048,online
phenylalanine,CB,12.011,4,CA-CG-HB-HB,0.0,0.0,0,opls_135,-0.0751,online
phenylalanine,CA,12.011,4,C-CB-HA-N,0.0,0.0,0,opls_135,0.1315,online
phenylalanine,CG,12.011,3,CB-CD-CD,0.0,0.0,0,opls_145,-0.0903,online
phenylalanine,CD,12.011,3,CE-CG-HD,0.0,0.0,0,opls_145,-0.122,online
phenylalanine,CD,12.011,3,CE-CG-HD,0.0,0.0,1,opls_145,-0.122,online
phenylalanine,C,12.011,3,CA-O-OXT,0.0,0.0,1,opls_235,0.6461,online
phenylalanine,CE,12.011,3,CD-CZ-HE,0.0,0.0,1,opls_145,-0.1265,online
phenylalanine,CE,12.011,3,CD-CZ-HE,0.0,0.0,1,opls_145,-0.1265,online
phenylalanine,CZ,12.011,3,CE-CE-HZ,0.0,0.0,1,opls_145,-0.126,online
phenylalanine,HB,1.008,1,CB,0.0,,0,opls_140,0.0627,online
phenylalanine,HB,1.008,1,CB,0.0,,0,opls_140,0.0627,online
phenylalanine,HA,1.008,1,CA,0.0,,0,opls_140,0.0977,online
phenylalanine,HD,1.008,1,CD,0.0,,0,opls_146,0.134,online
phenylalanine,HD,1.008,1,CD,0.0,,0,opls_146,0.134,online
phenylalanine,H,1.008,1,N,0.0,,0,opls_240,0.3638,online
phenylalanine,H,1.008,1,N,0.0,,0,opls_240,0.3638,online
phenylalanine,HE,1.008,1,CE,0.0,,0,opls_146,0.1335,online
phenylalanine,HE,1.008,1,CE,0.0,,0,opls_146,0.1335,online
phenylalanine,HZ,1.008,1,CZ,0.0,,0,opls_146,0.133,online
phenylalanine,H,1.008,1,O,0.0,,0,opls_155,0.444,online
atenolol,O,0.0,2,C-C,0.0,0.0,0,opls_x,-0.3169,online
atenolol,O,15.9994,2,C-H,0.0,0.0,0,opls_154,-0.5898,online
atenolol,O,15.9994,1,C,0.0,,0,opls_236,-0.6191,online
atenolol,N,0.0,3,C-C-H,0.0,0.0,0,opls_x,-0.824198,online
atenolol,N,0.0,3,C-H-H,0.0,0.0,1,opls_x,-0.667,online
atenolol,C,12.011,4,C-H-H-N,0.0,0.0,0,opls_135,0.1318,online
atenolol,C,12.011,4,C-C-H-O,0.0,0.0,0,opls_135,0.1441,online
atenolol,C,12.011,4,C-C-H-N,0.0,0.0,0,opls_135,0.1795,online
atenolol,C,12.011,4,C-H-H-O,0.0,0.0,0,opls_135,0.1354,online
atenolol,C,12.011,4,C-H-H-H,0.0,0.0,0,opls_135,-0.0961,online
atenolol,C,12.011,4,C-H-H-H,0.0,0.0,0,opls_135,-0.0961,online
atenolol,C,12.011,3,C-C-O,0.0,0.0,1,opls_145,0.1401,online
atenolol,C,12.011,3,C-C-C,0.0,0.0,0,opls_145,-0.1353,online
atenolol,C,12.011,3,C-C-H,0.0,0.0,1,opls_145,-0.1815,online
atenolol,C,12.011,3,C-C-H,0.0,0.0,1,opls_145,-0.1815,online
atenolol,C,12.011,3,C-C-H,0.0,0.0,1,opls_145,-0.093,online
atenolol,C,12.011,3,C-C-H,0.0,0.0,1,opls_145,-0.093,online
atenolol,C,12.011,4,C-C-H-H,0.0,0.0,0,opls_135,-0.1041,online
atenolol,C,12.011,3,C-N-O,0.0,0.0,0,opls_235,0.6551,online
atenolol,H,1.008,1,C,0.0,,0,opls_140,0.0442,online
atenolol,H,1.008,1,C,0.0,,0,opls_140,0.0442,online
atenolol,H,1.008,1,C,0.0,,0,opls_140,0.0387,online
atenolol,H,1.008,1,C,0.0,,0,opls_140,0.0187,online
atenolol,H,1.008,1,N,0.0,,0,opls_240,0.3568,online
atenolol,H,1.008,1,C,0.0,,0,opls_140,0.0567,online
atenolol,H,1.008,1,C,0.0,,0,opls_140,0.0567,online
atenolol,H,1.008,1,C,0.0,,0,opls_140,0.040533,online
atenolol,H,1.008,1,C,0.0,,0,opls_140,0.040533,online
atenolol,H,1.008,1,C,0.0,,0,opls_140,0.040533,online
atenolol,H,1.008,1,C,0.0,,0,opls_140,0.040533,online
atenolol,H,1.008,1,C,0.0,,0,opls_140,0.040533,online
atenolol,H,1.008,1,C,0.0,,0,opls_140,0.040533,online
atenolol,H,1.008,1,O,0.0,,0,opls_155,0.403,online
atenolol,H,1.008,1,C,0.0,,0,opls_146,0.146,online
atenolol,H,1.008,1,C,0.0,,0,opls_146,0.146,online
atenolol,H,1.008,1,C,0.0,,0,opls_146,0.137,online
atenolol,H,1.008,1,C,0.0,,0,opls_146,0.137,online
atenolol,H,1.008,1,C,0.0,,0,opls_140,0.0812,online
atenolol,H,1.008,1,C,0.0,,0,opls_140,0.0812,online
atenolol,H,1.008,1,N,0.0,,1,opls_240,0.3105,online
atenolol,H,1.008,1,N,0.0,,0,opls_240,0.3105,online
atenolol,O,16.0,2,C-C,0.1398,118.39,0,os,-0.3169,online
atenolol,O,16.0,2,C-H,0.1198,107.39,0,oh,-0.5898,online
atenolol,O,16.0,1,C,0.1219,,0,o,-0.6191,online
atenolol,N,14.01,3,C-C-H,0.1315,110.77,0,n7,-0.824198,online
atenolol,N,14.01,3,C-H-H,0.1129,118.28,1,nt,-0.667,online
atenolol,C,12.01,4,C-H-H-N,0.1298,109.75,0,c3,0.1318,online
atenolol,C,12.01,4,C-C-H-O,0.1398,110.25,0,c3,0.1441,online
atenolol,C,12.01,4,C-C-H-N,0.1408,110.42,0,c3,0.1795,online
atenolol,C,12.01,4,C-H-H-O,0.1289,109.34,0,c3,0.1354,online
atenolol,C,12.01,4,C-H-H-H,0.1206,108.7,0,c3,-0.0961,online
atenolol,C,12.01,4,C-H-H-H,0.1206,108.7,0,c3,-0.0961,online
atenolol,C,12.01,3,C-C-O,0.1389,119.41,1,ca,0.1401,online
atenolol,C,12.01,3,C-C-C,0.1437,120.56,0,ca,-0.1353,online
atenolol,C,12.01,3,C-C-H,0.1294,119.93,1,ca,-0.1815,online
atenolol,C,12.01,3,C-C-H,0.1294,119.93,1,ca,-0.1815,online
atenolol,C,12.01,3,C-C-H,0.1294,119.93,1,ca,-0.093,online
atenolol,C,12.01,3,C-C-H,0.1294,119.93,1,ca,-0.093,online
atenolol,C,12.01,4,C-C-H-H,0.1309,109.67,0,c3,-0.1041,online
atenolol,C,12.01,3,C-N-O,0.1371,120.41,0,c,0.6551,online
atenolol,H,1.008,1,C,0.1097,,0,h1,0.0442,online
atenolol,H,1.008,1,C,0.1097,,0,h1,0.0442,online
atenolol,H,1.008,1,C,0.1097,,0,h1,0.0387,online
atenolol,H,1.008,1,C,0.1097,,0,h1,0.0187,online
atenolol,H,1.008,1,N,0.1019,,0,hn,0.3568,online
atenolol,H,1.008,1,C,0.1097,,0,h1,0.0567,online
atenolol,H,1.008,1,C,0.1097,,0,h1,0.0567,online
atenolol,H,1.008,1,C,0.1096,,0,hc,0.040533,online
atenolol,H,1.008,1,C,0.1096,,0,hc,0.040533,online
atenolol,H,1.008,1,C,0.1096,,0,hc,0.040533,online
atenolol,H,1.008,1,C,0.1096,,0,hc,0.040533,online
atenolol,H,1.008,1,C,0.1096,,0,hc,0.040533,online
atenolol,H,1.008,1,C,0.1096,,0,hc,0.040533,online
atenolol,H,1.008,1,O,0.0973,,0,ho,0.403,online
atenolol,H,1.008,1,C,0.1086,,0,ha,0.146,online
atenolol,H,1.008,1,C,0.1086,,0,ha,0.146,online
atenolol,H,1.008,1,C,0.1086,,0,ha,0.137,online
atenolol,H,1.008,1,C,0.1086,,0,ha,0.137,online
atenolol,H,1.008,1,C,0.1096,,0,hc,0.0812,online
atenolol,H,1.008,1,C,0.1096,,0,hc,0.0812,online
atenolol,H,1.008,1,N,0.1011,,1,hn,0.3105,online
atenolol,H,1.008,1,N,0.1011,,0,hn,0.3105,online
guanine,O,15.9994,1,C,0.0,,0,opls_236,-0.6365,online
guanine,N,14.0067,3,C-C-H,0.0,0.0,1,opls_503,-0.2799,online
guanine,N,0.0,3,C-C-H,0.0,0.0,1,opls_x,-0.4924,online
guanine,N,14.0067,2,C-C,0.0,0.0,1,opls_511,-0.6927,online
guanine,N,14.0067,2,C-C,0.0,0.0,0,opls_511,-0.645,online
guanine,N,0.0,3,C-H-H,0.0,0.0,0,opls_x,-0.8798,online
guanine,C,12.011,3,C-C-N,0.0,0.0,0,opls_500,-0.3512,online
guanine,C,12.011,3,C-N-N,0.0,0.0,1,opls_500,0.5883,online
guanine,C,12.011,3,C-N-O,0.0,0.0,1,opls_235,0.7471,online
guanine,C,12.011,3,N-N-N,0.0,0.0,1,opls_500,0.6458,online
guanine,C,12.011,3,H-N-N,0.0,0.0,1,opls_500,0.4414,online
guanine,H,1.008,1,N,0.0,,0,opls_240,0.3227,online
guanine,H,1.008,1,N,0.0,,0,opls_240,0.3385,online
guanine,H,1.008,1,C,0.0,,0,opls_146,0.0681,online
guanine,H,1.008,1,N,0.0,,1,opls_240,0.4128,online
guanine,H,1.008,1,N,0.0,,0,opls_240,0.4128,online
guanine,O,16.0,1,C,0.1219,,0,o,-0.6365,online
guanine,N,14.01,3,C-C-H,0.1258,120.46,1,na,-0.2799,online
guanine,N,14.01,3,C-C-H,0.1257,120.85,1,ns,-0.4924,online
guanine,N,14.01,2,C-C,0.134,109.15,1,nc,-0.6927,online
guanine,N,14.01,2,C-C,0.134,109.15,0,nc,-0.645,online
guanine,N,14.01,3,C-H-H,0.1131,116.24,0,nv,-0.8798,online
guanine,C,12.01,3,C-C-N,0.141,118.48,0,cd,-0.3512,online
guanine,C,12.01,3,C-N-N,0.1366,120.13,1,cc,0.5883,online
guanine,C,12.01,3,C-N-O,0.1357,119.65,1,c,0.7471,online
guanine,C,12.01,3,N-N-N,0.1355,120.08,1,cd,0.6458,online
guanine,C,12.01,3,H-N-N,0.1261,119.71,1,cd,0.4414,online
guanine,H,1.008,1,N,0.1009,,0,hn,0.3227,online
guanine,H,1.008,1,N,0.1013,,0,hn,0.3385,online
guanine,H,1.008,1,C,0.1082,,0,h5,0.0681,online
guanine,H,1.008,1,N,0.1011,,1,hn,0.4128,online
guanine,H,1.008,1,N,0.1011,,0,hn,0.4128,online
aspirin,O,16.0,2,C-C,0.1365,121.29,0,os,-0.3812,online
aspirin,O,16.0,2,C-H,0.1164,106.54,0,oh,-0.6051,online
aspirin,O,16.0,1,C,0.1219,,1,o,-0.565,online
aspirin,O,16.0,1,C,0.1219,,0,o,-0.518,online
aspirin,C,12.01,3,C-C-O,0.1389,119.41,1,ca,0.1801,online
aspirin,C,12.01,3,C-C-C,0.1429,120.23,0,ca,-0.1476,online
aspirin,C,12.01,3,C-C-H,0.1294,119.93,0,ca,-0.147,online
aspirin,C,12.01,3,C-C-H,0.1294,119.93,0,ca,-0.057,online
aspirin,C,12.01,3,C-C-H,0.1294,119.93,1,ca,-0.082,online
aspirin,C,12.01,3,C-C-H,0.1294,119.93,1,ca,-0.154,online
aspirin,C,12.01,3,C-O-O,0.1355,119.38,0,c,0.6657,online
aspirin,C,12.01,3,C-O-O,0.1369,118.97,1,c,0.6651,online
aspirin,C,12.01,4,C-H-H-H,0.1204,108.34,0,c3,-0.1471,online
aspirin,H,1.008,1,C,0.1086,,0,ha,0.154,online
aspirin,H,1.008,1,C,0.1086,,0,ha,0.159,online
aspirin,H,1.008,1,C,0.1086,,0,ha,0.141,online
aspirin,H,1.008,1,C,0.1086,,0,ha,0.143,online
aspirin,H,1.008,1,C,0.1096,,0,hc,0.0827,online
aspirin,H,1.008,1,C,0.1096,,0,hc,0.0827,online
aspirin,H,1.008,1,C,0.1096,,0,hc,0.0827,online
aspirin,H,1.008,1,O,0.0973,,0,ho,0.448,online
aspirin,O,0.0,2,C-C,0.0,0.0,0,opls_x,-0.3812,online
aspirin,O,15.9994,2,C-H,0.0,0.0,0,opls_154,-0.6051,online
aspirin,O,15.9994,1,C,0.0,,1,opls_236,-0.565,online
aspirin,O,15.9994,1,C,0.0,,0,opls_236,-0.518,online
aspirin,C,12.011,3,C-C-O,0.0,0.0,1,opls_145,0.1801,online
aspirin,C,12.011,3,C-C-C,0.0,0.0,0,opls_145,-0.1476,online
aspirin,C,12.011,3,C-C-H,0.0,0.0,0,opls_145,-0.147,online
aspirin,C,12.011,3,C-C-H,0.0,0.0,0,opls_145,-0.057,online
aspirin,C,12.011,3,C-C-H,0.0,0.0,1,opls_145,-0.082,online
aspirin,C,12.011,3,C-C-H,0.0,0.0,1,opls_145,-0.154,online
aspirin,C,12.011,3,C-O-O,0.0,0.0,0,opls_235,0.6657,online
aspirin,C,12.011,3,C-O-O,0.0,0.0,1,opls_235,0.6651,online
aspirin,C,12.011,4,C-H-H-H,0.0,0.0,0,opls_135,-0.1471,online
aspirin,H,1.008,1,C,0.0,,0,opls_146,0.154,online
aspirin,H,1.008,1,C,0.0,,0,opls_146,0.159,online
aspirin,H,1.008,1,C,0.0,,0,opls_146,0.141,online
aspirin,H,1.008,1,C,0.0,,0,opls_146,0.143,online
aspirin,H,1.008,1,C,0.0,,0,opls_140,0.0827,online
aspirin,H,1.008,1,C,0.0,,0,opls_140,0.0827,online
aspirin,H,1.008,1,C,0.0,,0,opls_140,0.0827,online
aspirin,H,1.008,1,O,0.0,,0,opls_155,0.448,online
proline,O,16.0,2,C-H,0.1164,106.54,0,oh,-0.6021,online
proline,OXT,16.0,1,C,0.1219,,0,o,-0.555,online
proline,N,14.01,3,CA-CD-H,0.132,108.53,0,n7,-0.7972,online
proline,CA,12.01,4,C-CB-HA-N,0.1413,109.04,0,c5,0.1255,online
proline,CB,12.01,4,CA-CG-HB-HB,0.1322,109.29,0,c5,-0.0824,online
proline,CG,12.01,4,CB-CD-HG-HG,0.1322,109.29,0,c5,-0.0984,online
proline,CD,12.01,4,CG-HD-HD-N,0.1303,109.52,0,c5,0.1478,online
proline,C,12.01,3,CA-O-OXT,0.137,119.94,1,c,0.6111,online
proline,HA,1.008,1,CA,0.1097,,0,h1,0.0987,online
proline,HB,1.008,1,CB,0.1095,,0,hc,0.0612,online
proline,HB,1.008,1,CB,0.1095,,0,hc,0.0612,online
proline,HG,1.008,1,CG,0.1095,,0,hc,0.0527,online
proline,HG,1.008,1,CG,0.1095,,0,hc,0.0527,online
proline,HD,1.008,1,CD,0.1097,,0,h1,0.0487,online
proline,HD,1.008,1,CD,0.1097,,0,h1,0.0487,online
proline,H,1.008,1,N,0.1019,,0,hn,0.3808,online
proline,H,1.008,1,O,0.0973,,0,ho,0.446,online
proline,O,15.9994,2,C-H,0.0,0.0,0,opls_154,-0.6021,online
proline,OXT,15.9994,1,C,0.0,,0,opls_236,-0.555,online
proline,N,0.0,3,CA-CD-H,0.0,0.0,0,opls_x,-0.7972,online
proline,CA,0.0,4,C-CB-HA-N,0.0,0.0,0,opls_x,0.1255,online
proline,CB,0.0,4,CA-CG-HB-HB,0.0,0.0,0,opls_x,-0.0824,online
proline,CG,0.0,4,CB-CD-HG-HG,0.0,0.0,0,opls_x,-0.0984,online
proline,CD,0.0,4,CG-HD-HD-N,0.0,0.0,0,opls_x,0.1478,online
proline,C,12.011,3,CA-O-OXT,0.0,0.0,1,opls_235,0.6111,online
proline,HA,1.008,1,CA,0.0,,0,opls_140,0.0987,online
proline,HB,1.008,1,CB,0.0,,0,opls_140,0.0612,online
proline,HB,1.008,1,CB,0.0,,0,opls_140,0.0612,online
proline,HG,1.008,1,CG,0.0,,0,opls_140,0.0527,online
proline,HG,1.008,1,CG,0.0,,0,opls_140,0.0527,online
proline,HD,1.008,1,CD,0.0,,0,opls_140,0.0487,online
proline,HD,1.008,1,CD,0.0,,0,opls_140,0.0487,online
proline,H,1.008,1,N,0.0,,0,opls_240,0.3808,online
proline,H,1.008,1,O,0.0,,0,opls_155,0.446,online
atrazine,CL,0.0,1,C,0.0,,0,opls_x,-0.116,online
atrazine,N,0.0,3,C-C-H,0.0,0.0,0,opls_x,-0.8269,online
atrazine,N,0.0,3,C-C-H,0.0,0.0,0,opls_x,-0.8489,online
atrazine,N,0.0,2,C-C,0.0,0.0,0,opls_x,-0.834,online
atrazine,N,0.0,2,C-C,0.0,0.0,1,opls_x,-0.811,online
atrazine,N,0.0,2,C-C,0.0,0.0,1,opls_x,-0.81,online
atrazine,C,12.011,4,C-C-H-N,0.0,0.0,0,opls_135,0.2155,online
atrazine,C,12.011,4,C-H-H-H,0.0,0.0,0,opls_135,-0.1146,online
atrazine,C,12.011,4,C-H-H-H,0.0,0.0,0,opls_135,-0.1146,online
atrazine,C,12.011,3,N-N-N,0.0,0.0,1,opls_145,0.9289,online
atrazine,C,12.011,4,C-H-H-N,0.0,0.0,0,opls_135,0.2178,online
atrazine,C,12.011,3,N-N-N,0.0,0.0,1,opls_145,0.9339,online
atrazine,C,12.011,4,C-H-H-H,0.0,0.0,0,opls_135,-0.1141,online
atrazine,C,12.011,3,CL-N-N,0.0,0.0,0,opls_145,0.806,online
atrazine,H,1.008,1,C,0.0,,0,opls_140,0.0827,online
atrazine,H,1.008,1,N,0.0,,0,opls_240,0.4368,online
atrazine,H,1.008,1,C,0.0,,0,opls_140,0.0452,online
atrazine,H,1.008,1,C,0.0,,0,opls_140,0.0452,online
atrazine,H,1.008,1,C,0.0,,0,opls_140,0.0452,online
atrazine,H,1.008,1,C,0.0,,0,opls_140,0.0452,online
atrazine,H,1.008,1,C,0.0,,0,opls_140,0.0452,online
atrazine,H,1.008,1,C,0.0,,0,opls_140,0.0452,online
atrazine,H,1.008,1,C,0.0,,0,opls_140,0.0537,online
atrazine,H,1.008,1,C,0.0,,0,opls_140,0.0537,online
atrazine,H,1.008,1,N,0.0,,0,opls_240,0.4498,online
atrazine,H,1.008,1,C,0.0,,0,opls_140,0.0467,online
atrazine,H,1.008,1,C,0.0,,0,opls_140,0.0467,online
atrazine,H,1.008,1,C,0.0,,0,opls_140,0.0467,online
atrazine,CL,35.45,1,C,0.1757,,0,cl,-0.116,online
atrazine,N,14.01,3,C-C-H,0.1289,117.92,0,nu,-0.8269,online
atrazine,N,14.01,3,C-C-H,0.1289,117.92,0,nu,-0.8489,online
atrazine,N,14.01,2,C-C,0.1339,117.24,0,nb,-0.834,online
atrazine,N,14.01,2,C-C,0.1339,117.24,1,nb,-0.811,online
atrazine,N,14.01,2,C-C,0.1339,117.24,1,nb,-0.81,online
atrazine,C,12.01,4,C-C-H-N,0.1407,110.42,0,c3,0.2155,online
atrazine,C,12.01,4,C-H-H-H,0.1206,108.7,0,c3,-0.1146,online
atrazine,C,12.01,4,C-H-H-H,0.1206,108.7,0,c3,-0.1146,online
atrazine,C,12.01,3,N-N-N,0.1358,120.55,1,ca,0.9289,online
atrazine,C,12.01,4,C-H-H-N,0.1297,109.6,0,c3,0.2178,online
atrazine,C,12.01,3,N-N-N,0.1358,120.55,1,ca,0.9339,online
atrazine,C,12.01,4,C-H-H-H,0.1206,108.7,0,c3,-0.1141,online
atrazine,C,12.01,3,CL-N-N,0.1479,119.89,0,ca,0.806,online
atrazine,H,1.008,1,C,0.1097,,0,h1,0.0827,online
atrazine,H,1.008,1,N,0.1014,,0,hn,0.4368,online
atrazine,H,1.008,1,C,0.1096,,0,hc,0.0452,online
atrazine,H,1.008,1,C,0.1096,,0,hc,0.0452,online
atrazine,H,1.008,1,C,0.1096,,0,hc,0.0452,online
atrazine,H,1.008,1,C,0.1096,,0,hc,0.0452,online
atrazine,H,1.008,1,C,0.1096,,0,hc,0.0452,online
atrazine,H,1.008,1,C,0.1096,,0,hc,0.0452,online
atrazine,H,1.008,1,C,0.1097,,0,h1,0.0537,online
atrazine,H,1.008,1,C,0.1097,,0,h1,0.0537,online
atrazine,H,1.008,1,N,0.1014,,0,hn,0.4498,online
atrazine,H,1.008,1,C,0.1096,,0,hc,0.0467,online
atrazine,H,1.008,1,C,0.1096,,0,hc,0.0467,online
atrazine,H,1.008,1,C,0.1096,,0,hc,0.0467,online
arginine,O,16.0,2,C-H,0.1164,106.54,0,oh,-0.5991,online
arginine,OXT,16.0,1,C,0.1219,,0,o,-0.565,online
arginine,N,14.01,3,CA-H-H,0.1168,108.53,0,n8,-0.8948,online
arginine,NE,14.01,2,CD-CZ,0.1369,120.78,0,n2,-0.7139,online
arginine,NH,14.01,3,CZ-HH-HH,0.1138,115.13,1,nv,-0.9003,online
arginine,NH,14.01,3,CZ-HH-HH,0.1138,115.13,0,nv,-0.9003,online
arginine,CB,12.01,4,CA-CG-HB-HB,0.1316,109.85,0,c3,-0.0734,online
arginine,CG,12.01,4,CB-CD-HG-HG,0.1316,109.85,0,c3,-0.0734,online
arginine,CA,12.01,4,C-CB-HA-N,0.1406,109.9,0,c3,0.1365,online
arginine,CD,12.01,4,CG-HD-HD-NE,0.1296,109.87,0,c3,0.1378,online
arginine,C,12.01,3,CA-O-OXT,0.1367,119.24,1,c,0.5901,online
arginine,CZ,12.01,3,NE-NH-NH,0.1354,123.62,0,c2,0.7361,online
arginine,HB,1.008,1,CB,0.1096,,0,hc,0.0677,online
arginine,HB,1.008,1,CB,0.1096,,0,hc,0.0677,online
arginine,HG,1.008,1,CG,0.1096,,0,hc,0.0507,online
arginine,HG,1.008,1,CG,0.1096,,0,hc,0.0507,online
arginine,HA,1.008,1,CA,0.1097,,0,h1,0.0897,online
arginine,HD,1.008,1,CD,0.1097,,0,h1,0.0272,online
arginine,HD,1.008,1,CD,0.1097,,0,h1,0.0272,online
arginine,H,1.008,1,N,0.1019,,0,hn,0.3628,online
arginine,H,1.008,1,N,0.1019,,0,hn,0.3628,online
arginine,H,1.008,1,O,0.0973,,0,ho,0.443,online
arginine,HH,1.008,1,NH,0.1011,,1,hn,0.39255,online
arginine,HH,1.008,1,NH,0.1011,,0,hn,0.39255,online
arginine,HH,1.008,1,NH,0.1011,,1,hn,0.39255,online
arginine,HH,1.008,1,NH,0.1011,,0,hn,0.39255,online
arginine,O,15.9994,2,C-H,0.0,0.0,0,opls_154,-0.5991,online
arginine,OXT,15.9994,1,C,0.0,,0,opls_236,-0.565,online
arginine,N,0.0,3,CA-H-H,0.0,0.0,0,opls_x,-0.8948,online
arginine,NE,0.0,2,CD-CZ,0.0,0.0,0,opls_x,-0.7139,online
arginine,NH,0.0,3,CZ-HH-HH,0.0,0.0,1,opls_x,-0.9003,online
arginine,NH,0.0,3,CZ-HH-HH,0.0,0.0,0,opls_x,-0.9003,online
arginine,CB,12.011,4,CA-CG-HB-HB,0.0,0.0,0,opls_135,-0.0734,online
arginine,CG,12.011,4,CB-CD-HG-HG,0.0,0.0,0,opls_135,-0.0734,online
arginine,CA,12.011,4,C-CB-HA-N,0.0,0.0,0,opls_135,0.1365,online
arginine,CD,12.011,4,CG-HD-HD-NE,0.0,0.0,0,opls_135,0.1378,online
arginine,C,12.011,3,CA-O-OXT,0.0,0.0,1,opls_235,0.5901,online
arginine,CZ,12.011,3,NE-NH-NH,0.0,0.0,0,opls_509,0.7361,online
arginine,HB,1.008,1,CB,0.0,,0,opls_140,0.0677,online
arginine,HB,1.008,1,CB,0.0,,0,opls_140,0.0677,online
arginine,HG,1.008,1,CG,0.0,,0,opls_140,0.0507,online
arginine,HG,1.008,1,CG,0.0,,0,opls_140,0.0507,online
arginine,HA,1.008,1,CA,0.0,,0,opls_140,0.0897,online
arginine,HD,1.008,1,CD,0.0,,0,opls_140,0.0272,online
arginine,HD,1.008,1,CD,0.0,,0,opls_140,0.0272,online
arginine,H,1.008,1,N,0.0,,0,opls_240,0.3628,online
arginine,H,1.008,1,N,0.0,,0,opls_240,0.3628,online
arginine,H,1.008,1,O,0.0,,0,opls_155,0.443,online
arginine,HH,1.008,1,NH,0.0,,1,opls_240,0.39255,online
arginine,HH,1.008,1,NH,0.0,,0,opls_240,0.39255,online
arginine,HH,1.008,1,NH,0.0,,1,opls_240,0.39255,online
arginine,HH,1.008,1,NH,0.0,,0,opls_240,0.39255,online
serine,OG,15.9994,2,CB-H,0.0,0.0,0,opls_154,-0.5938,online
serine,O,15.9994,2,C-H,0.0,0.0,0,opls_154,-0.6101,online
serine,OXT,15.9994,1,C,0.0,,1,opls_236,-0.549,online
serine,N,0.0,3,CA-H-H,0.0,0.0,0,opls_x,-0.8888,online
serine,CA,12.011,4,C-CB-HA-N,0.0,0.0,0,opls_135,0.0935,online
serine,CB,12.011,4,CA-HB-HB-OG,0.0,0.0,0,opls_135,0.1384,online
serine,C,12.011,3,CA-O-OXT,0.0,0.0,0,opls_235,0.5941,online
serine,HA,1.008,1,CA,0.0,,0,opls_140,0.0887,online
serine,HB,1.008,1,CB,0.0,,0,opls_140,0.0632,online
serine,HB,1.008,1,CB,0.0,,0,opls_140,0.0632,online
serine,H,1.008,1,N,0.0,,0,opls_240,0.3683,online
serine,H,1.008,1,N,0.0,,0,opls_240,0.3683,online
serine,H,1.008,1,OG,0.0,,0,opls_155,0.414,online
serine,H,1.008,1,O,0.0,,0,opls_155,0.45,online
serine,OG,16.0,2,CB-H,0.1198,107.39,0,oh,-0.5938,online
serine,O,16.0,2,C-H,0.1164,106.54,0,oh,-0.6101,online
serine,OXT,16.0,1,C,0.1219,,1,o,-0.549,online
serine,N,14.01,3,CA-H-H,0.1168,108.53,0,n8,-0.8888,online
serine,CA,12.01,4,C-CB-HA-N,0.1406,109.9,0,c3,0.0935,online
serine,CB,12.01,4,CA-HB-HB-OG,0.1288,109.69,0,c3,0.1384,online
serine,C,12.01,3,CA-O-OXT,0.1367,119.24,0,c,0.5941,online
serine,HA,1.008,1,CA,0.1097,,0,h1,0.0887,online
serine,HB,1.008,1,CB,0.1097,,0,h1,0.0632,online
serine,HB,1.008,1,CB,0.1097,,0,h1,0.0632,online
serine,H,1.008,1,N,0.1019,,0,hn,0.3683,online
serine,H,1.008,1,N,0.1019,,0,hn,0.3683,online
serine,H,1.008,1,OG,0.0973,,0,ho,0.414,online
serine,H,1.008,1,O,0.0973,,0,ho,0.45,online
threonine,OG,15.9994,2,CB-HG,0.0,0.0,0,opls_154,-0.5988,online
threonine,O,15.9994,2,C-H,0.0,0.0,0,opls_154,-0.6091,online
threonine,OXT,15.9994,1,C,0.0,,1,opls_236,-0.55,online
threonine,N,0.0,3,CA-H-H,0.0,0.0,0,opls_x,-0.891801,online
threonine,CB,12.011,4,CA-CG-HB-OG,0.0,0.0,0,opls_135,0.1551,online
threonine,CA,12.011,4,C-CB-HA-N,0.0,0.0,0,opls_135,0.0975,online
threonine,CG,12.011,4,CB-HG-HG-HG,0.0,0.0,0,opls_135,-0.1051,online
threonine,C,12.011,3,CA-O-OXT,0.0,0.0,0,opls_235,0.5941,online
threonine,HA,1.008,1,CA,0.0,,0,opls_140,0.0877,online
threonine,HB,1.008,1,CB,0.0,,0,opls_140,0.0567,online
threonine,HG,1.008,1,CG,0.0,,0,opls_140,0.054367,online
threonine,HG,1.008,1,CG,0.0,,0,opls_140,0.054367,online
threonine,HG,1.008,1,CG,0.0,,0,opls_140,0.054367,online
threonine,H,1.008,1,N,0.0,,0,opls_240,0.3688,online
threonine,H,1.008,1,N,0.0,,0,opls_240,0.3688,online
threonine,HG,1.008,1,OG,0.0,,0,opls_155,0.414,online
threonine,H,1.008,1,O,0.0,,0,opls_155,0.449,online
threonine,OG,16.0,2,CB-HG,0.1198,107.39,0,oh,-0.5988,online
threonine,O,16.0,2,C-H,0.1164,106.54,0,oh,-0.6091,online
threonine,OXT,16.0,1,C,0.1219,,1,o,-0.55,online
threonine,N,14.01,3,CA-H-H,0.1168,108.53,0,n8,-0.891801,online
threonine,CB,12.01,4,CA-CG-HB-OG,0.1398,110.25,0,c3,0.1551,online
threonine,CA,12.01,4,C-CB-HA-N,0.1406,109.9,0,c3,0.0975,online
threonine,CG,12.01,4,CB-HG-HG-HG,0.1206,108.7,0,c3,-0.1051,online
threonine,C,12.01,3,CA-O-OXT,0.1367,119.24,0,c,0.5941,online
threonine,HA,1.008,1,CA,0.1097,,0,h1,0.0877,online
threonine,HB,1.008,1,CB,0.1097,,0,h1,0.0567,online
threonine,HG,1.008,1,CG,0.1096,,0,hc,0.054367,online
threonine,HG,1.008,1,CG,0.1096,,0,hc,0.054367,online
threonine,HG,1.008,1,CG,0.1096,,0,hc,0.054367,online
threonine,H,1.008,1,N,0.1019,,0,hn,0.3688,online
threonine,H,1.008,1,N,0.1019,,0,hn,0.3688,online
threonine,HG,1.008,1,OG,0.0973,,0,ho,0.414,online
threonine,H,1.008,1,O,0.0973,,0,ho,0.449,online
cholesterol,O,16.0,2,C-H,0.1198,107.07,0,oh,-0.602801,online
cholesterol,C,12.01,4,C-C-C-C,0.1543,111.52,0,c5,-0.045,online
cholesterol,C,12.01,4,C-C-C-H,0.1433,110.02,0,c5,-0.0647,online
cholesterol,C,12.01,4,C-C-C-H,0.1428,110.23,0,c6,-0.0467,online
cholesterol,C,12.01,4,C-C-C-H,0.1428,110.25,0,c6,-0.0487,online
cholesterol,C,12.01,4,C-C-C-H,0.1432,110.19,0,c5,-0.0547,online
cholesterol,C,12.01,4,C-C-H-H,0.1318,109.21,0,c6,-0.0654,online
cholesterol,C,12.01,4,C-C-C-C,0.1533,111.08,1,c6,0.0002,online
cholesterol,C,12.01,4,C-C-H-H,0.1322,109.29,0,c5,-0.0744,online
cholesterol,C,12.01,4,C-C-H-H,0.1318,109.25,0,c6,-0.0754,online
cholesterol,C,12.01,4,C-C-H-H,0.1322,109.29,0,c5,-0.0774,online
cholesterol,C,12.01,4,C-C-H-H,0.1312,109.26,1,c6,-0.0422,online
cholesterol,C,12.01,4,C-C-C-H,0.1426,111.65,0,c3,-0.0547,online
cholesterol,C,12.01,4,C-H-H-H,0.1206,109.13,0,c3,-0.0821,online
cholesterol,C,12.01,3,C-C-C,0.1455,120.67,0,c2,-0.1054,online
cholesterol,C,12.01,4,C-C-H-H,0.1318,109.25,0,c6,-0.0704,online
cholesterol,C,12.01,3,C-C-H,0.1313,119.99,0,c2,-0.1672,online
cholesterol,C,12.01,4,C-H-H-H,0.1208,109.18,0,c3,-0.0831,online
cholesterol,C,12.01,4,C-C-H-H,0.1312,109.26,0,c6,-0.0752,online
cholesterol,C,12.01,4,C-C-H-H,0.1318,109.25,0,c6,-0.0754,online
cholesterol,C,12.01,4,C-C-H-H,0.1316,109.85,0,c3,-0.0764,online
cholesterol,C,12.01,4,C-C-H-O,0.14,109.91,0,c6,0.1451,online
cholesterol,C,12.01,4,C-H-H-H,0.1206,108.7,0,c3,-0.0901,online
cholesterol,C,12.01,4,C-C-H-H,0.1316,109.85,0,c3,-0.0804,online
cholesterol,C,12.01,4,C-C-H-H,0.1316,109.85,0,c3,-0.0734,online
cholesterol,C,12.01,4,C-C-C-H,0.1426,111.16,0,c3,-0.0657,online
cholesterol,C,12.01,4,C-H-H-H,0.1206,108.7,0,c3,-0.0891,online
cholesterol,C,12.01,4,C-H-H-H,0.1206,108.7,0,c3,-0.0891,online
cholesterol,H,1.008,1,C,0.1095,,0,hc,0.0457,online
cholesterol,H,1.008,1,C,0.1098,,0,hc,0.0587,online
cholesterol,H,1.008,1,C,0.1098,,0,hc,0.0477,online
cholesterol,H,1.008,1,C,0.1095,,0,hc,0.0487,online
cholesterol,H,1.008,1,C,0.1098,,0,hc,0.0412,online
cholesterol,H,1.008,1,C,0.1098,,0,hc,0.0412,online
cholesterol,H,1.008,1,C,0.1095,,0,hc,0.0417,online
cholesterol,H,1.008,1,C,0.1095,,0,hc,0.0417,online
cholesterol,H,1.008,1,C,0.1098,,0,hc,0.0412,online
cholesterol,H,1.008,1,C,0.1098,,0,hc,0.0412,online
cholesterol,H,1.008,1,C,0.1095,,0,hc,0.0412,online
cholesterol,H,1.008,1,C,0.1095,,0,hc,0.0412,online
cholesterol,H,1.008,1,C,0.1098,,0,hc,0.0492,online
cholesterol,H,1.008,1,C,0.1098,,0,hc,0.0492,online
cholesterol,H,1.008,1,C,0.1096,,0,hc,0.0467,online
cholesterol,H,1.008,1,C,0.1096,,0,hc,0.0357,online
cholesterol,H,1.008,1,C,0.1096,,0,hc,0.0357,online
cholesterol,H,1.008,1,C,0.1096,,0,hc,0.0357,online
cholesterol,H,1.008,1,C,0.1098,,0,hc,0.0447,online
cholesterol,H,1.008,1,C,0.1098,,0,hc,0.0447,online
cholesterol,H,1.008,1,C,0.1088,,0,ha,0.119,online
cholesterol,H,1.008,1,C,0.1096,,0,hc,0.037367,online
cholesterol,H,1.008,1,C,0.1096,,0,hc,0.037367,online
cholesterol,H,1.008,1,C,0.1096,,0,hc,0.037367,online
cholesterol,H,1.008,1,C,0.1098,,0,hc,0.0512,online
cholesterol,H,1.008,1,C,0.1098,,0,hc,0.0512,online
cholesterol,H,1.008,1,C,0.1098,,0,hc,0.0552,online
cholesterol,H,1.008,1,C,0.1098,,0,hc,0.0552,online
cholesterol,H,1.008,1,C,0.1096,,0,hc,0.0382,online
cholesterol,H,1.008,1,C,0.1096,,0,hc,0.0382,online
cholesterol,H,1.008,1,C,0.1098,,0,h1,0.0357,online
cholesterol,H,1.008,1,C,0.1096,,0,hc,0.0337,online
cholesterol,H,1.008,1,C,0.1096,,0,hc,0.0337,online
cholesterol,H,1.008,1,C,0.1096,,0,hc,0.0337,online
cholesterol,H,1.008,1,C,0.1096,,0,hc,0.0432,online
cholesterol,H,1.008,1,C,0.1096,,0,hc,0.0432,online
cholesterol,H,1.008,1,O,0.0973,,0,ho,0.398,online
cholesterol,H,1.008,1,C,0.1096,,0,hc,0.0372,online
cholesterol,H,1.008,1,C,0.1096,,0,hc,0.0372,online
cholesterol,H,1.008,1,C,0.1096,,0,hc,0.0417,online
cholesterol,H,1.008,1,C,0.1096,,0,hc,0.0332,online
cholesterol,H,1.008,1,C,0.1096,,0,hc,0.0332,online
cholesterol,H,1.008,1,C,0.1096,,0,hc,0.0332,online
cholesterol,H,1.008,1,C,0.1096,,0,hc,0.0332,online
cholesterol,H,1.008,1,C,0.1096,,0,hc,0.0332,online
cholesterol,H,1.008,1,C,0.1096,,0,hc,0.0332,online
cholesterol,O,15.9994,2,C-H,0.0,0.0,0,opls_154,-0.602801,online
cholesterol,C,0.0,4,C-C-C-C,0.0,0.0,0,opls_x,-0.045,online
cholesterol,C,0.0,4,C-C-C-H,0.0,0.0,0,opls_x,-0.0647,online
cholesterol,C,0.0,4,C-C-C-H,0.0,0.0,0,opls_x,-0.0467,online
cholesterol,C,0.0,4,C-C-C-H,0.0,0.0,0,opls_x,-0.0487,online
cholesterol,C,0.0,4,C-C-C-H,0.0,0.0,0,opls_x,-0.0547,online
cholesterol,C,0.0,4,C-C-H-H,0.0,0.0,0,opls_x,-0.0654,online
cholesterol,C,0.0,4,C-C-C-C,0.0,0.0,1,opls_x,0.0002,online
cholesterol,C,0.0,4,C-C-H-H,0.0,0.0,0,opls_x,-0.0744,online
cholesterol,C,0.0,4,C-C-H-H,0.0,0.0,0,opls_x,-0.0754,online
cholesterol,C,0.0,4,C-C-H-H,0.0,0.0,0,opls_x,-0.0774,online
cholesterol,C,0.0,4,C-C-H-H,0.0,0.0,1,opls_x,-0.0422,online
cholesterol,C,12.011,4,C-C-C-H,0.0,0.0,0,opls_135,-0.0547,online
cholesterol,C,12.011,4,C-H-H-H,0.0,0.0,0,opls_135,-0.0821,online
cholesterol,C,12.011,3,C-C-C,0.0,0.0,0,opls_509,-0.1054,online
cholesterol,C,0.0,4,C-C-H-H,0.0,0.0,0,opls_x,-0.0704,online
cholesterol,C,12.011,3,C-C-H,0.0,0.0,0,opls_509,-0.1672,online
cholesterol,C,12.011,4,C-H-H-H,0.0,0.0,0,opls_135,-0.0831,online
cholesterol,C,0.0,4,C-C-H-H,0.0,0.0,0,opls_x,-0.0752,online
cholesterol,C,0.0,4,C-C-H-H,0.0,0.0,0,opls_x,-0.0754,online
cholesterol,C,12.011,4,C-C-H-H,0.0,0.0,0,opls_135,-0.0764,online
cholesterol,C,0.0,4,C-C-H-O,0.0,0.0,0,opls_x,0.1451,online
cholesterol,C,12.011,4,C-H-H-H,0.0,0.0,0,opls_135,-0.0901,online
cholesterol,C,12.011,4,C-C-H-H,0.0,0.0,0,opls_135,-0.0804,online
cholesterol,C,12.011,4,C-C-H-H,0.0,0.0,0,opls_135,-0.0734,online
cholesterol,C,12.011,4,C-C-C-H,0.0,0.0,0,opls_135,-0.0657,online
cholesterol,C,12.011,4,C-H-H-H,0.0,0.0,0,opls_135,-0.0891,online
cholesterol,C,12.011,4,C-H-H-H,0.0,0.0,0,opls_135,-0.0891,online
cholesterol,H,1.008,1,C,0.0,,0,opls_140,0.0457,online
cholesterol,H,1.008,1,C,0.0,,0,opls_140,0.0587,online
cholesterol,H,1.008,1,C,0.0,,0,opls_140,0.0477,online
cholesterol,H,1.008,1,C,0.0,,0,opls_140,0.0487,online
cholesterol,H,1.008,1,C,0.0,,0,opls_140,0.0412,online
cholesterol,H,1.008,1,C,0.0,,0,opls_140,0.0412,online
cholesterol,H,1.008,1,C,0.0,,0,opls_140,0.0417,online
cholesterol,H,1.008,1,C,0.0,,0,opls_140,0.0417,online
cholesterol,H,1.008,1,C,0.0,,0,opls_140,0.0412,online
cholesterol,H,1.008,1,C,0.0,,0,opls_140,0.0412,online
cholesterol,H,1.008,1,C,0.0,,0,opls_140,0.0412,online
cholesterol,H,1.008,1,C,0.0,,0,opls_140,0.0412,online
cholesterol,H,1.008,1,C,0.0,,0,opls_140,0.0492,online
cholesterol,H,1.008,1,C,0.0,,0,opls_140,0.0492,online
cholesterol,H,1.008,1,C,0.0,,0,opls_140,0.0467,online
cholesterol,H,1.008,1,C,0.0,,0,opls_140,0.0357,online
cholesterol,H,1.008,1,C,0.0,,0,opls_140,0.0357,online
cholesterol,H,1.008,1,C,0.0,,0,opls_140,0.0357,online
cholesterol,H,1.008,1,C,0.0,,0,opls_140,0.0447,online
cholesterol,H,1.008,1,C,0.0,,0,opls_140,0.0447,online
cholesterol,H,1.008,1,C,0.0,,0,opls_146,0.119,online
cholesterol,H,1.008,1,C,0.0,,0,opls_140,0.037367,online
cholesterol,H,1.008,1,C,0.0,,0,opls_140,0.037367,online
cholesterol,H,1.008,1,C,0.0,,0,opls_140,0.037367,online
cholesterol,H,1.008,1,C,0.0,,0,opls_140,0.0512,online
cholesterol,H,1.008,1,C,0.0,,0,opls_140,0.0512,online
cholesterol,H,1.008,1,C,0.0,,0,opls_140,0.0552,online
cholesterol,H,1.008,1,C,0.0,,0,opls_140,0.0552,online
cholesterol,H,1.008,1,C,0.0,,0,opls_140,0.0382,online
cholesterol,H,1.008,1,C,0.0,,0,opls_140,0.0382,online
cholesterol,H,1.008,1,C,0.0,,0,opls_140,0.0357,online
cholesterol,H,1.008,1,C,0.0,,0,opls_140,0.0337,online
cholesterol,H,1.008,1,C,0.0,,0,opls_140,0.0337,online
cholesterol,H,1.008,1,C,0.0,,0,opls_140,0.0337,online
cholesterol,H,1.008,1,C,0.0,,0,opls_140,0.0432,online
cholesterol,H,1.008,1,C,0.0,,0,opls_140,0.0432,online
cholesterol,H,1.008,1,O,0.0,,0,opls_155,0.398,online
cholesterol,H,1.008,1,C,0.0,,0,opls_140,0.0372,online
cholesterol,H,1.008,1,C,0.0,,0,opls_140,0.0372,online
cholesterol,H,1.008,1,C,0.0,,0,opls_140,0.0417,online
cholesterol,H,1.008,1,C,0.0,,0,opls_140,0.0332,online
cholesterol,H,1.008,1,C,0.0,,0,opls_140,0.0332,online
cholesterol,H,1.008,1,C,0.0,,0,opls_140,0.0332,online
cholesterol,H,1.008,1,C,0.0,,0,opls_140,0.0332,online
cholesterol,H,1.008,1,C,0.0,,0,opls_140,0.0332,online
cholesterol,H,1.008,1,C,0.0,,0,opls_140,0.0332,online
leucine,O,16.0,2,C-H,0.1164,106.54,0,oh,-0.5991,online
leucine,OXT,16.0,1,C,0.1219,,0,o,-0.554,online
leucine,N,14.01,3,CA-H-H,0.1168,108.53,0,n8,-0.899802,online
leucine,CG,12.01,4,CB-CD-CD-HG,0.1426,111.16,0,c3,-0.0647,online
leucine,CB,12.01,4,CA-CG-HB-HB,0.1316,109.85,0,c3,-0.1144,online
leucine,CA,12.01,4,C-CB-HA-N,0.1406,109.9,0,c3,0.1295,online
leucine,CD,12.01,4,CG-HD-HD-HD,0.1206,108.7,0,c3,-0.0986,online
leucine,CD,12.01,4,CG-HD-HD-HD,0.1206,108.7,0,c3,-0.0986,online
leucine,C,12.01,3,CA-O-OXT,0.1367,119.24,1,c,0.6451,online
leucine,HG,1.008,1,CG,0.1096,,0,hc,0.0487,online
leucine,HB,1.008,1,CB,0.1096,,0,hc,0.0552,online
leucine,HB,1.008,1,CB,0.1096,,0,hc,0.0552,online
leucine,HA,1.008,1,CA,0.1097,,0,h1,0.0957,online
leucine,HD,1.008,1,CD,0.1096,,0,hc,0.038867,online
leucine,HD,1.008,1,CD,0.1096,,0,hc,0.038867,online
leucine,HD,1.008,1,CD,0.1096,,0,hc,0.038867,online
leucine,HD,1.008,1,CD,0.1096,,0,hc,0.038867,online
leucine,HD,1.008,1,CD,0.1096,,0,hc,0.038867,online
leucine,HD,1.008,1,CD,0.1096,,0,hc,0.038867,online
leucine,H,1.008,1,N,0.1019,,0,hn,0.3618,online
leucine,H,1.008,1,N,0.1019,,0,hn,0.3618,online
leucine,H,1.008,1,O,0.0973,,0,ho,0.443,online
leucine,O,15.9994,2,C-H,0.0,0.0,0,opls_154,-0.5991,online
leucine,OXT,15.9994,1,C,0.0,,0,opls_236,-0.554,online
leucine,N,0.0,3,CA-H-H,0.0,0.0,0,opls_x,-0.899802,online
leucine,CG,12.011,4,CB-CD-CD-HG,0.0,0.0,0,opls_135,-0.0647,online
leucine,CB,12.011,4,CA-CG-HB-HB,0.0,0.0,0,opls_135,-0.1144,online
leucine,CA,12.011,4,C-CB-HA-N,0.0,0.0,0,opls_135,0.1295,online
leucine,CD,12.011,4,CG-HD-HD-HD,0.0,0.0,0,opls_135,-0.0986,online
leucine,CD,12.011,4,CG-HD-HD-HD,0.0,0.0,0,opls_135,-0.0986,online
leucine,C,12.011,3,CA-O-OXT,0.0,0.0,1,opls_235,0.6451,online
leucine,HG,1.008,1,CG,0.0,,0,opls_140,0.0487,online
leucine,HB,1.008,1,CB,0.0,,0,opls_140,0.0552,online
leucine,HB,1.008,1,CB,0.0,,0,opls_140,0.0552,online
leucine,HA,1.008,1,CA,0.0,,0,opls_140,0.0957,online
leucine,HD,1.008,1,CD,0.0,,0,opls_140,0.038867,online
leucine,HD,1.008,1,CD,0.0,,0,opls_140,0.038867,online
leucine,HD,1.008,1,CD,0.0,,0,opls_140,0.038867,online
leucine,HD,1.008,1,CD,0.0,,0,opls_140,0.038867,online
leucine,HD,1.008,1,CD,0.0,,0,opls_140,0.038867,online
leucine,HD,1.008,1,CD,0.0,,0,opls_140,0.038867,online
leucine,H,1.008,1,N,0.0,,0,opls_240,0.3618,online
leucine,H,1.008,1,N,0.0,,0,opls_240,0.3618,online
leucine,H,1.008,1,O,0.0,,0,opls_155,0.443,online
paracetamol,O,16.0,2,C-H,0.1168,108.58,0,oh,-0.4991,online
paracetamol,O,16.0,1,C,0.1219,,0,o,-0.5931,online
paracetamol,N,14.01,3,C-C-H,0.1267,120.27,1,ns,-0.4721,online
paracetamol,C,12.01,3,C-C-N,0.1401,120.13,1,ca,0.0356,online
paracetamol,C,12.01,3,C-C-H,0.1294,119.93,0,ca,-0.1345,online
paracetamol,C,12.01,3,C-C-H,0.1294,119.93,1,ca,-0.1345,online
paracetamol,C,12.01,3,C-C-H,0.1294,119.93,1,ca,-0.158,online
paracetamol,C,12.01,3,C-C-H,0.1294,119.93,1,ca,-0.158,online
paracetamol,C,12.01,3,C-C-O,0.1387,119.94,1,ca,0.0961,online
paracetamol,C,12.01,3,C-N-O,0.1375,120.33,0,c,0.666099,online
paracetamol,C,12.01,4,C-H-H-H,0.1204,108.34,0,c3,-0.1781,online
paracetamol,H,1.008,1,C,0.1086,,0,ha,0.153,online
paracetamol,H,1.008,1,C,0.1086,,0,ha,0.153,online
paracetamol,H,1.008,1,N,0.1013,,0,hn,0.3135,online
paracetamol,H,1.008,1,C,0.1086,,0,ha,0.1435,online
paracetamol,H,1.008,1,C,0.1086,,0,ha,0.1435,online
paracetamol,H,1.008,1,C,0.1096,,0,hc,0.068367,online
paracetamol,H,1.008,1,C,0.1096,,0,hc,0.068367,online
paracetamol,H,1.008,1,C,0.1096,,0,hc,0.068367,online
paracetamol,H,1.008,1,O,0.0973,,0,ho,0.418,online
paracetamol,O,15.9994,2,C-H,0.0,0.0,0,opls_154,-0.4991,online
paracetamol,O,15.9994,1,C,0.0,,0,opls_236,-0.5931,online
paracetamol,N,0.0,3,C-C-H,0.0,0.0,1,opls_x,-0.4721,online
paracetamol,C,12.011,3,C-C-N,0.0,0.0,1,opls_145,0.0356,online
paracetamol,C,12.011,3,C-C-H,0.0,0.0,0,opls_145,-0.1345,online
paracetamol,C,12.011,3,C-C-H,0.0,0.0,1,opls_145,-0.1345,online
paracetamol,C,12.011,3,C-C-H,0.0,0.0,1,opls_145,-0.158,online
paracetamol,C,12.011,3,C-C-H,0.0,0.0,1,opls_145,-0.158,online
paracetamol,C,12.011,3,C-C-O,0.0,0.0,1,opls_145,0.0961,online
paracetamol,C,12.011,3,C-N-O,0.0,0.0,0,opls_235,0.666099,online
paracetamol,C,12.011,4,C-H-H-H,0.0,0.0,0,opls_135,-0.1781,online
paracetamol,H,1.008,1,C,0.0,,0,opls_146,0.153,online
paracetamol,H,1.008,1,C,0.0,,0,opls_146,0.153,online
paracetamol,H,1.008,1,N,0.0,,0,opls_240,0.3135,online
paracetamol,H,1.008,1,C,0.0,,0,opls_146,0.1435,online
paracetamol,H,1.008,1,C,0.0,,0,opls_146,0.1435,online
paracetamol,H,1.008,1,C,0.0,,0,opls_140,0.068367,online
paracetamol,H,1.008,1,C,0.0,,0,opls_140,0.068367,online
paracetamol,H,1.008,1,C,0.0,,0,opls_140,0.068367,online
paracetamol,H,1.008,1,O,0.0,,0,opls_155,0.418,online
warfarin,O,16.0,2,C-C,0.1365,121.29,0,os,-0.3242,online
warfarin,O,16.0,2,C-H,0.1161,107.2,0,oh,-0.4901,online
warfarin,O,16.0,1,C,0.1219,,0,o,-0.5555,online
warfarin,O,16.0,1,C,0.1219,,0,o,-0.5241,online
warfarin,C,12.01,4,C-C-C-H,0.1412,111.55,1,c3,0.0468,online
warfarin,C,12.01,3,C-C-C,0.1447,122.18,1,cc,-0.2264,online
warfarin,C,12.01,4,C-C-H-H,0.1314,109.4,0,c3,-0.1804,online
warfarin,C,12.01,3,C-C-C,0.1437,120.56,0,ca,-0.0813,online
warfarin,C,12.01,3,C-C-O,0.1394,122.41,0,cd,0.2189,online
warfarin,C,12.01,3,C-C-C,0.1419,120.56,0,ca,-0.1838,online
warfarin,C,12.01,3,C-O-O,0.135,120.45,1,c,0.7348,online
warfarin,C,12.01,3,C-C-O,0.1424,120.83,0,c,0.5631,online
warfarin,C,12.01,3,C-C-H,0.1294,119.93,0,ca,-0.121,online
warfarin,C,12.01,3,C-C-H,0.1294,119.93,1,ca,-0.121,online
warfarin,C,12.01,3,C-C-O,0.1389,119.41,1,ca,0.1691,online
warfarin,C,12.01,3,C-C-H,0.1294,119.93,1,ca,-0.085,online
warfarin,C,12.01,3,C-C-H,0.1294,119.93,1,ca,-0.1335,online
warfarin,C,12.01,3,C-C-H,0.1294,119.93,1,ca,-0.1335,online
warfarin,C,12.01,3,C-C-H,0.1294,119.93,0,ca,-0.145,online
warfarin,C,12.01,4,C-H-H-H,0.1204,108.34,1,c3,-0.2021,online
warfarin,C,12.01,3,C-C-H,0.1294,119.93,1,ca,-0.129,online
warfarin,C,12.01,3,C-C-H,0.1294,119.93,1,ca,-0.154,online
warfarin,C,12.01,3,C-C-H,0.1294,119.93,1,ca,-0.08,online
warfarin,H,1.008,1,C,0.1096,,0,hc,0.1077,online
warfarin,H,1.008,1,C,0.1096,,0,hc,0.0767,online
warfarin,H,1.008,1,C,0.1096,,0,hc,0.0767,online
warfarin,H,1.008,1,C,0.1086,,0,ha,0.1415,online
warfarin,H,1.008,1,C,0.1086,,0,ha,0.1415,online
warfarin,H,1.008,1,C,0.1086,,0,ha,0.13,online
warfarin,H,1.008,1,C,0.1086,,0,ha,0.1305,online
warfarin,H,1.008,1,C,0.1086,,0,ha,0.1305,online
warfarin,H,1.008,1,C,0.1086,,0,ha,0.165,online
warfarin,H,1.008,1,C,0.1096,,0,hc,0.0627,online
warfarin,H,1.008,1,C,0.1096,,0,hc,0.0627,online
warfarin,H,1.008,1,C,0.1096,,0,hc,0.0627,online
warfarin,H,1.008,1,C,0.1086,,0,ha,0.13,online
warfarin,H,1.008,1,C,0.1086,,0,ha,0.143,online
warfarin,H,1.008,1,O,0.0973,,0,ho,0.431,online
warfarin,H,1.008,1,C,0.1086,,0,ha,0.145,online
warfarin,O,0.0,2,C-C,0.0,0.0,0,opls_x,-0.3242,online
warfarin,O,15.9994,2,C-H,0.0,0.0,0,opls_154,-0.4901,online
warfarin,O,15.9994,1,C,0.0,,0,opls_236,-0.5555,online
warfarin,O,15.9994,1,C,0.0,,0,opls_236,-0.5241,online
warfarin,C,12.011,4,C-C-C-H,0.0,0.0,1,opls_135,0.0468,online
warfarin,C,12.011,3,C-C-C,0.0,0.0,1,opls_500,-0.2264,online
warfarin,C,12.011,4,C-C-H-H,0.0,0.0,0,opls_135,-0.1804,online
warfarin,C,12.011,3,C-C-C,0.0,0.0,0,opls_145,-0.0813,online
warfarin,C,12.011,3,C-C-O,0.0,0.0,0,opls_500,0.2189,online
warfarin,C,12.011,3,C-C-C,0.0,0.0,0,opls_145,-0.1838,online
warfarin,C,12.011,3,C-O-O,0.0,0.0,1,opls_235,0.7348,online
warfarin,C,12.011,3,C-C-O,0.0,0.0,0,opls_235,0.5631,online
warfarin,C,12.011,3,C-C-H,0.0,0.0,0,opls_145,-0.121,online
warfarin,C,12.011,3,C-C-H,0.0,0.0,1,opls_145,-0.121,online
warfarin,C,12.011,3,C-C-O,0.0,0.0,1,opls_145,0.1691,online
warfarin,C,12.011,3,C-C-H,0.0,0.0,1,opls_145,-0.085,online
warfarin,C,12.011,3,C-C-H,0.0,0.0,1,opls_145,-0.1335,online
warfarin,C,12.011,3,C-C-H,0.0,0.0,1,opls_145,-0.1335,online
warfarin,C,12.011,3,C-C-H,0.0,0.0,0,opls_145,-0.145,online
warfarin,C,12.011,4,C-H-H-H,0.0,0.0,1,opls_135,-0.2021,online
warfarin,C,12.011,3,C-C-H,0.0,0.0,1,opls_145,-0.129,online
warfarin,C,12.011,3,C-C-H,0.0,0.0,1,opls_145,-0.154,online
warfarin,C,12.011,3,C-C-H,0.0,0.0,1,opls_145,-0.08,online
warfarin,H,1.008,1,C,0.0,,0,opls_140,0.1077,online
warfarin,H,1.008,1,C,0.0,,0,opls_140,0.0767,online
warfarin,H,1.008,1,C,0.0,,0,opls_140,0.0767,online
warfarin,H,1.008,1,C,0.0,,0,opls_146,0.1415,online
warfarin,H,1.008,1,C,0.0,,0,opls_146,0.1415,online
warfarin,H,1.008,1,C,0.0,,0,opls_146,0.13,online
warfarin,H,1.008,1,C,0.0,,0,opls_146,0.1305,online
warfarin,H,1.008,1,C,0.0,,0,opls_146,0.1305,online
warfarin,H,1.008,1,C,0.0,,0,opls_146,0.165,online
warfarin,H,1.008,1,C,0.0,,0,opls_140,0.0627,online
warfarin,H,1.008,1,C,0.0,,0,opls_140,0.0627,online
warfarin,H,1.008,1,C,0.0,,0,opls_140,0.0627,online
warfarin,H,1.008,1,C,0.0,,0,opls_146,0.13,online
warfarin,H,1.008,1,C,0.0,,0,opls_146,0.143,online
warfarin,H,1.008,1,O,0.0,,0,opls_155,0.431,online
warfarin,H,1.008,1,C,0.0,,0,opls_146,0.145,online
amoxicillin,S,32.06,2,C-C,0.0,0.0,0,opls_202,-0.3082,online
amoxicillin,O,15.9994,1,C,0.0,,0,opls_236,-0.5145,online
amoxicillin,O,15.9994,2,C-H,0.0,0.0,0,opls_154,-0.6101,online
amoxicillin,OXT,15.9994,1,C,0.0,,1,opls_236,-0.521,online
amoxicillin,O,15.9994,1,C,0.0,,0,opls_236,-0.5981,online
amoxicillin,O,15.9994,2,C-H,0.0,0.0,0,opls_154,-0.4931,online
amoxicillin,N,0.0,3,C-C-CA,0.0,0.0,1,opls_x,-0.4018,online
amoxicillin,N,0.0,3,C-C-H,0.0,0.0,1,opls_x,-0.5349,online
amoxicillin,N,0.0,3,C-H-H,0.0,0.0,0,opls_x,-0.927798,online
amoxicillin,C,0.0,4,C-H-N-S,0.0,0.0,0,opls_x,0.0968,online
amoxicillin,C,0.0,4,C-C-CA-S,0.0,0.0,0,opls_x,0.0381,online
amoxicillin,CA,0.0,4,C-C-HA-N,0.0,0.0,1,opls_x,0.0267,online
amoxicillin,C,0.0,4,C-C-H-N,0.0,0.0,1,opls_x,0.0287,online
amoxicillin,C,12.011,3,C-N-O,0.0,0.0,0,opls_235,0.6545,online
amoxicillin,C,12.011,4,C-H-H-H,0.0,0.0,0,opls_135,-0.0961,online
amoxicillin,C,12.011,4,C-H-H-H,0.0,0.0,0,opls_135,-0.0961,online
amoxicillin,C,12.011,3,CA-O-OXT,0.0,0.0,0,opls_235,0.6461,online
amoxicillin,C,12.011,3,C-N-O,0.0,0.0,0,opls_235,0.6701,online
amoxicillin,C,12.011,4,C-C-H-N,0.0,0.0,0,opls_135,0.1638,online
amoxicillin,C,12.011,3,C-C-C,0.0,0.0,0,opls_145,-0.1463,online
amoxicillin,C,12.011,3,C-C-H,0.0,0.0,0,opls_145,-0.0735,online
amoxicillin,C,12.011,3,C-C-H,0.0,0.0,1,opls_145,-0.0735,online
amoxicillin,C,12.011,3,C-C-H,0.0,0.0,1,opls_145,-0.187,online
amoxicillin,C,12.011,3,C-C-H,0.0,0.0,1,opls_145,-0.187,online
amoxicillin,C,12.011,3,C-C-O,0.0,0.0,1,opls_145,0.1381,online
amoxicillin,H,0.0,1,C,0.0,,0,opls_x,0.1287,online
amoxicillin,HA,1.008,1,CA,0.0,,0,opls_140,0.1177,online
amoxicillin,H,1.008,1,C,0.0,,0,opls_140,0.1327,online
amoxicillin,H,1.008,1,C,0.0,,0,opls_140,0.056533,online
amoxicillin,H,1.008,1,C,0.0,,0,opls_140,0.056533,online
amoxicillin,H,1.008,1,C,0.0,,0,opls_140,0.056533,online
amoxicillin,H,1.008,1,C,0.0,,0,opls_140,0.056533,online
amoxicillin,H,1.008,1,C,0.0,,0,opls_140,0.056533,online
amoxicillin,H,1.008,1,C,0.0,,0,opls_140,0.056533,online
amoxicillin,H,1.008,1,N,0.0,,0,opls_240,0.3405,online
amoxicillin,H,1.008,1,C,0.0,,0,opls_140,0.0627,online
amoxicillin,H,1.008,1,O,0.0,,0,opls_155,0.448,online
amoxicillin,H,1.008,1,N,0.0,,0,opls_240,0.3688,online
amoxicillin,H,1.008,1,N,0.0,,0,opls_240,0.3688,online
amoxicillin,H,1.008,1,C,0.0,,0,opls_146,0.1425,online
amoxicillin,H,1.008,1,C,0.0,,0,opls_146,0.1425,online
amoxicillin,H,1.008,1,C,0.0,,0,opls_146,0.146,online
amoxicillin,H,1.008,1,C,0.0,,0,opls_146,0.146,online
amoxicillin,H,1.008,1,O,0.0,,0,opls_155,0.422,online
amoxicillin,S,32.06,2,C-C,0.185,94.49,0,ss,-0.3082,online
amoxicillin,O,16.0,1,C,0.1219,,0,o,-0.5145,online
amoxicillin,O,16.0,2,C-H,0.1164,106.54,0,oh,-0.6101,online
amoxicillin,OXT,16.0,1,C,0.1219,,1,o,-0.521,online
amoxicillin,O,16.0,1,C,0.1219,,0,o,-0.5981,online
amoxicillin,O,16.0,2,C-H,0.1168,108.58,0,oh,-0.4931,online
amoxicillin,N,14.01,3,C-C-CA,0.1442,112.79,1,nj,-0.4018,online
amoxicillin,N,14.01,3,C-C-H,0.1275,119.41,1,ns,-0.5349,online
amoxicillin,N,14.01,3,C-H-H,0.1168,108.53,0,n8,-0.927798,online
amoxicillin,C,12.01,4,C-H-N-S,0.1494,108.84,0,cy,0.0968,online
amoxicillin,C,12.01,4,C-C-CA-S,0.1618,110.55,0,c5,0.0381,online
amoxicillin,CA,12.01,4,C-C-HA-N,0.1408,108.82,1,c5,0.0267,online
amoxicillin,C,12.01,4,C-C-H-N,0.1409,109.42,1,cy,0.0287,online
amoxicillin,C,12.01,3,C-N-O,0.1391,120.0,0,c,0.6545,online
amoxicillin,C,12.01,4,C-H-H-H,0.1206,109.13,0,c3,-0.0961,online
amoxicillin,C,12.01,4,C-H-H-H,0.1206,109.13,0,c3,-0.0961,online
amoxicillin,C,12.01,3,CA-O-OXT,0.137,119.94,0,c,0.6461,online
amoxicillin,C,12.01,3,C-N-O,0.1375,120.33,0,c,0.6701,online
amoxicillin,C,12.01,4,C-C-H-N,0.1401,109.97,0,c3,0.1638,online
amoxicillin,C,12.01,3,C-C-C,0.1437,120.56,0,ca,-0.1463,online
amoxicillin,C,12.01,3,C-C-H,0.1294,119.93,0,ca,-0.0735,online
amoxicillin,C,12.01,3,C-C-H,0.1294,119.93,1,ca,-0.0735,online
amoxicillin,C,12.01,3,C-C-H,0.1294,119.93,1,ca,-0.187,online
amoxicillin,C,12.01,3,C-C-H,0.1294,119.93,1,ca,-0.187,online
amoxicillin,C,12.01,3,C-C-O,0.1387,119.94,1,ca,0.1381,online
amoxicillin,H,1.008,1,C,0.1093,,0,h2,0.1287,online
amoxicillin,HA,1.008,1,CA,0.1097,,0,h1,0.1177,online
amoxicillin,H,1.008,1,C,0.1095,,0,h1,0.1327,online
amoxicillin,H,1.008,1,C,0.1096,,0,hc,0.056533,online
amoxicillin,H,1.008,1,C,0.1096,,0,hc,0.056533,online
amoxicillin,H,1.008,1,C,0.1096,,0,hc,0.056533,online
amoxicillin,H,1.008,1,C,0.1096,,0,hc,0.056533,online
amoxicillin,H,1.008,1,C,0.1096,,0,hc,0.056533,online
amoxicillin,H,1.008,1,C,0.1096,,0,hc,0.056533,online
amoxicillin,H,1.008,1,N,0.1013,,0,hn,0.3405,online
amoxicillin,H,1.008,1,C,0.1097,,0,h1,0.0627,online
amoxicillin,H,1.008,1,O,0.0973,,0,ho,0.448,online
amoxicillin,H,1.008,1,N,0.1019,,0,hn,0.3688,online
amoxicillin,H,1.008,1,N,0.1019,,0,hn,0.3688,online
amoxicillin,H,1.008,1,C,0.1086,,0,ha,0.1425,online
amoxicillin,H,1.008,1,C,0.1086,,0,ha,0.1425,online
amoxicillin,H,1.008,1,C,0.1086,,0,ha,0.146,online
amoxicillin,H,1.008,1,C,0.1086,,0,ha,0.146,online
amoxicillin,H,1.008,1,O,0.0973,,0,ho,0.422,online
bisphenol-s,S,32.06,4,C-C-O-O,0.1628,109.92,0,sy,1.4546,online
bisphenol-s,O,16.0,1,S,0.1466,,0,o,-0.6618,online
bisphenol-s,O,16.0,1,S,0.1466,,0,o,-0.6618,online
bisphenol-s,O,16.0,2,C-H,0.1168,108.58,0,oh,-0.4871,online
bisphenol-s,O,16.0,2,C-H,0.1168,108.58,0,oh,-0.4871,online
bisphenol-s,C,12.01,3,C-C-S,0.153,119.61,1,ca,-0.4135,online
bisphenol-s,C,12.01,3,C-C-S,0.153,119.61,1,ca,-0.4135,online
bisphenol-s,C,12.01,3,C-C-H,0.1294,119.93,0,ca,0.0195,online
bisphenol-s,C,12.01,3,C-C-H,0.1294,119.93,0,ca,0.0195,online
bisphenol-s,C,12.01,3,C-C-H,0.1294,119.93,0,ca,0.0195,online
bisphenol-s,C,12.01,3,C-C-H,0.1294,119.93,0,ca,0.0195,online
bisphenol-s,C,12.01,3,C-C-H,0.1294,119.93,1,ca,-0.2145,online
bisphenol-s,C,12.01,3,C-C-H,0.1294,119.93,1,ca,-0.2145,online
bisphenol-s,C,12.01,3,C-C-H,0.1294,119.93,1,ca,-0.2145,online
bisphenol-s,C,12.01,3,C-C-H,0.1294,119.93,1,ca,-0.2145,online
bisphenol-s,C,12.01,3,C-C-O,0.1387,119.94,1,ca,0.1871,online
bisphenol-s,C,12.01,3,C-C-O,0.1387,119.94,1,ca,0.1871,online
bisphenol-s,H,1.008,1,C,0.1086,,0,ha,0.1545,online
bisphenol-s,H,1.008,1,C,0.1086,,0,ha,0.1545,online
bisphenol-s,H,1.008,1,C,0.1086,,0,ha,0.1545,online
bisphenol-s,H,1.008,1,C,0.1086,,0,ha,0.1545,online
bisphenol-s,H,1.008,1,C,0.1086,,0,ha,0.151,online
bisphenol-s,H,1.008,1,C,0.1086,,0,ha,0.151,online
bisphenol-s,H,1.008,1,C,0.1086,,0,ha,0.151,online
bisphenol-s,H,1.008,1,C,0.1086,,0,ha,0.151,online
bisphenol-s,H,1.008,1,O,0.0973,,0,ho,0.427,online
bisphenol-s,H,1.008,1,O,0.0973,,0,ho,0.427,online
bisphenol-s,S,0.0,4,C-C-O-O,0.0,0.0,0,opls_x,1.4546,online
bisphenol-s,O,15.9994,1,S,0.0,,0,opls_236,-0.6618,online
bisphenol-s,O,15.9994,1,S,0.0,,0,opls_236,-0.6618,online
bisphenol-s,O,15.9994,2,C-H,0.0,0.0,0,opls_154,-0.4871,online
bisphenol-s,O,15.9994,2,C-H,0.0,0.0,0,opls_154,-0.4871,online
bisphenol-s,C,12.011,3,C-C-S,0.0,0.0,1,opls_145,-0.4135,online
bisphenol-s,C,12.011,3,C-C-S,0.0,0.0,1,opls_145,-0.4135,online
bisphenol-s,C,12.011,3,C-C-H,0.0,0.0,0,opls_145,0.0195,online
bisphenol-s,C,12.011,3,C-C-H,0.0,0.0,0,opls_145,0.0195,online
bisphenol-s,C,12.011,3,C-C-H,0.0,0.0,0,opls_145,0.0195,online
bisphenol-s,C,12.011,3,C-C-H,0.0,0.0,0,opls_145,0.0195,online
bisphenol-s,C,12.011,3,C-C-H,0.0,0.0,1,opls_145,-0.2145,online
bisphenol-s,C,12.011,3,C-C-H,0.0,0.0,1,opls_145,-0.2145,online
bisphenol-s,C,12.011,3,C-C-H,0.0,0.0,1,opls_145,-0.2145,online
bisphenol-s,C,12.011,3,C-C-H,0.0,0.0,1,opls_145,-0.2145,online
bisphenol-s,C,12.011,3,C-C-O,0.0,0.0,1,opls_145,0.1871,online
bisphenol-s,C,12.011,3,C-C-O,0.0,0.0,1,opls_145,0.1871,online
bisphenol-s,H,1.008,1,C,0.0,,0,opls_146,0.1545,online
bisphenol-s,H,1.008,1,C,0.0,,0,opls_146,0.1545,online
bisphenol-s,H,1.008,1,C,0.0,,0,opls_146,0.1545,online
bisphenol-s,H,1.008,1,C,0.0,,0,opls_146,0.1545,online
bisphenol-s,H,1.008,1,C,0.0,,0,opls_146,0.151,online
bisphenol-s,H,1.008,1,C,0.0,,0,opls_146,0.151,online
bisphenol-s,H,1.008,1,C,0.0,,0,opls_146,0.151,online
bisphenol-s,H,1.008,1,C,0.0,,0,opls_146,0.151,online
bisphenol-s,H,1.008,1,O,0.0,,0,opls_155,0.427,online
bisphenol-s,H,1.008,1,O,0.0,,0,opls_155,0.427,online
triclosan,CL,0.0,1,C,0.0,,0,opls_x,-0.0694,online
triclosan,CL,0.0,1,C,0.0,,0,opls_x,-0.0824,online
triclosan,CL,0.0,1,C,0.0,,0,opls_x,-0.0834,online
triclosan,O,0.0,2,C-C,0.0,0.0,0,opls_x,-0.2352,online
triclosan,O,15.9994,2,C-H,0.0,0.0,0,opls_154,-0.4851,online
triclosan,C,12.011,3,C-C-O,0.0,0.0,0,opls_145,0.0591,online
triclosan,C,12.011,3,C-C-O,0.0,0.0,0,opls_145,0.0971,online
triclosan,C,12.011,3,C-C-O,0.0,0.0,0,opls_145,0.1301,online
triclosan,C,12.011,3,C-C-H,0.0,0.0,1,opls_145,-0.09,online
triclosan,C,12.011,3,C-C-CL,0.0,0.0,1,opls_145,0.0164,online
triclosan,C,12.011,3,C-C-H,0.0,0.0,1,opls_145,-0.121,online
triclosan,C,12.011,3,C-C-H,0.0,0.0,1,opls_145,-0.206,online
triclosan,C,12.011,3,C-C-H,0.0,0.0,1,opls_145,-0.15,online
triclosan,C,12.011,3,C-C-H,0.0,0.0,0,opls_145,-0.117,online
triclosan,C,12.011,3,C-C-H,0.0,0.0,1,opls_145,-0.116,online
triclosan,C,12.011,3,C-C-CL,0.0,0.0,1,opls_145,0.0544,online
triclosan,C,12.011,3,C-C-CL,0.0,0.0,1,opls_145,0.0184,online
triclosan,H,1.008,1,C,0.0,,0,opls_146,0.161,online
triclosan,H,1.008,1,C,0.0,,0,opls_146,0.17,online
triclosan,H,1.008,1,C,0.0,,0,opls_146,0.152,online
triclosan,H,1.008,1,C,0.0,,0,opls_146,0.155,online
triclosan,H,1.008,1,C,0.0,,0,opls_146,0.163,online
triclosan,H,1.008,1,C,0.0,,0,opls_146,0.154,online
triclosan,H,1.008,1,O,0.0,,0,opls_155,0.425,online
triclosan,CL,35.45,1,C,0.1757,,0,cl,-0.0694,online
triclosan,CL,35.45,1,C,0.1757,,0,cl,-0.0824,online
triclosan,CL,35.45,1,C,0.1757,,0,cl,-0.0834,online
triclosan,O,16.0,2,C-C,0.1369,119.87,0,os,-0.2352,online
triclosan,O,16.0,2,C-H,0.1168,108.58,0,oh,-0.4851,online
triclosan,C,12.01,3,C-C-O,0.1389,119.41,0,ca,0.0591,online
triclosan,C,12.01,3,C-C-O,0.1389,119.41,0,ca,0.0971,online
triclosan,C,12.01,3,C-C-O,0.1387,119.94,0,ca,0.1301,online
triclosan,C,12.01,3,C-C-H,0.1294,119.93,1,ca,-0.09,online
triclosan,C,12.01,3,C-C-CL,0.1518,119.59,1,ca,0.0164,online
triclosan,C,12.01,3,C-C-H,0.1294,119.93,1,ca,-0.121,online
triclosan,C,12.01,3,C-C-H,0.1294,119.93,1,ca,-0.206,online
triclosan,C,12.01,3,C-C-H,0.1294,119.93,1,ca,-0.15,online
triclosan,C,12.01,3,C-C-H,0.1294,119.93,0,ca,-0.117,online
triclosan,C,12.01,3,C-C-H,0.1294,119.93,1,ca,-0.116,online
triclosan,C,12.01,3,C-C-CL,0.1518,119.59,1,ca,0.0544,online
triclosan,C,12.01,3,C-C-CL,0.1518,119.59,1,ca,0.0184,online
triclosan,H,1.008,1,C,0.1086,,0,ha,0.161,online
triclosan,H,1.008,1,C,0.1086,,0,ha,0.17,online
triclosan,H,1.008,1,C,0.1086,,0,ha,0.152,online
triclosan,H,1.008,1,C,0.1086,,0,ha,0.155,online
triclosan,H,1.008,1,C,0.1086,,0,ha,0.163,online
triclosan,H,1.008,1,C,0.1086,,0,ha,0.154,online
triclosan,H,1.008,1,O,0.0973,,0,ho,0.425,online
caffeine,O,16.0,1,C,0.1219,,0,o,-0.6335,online
caffeine,O,16.0,1,C,0.1219,,0,o,-0.6375,online
caffeine,N,14.01,3,C-C-C,0.1415,120.73,1,n,-0.4173,online
caffeine,N,14.01,3,C-C-C,0.141,120.63,1,na,-0.1489,online
caffeine,N,14.01,3,C-C-C,0.1419,120.96,1,n,-0.4834,online
caffeine,N,14.01,2,C-C,0.134,109.15,0,nc,-0.685,online
caffeine,C,12.01,3,C-C-N,0.141,118.48,1,cd,-0.3502,online
caffeine,C,12.01,3,C-N-N,0.1373,120.95,1,cc,0.4852,online
caffeine,C,12.01,3,C-N-O,0.1363,119.62,1,c,0.7651,online
caffeine,C,12.01,3,N-N-O,0.1337,120.44,1,c,0.815498,online
caffeine,C,12.01,3,H-N-N,0.1261,119.71,0,cd,0.4434,online
caffeine,C,12.01,4,H-H-H-N,0.1189,108.66,1,c3,0.0903,online
caffeine,C,12.01,4,H-H-H-N,0.1189,108.66,0,c3,0.0096,online
caffeine,C,12.01,4,H-H-H-N,0.1189,108.66,0,c3,0.0803,online
caffeine,H,1.008,1,C,0.1082,,0,h5,0.0711,online
caffeine,H,1.008,1,C,0.1097,,0,h1,0.063367,online
caffeine,H,1.008,1,C,0.1097,,0,h1,0.063367,online
caffeine,H,1.008,1,C,0.1097,,0,h1,0.063367,online
caffeine,H,1.008,1,C,0.1097,,0,h1,0.0717,online
caffeine,H,1.008,1,C,0.1097,,0,h1,0.0717,online
caffeine,H,1.008,1,C,0.1097,,0,h1,0.0717,online
caffeine,H,1.008,1,C,0.1097,,0,h1,0.063367,online
caffeine,H,1.008,1,C,0.1097,,0,h1,0.063367,online
caffeine,H,1.008,1,C,0.1097,,0,h1,0.063367,online
caffeine,O,15.9994,1,C,0.0,,0,opls_236,-0.6335,online
caffeine,O,15.9994,1,C,0.0,,0,opls_236,-0.6375,online
caffeine,N,14.0067,3,C-C-C,0.0,0.0,1,opls_237,-0.4173,online
caffeine,N,14.0067,3,C-C-C,0.0,0.0,1,opls_503,-0.1489,online
caffeine,N,14.0067,3,C-C-C,0.0,0.0,1,opls_237,-0.4834,online
caffeine,N,14.0067,2,C-C,0.0,0.0,0,opls_511,-0.685,online
caffeine,C,12.011,3,C-C-N,0.0,0.0,1,opls_500,-0.3502,online
caffeine,C,12.011,3,C-N-N,0.0,0.0,1,opls_500,0.4852,online
caffeine,C,12.011,3,C-N-O,0.0,0.0,1,opls_235,0.7651,online
caffeine,C,12.011,3,N-N-O,0.0,0.0,1,opls_235,0.815498,online
caffeine,C,12.011,3,H-N-N,0.0,0.0,0,opls_500,0.4434,online
caffeine,C,12.011,4,H-H-H-N,0.0,0.0,1,opls_135,0.0903,online
caffeine,C,12.011,4,H-H-H-N,0.0,0.0,0,opls_135,0.0096,online
caffeine,C,12.011,4,H-H-H-N,0.0,0.0,0,opls_135,0.0803,online
caffeine,H,1.008,1,C,0.0,,0,opls_146,0.0711,online
caffeine,H,1.008,1,C,0.0,,0,opls_140,0.063367,online
caffeine,H,1.008,1,C,0.0,,0,opls_140,0.063367,online
caffeine,H,1.008,1,C,0.0,,0,opls_140,0.063367,online
caffeine,H,1.008,1,C,0.0,,0,opls_140,0.0717,online
caffeine,H,1.008,1,C,0.0,,0,opls_140,0.0717,online
caffeine,H,1.008,1,C,0.0,,0,opls_140,0.0717,online
caffeine,H,1.008,1,C,0.0,,0,opls_140,0.063367,online
caffeine,H,1.008,1,C,0.0,,0,opls_140,0.063367,online
caffeine,H,1.008,1,C,0.0,,0,opls_140,0.063367,online
aspartic-acid,O,15.9994,2,C-H,0.0,0.0,0,opls_154,-0.5961,online
aspartic-acid,OD,15.9994,2,CG-HD,0.0,0.0,0,opls_154,-0.6051,online
aspartic-acid,OXT,15.9994,1,C,0.0,,0,opls_236,-0.55,online
aspartic-acid,OD,15.9994,1,CG,0.0,,1,opls_236,-0.539,online
aspartic-acid,N,0.0,3,CA-H-H,0.0,0.0,0,opls_x,-0.8958,online
aspartic-acid,CA,12.011,4,C-CB-HA-N,0.0,0.0,0,opls_135,0.1435,online
aspartic-acid,CB,12.011,4,CA-CG-HB-HB,0.0,0.0,0,opls_135,-0.1274,online
aspartic-acid,C,12.011,3,CA-O-OXT,0.0,0.0,1,opls_235,0.5801,online
aspartic-acid,CG,12.011,3,CB-OD-OD,0.0,0.0,0,opls_235,0.6371,online
aspartic-acid,HA,1.008,1,CA,0.0,,0,opls_140,0.1147,online
aspartic-acid,HB,1.008,1,CB,0.0,,0,opls_140,0.0997,online
aspartic-acid,HB,1.008,1,CB,0.0,,0,opls_140,0.0997,online
aspartic-acid,H,1.008,1,N,0.0,,0,opls_240,0.3703,online
aspartic-acid,H,1.008,1,N,0.0,,0,opls_240,0.3703,online
aspartic-acid,H,1.008,1,O,0.0,,0,opls_155,0.449,online
aspartic-acid,HD,1.008,1,OD,0.0,,0,opls_155,0.449,online
aspartic-acid,O,16.0,2,C-H,0.1164,106.54,0,oh,-0.5961,online
aspartic-acid,OD,16.0,2,CG-HD,0.1164,106.54,0,oh,-0.6051,online
aspartic-acid,OXT,16.0,1,C,0.1219,,0,o,-0.55,online
aspartic-acid,OD,16.0,1,CG,0.1219,,1,o,-0.539,online
aspartic-acid,N,14.01,3,CA-H-H,0.1168,108.53,0,n8,-0.8958,online
aspartic-acid,CA,12.01,4,C-CB-HA-N,0.1406,109.9,0,c3,0.1435,online
aspartic-acid,CB,12.01,4,CA-CG-HB-HB,0.1314,109.4,0,c3,-0.1274,online
aspartic-acid,C,12.01,3,CA-O-OXT,0.1367,119.24,1,c,0.5801,online
aspartic-acid,CG,12.01,3,CB-OD-OD,0.1367,119.24,0,c,0.6371,online
aspartic-acid,HA,1.008,1,CA,0.1097,,0,h1,0.1147,online
aspartic-acid,HB,1.008,1,CB,0.1096,,0,hc,0.0997,online
aspartic-acid,HB,1.008,1,CB,0.1096,,0,hc,0.0997,online
aspartic-acid,H,1.008,1,N,0.1019,,0,hn,0.3703,online
aspartic-acid,H,1.008,1,N,0.1019,,0,hn,0.3703,online
aspartic-acid,H,1.008,1,O,0.0973,,0,ho,0.449,online
aspartic-acid,HD,1.008,1,OD,0.0973,,0,ho,0.449,online
bisphenol-a,O,16.0,2,C-H,0.1168,108.58,0,oh,-0.4986,online
bisphenol-a,O,16.0,2,C-H,0.1168,108.58,0,oh,-0.4986,online
bisphenol-a,C,12.01,4,C-C-C-C,0.1525,112.44,0,c3,0.0496,online
bisphenol-a,C,12.01,3,C-C-C,0.1437,120.56,0,ca,-0.1073,online
bisphenol-a,C,12.01,3,C-C-C,0.1437,120.56,0,ca,-0.1073,online
bisphenol-a,C,12.01,4,C-H-H-H,0.1206,108.7,0,c3,-0.0861,online
bisphenol-a,C,12.01,4,C-H-H-H,0.1206,108.7,0,c3,-0.0861,online
bisphenol-a,C,12.01,3,C-C-H,0.1294,119.93,0,ca,-0.0895,online
bisphenol-a,C,12.01,3,C-C-H,0.1294,119.93,1,ca,-0.0895,online
bisphenol-a,C,12.01,3,C-C-H,0.1294,119.93,1,ca,-0.0895,online
bisphenol-a,C,12.01,3,C-C-H,0.1294,119.93,0,ca,-0.0895,online
bisphenol-a,C,12.01,3,C-C-H,0.1294,119.93,1,ca,-0.1855,online
bisphenol-a,C,12.01,3,C-C-H,0.1294,119.93,1,ca,-0.1855,online
bisphenol-a,C,12.01,3,C-C-H,0.1294,119.93,1,ca,-0.1855,online
bisphenol-a,C,12.01,3,C-C-H,0.1294,119.93,1,ca,-0.1855,online
bisphenol-a,C,12.01,3,C-C-O,0.1387,119.94,1,ca,0.1211,online
bisphenol-a,C,12.01,3,C-C-O,0.1387,119.94,1,ca,0.1211,online
bisphenol-a,H,1.008,1,C,0.1096,,0,hc,0.0397,online
bisphenol-a,H,1.008,1,C,0.1096,,0,hc,0.0397,online
bisphenol-a,H,1.008,1,C,0.1096,,0,hc,0.0397,online
bisphenol-a,H,1.008,1,C,0.1096,,0,hc,0.0397,online
bisphenol-a,H,1.008,1,C,0.1096,,0,hc,0.0397,online
bisphenol-a,H,1.008,1,C,0.1096,,0,hc,0.0397,online
bisphenol-a,H,1.008,1,C,0.1086,,0,ha,0.138,online
bisphenol-a,H,1.008,1,C,0.1086,,0,ha,0.138,online
bisphenol-a,H,1.008,1,C,0.1086,,0,ha,0.138,online
bisphenol-a,H,1.008,1,C,0.1086,,0,ha,0.138,online
bisphenol-a,H,1.008,1,C,0.1086,,0,ha,0.1415,online
bisphenol-a,H,1.008,1,C,0.1086,,0,ha,0.1415,online
bisphenol-a,H,1.008,1,C,0.1086,,0,ha,0.1415,online
bisphenol-a,H,1.008,1,C,0.1086,,0,ha,0.1415,online
bisphenol-a,H,1.008,1,O,0.0973,,0,ho,0.418,online
bisphenol-a,H,1.008,1,O,0.0973,,0,ho,0.418,online
bisphenol-a,O,15.9994,2,C-H,0.0,0.0,0,opls_154,-0.4986,online
bisphenol-a,O,15.9994,2,C-H,0.0,0.0,0,opls_154,-0.4986,online
bisphenol-a,C,12.011,4,C-C-C-C,0.0,0.0,0,opls_135,0.0496,online
bisphenol-a,C,12.011,3,C-C-C,0.0,0.0,0,opls_145,-0.1073,online
bisphenol-a,C,12.011,3,C-C-C,0.0,0.0,0,opls_145,-0.1073,online
bisphenol-a,C,12.011,4,C-H-H-H,0.0,0.0,0,opls_135,-0.0861,online
bisphenol-a,C,12.011,4,C-H-H-H,0.0,0.0,0,opls_135,-0.0861,online
bisphenol-a,C,12.011,3,C-C-H,0.0,0.0,0,opls_145,-0.0895,online
bisphenol-a,C,12.011,3,C-C-H,0.0,0.0,1,opls_145,-0.0895,online
bisphenol-a,C,12.011,3,C-C-H,0.0,0.0,1,opls_145,-0.0895,online
bisphenol-a,C,12.011,3,C-C-H,0.0,0.0,0,opls_145,-0.0895,online
bisphenol-a,C,12.011,3,C-C-H,0.0,0.0,1,opls_145,-0.1855,online
bisphenol-a,C,12.011,3,C-C-H,0.0,0.0,1,opls_145,-0.1855,online
bisphenol-a,C,12.011,3,C-C-H,0.0,0.0,1,opls_145,-0.1855,online
bisphenol-a,C,12.011,3,C-C-H,0.0,0.0,1,opls_145,-0.1855,online
bisphenol-a,C,12.011,3,C-C-O,0.0,0.0,1,opls_145,0.1211,online
bisphenol-a,C,12.011,3,C-C-O,0.0,0.0,1,opls_145,0.1211,online
bisphenol-a,H,1.008,1,C,0.0,,0,opls_140,0.0397,online
bisphenol-a,H,1.008,1,C,0.0,,0,opls_140,0.0397,online
bisphenol-a,H,1.008,1,C,0.0,,0,opls_140,0.0397,online
bisphenol-a,H,1.008,1,C,0.0,,0,opls_140,0.0397,online
bisphenol-a,H,1.008,1,C,0.0,,0,opls_140,0.0397,online
bisphenol-a,H,1.008,1,C,0.0,,0,opls_140,0.0397,online
bisphenol-a,H,1.008,1,C,0.0,,0,opls_146,0.138,online
bisphenol-a,H,1.008,1,C,0.0,,0,opls_146,0.138,online
bisphenol-a,H,1.008,1,C,0.0,,0,opls_146,0.138,online
bisphenol-a,H,1.008,1,C,0.0,,0,opls_146,0.138,online
bisphenol-a,H,1.008,1,C,0.0,,0,opls_146,0.1415,online
bisphenol-a,H,1.008,1,C,0.0,,0,opls_146,0.1415,online
bisphenol-a,H,1.008,1,C,0.0,,0,opls_146,0.1415,online
bisphenol-a,H,1.008,1,C,0.0,,0,opls_146,0.1415,online
bisphenol-a,H,1.008,1,O,0.0,,0,opls_155,0.418,online
bisphenol-a,H,1.008,1,O,0.0,,0,opls_155,0.418,online
alanine,O,15.9994,2,C-H,0.0,0.0,0,opls_154,-0.6021,online
alanine,OXT,15.9994,1,C,0.0,,0,opls_236,-0.549,online
alanine,N,0.0,3,CA-H-H,0.0,0.0,0,opls_x,-0.902799,online
alanine,CA,12.011,4,C-CB-HA-N,0.0,0.0,0,opls_135,0.1285,online
alanine,CB,12.011,4,CA-HB-HB-HB,0.0,0.0,0,opls_135,-0.1361,online
alanine,C,12.011,3,CA-O-OXT,0.0,0.0,1,opls_235,0.6371,online
alanine,HA,1.008,1,CA,0.0,,0,opls_140,0.0947,online
alanine,HB,1.008,1,CB,0.0,,0,opls_140,0.052033,online
alanine,HB,1.008,1,CB,0.0,,0,opls_140,0.052033,online
alanine,HB,1.008,1,CB,0.0,,0,opls_140,0.052033,online
alanine,H,1.008,1,N,0.0,,0,opls_240,0.3638,online
alanine,H,1.008,1,N,0.0,,0,opls_240,0.3638,online
alanine,H,1.008,1,O,0.0,,0,opls_155,0.446,online
alanine,O,16.0,2,C-H,0.1164,106.54,0,oh,-0.6021,online
alanine,OXT,16.0,1,C,0.1219,,0,o,-0.549,online
alanine,N,14.01,3,CA-H-H,0.1168,108.53,0,n8,-0.902799,online
alanine,CA,12.01,4,C-CB-HA-N,0.1406,109.9,0,c3,0.1285,online
alanine,CB,12.01,4,CA-HB-HB-HB,0.1206,108.7,0,c3,-0.1361,online
alanine,C,12.01,3,CA-O-OXT,0.1367,119.24,1,c,0.6371,online
alanine,HA,1.008,1,CA,0.1097,,0,h1,0.0947,online
alanine,HB,1.008,1,CB,0.1096,,0,hc,0.052033,online
alanine,HB,1.008,1,CB,0.1096,,0,hc,0.052033,online
alanine,HB,1.008,1,CB,0.1096,,0,hc,0.052033,online
alanine,H,1.008,1,N,0.1019,,0,hn,0.3638,online
alanine,H,1.008,1,N,0.1019,,0,hn,0.3638,online
alanine,H,1.008,1,O,0.0973,,0,ho,0.446,online
ketoprofen,O,16.0,2,C-H,0.1164,106.54,0,oh,-0.6061,online
ketoprofen,O,16.0,1,C,0.1219,,0,o,-0.5321,online
ketoprofen,O,16.0,1,C,0.1219,,0,o,-0.55,online
ketoprofen,C,12.01,4,C-C-C-H,0.1418,110.71,0,c3,-0.0554,online
ketoprofen,C,12.01,3,C-C-C,0.1437,120.56,0,ca,-0.1093,online
ketoprofen,C,12.01,3,C-C-H,0.1294,119.93,1,ca,-0.074,online
ketoprofen,C,12.01,3,C-C-C,0.1429,120.23,1,ca,-0.1666,online
ketoprofen,C,12.01,3,C-C-H,0.1294,119.93,1,ca,-0.092,online
ketoprofen,C,12.01,4,C-H-H-H,0.1206,108.7,0,c3,-0.0921,online
ketoprofen,C,12.01,3,C-C-H,0.1294,119.93,1,ca,-0.071,online
ketoprofen,C,12.01,3,C-C-H,0.1294,119.93,1,ca,-0.145,online
ketoprofen,C,12.01,3,C-C-O,0.14,121.04,0,c,0.5893,online
ketoprofen,C,12.01,3,C-O-O,0.1367,119.24,1,c,0.638101,online
ketoprofen,C,12.01,3,C-C-C,0.1429,120.23,1,ca,-0.1726,online
ketoprofen,C,12.01,3,C-C-H,0.1294,119.93,1,ca,-0.081,online
ketoprofen,C,12.01,3,C-C-H,0.1294,119.93,0,ca,-0.081,online
ketoprofen,C,12.01,3,C-C-H,0.1294,119.93,1,ca,-0.141,online
ketoprofen,C,12.01,3,C-C-H,0.1294,119.93,1,ca,-0.141,online
ketoprofen,C,12.01,3,C-C-H,0.1294,119.93,1,ca,-0.103,online
ketoprofen,H,1.008,1,C,0.1096,,0,hc,0.0877,online
ketoprofen,H,1.008,1,C,0.1086,,0,ha,0.162,online
ketoprofen,H,1.008,1,C,0.1086,,0,ha,0.137,online
ketoprofen,H,1.008,1,C,0.1096,,0,hc,0.053033,online
ketoprofen,H,1.008,1,C,0.1096,,0,hc,0.053033,online
ketoprofen,H,1.008,1,C,0.1096,,0,hc,0.053033,online
ketoprofen,H,1.008,1,C,0.1086,,0,ha,0.154,online
ketoprofen,H,1.008,1,C,0.1086,,0,ha,0.14,online
ketoprofen,H,1.008,1,C,0.1086,,0,ha,0.1465,online
ketoprofen,H,1.008,1,C,0.1086,,0,ha,0.1465,online
ketoprofen,H,1.008,1,C,0.1086,,0,ha,0.1375,online
ketoprofen,H,1.008,1,C,0.1086,,0,ha,0.1375,online
ketoprofen,H,1.008,1,C,0.1086,,0,ha,0.134,online
ketoprofen,H,1.008,1,O,0.0973,,0,ho,0.444,online
ketoprofen,O,15.9994,2,C-H,0.0,0.0,0,opls_154,-0.6061,online
ketoprofen,O,15.9994,1,C,0.0,,0,opls_236,-0.5321,online
ketoprofen,O,15.9994,1,C,0.0,,0,opls_236,-0.55,online
ketoprofen,C,12.011,4,C-C-C-H,0.0,0.0,0,opls_135,-0.0554,online
ketoprofen,C,12.011,3,C-C-C,0.0,0.0,0,opls_145,-0.1093,online
ketoprofen,C,12.011,3,C-C-H,0.0,0.0,1,opls_145,-0.074,online
ketoprofen,C,12.011,3,C-C-C,0.0,0.0,1,opls_145,-0.1666,online
ketoprofen,C,12.011,3,C-C-H,0.0,0.0,1,opls_145,-0.092,online
ketoprofen,C,12.011,4,C-H-H-H,0.0,0.0,0,opls_135,-0.0921,online
ketoprofen,C,12.011,3,C-C-H,0.0,0.0,1,opls_145,-0.071,online
ketoprofen,C,12.011,3,C-C-H,0.0,0.0,1,opls_145,-0.145,online
ketoprofen,C,12.011,3,C-C-O,0.0,0.0,0,opls_235,0.5893,online
ketoprofen,C,12.011,3,C-O-O,0.0,0.0,1,opls_235,0.638101,online
ketoprofen,C,12.011,3,C-C-C,0.0,0.0,1,opls_145,-0.1726,online
ketoprofen,C,12.011,3,C-C-H,0.0,0.0,1,opls_145,-0.081,online
ketoprofen,C,12.011,3,C-C-H,0.0,0.0,0,opls_145,-0.081,online
ketoprofen,C,12.011,3,C-C-H,0.0,0.0,1,opls_145,-0.141,online
ketoprofen,C,12.011,3,C-C-H,0.0,0.0,1,opls_145,-0.141,online
ketoprofen,C,12.011,3,C-C-H,0.0,0.0,1,opls_145,-0.103,online
ketoprofen,H,1.008,1,C,0.0,,0,opls_140,0.0877,online
ketoprofen,H,1.008,1,C,0.0,,0,opls_146,0.162,online
ketoprofen,H,1.008,1,C,0.0,,0,opls_146,0.137,online
ketoprofen,H,1.008,1,C,0.0,,0,opls_140,0.053033,online
ketoprofen,H,1.008,1,C,0.0,,0,opls_140,0.053033,online
ketoprofen,H,1.008,1,C,0.0,,0,opls_140,0.053033,online
ketoprofen,H,1.008,1,C,0.0,,0,opls_146,0.154,online
ketoprofen,H,1.008,1,C,0.0,,0,opls_146,0.14,online
ketoprofen,H,1.008,1,C,0.0,,0,opls_146,0.1465,online
ketoprofen,H,1.008,1,C,0.0,,0,opls_146,0.1465,online
ketoprofen,H,1.008,1,C,0.0,,0,opls_146,0.1375,online
ketoprofen,H,1.008,1,C,0.0,,0,opls_146,0.1375,online
ketoprofen,H,1.008,1,C,0.0,,0,opls_146,0.134,online
ketoprofen,H,1.008,1,O,0.0,,0,opls_155,0.444,online
octylphenol,O,15.9994,2,C-H,0.0,0.0,0,opls_154,-0.4991,online
octylphenol,C,12.011,4,C-C-H-H,0.0,0.0,0,opls_135,-0.0794,online
octylphenol,C,12.011,4,C-C-H-H,0.0,0.0,0,opls_135,-0.0804,online
octylphenol,C,12.011,4,C-C-H-H,0.0,0.0,0,opls_135,-0.0794,online
octylphenol,C,12.011,4,C-C-H-H,0.0,0.0,0,opls_135,-0.0824,online
octylphenol,C,12.011,4,C-C-H-H,0.0,0.0,0,opls_135,-0.0794,online
octylphenol,C,12.011,4,C-C-H-H,0.0,0.0,0,opls_135,-0.0371,online
octylphenol,C,12.011,4,C-C-H-H,0.0,0.0,0,opls_135,-0.0804,online
octylphenol,C,12.011,3,C-C-C,0.0,0.0,0,opls_145,-0.1593,online
octylphenol,C,12.011,4,C-H-H-H,0.0,0.0,0,opls_135,-0.0931,online
octylphenol,C,12.011,3,C-C-O,0.0,0.0,1,opls_145,0.1291,online
octylphenol,C,12.011,3,C-C-H,0.0,0.0,1,opls_145,-0.091,online
octylphenol,C,12.011,3,C-C-H,0.0,0.0,0,opls_145,-0.157,online
octylphenol,C,12.011,3,C-C-H,0.0,0.0,1,opls_145,-0.165,online
octylphenol,C,12.011,3,C-C-H,0.0,0.0,1,opls_145,-0.099,online
octylphenol,H,1.008,1,C,0.0,,0,opls_140,0.0412,online
octylphenol,H,1.008,1,C,0.0,,0,opls_140,0.0412,online
octylphenol,H,1.008,1,C,0.0,,0,opls_140,0.0397,online
octylphenol,H,1.008,1,C,0.0,,0,opls_140,0.0397,online
octylphenol,H,1.008,1,C,0.0,,0,opls_140,0.0397,online
octylphenol,H,1.008,1,C,0.0,,0,opls_140,0.0397,online
octylphenol,H,1.008,1,C,0.0,,0,opls_140,0.0462,online
octylphenol,H,1.008,1,C,0.0,,0,opls_140,0.0462,online
octylphenol,H,1.008,1,C,0.0,,0,opls_140,0.0397,online
octylphenol,H,1.008,1,C,0.0,,0,opls_140,0.0397,online
octylphenol,H,1.008,1,C,0.0,,0,opls_140,0.0477,online
octylphenol,H,1.008,1,C,0.0,,0,opls_140,0.0477,online
octylphenol,H,1.008,1,C,0.0,,0,opls_140,0.0387,online
octylphenol,H,1.008,1,C,0.0,,0,opls_140,0.0387,online
octylphenol,H,1.008,1,C,0.0,,0,opls_140,0.0327,online
octylphenol,H,1.008,1,C,0.0,,0,opls_140,0.0327,online
octylphenol,H,1.008,1,C,0.0,,0,opls_140,0.0327,online
octylphenol,H,1.008,1,C,0.0,,0,opls_146,0.131,online
octylphenol,H,1.008,1,C,0.0,,0,opls_146,0.149,online
octylphenol,H,1.008,1,C,0.0,,0,opls_146,0.133,online
octylphenol,H,1.008,1,C,0.0,,0,opls_146,0.134,online
octylphenol,H,1.008,1,O,0.0,,0,opls_155,0.422,online
octylphenol,O,16.0,2,C-H,0.1168,108.58,0,oh,-0.4991,online
octylphenol,C,12.01,4,C-C-H-H,0.1316,109.85,0,c3,-0.0794,online
octylphenol,C,12.01,4,C-C-H-H,0.1316,109.85,0,c3,-0.0804,online
octylphenol,C,12.01,4,C-C-H-H,0.1316,109.85,0,c3,-0.0794,online
octylphenol,C,12.01,4,C-C-H-H,0.1316,109.85,0,c3,-0.0824,online
octylphenol,C,12.01,4,C-C-H-H,0.1316,109.85,0,c3,-0.0794,online
octylphenol,C,12.01,4,C-C-H-H,0.1311,110.13,0,c3,-0.0371,online
octylphenol,C,12.01,4,C-C-H-H,0.1316,109.85,0,c3,-0.0804,online
octylphenol,C,12.01,3,C-C-C,0.1437,120.56,0,ca,-0.1593,online
octylphenol,C,12.01,4,C-H-H-H,0.1206,108.7,0,c3,-0.0931,online
octylphenol,C,12.01,3,C-C-O,0.1387,119.94,1,ca,0.1291,online
octylphenol,C,12.01,3,C-C-H,0.1294,119.93,1,ca,-0.091,online
octylphenol,C,12.01,3,C-C-H,0.1294,119.93,0,ca,-0.157,online
octylphenol,C,12.01,3,C-C-H,0.1294,119.93,1,ca,-0.165,online
octylphenol,C,12.01,3,C-C-H,0.1294,119.93,1,ca,-0.099,online
octylphenol,H,1.008,1,C,0.1096,,0,hc,0.0412,online
octylphenol,H,1.008,1,C,0.1096,,0,hc,0.0412,online
octylphenol,H,1.008,1,C,0.1096,,0,hc,0.0397,online
octylphenol,H,1.008,1,C,0.1096,,0,hc,0.0397,online
octylphenol,H,1.008,1,C,0.1096,,0,hc,0.0397,online
octylphenol,H,1.008,1,C,0.1096,,0,hc,0.0397,online
octylphenol,H,1.008,1,C,0.1096,,0,hc,0.0462,online
octylphenol,H,1.008,1,C,0.1096,,0,hc,0.0462,online
octylphenol,H,1.008,1,C,0.1096,,0,hc,0.0397,online
octylphenol,H,1.008,1,C,0.1096,,0,hc,0.0397,online
octylphenol,H,1.008,1,C,0.1096,,0,hc,0.0477,online
octylphenol,H,1.008,1,C,0.1096,,0,hc,0.0477,online
octylphenol,H,1.008,1,C,0.1096,,0,hc,0.0387,online
octylphenol,H,1.008,1,C,0.1096,,0,hc,0.0387,online
octylphenol,H,1.008,1,C,0.1096,,0,hc,0.0327,online
octylphenol,H,1.008,1,C,0.1096,,0,hc,0.0327,online
octylphenol,H,1.008,1,C,0.1096,,0,hc,0.0327,online
octylphenol,H,1.008,1,C,0.1086,,0,ha,0.131,online
octylphenol,H,1.008,1,C,0.1086,,0,ha,0.149,online
octylphenol,H,1.008,1,C,0.1086,,0,ha,0.133,online
octylphenol,H,1.008,1,C,0.1086,,0,ha,0.134,online
octylphenol,H,1.008,1,O,0.0973,,0,ho,0.422,online
tyrosine,O,16.0,2,C-H,0.1164,106.54,0,oh,-0.5911,online
tyrosine,OH,16.0,2,CZ-HH,0.1168,108.58,0,oh,-0.4961,online
tyrosine,OXT,16.0,1,C,0.1219,,0,o,-0.557,online
tyrosine,N,14.01,3,CA-H-H,0.1168,108.53,0,n8,-0.9008,online
tyrosine,CB,12.01,4,CA-CG-HB-HB,0.1311,110.13,0,c3,-0.0691,online
tyrosine,CA,12.01,4,C-CB-HA-N,0.1406,109.9,0,c3,0.1315,online
tyrosine,CG,12.01,3,CB-CD-CD,0.1437,120.56,0,ca,-0.1273,online
tyrosine,CD,12.01,3,CE-CG-HD,0.1294,119.93,0,ca,-0.085,online
tyrosine,CD,12.01,3,CE-CG-HD,0.1294,119.93,1,ca,-0.085,online
tyrosine,C,12.01,3,CA-O-OXT,0.1367,119.24,1,c,0.6461,online
tyrosine,CE,12.01,3,CD-CZ-HE,0.1294,119.93,1,ca,-0.183,online
tyrosine,CE,12.01,3,CD-CZ-HE,0.1294,119.93,1,ca,-0.183,online
tyrosine,CZ,12.01,3,CE-CE-OH,0.1387,119.94,1,ca,0.1281,online
tyrosine,HB,1.008,1,CB,0.1096,,0,hc,0.0617,online
tyrosine,HB,1.008,1,CB,0.1096,,0,hc,0.0617,online
tyrosine,HA,1.008,1,CA,0.1097,,0,h1,0.0967,online
tyrosine,HD,1.008,1,CD,0.1086,,0,ha,0.1365,online
tyrosine,HD,1.008,1,CD,0.1086,,0,ha,0.1365,online
tyrosine,H,1.008,1,N,0.1019,,0,hn,0.3633,online
tyrosine,H,1.008,1,N,0.1019,,0,hn,0.3633,online
tyrosine,HE,1.008,1,CE,0.1086,,0,ha,0.144,online
tyrosine,HE,1.008,1,CE,0.1086,,0,ha,0.144,online
tyrosine,H,1.008,1,O,0.0973,,0,ho,0.444,online
tyrosine,HH,1.008,1,OH,0.0973,,0,ho,0.42,online
tyrosine,O,15.9994,2,C-H,0.0,0.0,0,opls_154,-0.5911,online
tyrosine,OH,15.9994,2,CZ-HH,0.0,0.0,0,opls_154,-0.4961,online
tyrosine,OXT,15.9994,1,C,0.0,,0,opls_236,-0.557,online
tyrosine,N,0.0,3,CA-H-H,0.0,0.0,0,opls_x,-0.9008,online
tyrosine,CB,12.011,4,CA-CG-HB-HB,0.0,0.0,0,opls_135,-0.0691,online
tyrosine,CA,12.011,4,C-CB-HA-N,0.0,0.0,0,opls_135,0.1315,online
tyrosine,CG,12.011,3,CB-CD-CD,0.0,0.0,0,opls_145,-0.1273,online
tyrosine,CD,12.011,3,CE-CG-HD,0.0,0.0,0,opls_145,-0.085,online
tyrosine,CD,12.011,3,CE-CG-HD,0.0,0.0,1,opls_145,-0.085,online
tyrosine,C,12.011,3,CA-O-OXT,0.0,0.0,1,opls_235,0.6461,online
tyrosine,CE,12.011,3,CD-CZ-HE,0.0,0.0,1,opls_145,-0.183,online
tyrosine,CE,12.011,3,CD-CZ-HE,0.0,0.0,1,opls_145,-0.183,online
tyrosine,CZ,12.011,3,CE-CE-OH,0.0,0.0,1,opls_145,0.1281,online
tyrosine,HB,1.008,1,CB,0.0,,0,opls_140,0.0617,online
tyrosine,HB,1.008,1,CB,0.0,,0,opls_140,0.0617,online
tyrosine,HA,1.008,1,CA,0.0,,0,opls_140,0.0967,online
tyrosine,HD,1.008,1,CD,0.0,,0,opls_146,0.1365,online
tyrosine,HD,1.008,1,CD,0.0,,0,opls_146,0.1365,online
tyrosine,H,1.008,1,N,0.0,,0,opls_240,0.3633,online
tyrosine,H,1.008,1,N,0.0,,0,opls_240,0.3633,online
tyrosine,HE,1.008,1,CE,0.0,,0,opls_146,0.144,online
tyrosine,HE,1.008,1,CE,0.0,,0,opls_146,0.144,online
tyrosine,H,1.008,1,O,0.0,,0,opls_155,0.444,online
tyrosine,HH,1.008,1,OH,0.0,,0,opls_155,0.42,online
bisphenol-f,O,15.9994,2,C-H,0.0,0.0,0,opls_154,-0.4996,online
bisphenol-f,O,15.9994,2,C-H,0.0,0.0,0,opls_154,-0.4996,online
bisphenol-f,C,12.011,4,C-C-H-H,0.0,0.0,0,opls_135,0.0172,online
bisphenol-f,C,12.011,3,C-C-C,0.0,0.0,0,opls_145,-0.1123,online
bisphenol-f,C,12.011,3,C-C-C,0.0,0.0,0,opls_145,-0.1123,online
bisphenol-f,C,12.011,3,C-C-H,0.0,0.0,0,opls_145,-0.0895,online
bisphenol-f,C,12.011,3,C-C-H,0.0,0.0,1,opls_145,-0.0895,online
bisphenol-f,C,12.011,3,C-C-H,0.0,0.0,1,opls_145,-0.0895,online
bisphenol-f,C,12.011,3,C-C-H,0.0,0.0,0,opls_145,-0.0895,online
bisphenol-f,C,12.011,3,C-C-H,0.0,0.0,1,opls_145,-0.18325,online
bisphenol-f,C,12.011,3,C-C-H,0.0,0.0,1,opls_145,-0.18325,online
bisphenol-f,C,12.011,3,C-C-H,0.0,0.0,1,opls_145,-0.18325,online
bisphenol-f,C,12.011,3,C-C-H,0.0,0.0,1,opls_145,-0.18325,online
bisphenol-f,C,12.011,3,C-C-O,0.0,0.0,1,opls_145,0.1216,online
bisphenol-f,C,12.011,3,C-C-O,0.0,0.0,1,opls_145,0.1216,online
bisphenol-f,H,1.008,1,C,0.0,,0,opls_140,0.0542,online
bisphenol-f,H,1.008,1,C,0.0,,0,opls_140,0.0542,online
bisphenol-f,H,1.008,1,C,0.0,,0,opls_146,0.13525,online
bisphenol-f,H,1.008,1,C,0.0,,0,opls_146,0.13525,online
bisphenol-f,H,1.008,1,C,0.0,,0,opls_146,0.13525,online
bisphenol-f,H,1.008,1,C,0.0,,0,opls_146,0.13525,online
bisphenol-f,H,1.008,1,C,0.0,,0,opls_146,0.142,online
bisphenol-f,H,1.008,1,C,0.0,,0,opls_146,0.142,online
bisphenol-f,H,1.008,1,C,0.0,,0,opls_146,0.142,online
bisphenol-f,H,1.008,1,C,0.0,,0,opls_146,0.142,online
bisphenol-f,H,1.008,1,O,0.0,,0,opls_155,0.4185,online
bisphenol-f,H,1.008,1,O,0.0,,0,opls_155,0.4185,online
bisphenol-f,O,16.0,2,C-H,0.1168,108.58,0,oh,-0.4996,online
bisphenol-f,O,16.0,2,C-H,0.1168,108.58,0,oh,-0.4996,online
bisphenol-f,C,12.01,4,C-C-H-H,0.1305,110.43,0,c3,0.0172,online
bisphenol-f,C,12.01,3,C-C-C,0.1437,120.56,0,ca,-0.1123,online
bisphenol-f,C,12.01,3,C-C-C,0.1437,120.56,0,ca,-0.1123,online
bisphenol-f,C,12.01,3,C-C-H,0.1294,119.93,0,ca,-0.0895,online
bisphenol-f,C,12.01,3,C-C-H,0.1294,119.93,1,ca,-0.0895,online
bisphenol-f,C,12.01,3,C-C-H,0.1294,119.93,1,ca,-0.0895,online
bisphenol-f,C,12.01,3,C-C-H,0.1294,119.93,0,ca,-0.0895,online
bisphenol-f,C,12.01,3,C-C-H,0.1294,119.93,1,ca,-0.18325,online
bisphenol-f,C,12.01,3,C-C-H,0.1294,119.93,1,ca,-0.18325,online
bisphenol-f,C,12.01,3,C-C-H,0.1294,119.93,1,ca,-0.18325,online
bisphenol-f,C,12.01,3,C-C-H,0.1294,119.93,1,ca,-0.18325,online
bisphenol-f,C,12.01,3,C-C-O,0.1387,119.94,1,ca,0.1216,online
bisphenol-f,C,12.01,3,C-C-O,0.1387,119.94,1,ca,0.1216,online
bisphenol-f,H,1.008,1,C,0.1096,,0,hc,0.0542,online
bisphenol-f,H,1.008,1,C,0.1096,,0,hc,0.0542,online
bisphenol-f,H,1.008,1,C,0.1086,,0,ha,0.13525,online
bisphenol-f,H,1.008,1,C,0.1086,,0,ha,0.13525,online
bisphenol-f,H,1.008,1,C,0.1086,,0,ha,0.13525,online
bisphenol-f,H,1.008,1,C,0.1086,,0,ha,0.13525,online
bisphenol-f,H,1.008,1,C,0.1086,,0,ha,0.142,online
bisphenol-f,H,1.008,1,C,0.1086,,0,ha,0.142,online
bisphenol-f,H,1.008,1,C,0.1086,,0,ha,0.142,online
bisphenol-f,H,1.008,1,C,0.1086,,0,ha,0.142,online
bisphenol-f,H,1.008,1,O,0.0973,,0,ho,0.4185,online
bisphenol-f,H,1.008,1,O,0.0973,,0,ho,0.4185,online
galactose,O,0.0,2,C-C,0.0,0.0,0,opls_x,-0.4686,online
galactose,O,15.9994,2,C-H,0.0,0.0,0,opls_154,-0.5678,online
galactose,O,15.9994,2,C-H,0.0,0.0,0,opls_154,-0.5768,online
galactose,O,15.9994,2,C-H,0.0,0.0,0,opls_154,-0.5998,online
galactose,O,15.9994,2,C-H,0.0,0.0,0,opls_154,-0.6028,online
galactose,O,15.9994,2,C-H,0.0,0.0,0,opls_154,-0.5938,online
galactose,C,0.0,4,C-C-H-O,0.0,0.0,0,opls_x,0.1231,online
galactose,C,0.0,4,C-C-H-O,0.0,0.0,0,opls_x,0.1151,online
galactose,C,0.0,4,C-C-H-O,0.0,0.0,0,opls_x,0.0691,online
galactose,C,0.0,4,C-C-H-O,0.0,0.0,0,opls_x,0.0751,online
galactose,C,0.0,4,C-H-O-O,0.0,0.0,0,opls_x,0.3109,online
galactose,C,12.011,4,C-H-H-O,0.0,0.0,0,opls_135,0.1404,online
galactose,H,1.008,1,C,0.0,,0,opls_140,0.1027,online
galactose,H,1.008,1,C,0.0,,0,opls_140,0.0547,online
galactose,H,1.008,1,C,0.0,,0,opls_140,0.0637,online
galactose,H,1.008,1,C,0.0,,0,opls_140,0.0727,online
galactose,H,0.0,1,C,0.0,,0,opls_x,0.0557,online
galactose,H,1.008,1,C,0.0,,0,opls_140,0.0657,online
galactose,H,1.008,1,C,0.0,,0,opls_140,0.0657,online
galactose,H,1.008,1,O,0.0,,0,opls_155,0.407,online
galactose,H,1.008,1,O,0.0,,0,opls_155,0.419,online
galactose,H,1.008,1,O,0.0,,0,opls_155,0.425,online
galactose,H,1.008,1,O,0.0,,0,opls_155,0.434,online
galactose,H,1.008,1,O,0.0,,0,opls_155,0.41,online
galactose,O,16.0,2,C-C,0.143,113.3,0,os,-0.4686,online
galactose,O,16.0,2,C-H,0.1198,107.07,0,oh,-0.5678,online
galactose,O,16.0,2,C-H,0.1198,107.07,0,oh,-0.5768,online
galactose,O,16.0,2,C-H,0.1198,107.07,0,oh,-0.5998,online
galactose,O,16.0,2,C-H,0.1198,107.07,0,oh,-0.6028,online
galactose,O,16.0,2,C-H,0.1198,107.39,0,oh,-0.5938,online
galactose,C,12.01,4,C-C-H-O,0.14,109.91,0,c6,0.1231,online
galactose,C,12.01,4,C-C-H-O,0.14,109.91,0,c6,0.1151,online
galactose,C,12.01,4,C-C-H-O,0.1402,109.03,0,c6,0.0691,online
galactose,C,12.01,4,C-C-H-O,0.14,109.91,0,c6,0.0751,online
galactose,C,12.01,4,C-H-O-O,0.1373,109.66,0,c6,0.3109,online
galactose,C,12.01,4,C-H-H-O,0.129,109.84,0,c3,0.1404,online
galactose,H,1.008,1,C,0.1098,,0,h1,0.1027,online
galactose,H,1.008,1,C,0.1098,,0,h1,0.0547,online
galactose,H,1.008,1,C,0.1098,,0,h1,0.0637,online
galactose,H,1.008,1,C,0.1098,,0,h1,0.0727,online
galactose,H,1.008,1,C,0.1099,,0,h2,0.0557,online
galactose,H,1.008,1,C,0.1097,,0,h1,0.0657,online
galactose,H,1.008,1,C,0.1097,,0,h1,0.0657,online
galactose,H,1.008,1,O,0.0973,,0,ho,0.407,online
galactose,H,1.008,1,O,0.0973,,0,ho,0.419,online
galactose,H,1.008,1,O,0.0973,,0,ho,0.425,online
galactose,H,1.008,1,O,0.0973,,0,ho,0.434,online
galactose,H,1.008,1,O,0.0973,,0,ho,0.41,online
celecoxib,S,0.0,4,C-N-O-O,0.0,0.0,0,opls_x,1.5282,online
celecoxib,F,0.0,1,C,0.0,,0,opls_x,-0.2293,online
celecoxib,F,0.0,1,C,0.0,,0,opls_x,-0.2293,online
celecoxib,F,0.0,1,C,0.0,,0,opls_x,-0.2293,online
celecoxib,O,15.9994,1,S,0.0,,0,opls_236,-0.6558,online
celecoxib,O,15.9994,1,S,0.0,,0,opls_236,-0.6558,online
celecoxib,N,14.0067,3,C-C-N,0.0,0.0,0,opls_503,0.1623,online
celecoxib,N,14.0067,2,C-N,0.0,0.0,0,opls_511,-0.4408,online
celecoxib,N,0.0,3,H-H-S,0.0,0.0,0,opls_x,-1.0267,online
celecoxib,C,12.011,3,C-C-N,0.0,0.0,1,opls_500,-0.0293,online
celecoxib,C,12.011,3,C-C-N,0.0,0.0,0,opls_145,0.0738,online
celecoxib,C,12.011,3,C-C-C,0.0,0.0,0,opls_145,-0.058,online
celecoxib,C,12.011,3,C-C-H,0.0,0.0,1,opls_500,-0.2313,online
celecoxib,C,12.011,3,C-C-N,0.0,0.0,1,opls_500,0.2156,online
celecoxib,C,12.011,3,C-C-H,0.0,0.0,0,opls_145,-0.1495,online
celecoxib,C,12.011,3,C-C-H,0.0,0.0,1,opls_145,-0.1495,online
celecoxib,C,12.011,3,C-C-S,0.0,0.0,1,opls_145,-0.3795,online
celecoxib,C,12.011,3,C-C-H,0.0,0.0,0,opls_145,-0.0985,online
celecoxib,C,12.011,3,C-C-H,0.0,0.0,1,opls_145,-0.0985,online
celecoxib,C,12.011,3,C-C-H,0.0,0.0,1,opls_145,-0.011,online
celecoxib,C,12.011,3,C-C-H,0.0,0.0,1,opls_145,-0.011,online
celecoxib,C,12.011,3,C-C-C,0.0,0.0,1,opls_145,-0.0543,online
celecoxib,C,12.011,3,C-C-H,0.0,0.0,1,opls_145,-0.1345,online
celecoxib,C,12.011,3,C-C-H,0.0,0.0,1,opls_145,-0.1345,online
celecoxib,C,12.011,4,C-F-F-F,0.0,0.0,0,opls_135,0.6326,online
celecoxib,C,12.011,4,C-H-H-H,0.0,0.0,0,opls_135,-0.0608,online
celecoxib,H,1.008,1,C,0.0,,0,opls_146,0.188,online
celecoxib,H,1.008,1,C,0.0,,0,opls_146,0.164,online
celecoxib,H,1.008,1,C,0.0,,0,opls_146,0.164,online
celecoxib,H,1.008,1,C,0.0,,0,opls_146,0.1425,online
celecoxib,H,1.008,1,C,0.0,,0,opls_146,0.1425,online
celecoxib,H,1.008,1,C,0.0,,0,opls_146,0.1605,online
celecoxib,H,1.008,1,C,0.0,,0,opls_146,0.1605,online
celecoxib,H,1.008,1,C,0.0,,0,opls_146,0.1405,online
celecoxib,H,1.008,1,C,0.0,,0,opls_146,0.1405,online
celecoxib,H,1.008,1,C,0.0,,0,opls_140,0.0507,online
celecoxib,H,1.008,1,C,0.0,,0,opls_140,0.0507,online
celecoxib,H,1.008,1,C,0.0,,0,opls_140,0.0507,online
celecoxib,H,1.008,1,N,0.0,,0,opls_240,0.4498,online
celecoxib,H,1.008,1,N,0.0,,0,opls_240,0.4498,online
celecoxib,S,32.06,4,C-N-O-O,0.1604,109.19,0,sy,1.5282,online
celecoxib,F,19.0,1,C,0.1351,,0,f,-0.2293,online
celecoxib,F,19.0,1,C,0.1351,,0,f,-0.2293,online
celecoxib,F,19.0,1,C,0.1351,,0,f,-0.2293,online
celecoxib,O,16.0,1,S,0.1466,,0,o,-0.6558,online
celecoxib,O,16.0,1,S,0.1466,,0,o,-0.6558,online
celecoxib,N,14.01,3,C-C-N,0.1374,115.45,0,na,0.1623,online
celecoxib,N,14.01,2,C-N,0.1337,103.83,0,nc,-0.4408,online
celecoxib,N,14.01,3,H-H-S,0.1243,108.57,0,n8,-1.0267,online
celecoxib,C,12.01,3,C-C-N,0.1402,114.86,1,cc,-0.0293,online
celecoxib,C,12.01,3,C-C-N,0.1394,120.21,0,ca,0.0738,online
celecoxib,C,12.01,3,C-C-C,0.1417,120.61,0,ca,-0.058,online
celecoxib,C,12.01,3,C-C-H,0.1295,119.92,1,cd,-0.2313,online
celecoxib,C,12.01,3,C-C-N,0.1416,122.06,1,cd,0.2156,online
celecoxib,C,12.01,3,C-C-H,0.1294,119.93,0,ca,-0.1495,online
celecoxib,C,12.01,3,C-C-H,0.1294,119.93,1,ca,-0.1495,online
celecoxib,C,12.01,3,C-C-S,0.153,119.61,1,ca,-0.3795,online
celecoxib,C,12.01,3,C-C-H,0.1294,119.93,0,ca,-0.0985,online
celecoxib,C,12.01,3,C-C-H,0.1294,119.93,1,ca,-0.0985,online
celecoxib,C,12.01,3,C-C-H,0.1294,119.93,1,ca,-0.011,online
celecoxib,C,12.01,3,C-C-H,0.1294,119.93,1,ca,-0.011,online
celecoxib,C,12.01,3,C-C-C,0.1437,120.56,1,ca,-0.0543,online
celecoxib,C,12.01,3,C-C-H,0.1294,119.93,1,ca,-0.1345,online
celecoxib,C,12.01,3,C-C-H,0.1294,119.93,1,ca,-0.1345,online
celecoxib,C,12.01,4,C-F-F-F,0.1389,109.58,0,c3,0.6326,online
celecoxib,C,12.01,4,C-H-H-H,0.1201,109.18,0,c3,-0.0608,online
celecoxib,H,1.008,1,C,0.1084,,0,ha,0.188,online
celecoxib,H,1.008,1,C,0.1086,,0,ha,0.164,online
celecoxib,H,1.008,1,C,0.1086,,0,ha,0.164,online
celecoxib,H,1.008,1,C,0.1086,,0,ha,0.1425,online
celecoxib,H,1.008,1,C,0.1086,,0,ha,0.1425,online
celecoxib,H,1.008,1,C,0.1086,,0,ha,0.1605,online
celecoxib,H,1.008,1,C,0.1086,,0,ha,0.1605,online
celecoxib,H,1.008,1,C,0.1086,,0,ha,0.1405,online
celecoxib,H,1.008,1,C,0.1086,,0,ha,0.1405,online
celecoxib,H,1.008,1,C,0.1096,,0,hc,0.0507,online
celecoxib,H,1.008,1,C,0.1096,,0,hc,0.0507,online
celecoxib,H,1.008,1,C,0.1096,,0,hc,0.0507,online
celecoxib,H,1.008,1,N,0.1019,,0,hn,0.4498,online
celecoxib,H,1.008,1,N,0.1019,,0,hn,0.4498,online
benzocaine,O,16.0,2,C-C,0.1395,115.82,0,os,-0.4459,online
benzocaine,O,16.0,1,C,0.1219,,0,o,-0.557,online
benzocaine,N,14.01,3,C-H-H,0.1132,116.25,0,nv,-0.833201,online
benzocaine,C,12.01,3,C-C-C,0.1429,120.23,0,ca,-0.1896,online
benzocaine,C,12.01,3,C-C-H,0.1294,119.93,1,ca,-0.0275,online
benzocaine,C,12.01,3,C-C-H,0.1294,119.93,0,ca,-0.0275,online
benzocaine,C,12.01,3,C-C-N,0.1391,120.63,1,ca,0.1916,online
benzocaine,C,12.01,3,C-C-H,0.1294,119.93,1,ca,-0.221,online
benzocaine,C,12.01,3,C-C-H,0.1294,119.93,1,ca,-0.221,online
benzocaine,C,12.01,3,C-O-O,0.1357,119.4,1,c,0.6547,online
benzocaine,C,12.01,4,C-H-H-O,0.1289,109.34,0,c3,0.1404,online
benzocaine,C,12.01,4,C-H-H-H,0.1206,108.7,0,c3,-0.1001,online
benzocaine,H,1.008,1,C,0.1086,,0,ha,0.154,online
benzocaine,H,1.008,1,C,0.1086,,0,ha,0.154,online
benzocaine,H,1.008,1,C,0.1086,,0,ha,0.1375,online
benzocaine,H,1.008,1,C,0.1086,,0,ha,0.1375,online
benzocaine,H,1.008,1,C,0.1097,,0,h1,0.0512,online
benzocaine,H,1.008,1,C,0.1097,,0,h1,0.0512,online
benzocaine,H,1.008,1,C,0.1096,,0,hc,0.046367,online
benzocaine,H,1.008,1,C,0.1096,,0,hc,0.046367,online
benzocaine,H,1.008,1,C,0.1096,,0,hc,0.046367,online
benzocaine,H,1.008,1,N,0.1011,,1,hn,0.4058,online
benzocaine,H,1.008,1,N,0.1011,,0,hn,0.4058,online
benzocaine,O,0.0,2,C-C,0.0,0.0,0,opls_x,-0.4459,online
benzocaine,O,15.9994,1,C,0.0,,0,opls_236,-0.557,online
benzocaine,N,0.0,3,C-H-H,0.0,0.0,0,opls_x,-0.833201,online
benzocaine,C,12.011,3,C-C-C,0.0,0.0,0,opls_145,-0.1896,online
benzocaine,C,12.011,3,C-C-H,0.0,0.0,1,opls_145,-0.0275,online
benzocaine,C,12.011,3,C-C-H,0.0,0.0,0,opls_145,-0.0275,online
benzocaine,C,12.011,3,C-C-N,0.0,0.0,1,opls_145,0.1916,online
benzocaine,C,12.011,3,C-C-H,0.0,0.0,1,opls_145,-0.221,online
benzocaine,C,12.011,3,C-C-H,0.0,0.0,1,opls_145,-0.221,online
benzocaine,C,12.011,3,C-O-O,0.0,0.0,1,opls_235,0.6547,online
benzocaine,C,12.011,4,C-H-H-O,0.0,0.0,0,opls_135,0.1404,online
benzocaine,C,12.011,4,C-H-H-H,0.0,0.0,0,opls_135,-0.1001,online
benzocaine,H,1.008,1,C,0.0,,0,opls_146,0.154,online
benzocaine,H,1.008,1,C,0.0,,0,opls_146,0.154,online
benzocaine,H,1.008,1,C,0.0,,0,opls_146,0.1375,online
benzocaine,H,1.008,1,C,0.0,,0,opls_146,0.1375,online
benzocaine,H,1.008,1,C,0.0,,0,opls_140,0.0512,online
benzocaine,H,1.008,1,C,0.0,,0,opls_140,0.0512,online
benzocaine,H,1.008,1,C,0.0,,0,opls_140,0.046367,online
benzocaine,H,1.008,1,C,0.0,,0,opls_140,0.046367,online
benzocaine,H,1.008,1,C,0.0,,0,opls_140,0.046367,online
benzocaine,H,1.008,1,N,0.0,,1,opls_240,0.4058,online
benzocaine,H,1.008,1,N,0.0,,0,opls_240,0.4058,online
beta-sitosterol,O,16.0,2,C-H,0.1198,107.07,0,oh,-0.601804,online
beta-sitosterol,C,12.01,4,C-C-C-C,0.1543,111.52,0,c5,-0.044,online
beta-sitosterol,C,12.01,4,C-C-C-H,0.1433,110.02,0,c5,-0.0657,online
beta-sitosterol,C,12.01,4,C-C-C-H,0.1428,110.23,0,c6,-0.0467,online
beta-sitosterol,C,12.01,4,C-C-C-H,0.1428,110.25,0,c6,-0.0487,online
beta-sitosterol,C,12.01,4,C-C-C-H,0.1432,110.19,0,c5,-0.0537,online
beta-sitosterol,C,12.01,4,C-C-H-H,0.1318,109.21,0,c6,-0.0654,online
beta-sitosterol,C,12.01,4,C-C-C-C,0.1533,111.08,1,c6,0.0002,online
beta-sitosterol,C,12.01,4,C-C-H-H,0.1322,109.29,0,c5,-0.0744,online
beta-sitosterol,C,12.01,4,C-C-H-H,0.1318,109.25,0,c6,-0.0754,online
beta-sitosterol,C,12.01,4,C-C-H-H,0.1322,109.29,0,c5,-0.0794,online
beta-sitosterol,C,12.01,4,C-C-H-H,0.1312,109.26,1,c6,-0.0422,online
beta-sitosterol,C,12.01,4,C-C-C-H,0.1426,111.65,0,c3,-0.0577,online
beta-sitosterol,C,12.01,4,C-H-H-H,0.1206,109.13,0,c3,-0.0821,online
beta-sitosterol,C,12.01,3,C-C-C,0.1455,120.67,0,c2,-0.1054,online
beta-sitosterol,C,12.01,4,C-C-H-H,0.1318,109.25,0,c6,-0.0704,online
beta-sitosterol,C,12.01,3,C-C-H,0.1313,119.99,0,c2,-0.1672,online
beta-sitosterol,C,12.01,4,C-H-H-H,0.1208,109.18,0,c3,-0.0831,online
beta-sitosterol,C,12.01,4,C-C-H-H,0.1312,109.26,0,c6,-0.0752,online
beta-sitosterol,C,12.01,4,C-C-H-H,0.1316,109.85,0,c3,-0.0804,online
beta-sitosterol,C,12.01,4,C-C-H-H,0.1318,109.25,0,c6,-0.0754,online
beta-sitosterol,C,12.01,4,C-C-H-O,0.14,109.91,0,c6,0.1451,online
beta-sitosterol,C,12.01,4,C-H-H-H,0.1206,108.7,0,c3,-0.0901,online
beta-sitosterol,C,12.01,4,C-C-H-H,0.1316,109.85,0,c3,-0.0754,online
beta-sitosterol,C,12.01,4,C-C-C-H,0.1426,111.16,0,c3,-0.0607,online
beta-sitosterol,C,12.01,4,C-C-C-H,0.1426,111.16,0,c3,-0.0647,online
beta-sitosterol,C,12.01,4,C-C-H-H,0.1316,109.85,0,c3,-0.0794,online
beta-sitosterol,C,12.01,4,C-H-H-H,0.1206,108.7,0,c3,-0.0901,online
beta-sitosterol,C,12.01,4,C-H-H-H,0.1206,108.7,0,c3,-0.0901,online
beta-sitosterol,C,12.01,4,C-H-H-H,0.1206,108.7,0,c3,-0.0931,online
beta-sitosterol,H,1.008,1,C,0.1095,,0,hc,0.0457,online
beta-sitosterol,H,1.008,1,C,0.1098,,0,hc,0.0587,online
beta-sitosterol,H,1.008,1,C,0.1098,,0,hc,0.0477,online
beta-sitosterol,H,1.008,1,C,0.1095,,0,hc,0.0467,online
beta-sitosterol,H,1.008,1,C,0.1098,,0,hc,0.0417,online
beta-sitosterol,H,1.008,1,C,0.1098,,0,hc,0.0417,online
beta-sitosterol,H,1.008,1,C,0.1095,,0,hc,0.0417,online
beta-sitosterol,H,1.008,1,C,0.1095,,0,hc,0.0417,online
beta-sitosterol,H,1.008,1,C,0.1098,,0,hc,0.0412,online
beta-sitosterol,H,1.008,1,C,0.1098,,0,hc,0.0412,online
beta-sitosterol,H,1.008,1,C,0.1095,,0,hc,0.0422,online
beta-sitosterol,H,1.008,1,C,0.1095,,0,hc,0.0422,online
beta-sitosterol,H,1.008,1,C,0.1098,,0,hc,0.0492,online
beta-sitosterol,H,1.008,1,C,0.1098,,0,hc,0.0492,online
beta-sitosterol,H,1.008,1,C,0.1096,,0,hc,0.0527,online
beta-sitosterol,H,1.008,1,C,0.1096,,0,hc,0.035367,online
beta-sitosterol,H,1.008,1,C,0.1096,,0,hc,0.035367,online
beta-sitosterol,H,1.008,1,C,0.1096,,0,hc,0.035367,online
beta-sitosterol,H,1.008,1,C,0.1098,,0,hc,0.0447,online
beta-sitosterol,H,1.008,1,C,0.1098,,0,hc,0.0447,online
beta-sitosterol,H,1.008,1,C,0.1088,,0,ha,0.119,online
beta-sitosterol,H,1.008,1,C,0.1096,,0,hc,0.037367,online
beta-sitosterol,H,1.008,1,C,0.1096,,0,hc,0.037367,online
beta-sitosterol,H,1.008,1,C,0.1096,,0,hc,0.037367,online
beta-sitosterol,H,1.008,1,C,0.1098,,0,hc,0.0512,online
beta-sitosterol,H,1.008,1,C,0.1098,,0,hc,0.0512,online
beta-sitosterol,H,1.008,1,C,0.1096,,0,hc,0.0417,online
beta-sitosterol,H,1.008,1,C,0.1096,,0,hc,0.0417,online
beta-sitosterol,H,1.008,1,C,0.1098,,0,hc,0.0552,online
beta-sitosterol,H,1.008,1,C,0.1098,,0,hc,0.0552,online
beta-sitosterol,H,1.008,1,C,0.1098,,0,h1,0.0357,online
beta-sitosterol,H,1.008,1,C,0.1096,,0,hc,0.033367,online
beta-sitosterol,H,1.008,1,C,0.1096,,0,hc,0.033367,online
beta-sitosterol,H,1.008,1,C,0.1096,,0,hc,0.033367,online
beta-sitosterol,H,1.008,1,C,0.1096,,0,hc,0.0417,online
beta-sitosterol,H,1.008,1,C,0.1096,,0,hc,0.0417,online
beta-sitosterol,H,1.008,1,C,0.1096,,0,hc,0.0497,online
beta-sitosterol,H,1.008,1,O,0.0973,,0,ho,0.398,online
beta-sitosterol,H,1.008,1,C,0.1096,,0,hc,0.0457,online
beta-sitosterol,H,1.008,1,C,0.1096,,0,hc,0.0402,online
beta-sitosterol,H,1.008,1,C,0.1096,,0,hc,0.0402,online
beta-sitosterol,H,1.008,1,C,0.1096,,0,hc,0.032867,online
beta-sitosterol,H,1.008,1,C,0.1096,,0,hc,0.032867,online
beta-sitosterol,H,1.008,1,C,0.1096,,0,hc,0.032867,online
beta-sitosterol,H,1.008,1,C,0.1096,,0,hc,0.032867,online
beta-sitosterol,H,1.008,1,C,0.1096,,0,hc,0.032867,online
beta-sitosterol,H,1.008,1,C,0.1096,,0,hc,0.032867,online
beta-sitosterol,H,1.008,1,C,0.1096,,0,hc,0.032033,online
beta-sitosterol,H,1.008,1,C,0.1096,,0,hc,0.032033,online
beta-sitosterol,H,1.008,1,C,0.1096,,0,hc,0.032033,online
beta-sitosterol,O,15.9994,2,C-H,0.0,0.0,0,opls_154,-0.601804,online
beta-sitosterol,C,0.0,4,C-C-C-C,0.0,0.0,0,opls_x,-0.044,online
beta-sitosterol,C,0.0,4,C-C-C-H,0.0,0.0,0,opls_x,-0.0657,online
beta-sitosterol,C,0.0,4,C-C-C-H,0.0,0.0,0,opls_x,-0.0467,online
beta-sitosterol,C,0.0,4,C-C-C-H,0.0,0.0,0,opls_x,-0.0487,online
beta-sitosterol,C,0.0,4,C-C-C-H,0.0,0.0,0,opls_x,-0.0537,online
beta-sitosterol,C,0.0,4,C-C-H-H,0.0,0.0,0,opls_x,-0.0654,online
beta-sitosterol,C,0.0,4,C-C-C-C,0.0,0.0,1,opls_x,0.0002,online
beta-sitosterol,C,0.0,4,C-C-H-H,0.0,0.0,0,opls_x,-0.0744,online
beta-sitosterol,C,0.0,4,C-C-H-H,0.0,0.0,0,opls_x,-0.0754,online
beta-sitosterol,C,0.0,4,C-C-H-H,0.0,0.0,0,opls_x,-0.0794,online
beta-sitosterol,C,0.0,4,C-C-H-H,0.0,0.0,1,opls_x,-0.0422,online
beta-sitosterol,C,12.011,4,C-C-C-H,0.0,0.0,0,opls_135,-0.0577,online
beta-sitosterol,C,12.011,4,C-H-H-H,0.0,0.0,0,opls_135,-0.0821,online
beta-sitosterol,C,12.011,3,C-C-C,0.0,0.0,0,opls_509,-0.1054,online
beta-sitosterol,C,0.0,4,C-C-H-H,0.0,0.0,0,opls_x,-0.0704,online
beta-sitosterol,C,12.011,3,C-C-H,0.0,0.0,0,opls_509,-0.1672,online
beta-sitosterol,C,12.011,4,C-H-H-H,0.0,0.0,0,opls_135,-0.0831,online
beta-sitosterol,C,0.0,4,C-C-H-H,0.0,0.0,0,opls_x,-0.0752,online
beta-sitosterol,C,12.011,4,C-C-H-H,0.0,0.0,0,opls_135,-0.0804,online
beta-sitosterol,C,0.0,4,C-C-H-H,0.0,0.0,0,opls_x,-0.0754,online
beta-sitosterol,C,0.0,4,C-C-H-O,0.0,0.0,0,opls_x,0.1451,online
beta-sitosterol,C,12.011,4,C-H-H-H,0.0,0.0,0,opls_135,-0.0901,online
beta-sitosterol,C,12.011,4,C-C-H-H,0.0,0.0,0,opls_135,-0.0754,online
beta-sitosterol,C,12.011,4,C-C-C-H,0.0,0.0,0,opls_135,-0.0607,online
beta-sitosterol,C,12.011,4,C-C-C-H,0.0,0.0,0,opls_135,-0.0647,online
beta-sitosterol,C,12.011,4,C-C-H-H,0.0,0.0,0,opls_135,-0.0794,online
beta-sitosterol,C,12.011,4,C-H-H-H,0.0,0.0,0,opls_135,-0.0901,online
beta-sitosterol,C,12.011,4,C-H-H-H,0.0,0.0,0,opls_135,-0.0901,online
beta-sitosterol,C,12.011,4,C-H-H-H,0.0,0.0,0,opls_135,-0.0931,online
beta-sitosterol,H,1.008,1,C,0.0,,0,opls_140,0.0457,online
beta-sitosterol,H,1.008,1,C,0.0,,0,opls_140,0.0587,online
beta-sitosterol,H,1.008,1,C,0.0,,0,opls_140,0.0477,online
beta-sitosterol,H,1.008,1,C,0.0,,0,opls_140,0.0467,online
beta-sitosterol,H,1.008,1,C,0.0,,0,opls_140,0.0417,online
beta-sitosterol,H,1.008,1,C,0.0,,0,opls_140,0.0417,online
beta-sitosterol,H,1.008,1,C,0.0,,0,opls_140,0.0417,online
beta-sitosterol,H,1.008,1,C,0.0,,0,opls_140,0.0417,online
beta-sitosterol,H,1.008,1,C,0.0,,0,opls_140,0.0412,online
beta-sitosterol,H,1.008,1,C,0.0,,0,opls_140,0.0412,online
beta-sitosterol,H,1.008,1,C,0.0,,0,opls_140,0.0422,online
beta-sitosterol,H,1.008,1,C,0.0,,0,opls_140,0.0422,online
beta-sitosterol,H,1.008,1,C,0.0,,0,opls_140,0.0492,online
beta-sitosterol,H,1.008,1,C,0.0,,0,opls_140,0.0492,online
beta-sitosterol,H,1.008,1,C,0.0,,0,opls_140,0.0527,online
beta-sitosterol,H,1.008,1,C,0.0,,0,opls_140,0.035367,online
beta-sitosterol,H,1.008,1,C,0.0,,0,opls_140,0.035367,online
beta-sitosterol,H,1.008,1,C,0.0,,0,opls_140,0.035367,online
beta-sitosterol,H,1.008,1,C,0.0,,0,opls_140,0.0447,online
beta-sitosterol,H,1.008,1,C,0.0,,0,opls_140,0.0447,online
beta-sitosterol,H,1.008,1,C,0.0,,0,opls_146,0.119,online
beta-sitosterol,H,1.008,1,C,0.0,,0,opls_140,0.037367,online
beta-sitosterol,H,1.008,1,C,0.0,,0,opls_140,0.037367,online
beta-sitosterol,H,1.008,1,C,0.0,,0,opls_140,0.037367,online
beta-sitosterol,H,1.008,1,C,0.0,,0,opls_140,0.0512,online
beta-sitosterol,H,1.008,1,C,0.0,,0,opls_140,0.0512,online
beta-sitosterol,H,1.008,1,C,0.0,,0,opls_140,0.0417,online
beta-sitosterol,H,1.008,1,C,0.0,,0,opls_140,0.0417,online
beta-sitosterol,H,1.008,1,C,0.0,,0,opls_140,0.0552,online
beta-sitosterol,H,1.008,1,C,0.0,,0,opls_140,0.0552,online
beta-sitosterol,H,1.008,1,C,0.0,,0,opls_140,0.0357,online
beta-sitosterol,H,1.008,1,C,0.0,,0,opls_140,0.033367,online
beta-sitosterol,H,1.008,1,C,0.0,,0,opls_140,0.033367,online
beta-sitosterol,H,1.008,1,C,0.0,,0,opls_140,0.033367,online
beta-sitosterol,H,1.008,1,C,0.0,,0,opls_140,0.0417,online
beta-sitosterol,H,1.008,1,C,0.0,,0,opls_140,0.0417,online
beta-sitosterol,H,1.008,1,C,0.0,,0,opls_140,0.0497,online
beta-sitosterol,H,1.008,1,O,0.0,,0,opls_155,0.398,online
beta-sitosterol,H,1.008,1,C,0.0,,0,opls_140,0.0457,online
beta-sitosterol,H,1.008,1,C,0.0,,0,opls_140,0.0402,online
beta-sitosterol,H,1.008,1,C,0.0,,0,opls_140,0.0402,online
beta-sitosterol,H,1.008,1,C,0.0,,0,opls_140,0.032867,online
beta-sitosterol,H,1.008,1,C,0.0,,0,opls_140,0.032867,online
beta-sitosterol,H,1.008,1,C,0.0,,0,opls_140,0.032867,online
beta-sitosterol,H,1.008,1,C,0.0,,0,opls_140,0.032867,online
beta-sitosterol,H,1.008,1,C,0.0,,0,opls_140,0.032867,online
beta-sitosterol,H,1.008,1,C,0.0,,0,opls_140,0.032867,online
beta-sitosterol,H,1.008,1,C,0.0,,0,opls_140,0.032033,online
beta-sitosterol,H,1.008,1,C,0.0,,0,opls_140,0.032033,online
beta-sitosterol,H,1.008,1,C,0.0,,0,opls_140,0.032033,online
7-dehydrocholesterol,O,15.9994,2,C-H,0.0,0.0,0,opls_154,-0.605802,online
7-dehydrocholesterol,C,0.0,4,C-C-C-C,0.0,0.0,0,opls_x,-0.042,online
7-dehydrocholesterol,C,0.0,4,C-C-C-H,0.0,0.0,0,opls_x,-0.0335,online
7-dehydrocholesterol,C,0.0,4,C-C-C-H,0.0,0.0,0,opls_x,-0.0537,online
7-dehydrocholesterol,C,0.0,4,C-C-C-H,0.0,0.0,1,opls_x,-0.0155,online
7-dehydrocholesterol,C,0.0,4,C-C-H-H,0.0,0.0,0,opls_x,-0.0674,online
7-dehydrocholesterol,C,0.0,4,C-C-H-H,0.0,0.0,0,opls_x,-0.0724,online
7-dehydrocholesterol,C,12.011,3,C-C-C,0.0,0.0,0,opls_509,-0.0804,online
7-dehydrocholesterol,C,0.0,4,C-C-H-H,0.0,0.0,0,opls_x,-0.0784,online
7-dehydrocholesterol,C,0.0,4,C-C-C-C,0.0,0.0,0,opls_x,0.0032,online
7-dehydrocholesterol,C,0.0,4,C-C-H-H,0.0,0.0,0,opls_x,-0.0734,online
7-dehydrocholesterol,C,12.011,4,C-C-C-H,0.0,0.0,0,opls_135,-0.0547,online
7-dehydrocholesterol,C,12.011,4,C-H-H-H,0.0,0.0,0,opls_135,-0.0821,online
7-dehydrocholesterol,C,12.011,3,C-C-C,0.0,0.0,0,opls_509,-0.1054,online
7-dehydrocholesterol,C,0.0,4,C-C-H-H,0.0,0.0,0,opls_x,-0.0674,online
7-dehydrocholesterol,C,0.0,3,C-C-H,0.0,0.0,1,opls_x,-0.146,online
7-dehydrocholesterol,C,12.011,4,C-H-H-H,0.0,0.0,0,opls_135,-0.0861,online
7-dehydrocholesterol,C,12.011,4,C-C-H-H,0.0,0.0,0,opls_135,-0.0764,online
7-dehydrocholesterol,C,0.0,3,C-C-H,0.0,0.0,1,opls_x,-0.132,online
7-dehydrocholesterol,C,0.0,4,C-C-H-H,0.0,0.0,1,opls_x,-0.0382,online
7-dehydrocholesterol,C,0.0,4,C-C-H-H,0.0,0.0,0,opls_x,-0.1134,online
7-dehydrocholesterol,C,12.011,4,C-H-H-H,0.0,0.0,0,opls_135,-0.0901,online
7-dehydrocholesterol,C,0.0,4,C-C-H-O,0.0,0.0,0,opls_x,0.1451,online
7-dehydrocholesterol,C,12.011,4,C-C-H-H,0.0,0.0,0,opls_135,-0.0804,online
7-dehydrocholesterol,C,12.011,4,C-C-H-H,0.0,0.0,0,opls_135,-0.0734,online
7-dehydrocholesterol,C,12.011,4,C-C-C-H,0.0,0.0,0,opls_135,-0.0657,online
7-dehydrocholesterol,C,12.011,4,C-H-H-H,0.0,0.0,0,opls_135,-0.0891,online
7-dehydrocholesterol,C,12.011,4,C-H-H-H,0.0,0.0,0,opls_135,-0.0891,online
7-dehydrocholesterol,H,1.008,1,C,0.0,,0,opls_140,0.0547,online
7-dehydrocholesterol,H,1.008,1,C,0.0,,0,opls_140,0.0487,online
7-dehydrocholesterol,H,1.008,1,C,0.0,,0,opls_140,0.0527,online
7-dehydrocholesterol,H,1.008,1,C,0.0,,0,opls_140,0.0422,online
7-dehydrocholesterol,H,1.008,1,C,0.0,,0,opls_140,0.0422,online
7-dehydrocholesterol,H,1.008,1,C,0.0,,0,opls_140,0.0447,online
7-dehydrocholesterol,H,1.008,1,C,0.0,,0,opls_140,0.0447,online
7-dehydrocholesterol,H,1.008,1,C,0.0,,0,opls_140,0.0427,online
7-dehydrocholesterol,H,1.008,1,C,0.0,,0,opls_140,0.0427,online
7-dehydrocholesterol,H,1.008,1,C,0.0,,0,opls_140,0.0437,online
7-dehydrocholesterol,H,1.008,1,C,0.0,,0,opls_140,0.0437,online
7-dehydrocholesterol,H,1.008,1,C,0.0,,0,opls_140,0.0477,online
7-dehydrocholesterol,H,1.008,1,C,0.0,,0,opls_140,0.0377,online
7-dehydrocholesterol,H,1.008,1,C,0.0,,0,opls_140,0.0377,online
7-dehydrocholesterol,H,1.008,1,C,0.0,,0,opls_140,0.0377,online
7-dehydrocholesterol,H,1.008,1,C,0.0,,0,opls_140,0.0437,online
7-dehydrocholesterol,H,1.008,1,C,0.0,,0,opls_140,0.0437,online
7-dehydrocholesterol,H,1.008,1,C,0.0,,0,opls_146,0.131,online
7-dehydrocholesterol,H,1.008,1,C,0.0,,0,opls_140,0.039367,online
7-dehydrocholesterol,H,1.008,1,C,0.0,,0,opls_140,0.039367,online
7-dehydrocholesterol,H,1.008,1,C,0.0,,0,opls_140,0.039367,online
7-dehydrocholesterol,H,1.008,1,C,0.0,,0,opls_140,0.0387,online
7-dehydrocholesterol,H,1.008,1,C,0.0,,0,opls_140,0.0387,online
7-dehydrocholesterol,H,1.008,1,C,0.0,,0,opls_146,0.128,online
7-dehydrocholesterol,H,1.008,1,C,0.0,,0,opls_140,0.0622,online
7-dehydrocholesterol,H,1.008,1,C,0.0,,0,opls_140,0.0622,online
7-dehydrocholesterol,H,1.008,1,C,0.0,,0,opls_140,0.0477,online
7-dehydrocholesterol,H,1.008,1,C,0.0,,0,opls_140,0.0477,online
7-dehydrocholesterol,H,1.008,1,C,0.0,,0,opls_140,0.034033,online
7-dehydrocholesterol,H,1.008,1,C,0.0,,0,opls_140,0.034033,online
7-dehydrocholesterol,H,1.008,1,C,0.0,,0,opls_140,0.034033,online
7-dehydrocholesterol,H,1.008,1,C,0.0,,0,opls_140,0.0367,online
7-dehydrocholesterol,H,1.008,1,C,0.0,,0,opls_140,0.0432,online
7-dehydrocholesterol,H,1.008,1,C,0.0,,0,opls_140,0.0432,online
7-dehydrocholesterol,H,1.008,1,C,0.0,,0,opls_140,0.0377,online
7-dehydrocholesterol,H,1.008,1,C,0.0,,0,opls_140,0.0377,online
7-dehydrocholesterol,H,1.008,1,O,0.0,,0,opls_155,0.399,online
7-dehydrocholesterol,H,1.008,1,C,0.0,,0,opls_140,0.0417,online
7-dehydrocholesterol,H,1.008,1,C,0.0,,0,opls_140,0.032867,online
7-dehydrocholesterol,H,1.008,1,C,0.0,,0,opls_140,0.032867,online
7-dehydrocholesterol,H,1.008,1,C,0.0,,0,opls_140,0.032867,online
7-dehydrocholesterol,H,1.008,1,C,0.0,,0,opls_140,0.032867,online
7-dehydrocholesterol,H,1.008,1,C,0.0,,0,opls_140,0.032867,online
7-dehydrocholesterol,H,1.008,1,C,0.0,,0,opls_140,0.032867,online
7-dehydrocholesterol,O,16.0,2,C-H,0.1198,107.07,0,oh,-0.605802,online
7-dehydrocholesterol,C,12.01,4,C-C-C-C,0.1543,111.52,0,c5,-0.042,online
7-dehydrocholesterol,C,12.01,4,C-C-C-H,0.1427,108.8,0,c5,-0.0335,online
7-dehydrocholesterol,C,12.01,4,C-C-C-H,0.1432,110.19,0,c5,-0.0537,online
7-dehydrocholesterol,C,12.01,4,C-C-C-H,0.1422,110.35,1,c6,-0.0155,online
7-dehydrocholesterol,C,12.01,4,C-C-H-H,0.1318,109.21,0,c6,-0.0674,online
7-dehydrocholesterol,C,12.01,4,C-C-H-H,0.1322,109.29,0,c5,-0.0724,online
7-dehydrocholesterol,C,12.01,3,C-C-C,0.1458,118.25,0,c2,-0.0804,online
7-dehydrocholesterol,C,12.01,4,C-C-H-H,0.1322,109.29,0,c5,-0.0784,online
7-dehydrocholesterol,C,12.01,4,C-C-C-C,0.1533,111.08,0,c6,0.0032,online
7-dehydrocholesterol,C,12.01,4,C-C-H-H,0.1318,109.25,0,c6,-0.0734,online
7-dehydrocholesterol,C,12.01,4,C-C-C-H,0.1426,111.65,0,c3,-0.0547,online
7-dehydrocholesterol,C,12.01,4,C-H-H-H,0.1206,109.13,0,c3,-0.0821,online
7-dehydrocholesterol,C,12.01,3,C-C-C,0.1457,120.42,0,c2,-0.1054,online
7-dehydrocholesterol,C,12.01,4,C-C-H-H,0.1318,109.25,0,c6,-0.0674,online
7-dehydrocholesterol,C,12.01,3,C-C-H,0.1298,119.95,1,ce,-0.146,online
7-dehydrocholesterol,C,12.01,4,C-H-H-H,0.1208,109.18,0,c3,-0.0861,online
7-dehydrocholesterol,C,12.01,4,C-C-H-H,0.1316,109.85,0,c3,-0.0764,online
7-dehydrocholesterol,C,12.01,3,C-C-H,0.1298,119.95,1,ce,-0.132,online
7-dehydrocholesterol,C,12.01,4,C-C-H-H,0.1312,109.26,1,c6,-0.0382,online
7-dehydrocholesterol,C,12.01,4,C-C-H-H,0.1318,109.25,0,c6,-0.1134,online
7-dehydrocholesterol,C,12.01,4,C-H-H-H,0.1206,108.7,0,c3,-0.0901,online
7-dehydrocholesterol,C,12.01,4,C-C-H-O,0.14,109.91,0,c6,0.1451,online
7-dehydrocholesterol,C,12.01,4,C-C-H-H,0.1316,109.85,0,c3,-0.0804,online
7-dehydrocholesterol,C,12.01,4,C-C-H-H,0.1316,109.85,0,c3,-0.0734,online
7-dehydrocholesterol,C,12.01,4,C-C-C-H,0.1426,111.16,0,c3,-0.0657,online
7-dehydrocholesterol,C,12.01,4,C-H-H-H,0.1206,108.7,0,c3,-0.0891,online
7-dehydrocholesterol,C,12.01,4,C-H-H-H,0.1206,108.7,0,c3,-0.0891,online
7-dehydrocholesterol,H,1.008,1,C,0.1095,,0,hc,0.0547,online
7-dehydrocholesterol,H,1.008,1,C,0.1095,,0,hc,0.0487,online
7-dehydrocholesterol,H,1.008,1,C,0.1098,,0,hc,0.0527,online
7-dehydrocholesterol,H,1.008,1,C,0.1098,,0,hc,0.0422,online
7-dehydrocholesterol,H,1.008,1,C,0.1098,,0,hc,0.0422,online
7-dehydrocholesterol,H,1.008,1,C,0.1095,,0,hc,0.0447,online
7-dehydrocholesterol,H,1.008,1,C,0.1095,,0,hc,0.0447,online
7-dehydrocholesterol,H,1.008,1,C,0.1095,,0,hc,0.0427,online
7-dehydrocholesterol,H,1.008,1,C,0.1095,,0,hc,0.0427,online
7-dehydrocholesterol,H,1.008,1,C,0.1098,,0,hc,0.0437,online
7-dehydrocholesterol,H,1.008,1,C,0.1098,,0,hc,0.0437,online
7-dehydrocholesterol,H,1.008,1,C,0.1096,,0,hc,0.0477,online
7-dehydrocholesterol,H,1.008,1,C,0.1096,,0,hc,0.0377,online
7-dehydrocholesterol,H,1.008,1,C,0.1096,,0,hc,0.0377,online
7-dehydrocholesterol,H,1.008,1,C,0.1096,,0,hc,0.0377,online
7-dehydrocholesterol,H,1.008,1,C,0.1098,,0,hc,0.0437,online
7-dehydrocholesterol,H,1.008,1,C,0.1098,,0,hc,0.0437,online
7-dehydrocholesterol,H,1.008,1,C,0.1088,,0,ha,0.131,online
7-dehydrocholesterol,H,1.008,1,C,0.1096,,0,hc,0.039367,online
7-dehydrocholesterol,H,1.008,1,C,0.1096,,0,hc,0.039367,online
7-dehydrocholesterol,H,1.008,1,C,0.1096,,0,hc,0.039367,online
7-dehydrocholesterol,H,1.008,1,C,0.1096,,0,hc,0.0387,online
7-dehydrocholesterol,H,1.008,1,C,0.1096,,0,hc,0.0387,online
7-dehydrocholesterol,H,1.008,1,C,0.1088,,0,ha,0.128,online
7-dehydrocholesterol,H,1.008,1,C,0.1098,,0,hc,0.0622,online
7-dehydrocholesterol,H,1.008,1,C,0.1098,,0,hc,0.0622,online
7-dehydrocholesterol,H,1.008,1,C,0.1098,,0,hc,0.0477,online
7-dehydrocholesterol,H,1.008,1,C,0.1098,,0,hc,0.0477,online
7-dehydrocholesterol,H,1.008,1,C,0.1096,,0,hc,0.034033,online
7-dehydrocholesterol,H,1.008,1,C,0.1096,,0,hc,0.034033,online
7-dehydrocholesterol,H,1.008,1,C,0.1096,,0,hc,0.034033,online
7-dehydrocholesterol,H,1.008,1,C,0.1098,,0,h1,0.0367,online
7-dehydrocholesterol,H,1.008,1,C,0.1096,,0,hc,0.0432,online
7-dehydrocholesterol,H,1.008,1,C,0.1096,,0,hc,0.0432,online
7-dehydrocholesterol,H,1.008,1,C,0.1096,,0,hc,0.0377,online
7-dehydrocholesterol,H,1.008,1,C,0.1096,,0,hc,0.0377,online
7-dehydrocholesterol,H,1.008,1,O,0.0973,,0,ho,0.399,online
7-dehydrocholesterol,H,1.008,1,C,0.1096,,0,hc,0.0417,online
7-dehydrocholesterol,H,1.008,1,C,0.1096,,0,hc,0.032867,online
7-dehydrocholesterol,H,1.008,1,C,0.1096,,0,hc,0.032867,online
7-dehydrocholesterol,H,1.008,1,C,0.1096,,0,hc,0.032867,online
7-dehydrocholesterol,H,1.008,1,C,0.1096,,0,hc,0.032867,online
7-dehydrocholesterol,H,1.008,1,C,0.1096,,0,hc,0.032867,online
7-dehydrocholesterol,H,1.008,1,C,0.1096,,0,hc,0.032867,online
histidine,O,15.9994,2,C-H,0.0,0.0,0,opls_154,-0.5811,online
histidine,OXT,15.9994,1,C,0.0,,0,opls_236,-0.581,online
histidine,ND,14.0067,3,CE-CG-HD,0.0,0.0,1,opls_503,-0.3069,online
histidine,N,0.0,3,CA-H-H,0.0,0.0,0,opls_x,-0.9008,online
histidine,NE,14.0067,2,CD-CE,0.0,0.0,0,opls_511,-0.67,online
histidine,CB,12.011,4,CA-CG-HB-HB,0.0,0.0,0,opls_135,-0.0381,online
histidine,CA,12.011,4,C-CB-HA-N,0.0,0.0,0,opls_135,0.1305,online
histidine,CG,12.011,3,CB-CD-ND,0.0,0.0,0,opls_500,-0.2399,online
histidine,C,12.011,3,CA-O-OXT,0.0,0.0,1,opls_235,0.6521,online
histidine,CD,12.011,3,CG-HD-NE,0.0,0.0,1,opls_500,0.3062,online
histidine,CE,12.011,3,HE-ND-NE,0.0,0.0,1,opls_500,0.3934,online
histidine,HB,1.008,1,CB,0.0,,0,opls_140,0.0682,online
histidine,HB,1.008,1,CB,0.0,,0,opls_140,0.0682,online
histidine,HA,1.008,1,CA,0.0,,0,opls_140,0.1017,online
histidine,HD,1.008,1,ND,0.0,,0,opls_240,0.3207,online
histidine,HD,1.008,1,CD,0.0,,1,opls_146,0.0401,online
histidine,H,1.008,1,N,0.0,,0,opls_240,0.3653,online
histidine,H,1.008,1,N,0.0,,0,opls_240,0.3653,online
histidine,HE,1.008,1,CE,0.0,,0,opls_146,0.0621,online
histidine,H,1.008,1,O,0.0,,0,opls_155,0.444,online
histidine,O,16.0,2,C-H,0.1164,106.54,0,oh,-0.5811,online
histidine,OXT,16.0,1,C,0.1219,,0,o,-0.581,online
histidine,ND,14.01,3,CE-CG-HD,0.1258,120.46,1,na,-0.3069,online
histidine,N,14.01,3,CA-H-H,0.1168,108.53,0,n8,-0.9008,online
histidine,NE,14.01,2,CD-CE,0.134,109.15,0,nc,-0.67,online
histidine,CB,12.01,4,CA-CG-HB-HB,0.1307,110.17,0,c3,-0.0381,online
histidine,CA,12.01,4,C-CB-HA-N,0.1406,109.9,0,c3,0.1305,online
histidine,CG,12.01,3,CB-CD-ND,0.1419,119.03,0,cd,-0.2399,online
histidine,C,12.01,3,CA-O-OXT,0.1367,119.24,1,c,0.6521,online
histidine,CD,12.01,3,CG-HD-NE,0.1272,122.62,1,cc,0.3062,online
histidine,CE,12.01,3,HE-ND-NE,0.1261,119.71,1,cd,0.3934,online
histidine,HB,1.008,1,CB,0.1096,,0,hc,0.0682,online
histidine,HB,1.008,1,CB,0.1096,,0,hc,0.0682,online
histidine,HA,1.008,1,CA,0.1097,,0,h1,0.1017,online
histidine,HD,1.008,1,ND,0.1009,,0,hn,0.3207,online
histidine,HD,1.008,1,CD,0.1081,,1,h4,0.0401,online
histidine,H,1.008,1,N,0.1019,,0,hn,0.3653,online
histidine,H,1.008,1,N,0.1019,,0,hn,0.3653,online
histidine,HE,1.008,1,CE,0.1082,,0,h5,0.0621,online
histidine,H,1.008,1,O,0.0973,,0,ho,0.444,online
testosterone,O,16.0,2,C-H,0.1196,107.17,0,oh,-0.5888,online
testosterone,O,16.0,1,C,0.1219,,0,o,-0.5351,online
testosterone,C,12.01,4,C-C-C-H,0.1433,110.02,0,c5,-0.0637,online
testosterone,C,12.01,4,C-C-C-C,0.1543,111.52,0,c5,-0.084,online
testosterone,C,12.01,4,C-C-C-H,0.1428,110.23,0,c6,-0.0497,online
testosterone,C,12.01,4,C-C-C-H,0.1428,110.25,0,c6,-0.0477,online
testosterone,C,12.01,4,C-C-C-C,0.1533,111.08,0,c6,-0.0158,online
testosterone,C,12.01,4,C-C-H-H,0.1318,109.21,0,c6,-0.0614,online
testosterone,C,12.01,4,C-C-H-H,0.1318,109.25,0,c6,-0.0764,online
testosterone,C,12.01,4,C-C-H-O,0.1403,109.95,0,c5,0.1451,online
testosterone,C,12.01,4,C-C-H-H,0.1322,109.29,0,c5,-0.0734,online
testosterone,C,12.01,4,C-C-H-H,0.1318,109.25,0,c6,-0.0724,online
testosterone,C,12.01,4,C-C-H-H,0.1322,109.29,0,c5,-0.1144,online
testosterone,C,12.01,3,C-C-C,0.1457,120.42,1,c2,-0.0284,online
testosterone,C,12.01,4,C-C-H-H,0.1312,109.26,1,c6,-0.0542,online
testosterone,C,12.01,4,C-H-H-H,0.1206,109.13,0,c3,-0.0901,online
testosterone,C,12.01,4,C-C-H-H,0.1318,109.25,0,c6,-0.0704,online
testosterone,C,12.01,4,C-H-H-H,0.1208,109.18,0,c3,-0.0851,online
testosterone,C,12.01,4,C-C-H-H,0.1316,108.71,0,c6,-0.1824,online
testosterone,C,12.01,3,C-C-H,0.1306,119.47,1,ce,-0.2652,online
testosterone,C,12.01,3,C-C-O,0.1411,120.58,0,c,0.5693,online
testosterone,H,1.008,1,C,0.1095,,0,hc,0.0497,online
testosterone,H,1.008,1,C,0.1098,,0,hc,0.0567,online
testosterone,H,1.008,1,C,0.1098,,0,hc,0.0517,online
testosterone,H,1.008,1,C,0.1098,,0,hc,0.0472,online
testosterone,H,1.008,1,C,0.1098,,0,hc,0.0472,online
testosterone,H,1.008,1,C,0.1098,,0,hc,0.0432,online
testosterone,H,1.008,1,C,0.1098,,0,hc,0.0432,online
testosterone,H,1.008,1,C,0.1097,,0,h1,0.0787,online
testosterone,H,1.008,1,C,0.1095,,0,hc,0.0447,online
testosterone,H,1.008,1,C,0.1095,,0,hc,0.0447,online
testosterone,H,1.008,1,C,0.1098,,0,hc,0.0477,online
testosterone,H,1.008,1,C,0.1098,,0,hc,0.0477,online
testosterone,H,1.008,1,C,0.1095,,0,hc,0.0497,online
testosterone,H,1.008,1,C,0.1095,,0,hc,0.0497,online
testosterone,H,1.008,1,C,0.1098,,0,hc,0.0557,online
testosterone,H,1.008,1,C,0.1098,,0,hc,0.0557,online
testosterone,H,1.008,1,C,0.1096,,0,hc,0.0387,online
testosterone,H,1.008,1,C,0.1096,,0,hc,0.0387,online
testosterone,H,1.008,1,C,0.1096,,0,hc,0.0387,online
testosterone,H,1.008,1,C,0.1098,,0,hc,0.0512,online
testosterone,H,1.008,1,C,0.1098,,0,hc,0.0512,online
testosterone,H,1.008,1,C,0.1096,,0,hc,0.0407,online
testosterone,H,1.008,1,C,0.1096,,0,hc,0.0407,online
testosterone,H,1.008,1,C,0.1096,,0,hc,0.0407,online
testosterone,H,1.008,1,C,0.1098,,0,hc,0.0717,online
testosterone,H,1.008,1,C,0.1098,,0,hc,0.0717,online
testosterone,H,1.008,1,C,0.1088,,0,ha,0.148,online
testosterone,H,1.008,1,O,0.0973,,0,ho,0.399,online
testosterone,O,15.9994,2,C-H,0.0,0.0,0,opls_154,-0.5888,online
testosterone,O,15.9994,1,C,0.0,,0,opls_236,-0.5351,online
testosterone,C,0.0,4,C-C-C-H,0.0,0.0,0,opls_x,-0.0637,online
testosterone,C,0.0,4,C-C-C-C,0.0,0.0,0,opls_x,-0.084,online
testosterone,C,0.0,4,C-C-C-H,0.0,0.0,0,opls_x,-0.0497,online
testosterone,C,0.0,4,C-C-C-H,0.0,0.0,0,opls_x,-0.0477,online
testosterone,C,0.0,4,C-C-C-C,0.0,0.0,0,opls_x,-0.0158,online
testosterone,C,0.0,4,C-C-H-H,0.0,0.0,0,opls_x,-0.0614,online
testosterone,C,0.0,4,C-C-H-H,0.0,0.0,0,opls_x,-0.0764,online
testosterone,C,0.0,4,C-C-H-O,0.0,0.0,0,opls_x,0.1451,online
testosterone,C,0.0,4,C-C-H-H,0.0,0.0,0,opls_x,-0.0734,online
testosterone,C,0.0,4,C-C-H-H,0.0,0.0,0,opls_x,-0.0724,online
testosterone,C,0.0,4,C-C-H-H,0.0,0.0,0,opls_x,-0.1144,online
testosterone,C,12.011,3,C-C-C,0.0,0.0,1,opls_509,-0.0284,online
testosterone,C,0.0,4,C-C-H-H,0.0,0.0,1,opls_x,-0.0542,online
testosterone,C,12.011,4,C-H-H-H,0.0,0.0,0,opls_135,-0.0901,online
testosterone,C,0.0,4,C-C-H-H,0.0,0.0,0,opls_x,-0.0704,online
testosterone,C,12.011,4,C-H-H-H,0.0,0.0,0,opls_135,-0.0851,online
testosterone,C,0.0,4,C-C-H-H,0.0,0.0,0,opls_x,-0.1824,online
testosterone,C,0.0,3,C-C-H,0.0,0.0,1,opls_x,-0.2652,online
testosterone,C,12.011,3,C-C-O,0.0,0.0,0,opls_235,0.5693,online
testosterone,H,1.008,1,C,0.0,,0,opls_140,0.0497,online
testosterone,H,1.008,1,C,0.0,,0,opls_140,0.0567,online
testosterone,H,1.008,1,C,0.0,,0,opls_140,0.0517,online
testosterone,H,1.008,1,C,0.0,,0,opls_140,0.0472,online
testosterone,H,1.008,1,C,0.0,,0,opls_140,0.0472,online
testosterone,H,1.008,1,C,0.0,,0,opls_140,0.0432,online
testosterone,H,1.008,1,C,0.0,,0,opls_140,0.0432,online
testosterone,H,1.008,1,C,0.0,,0,opls_140,0.0787,online
testosterone,H,1.008,1,C,0.0,,0,opls_140,0.0447,online
testosterone,H,1.008,1,C,0.0,,0,opls_140,0.0447,online
testosterone,H,1.008,1,C,0.0,,0,opls_140,0.0477,online
testosterone,H,1.008,1,C,0.0,,0,opls_140,0.0477,online
testosterone,H,1.008,1,C,0.0,,0,opls_140,0.0497,online
testosterone,H,1.008,1,C,0.0,,0,opls_140,0.0497,online
testosterone,H,1.008,1,C,0.0,,0,opls_140,0.0557,online
testosterone,H,1.008,1,C,0.0,,0,opls_140,0.0557,online
testosterone,H,1.008,1,C,0.0,,0,opls_140,0.0387,online
testosterone,H,1.008,1,C,0.0,,0,opls_140,0.0387,online
testosterone,H,1.008,1,C,0.0,,0,opls_140,0.0387,online
testosterone,H,1.008,1,C,0.0,,0,opls_140,0.0512,online
testosterone,H,1.008,1,C,0.0,,0,opls_140,0.0512,online
testosterone,H,1.008,1,C,0.0,,0,opls_140,0.0407,online
testosterone,H,1.008,1,C,0.0,,0,opls_140,0.0407,online
testosterone,H,1.008,1,C,0.0,,0,opls_140,0.0407,online
testosterone,H,1.008,1,C,0.0,,0,opls_140,0.0717,online
testosterone,H,1.008,1,C,0.0,,0,opls_140,0.0717,online
testosterone,H,1.008,1,C,0.0,,0,opls_146,0.148,online
testosterone,H,1.008,1,O,0.0,,0,opls_155,0.399,online
ciprofloxacin,F,19.0,1,C,0.135,,0,f,-0.1329,online
ciprofloxacin,O,16.0,1,C,0.1219,,0,o,-0.5291,online
ciprofloxacin,O,16.0,2,C-H,0.1164,106.54,0,oh,-0.5601,online
ciprofloxacin,O,16.0,1,C,0.1219,,1,o,-0.598,online
ciprofloxacin,N,14.01,3,C-C-C,0.1409,121.31,0,na,-0.4838,online
ciprofloxacin,N,14.01,3,C-C-C,0.1445,116.26,0,nh,-0.638,online
ciprofloxacin,N,14.01,3,C-C-H,0.1317,110.2,0,n7,-0.8222,online
ciprofloxacin,C,12.01,4,C-C-H-N,0.1392,109.63,0,cx,0.1325,online
ciprofloxacin,C,12.01,4,C-C-H-H,0.1297,107.53,0,cx,-0.1249,online
ciprofloxacin,C,12.01,4,C-C-H-H,0.1297,107.53,0,cx,-0.1249,online
ciprofloxacin,C,12.01,3,C-C-N,0.1394,120.21,1,ca,0.1846,online
ciprofloxacin,C,12.01,3,C-H-N,0.1278,118.96,1,cc,0.19,online
ciprofloxacin,C,12.01,3,C-C-C,0.1429,120.23,0,ca,-0.1936,online
ciprofloxacin,C,12.01,3,C-C-H,0.1294,119.93,1,ca,-0.218,online
ciprofloxacin,C,12.01,3,C-C-N,0.14,120.76,1,ca,0.1626,online
ciprofloxacin,C,12.01,4,C-H-H-N,0.13,109.13,0,c6,0.1858,online
ciprofloxacin,C,12.01,4,C-H-H-N,0.13,109.13,1,c6,0.1858,online
ciprofloxacin,C,12.01,3,C-C-C,0.144,121.4,1,cd,-0.3374,online
ciprofloxacin,C,12.01,3,C-C-O,0.1394,121.27,0,c,0.6039,online
ciprofloxacin,C,12.01,4,C-H-H-N,0.13,108.96,0,c6,0.1593,online
ciprofloxacin,C,12.01,4,C-H-H-N,0.13,108.96,0,c6,0.1593,online
ciprofloxacin,C,12.01,3,C-C-H,0.1294,119.93,0,ca,-0.073,online
ciprofloxacin,C,12.01,3,C-C-F,0.1382,119.31,1,ca,0.0719,online
ciprofloxacin,C,12.01,3,C-O-O,0.1349,119.77,1,c,0.6703,online
ciprofloxacin,H,1.008,1,C,0.1089,,0,h1,0.1007,online
ciprofloxacin,H,1.008,1,C,0.1086,,0,hc,0.08795,online
ciprofloxacin,H,1.008,1,C,0.1086,,0,hc,0.08795,online
ciprofloxacin,H,1.008,1,C,0.1086,,0,hc,0.08795,online
ciprofloxacin,H,1.008,1,C,0.1086,,0,hc,0.08795,online
ciprofloxacin,H,1.008,1,C,0.1081,,1,h4,0.184,online
ciprofloxacin,H,1.008,1,C,0.1086,,0,ha,0.148,online
ciprofloxacin,H,1.008,1,C,0.1098,,0,h1,0.04845,online
ciprofloxacin,H,1.008,1,C,0.1098,,0,h1,0.04845,online
ciprofloxacin,H,1.008,1,C,0.1098,,0,h1,0.04845,online
ciprofloxacin,H,1.008,1,C,0.1098,,0,h1,0.04845,online
ciprofloxacin,H,1.008,1,C,0.1098,,0,h1,0.0407,online
ciprofloxacin,H,1.008,1,C,0.1098,,0,h1,0.0407,online
ciprofloxacin,H,1.008,1,C,0.1098,,0,h1,0.0407,online
ciprofloxacin,H,1.008,1,C,0.1098,,0,h1,0.0407,online
ciprofloxacin,H,1.008,1,C,0.1086,,0,ha,0.181,online
ciprofloxacin,H,1.008,1,N,0.1019,,0,hn,0.3688,online
ciprofloxacin,H,1.008,1,O,0.0973,,0,ho,0.439,online
ciprofloxacin,F,0.0,1,C,0.0,,0,opls_x,-0.1329,online
ciprofloxacin,O,15.9994,1,C,0.0,,0,opls_236,-0.5291,online
ciprofloxacin,O,15.9994,2,C-H,0.0,0.0,0,opls_154,-0.5601,online
ciprofloxacin,O,15.9994,1,C,0.0,,1,opls_236,-0.598,online
ciprofloxacin,N,14.0067,3,C-C-C,0.0,0.0,0,opls_503,-0.4838,online
ciprofloxacin,N,14.0067,3,C-C-C,0.0,0.0,0,opls_300,-0.638,online
ciprofloxacin,N,0.0,3,C-C-H,0.0,0.0,0,opls_x,-0.8222,online
ciprofloxacin,C,0.0,4,C-C-H-N,0.0,0.0,0,opls_x,0.1325,online
ciprofloxacin,C,0.0,4,C-C-H-H,0.0,0.0,0,opls_x,-0.1249,online
ciprofloxacin,C,0.0,4,C-C-H-H,0.0,0.0,0,opls_x,-0.1249,online
ciprofloxacin,C,12.011,3,C-C-N,0.0,0.0,1,opls_145,0.1846,online
ciprofloxacin,C,12.011,3,C-H-N,0.0,0.0,1,opls_500,0.19,online
ciprofloxacin,C,12.011,3,C-C-C,0.0,0.0,0,opls_145,-0.1936,online
ciprofloxacin,C,12.011,3,C-C-H,0.0,0.0,1,opls_145,-0.218,online
ciprofloxacin,C,12.011,3,C-C-N,0.0,0.0,1,opls_145,0.1626,online
ciprofloxacin,C,0.0,4,C-H-H-N,0.0,0.0,0,opls_x,0.1858,online
ciprofloxacin,C,0.0,4,C-H-H-N,0.0,0.0,1,opls_x,0.1858,online
ciprofloxacin,C,12.011,3,C-C-C,0.0,0.0,1,opls_500,-0.3374,online
ciprofloxacin,C,12.011,3,C-C-O,0.0,0.0,0,opls_235,0.6039,online
ciprofloxacin,C,0.0,4,C-H-H-N,0.0,0.0,0,opls_x,0.1593,online
ciprofloxacin,C,0.0,4,C-H-H-N,0.0,0.0,0,opls_x,0.1593,online
ciprofloxacin,C,12.011,3,C-C-H,0.0,0.0,0,opls_145,-0.073,online
ciprofloxacin,C,12.011,3,C-C-F,0.0,0.0,1,opls_145,0.0719,online
ciprofloxacin,C,12.011,3,C-O-O,0.0,0.0,1,opls_235,0.6703,online
ciprofloxacin,H,1.008,1,C,0.0,,0,opls_140,0.1007,online
ciprofloxacin,H,1.008,1,C,0.0,,0,opls_140,0.08795,online
ciprofloxacin,H,1.008,1,C,0.0,,0,opls_140,0.08795,online
ciprofloxacin,H,1.008,1,C,0.0,,0,opls_140,0.08795,online
ciprofloxacin,H,1.008,1,C,0.0,,0,opls_140,0.08795,online
ciprofloxacin,H,1.008,1,C,0.0,,1,opls_146,0.184,online
ciprofloxacin,H,1.008,1,C,0.0,,0,opls_146,0.148,online
ciprofloxacin,H,1.008,1,C,0.0,,0,opls_140,0.04845,online
ciprofloxacin,H,1.008,1,C,0.0,,0,opls_140,0.04845,online
ciprofloxacin,H,1.008,1,C,0.0,,0,opls_140,0.04845,online
ciprofloxacin,H,1.008,1,C,0.0,,0,opls_140,0.04845,online
ciprofloxacin,H,1.008,1,C,0.0,,0,opls_140,0.0407,online
ciprofloxacin,H,1.008,1,C,0.0,,0,opls_140,0.0407,online
ciprofloxacin,H,1.008,1,C,0.0,,0,opls_140,0.0407,online
ciprofloxacin,H,1.008,1,C,0.0,,0,opls_140,0.0407,online
ciprofloxacin,H,1.008,1,C,0.0,,0,opls_146,0.181,online
ciprofloxacin,H,1.008,1,N,0.0,,0,opls_240,0.3688,online
ciprofloxacin,H,1.008,1,O,0.0,,0,opls_155,0.439,online
nonylphenol,O,16.0,2,C-H,0.1168,108.58,0,oh,-0.500101,online
nonylphenol,C,12.01,4,C-C-H-H,0.1316,109.85,0,c3,-0.0784,online
nonylphenol,C,12.01,4,C-C-H-H,0.1316,109.85,0,c3,-0.0794,online
nonylphenol,C,12.01,4,C-C-H-H,0.1316,109.85,0,c3,-0.0794,online
nonylphenol,C,12.01,4,C-C-H-H,0.1316,109.85,0,c3,-0.0794,online
nonylphenol,C,12.01,4,C-C-H-H,0.1316,109.85,0,c3,-0.0744,online
nonylphenol,C,12.01,4,C-C-H-H,0.1316,109.85,0,c3,-0.0794,online
nonylphenol,C,12.01,4,C-C-H-H,0.1311,110.13,0,c3,-0.0311,online
nonylphenol,C,12.01,4,C-C-H-H,0.1316,109.85,0,c3,-0.0804,online
nonylphenol,C,12.01,3,C-C-C,0.1437,120.56,0,ca,-0.0983,online
nonylphenol,C,12.01,4,C-H-H-H,0.1206,108.7,0,c3,-0.0921,online
nonylphenol,C,12.01,3,C-C-O,0.1387,119.94,1,ca,0.1241,online
nonylphenol,C,12.01,3,C-C-H,0.1294,119.93,1,ca,-0.099,online
nonylphenol,C,12.01,3,C-C-H,0.1294,119.93,0,ca,-0.211,online
nonylphenol,C,12.01,3,C-C-H,0.1294,119.93,1,ca,-0.162,online
nonylphenol,C,12.01,3,C-C-H,0.1294,119.93,1,ca,-0.095,online
nonylphenol,H,1.008,1,C,0.1096,,0,hc,0.0397,online
nonylphenol,H,1.008,1,C,0.1096,,0,hc,0.0397,online
nonylphenol,H,1.008,1,C,0.1096,,0,hc,0.0392,online
nonylphenol,H,1.008,1,C,0.1096,,0,hc,0.0392,online
nonylphenol,H,1.008,1,C,0.1096,,0,hc,0.0397,online
nonylphenol,H,1.008,1,C,0.1096,,0,hc,0.0397,online
nonylphenol,H,1.008,1,C,0.1096,,0,hc,0.0392,online
nonylphenol,H,1.008,1,C,0.1096,,0,hc,0.0392,online
nonylphenol,H,1.008,1,C,0.1096,,0,hc,0.0427,online
nonylphenol,H,1.008,1,C,0.1096,,0,hc,0.0427,online
nonylphenol,H,1.008,1,C,0.1096,,0,hc,0.0397,online
nonylphenol,H,1.008,1,C,0.1096,,0,hc,0.0397,online
nonylphenol,H,1.008,1,C,0.1096,,0,hc,0.0557,online
nonylphenol,H,1.008,1,C,0.1096,,0,hc,0.0557,online
nonylphenol,H,1.008,1,C,0.1096,,0,hc,0.0382,online
nonylphenol,H,1.008,1,C,0.1096,,0,hc,0.0382,online
nonylphenol,H,1.008,1,C,0.1096,,0,hc,0.032367,online
nonylphenol,H,1.008,1,C,0.1096,,0,hc,0.032367,online
nonylphenol,H,1.008,1,C,0.1096,,0,hc,0.032367,online
nonylphenol,H,1.008,1,C,0.1086,,0,ha,0.135,online
nonylphenol,H,1.008,1,C,0.1086,,0,ha,0.132,online
nonylphenol,H,1.008,1,C,0.1086,,0,ha,0.133,online
nonylphenol,H,1.008,1,C,0.1086,,0,ha,0.132,online
nonylphenol,H,1.008,1,O,0.0973,,0,ho,0.418,online
nonylphenol,O,15.9994,2,C-H,0.0,0.0,0,opls_154,-0.500101,online
nonylphenol,C,12.011,4,C-C-H-H,0.0,0.0,0,opls_135,-0.0784,online
nonylphenol,C,12.011,4,C-C-H-H,0.0,0.0,0,opls_135,-0.0794,online
nonylphenol,C,12.011,4,C-C-H-H,0.0,0.0,0,opls_135,-0.0794,online
nonylphenol,C,12.011,4,C-C-H-H,0.0,0.0,0,opls_135,-0.0794,online
nonylphenol,C,12.011,4,C-C-H-H,0.0,0.0,0,opls_135,-0.0744,online
nonylphenol,C,12.011,4,C-C-H-H,0.0,0.0,0,opls_135,-0.0794,online
nonylphenol,C,12.011,4,C-C-H-H,0.0,0.0,0,opls_135,-0.0311,online
nonylphenol,C,12.011,4,C-C-H-H,0.0,0.0,0,opls_135,-0.0804,online
nonylphenol,C,12.011,3,C-C-C,0.0,0.0,0,opls_145,-0.0983,online
nonylphenol,C,12.011,4,C-H-H-H,0.0,0.0,0,opls_135,-0.0921,online
nonylphenol,C,12.011,3,C-C-O,0.0,0.0,1,opls_145,0.1241,online
nonylphenol,C,12.011,3,C-C-H,0.0,0.0,1,opls_145,-0.099,online
nonylphenol,C,12.011,3,C-C-H,0.0,0.0,0,opls_145,-0.211,online
nonylphenol,C,12.011,3,C-C-H,0.0,0.0,1,opls_145,-0.162,online
nonylphenol,C,12.011,3,C-C-H,0.0,0.0,1,opls_145,-0.095,online
nonylphenol,H,1.008,1,C,0.0,,0,opls_140,0.0397,online
nonylphenol,H,1.008,1,C,0.0,,0,opls_140,0.0397,online
nonylphenol,H,1.008,1,C,0.0,,0,opls_140,0.0392,online
nonylphenol,H,1.008,1,C,0.0,,0,opls_140,0.0392,online
nonylphenol,H,1.008,1,C,0.0,,0,opls_140,0.0397,online
nonylphenol,H,1.008,1,C,0.0,,0,opls_140,0.0397,online
nonylphenol,H,1.008,1,C,0.0,,0,opls_140,0.0392,online
nonylphenol,H,1.008,1,C,0.0,,0,opls_140,0.0392,online
nonylphenol,H,1.008,1,C,0.0,,0,opls_140,0.0427,online
nonylphenol,H,1.008,1,C,0.0,,0,opls_140,0.0427,online
nonylphenol,H,1.008,1,C,0.0,,0,opls_140,0.0397,online
nonylphenol,H,1.008,1,C,0.0,,0,opls_140,0.0397,online
nonylphenol,H,1.008,1,C,0.0,,0,opls_140,0.0557,online
nonylphenol,H,1.008,1,C,0.0,,0,opls_140,0.0557,online
nonylphenol,H,1.008,1,C,0.0,,0,opls_140,0.0382,online
nonylphenol,H,1.008,1,C,0.0,,0,opls_140,0.0382,online
nonylphenol,H,1.008,1,C,0.0,,0,opls_140,0.032367,online
nonylphenol,H,1.008,1,C,0.0,,0,opls_140,0.032367,online
nonylphenol,H,1.008,1,C,0.0,,0,opls_140,0.032367,online
nonylphenol,H,1.008,1,C,0.0,,0,opls_146,0.135,online
nonylphenol,H,1.008,1,C,0.0,,0,opls_146,0.132,online
nonylphenol,H,1.008,1,C,0.0,,0,opls_146,0.133,online
nonylphenol,H,1.008,1,C,0.0,,0,opls_146,0.132,online
nonylphenol,H,1.008,1,O,0.0,,0,opls_155,0.418,online
estradiol,O,16.0,2,C-H,0.1196,107.17,0,oh,-0.591801,online
estradiol,O,16.0,2,C-H,0.1168,108.58,0,oh,-0.4991,online
estradiol,C,12.01,4,C-C-C-C,0.1543,111.52,0,c5,-0.044,online
estradiol,C,12.01,4,C-C-C-H,0.1433,110.02,0,c5,-0.0657,online
estradiol,C,12.01,4,C-C-C-H,0.1428,110.23,0,c6,-0.0477,online
estradiol,C,12.01,4,C-C-C-H,0.1424,110.56,0,c6,-0.0084,online
estradiol,C,12.01,4,C-C-H-O,0.1403,109.95,0,c5,0.1411,online
estradiol,C,12.01,4,C-C-H-H,0.1318,109.21,0,c6,-0.0634,online
estradiol,C,12.01,4,C-C-H-H,0.1322,109.29,0,c5,-0.0684,online
estradiol,C,12.01,4,C-C-H-H,0.1318,109.25,0,c6,-0.0714,online
estradiol,C,12.01,4,C-C-H-H,0.1322,109.29,0,c5,-0.1174,online
estradiol,C,12.01,4,C-C-H-H,0.1318,109.25,0,c6,-0.0734,online
estradiol,C,12.01,4,C-H-H-H,0.1206,109.13,0,c3,-0.0771,online
estradiol,C,12.01,3,C-C-C,0.1439,120.41,1,ca,-0.0993,online
estradiol,C,12.01,4,C-C-H-H,0.1314,109.41,0,c6,-0.0371,online
estradiol,C,12.01,3,C-C-C,0.1439,120.41,1,ca,-0.0373,online
estradiol,C,12.01,3,C-C-H,0.1294,119.93,0,ca,-0.091,online
estradiol,C,12.01,3,C-C-H,0.1294,119.93,0,ca,-0.162,online
estradiol,C,12.01,3,C-C-H,0.1294,119.93,1,ca,-0.215,online
estradiol,C,12.01,3,C-C-O,0.1387,119.94,1,ca,0.1221,online
estradiol,H,1.008,1,C,0.1095,,0,hc,0.0457,online
estradiol,H,1.008,1,C,0.1098,,0,hc,0.0637,online
estradiol,H,1.008,1,C,0.1098,,0,hc,0.0537,online
estradiol,H,1.008,1,C,0.1097,,0,h1,0.0337,online
estradiol,H,1.008,1,C,0.1098,,0,hc,0.0452,online
estradiol,H,1.008,1,C,0.1098,,0,hc,0.0452,online
estradiol,H,1.008,1,C,0.1095,,0,hc,0.0452,online
estradiol,H,1.008,1,C,0.1095,,0,hc,0.0452,online
estradiol,H,1.008,1,C,0.1098,,0,hc,0.0432,online
estradiol,H,1.008,1,C,0.1098,,0,hc,0.0432,online
estradiol,H,1.008,1,C,0.1095,,0,hc,0.0472,online
estradiol,H,1.008,1,C,0.1095,,0,hc,0.0472,online
estradiol,H,1.008,1,C,0.1098,,0,hc,0.0442,online
estradiol,H,1.008,1,C,0.1098,,0,hc,0.0442,online
estradiol,H,1.008,1,C,0.1096,,0,hc,0.041367,online
estradiol,H,1.008,1,C,0.1096,,0,hc,0.041367,online
estradiol,H,1.008,1,C,0.1096,,0,hc,0.041367,online
estradiol,H,1.008,1,C,0.1098,,0,hc,0.0527,online
estradiol,H,1.008,1,C,0.1098,,0,hc,0.0527,online
estradiol,H,1.008,1,O,0.0973,,0,ho,0.398,online
estradiol,H,1.008,1,C,0.1086,,0,ha,0.134,online
estradiol,H,1.008,1,C,0.1086,,0,ha,0.148,online
estradiol,H,1.008,1,C,0.1086,,0,ha,0.132,online
estradiol,H,1.008,1,O,0.0973,,0,ho,0.418,online
estradiol,O,15.9994,2,C-H,0.0,0.0,0,opls_154,-0.591801,online
estradiol,O,15.9994,2,C-H,0.0,0.0,0,opls_154,-0.4991,online
estradiol,C,0.0,4,C-C-C-C,0.0,0.0,0,opls_x,-0.044,online
estradiol,C,0.0,4,C-C-C-H,0.0,0.0,0,opls_x,-0.0657,online
estradiol,C,0.0,4,C-C-C-H,0.0,0.0,0,opls_x,-0.0477,online
estradiol,C,0.0,4,C-C-C-H,0.0,0.0,0,opls_x,-0.0084,online
estradiol,C,0.0,4,C-C-H-O,0.0,0.0,0,opls_x,0.1411,online
estradiol,C,0.0,4,C-C-H-H,0.0,0.0,0,opls_x,-0.0634,online
estradiol,C,0.0,4,C-C-H-H,0.0,0.0,0,opls_x,-0.0684,online
estradiol,C,0.0,4,C-C-H-H,0.0,0.0,0,opls_x,-0.0714,online
estradiol,C,0.0,4,C-C-H-H,0.0,0.0,0,opls_x,-0.1174,online
estradiol,C,0.0,4,C-C-H-H,0.0,0.0,0,opls_x,-0.0734,online
estradiol,C,12.011,4,C-H-H-H,0.0,0.0,0,opls_135,-0.0771,online
estradiol,C,12.011,3,C-C-C,0.0,0.0,1,opls_145,-0.0993,online
estradiol,C,0.0,4,C-C-H-H,0.0,0.0,0,opls_x,-0.0371,online
estradiol,C,12.011,3,C-C-C,0.0,0.0,1,opls_145,-0.0373,online
estradiol,C,12.011,3,C-C-H,0.0,0.0,0,opls_145,-0.091,online
estradiol,C,12.011,3,C-C-H,0.0,0.0,0,opls_145,-0.162,online
estradiol,C,12.011,3,C-C-H,0.0,0.0,1,opls_145,-0.215,online
estradiol,C,12.011,3,C-C-O,0.0,0.0,1,opls_145,0.1221,online
estradiol,H,1.008,1,C,0.0,,0,opls_140,0.0457,online
estradiol,H,1.008,1,C,0.0,,0,opls_140,0.0637,online
estradiol,H,1.008,1,C,0.0,,0,opls_140,0.0537,online
estradiol,H,1.008,1,C,0.0,,0,opls_140,0.0337,online
estradiol,H,1.008,1,C,0.0,,0,opls_140,0.0452,online
estradiol,H,1.008,1,C,0.0,,0,opls_140,0.0452,online
estradiol,H,1.008,1,C,0.0,,0,opls_140,0.0452,online
estradiol,H,1.008,1,C,0.0,,0,opls_140,0.0452,online
estradiol,H,1.008,1,C,0.0,,0,opls_140,0.0432,online
estradiol,H,1.008,1,C,0.0,,0,opls_140,0.0432,online
estradiol,H,1.008,1,C,0.0,,0,opls_140,0.0472,online
estradiol,H,1.008,1,C,0.0,,0,opls_140,0.0472,online
estradiol,H,1.008,1,C,0.0,,0,opls_140,0.0442,online
estradiol,H,1.008,1,C,0.0,,0,opls_140,0.0442,online
estradiol,H,1.008,1,C,0.0,,0,opls_140,0.041367,online
estradiol,H,1.008,1,C,0.0,,0,opls_140,0.041367,online
estradiol,H,1.008,1,C,0.0,,0,opls_140,0.041367,online
estradiol,H,1.008,1,C,0.0,,0,opls_140,0.0527,online
estradiol,H,1.008,1,C,0.0,,0,opls_140,0.0527,online
estradiol,H,1.008,1,O,0.0,,0,opls_155,0.398,online
estradiol,H,1.008,1,C,0.0,,0,opls_146,0.134,online
estradiol,H,1.008,1,C,0.0,,0,opls_146,0.148,online
estradiol,H,1.008,1,C,0.0,,0,opls_146,0.132,online
estradiol,H,1.008,1,O,0.0,,0,opls_155,0.418,online
deoxyribose,O,0.0,2,C-C,0.0,0.0,0,opls_x,-0.4496,online
deoxyribose,O,15.9994,2,C-H,0.0,0.0,0,opls_154,-0.5918,online
deoxyribose,O,15.9994,2,C-H,0.0,0.0,0,opls_154,-0.5988,online
deoxyribose,O,15.9994,2,C-H,0.0,0.0,0,opls_154,-0.5948,online
deoxyribose,C,0.0,4,C-C-H-O,0.0,0.0,0,opls_x,0.1181,online
deoxyribose,C,0.0,4,C-C-H-O,0.0,0.0,0,opls_x,0.0551,online
deoxyribose,C,0.0,4,C-C-H-H,0.0,0.0,0,opls_x,-0.1394,online
deoxyribose,C,0.0,4,C-H-O-O,0.0,0.0,0,opls_x,0.3349,online
deoxyribose,C,12.011,4,C-H-H-O,0.0,0.0,0,opls_135,0.1284,online
deoxyribose,H,1.008,1,C,0.0,,0,opls_140,0.0527,online
deoxyribose,H,1.008,1,C,0.0,,0,opls_140,0.0787,online
deoxyribose,H,1.008,1,C,0.0,,0,opls_140,0.0822,online
deoxyribose,H,1.008,1,C,0.0,,0,opls_140,0.0822,online
deoxyribose,H,0.0,1,C,0.0,,0,opls_x,0.1037,online
deoxyribose,H,1.008,1,C,0.0,,0,opls_140,0.0487,online
deoxyribose,H,1.008,1,C,0.0,,0,opls_140,0.0487,online
deoxyribose,H,1.008,1,O,0.0,,0,opls_155,0.407,online
deoxyribose,H,1.008,1,O,0.0,,0,opls_155,0.416,online
deoxyribose,H,1.008,1,O,0.0,,0,opls_155,0.418,online
deoxyribose,O,16.0,2,C-C,0.1435,109.26,0,os,-0.4496,online
deoxyribose,O,16.0,2,C-H,0.1196,107.17,0,oh,-0.5918,online
deoxyribose,O,16.0,2,C-H,0.1196,107.17,0,oh,-0.5988,online
deoxyribose,O,16.0,2,C-H,0.1198,107.39,0,oh,-0.5948,online
deoxyribose,C,12.01,4,C-C-H-O,0.1403,109.95,0,c5,0.1181,online
deoxyribose,C,12.01,4,C-C-H-O,0.1404,109.6,0,c5,0.0551,online
deoxyribose,C,12.01,4,C-C-H-H,0.1322,109.29,0,c5,-0.1394,online
deoxyribose,C,12.01,4,C-H-O-O,0.1374,109.7,0,c5,0.3349,online
deoxyribose,C,12.01,4,C-H-H-O,0.1289,109.65,0,c3,0.1284,online
deoxyribose,H,1.008,1,C,0.1097,,0,h1,0.0527,online
deoxyribose,H,1.008,1,C,0.1097,,0,h1,0.0787,online
deoxyribose,H,1.008,1,C,0.1095,,0,hc,0.0822,online
deoxyribose,H,1.008,1,C,0.1095,,0,hc,0.0822,online
deoxyribose,H,1.008,1,C,0.1095,,0,h2,0.1037,online
deoxyribose,H,1.008,1,C,0.1097,,0,h1,0.0487,online
deoxyribose,H,1.008,1,C,0.1097,,0,h1,0.0487,online
deoxyribose,H,1.008,1,O,0.0973,,0,ho,0.407,online
deoxyribose,H,1.008,1,O,0.0973,,0,ho,0.416,online
deoxyribose,H,1.008,1,O,0.0973,,0,ho,0.418,online
cytosine,O,15.9994,1,C,0.0,,0,opls_236,-0.6075,online
cytosine,N,0.0,3,C-C-H,0.0,0.0,1,opls_x,-0.4961,online
cytosine,N,0.0,3,C-H-H,0.0,0.0,0,opls_x,-0.8636,online
cytosine,N,14.0067,2,C-C,0.0,0.0,0,opls_511,-0.6511,online
cytosine,C,12.011,3,C-N-N,0.0,0.0,1,opls_500,0.3346,online
cytosine,C,12.011,3,C-C-H,0.0,0.0,0,opls_500,-0.4896,online
cytosine,C,12.011,3,N-N-O,0.0,0.0,1,opls_235,0.8219,online
cytosine,C,12.011,3,C-H-N,0.0,0.0,1,opls_500,0.5685,online
cytosine,H,1.008,1,N,0.0,,0,opls_240,0.3325,online
cytosine,H,1.008,1,C,0.0,,0,opls_146,0.155,online
cytosine,H,1.008,1,C,0.0,,1,opls_146,0.0358,online
cytosine,H,1.008,1,N,0.0,,1,opls_240,0.4298,online
cytosine,H,1.008,1,N,0.0,,0,opls_240,0.4298,online
cytosine,O,16.0,1,C,0.1219,,0,o,-0.6075,online
cytosine,N,14.01,3,C-C-H,0.1258,120.45,1,ns,-0.4961,online
cytosine,N,14.01,3,C-H-H,0.113,116.09,0,nv,-0.8636,online
cytosine,N,14.01,2,C-C,0.1346,120.34,0,nc,-0.6511,online
cytosine,C,12.01,3,C-N-N,0.1374,121.66,1,cc,0.3346,online
cytosine,C,12.01,3,C-C-H,0.1295,119.92,0,cd,-0.4896,online
cytosine,C,12.01,3,N-N-O,0.1324,121.14,1,c,0.8219,online
cytosine,C,12.01,3,C-H-N,0.1276,121.86,1,cd,0.5685,online
cytosine,H,1.008,1,N,0.1013,,0,hn,0.3325,online
cytosine,H,1.008,1,C,0.1084,,0,ha,0.155,online
cytosine,H,1.008,1,C,0.1082,,1,h4,0.0358,online
cytosine,H,1.008,1,N,0.1011,,1,hn,0.4298,online
cytosine,H,1.008,1,N,0.1011,,0,hn,0.4298,online
cysteine,SG,32.06,2,CB-HG,0.0,0.0,0,opls_200,-0.3779,online
cysteine,O,15.9994,2,C-H,0.0,0.0,0,opls_154,-0.6071,online
cysteine,OXT,15.9994,1,C,0.0,,1,opls_236,-0.55,online
cysteine,N,0.0,3,CA-H-H,0.0,0.0,0,opls_x,-0.9098,online
cysteine,CA,12.011,4,C-CB-HA-N,0.0,0.0,0,opls_135,0.1365,online
cysteine,CB,12.011,4,CA-HB-HB-SG,0.0,0.0,0,opls_135,0.0007,online
cysteine,C,12.011,3,CA-O-OXT,0.0,0.0,0,opls_235,0.6371,online
cysteine,HA,1.008,1,CA,0.0,,0,opls_140,0.0637,online
cysteine,HB,1.008,1,CB,0.0,,0,opls_140,0.0942,online
cysteine,HB,1.008,1,CB,0.0,,0,opls_140,0.0942,online
cysteine,H,1.008,1,N,0.0,,0,opls_240,0.3703,online
cysteine,H,1.008,1,N,0.0,,0,opls_240,0.3703,online
cysteine,HG,1.008,1,SG,0.0,,0,opls_204,0.2278,online
cysteine,H,1.008,1,O,0.0,,0,opls_155,0.45,online
cysteine,SG,32.06,2,CB-HG,0.1597,96.41,0,sh,-0.3779,online
cysteine,O,16.0,2,C-H,0.1164,106.54,0,oh,-0.6071,online
cysteine,OXT,16.0,1,C,0.1219,,1,o,-0.55,online
cysteine,N,14.01,3,CA-H-H,0.1168,108.53,0,n8,-0.9098,online
cysteine,CA,12.01,4,C-CB-HA-N,0.1406,109.9,0,c3,0.1365,online
cysteine,CB,12.01,4,CA-HB-HB-SG,0.1393,109.63,0,c3,0.0007,online
cysteine,C,12.01,3,CA-O-OXT,0.1367,119.24,0,c,0.6371,online
cysteine,HA,1.008,1,CA,0.1097,,0,h1,0.0637,online
cysteine,HB,1.008,1,CB,0.1097,,0,h1,0.0942,online
cysteine,HB,1.008,1,CB,0.1097,,0,h1,0.0942,online
cysteine,H,1.008,1,N,0.1019,,0,hn,0.3703,online
cysteine,H,1.008,1,N,0.1019,,0,hn,0.3703,online
cysteine,HG,1.008,1,SG,0.135,,0,hs,0.2278,online
cysteine,H,1.008,1,O,0.0973,,0,ho,0.45,online
cytidine,O*,0.0,2,C*-C*,0.0,0.0,0,opls_x,-0.3946,online
cytidine,O*,15.9994,2,C*-H,0.0,0.0,0,opls_154,-0.5978,online
cytidine,O*,15.9994,2,C*-H,0.0,0.0,0,opls_154,-0.5758,online
cytidine,O*,15.9994,2,C*-H*,0.0,0.0,0,opls_154,-0.5928,online
cytidine,O,15.9994,1,C,0.0,,0,opls_236,-0.6595,online
cytidine,N,14.0067,3,C-C-C*,0.0,0.0,0,opls_237,-0.405,online
cytidine,N,14.0067,2,C-C,0.0,0.0,1,opls_511,-0.7261,online
cytidine,N,0.0,3,C-H-H,0.0,0.0,0,opls_x,-0.9168,online
cytidine,C*,0.0,4,C*-C*-H*-O*,0.0,0.0,0,opls_x,0.0931,online
cytidine,C*,0.0,4,C*-C*-H*-O*,0.0,0.0,0,opls_x,0.1281,online
cytidine,C*,0.0,4,C*-H*-N-O*,0.0,0.0,1,opls_x,0.2575,online
cytidine,C*,0.0,4,C*-C*-H*-O*,0.0,0.0,0,opls_x,0.0921,online
cytidine,C*,12.011,4,C*-H*-H*-O*,0.0,0.0,0,opls_135,0.1064,online
cytidine,C,12.011,3,C-H-N,0.0,0.0,0,opls_500,0.0766,online
cytidine,C,12.011,3,N-N-O,0.0,0.0,0,opls_235,0.8409,online
cytidine,C,12.011,3,C-C-H,0.0,0.0,0,opls_500,-0.4406,online
cytidine,C,12.011,3,C-N-N,0.0,0.0,1,opls_500,0.7585,online
cytidine,H*,1.008,1,C*,0.0,,0,opls_140,0.0777,online
cytidine,H*,1.008,1,C*,0.0,,0,opls_140,0.0887,online
cytidine,H*,0.0,1,C*,0.0,,0,opls_x,0.1067,online
cytidine,H*,1.008,1,C*,0.0,,0,opls_140,0.1067,online
cytidine,H*,1.008,1,C*,0.0,,0,opls_140,0.0347,online
cytidine,H*,1.008,1,C*,0.0,,0,opls_140,0.0347,online
cytidine,H,1.008,1,O*,0.0,,0,opls_155,0.449,online
cytidine,H,1.008,1,O*,0.0,,0,opls_155,0.427,online
cytidine,H,1.008,1,C,0.0,,1,opls_146,0.195,online
cytidine,H*,1.008,1,O*,0.0,,0,opls_155,0.404,online
cytidine,H,1.008,1,C,0.0,,0,opls_146,0.155,online
cytidine,H,1.008,1,N,0.0,,1,opls_240,0.4383,online
cytidine,H,1.008,1,N,0.0,,0,opls_240,0.4383,online
cytidine,O*,16.0,2,C*-C*,0.1435,109.26,0,os,-0.3946,online
cytidine,O*,16.0,2,C*-H,0.1196,107.17,0,oh,-0.5978,online
cytidine,O*,16.0,2,C*-H,0.1196,107.17,0,oh,-0.5758,online
cytidine,O*,16.0,2,C*-H*,0.1198,107.39,0,oh,-0.5928,online
cytidine,O,16.0,1,C,0.1219,,0,o,-0.6595,online
cytidine,N,14.01,3,C-C-C*,0.1416,120.0,0,n,-0.405,online
cytidine,N,14.01,2,C-C,0.1346,120.34,1,nc,-0.7261,online
cytidine,N,14.01,3,C-H-H,0.1131,116.24,0,nv,-0.9168,online
cytidine,C*,12.01,4,C*-C*-H*-O*,0.1403,109.95,0,c5,0.0931,online
cytidine,C*,12.01,4,C*-C*-H*-O*,0.1403,109.95,0,c5,0.1281,online
cytidine,C*,12.01,4,C*-H*-N-O*,0.1387,107.48,1,c5,0.2575,online
cytidine,C*,12.01,4,C*-C*-H*-O*,0.1404,109.6,0,c5,0.0921,online
cytidine,C*,12.01,4,C*-H*-H*-O*,0.1289,109.65,0,c3,0.1064,online
cytidine,C,12.01,3,C-H-N,0.1279,122.11,0,cc,0.0766,online
cytidine,C,12.01,3,N-N-O,0.133,121.28,0,c,0.8409,online
cytidine,C,12.01,3,C-C-H,0.1295,119.92,0,cd,-0.4406,online
cytidine,C,12.01,3,C-N-N,0.1372,120.11,1,cd,0.7585,online
cytidine,H*,1.008,1,C*,0.1097,,0,h1,0.0777,online
cytidine,H*,1.008,1,C*,0.1097,,0,h1,0.0887,online
cytidine,H*,1.008,1,C*,0.1095,,0,h2,0.1067,online
cytidine,H*,1.008,1,C*,0.1097,,0,h1,0.1067,online
cytidine,H*,1.008,1,C*,0.1097,,0,h1,0.0347,online
cytidine,H*,1.008,1,C*,0.1097,,0,h1,0.0347,online
cytidine,H,1.008,1,O*,0.0973,,0,ho,0.449,online
cytidine,H,1.008,1,O*,0.0973,,0,ho,0.427,online
cytidine,H,1.008,1,C,0.1081,,1,h4,0.195,online
cytidine,H*,1.008,1,O*,0.0973,,0,ho,0.404,online
cytidine,H,1.008,1,C,0.1084,,0,ha,0.155,online
cytidine,H,1.008,1,N,0.1011,,1,hn,0.4383,online
cytidine,H,1.008,1,N,0.1011,,0,hn,0.4383,online
adenine,N,14.0067,3,C-C-H,0.0,0.0,1,opls_503,-0.2623,online
adenine,N,14.0067,2,C-C,0.0,0.0,0,opls_511,-0.6257,online
adenine,N,0.0,2,C-C,0.0,0.0,1,opls_x,-0.653,online
adenine,N,0.0,2,C-C,0.0,0.0,1,opls_x,-0.749,online
adenine,N,0.0,3,C-H-H,0.0,0.0,0,opls_x,-0.9175,online
adenine,C,12.011,3,C-C-N,0.0,0.0,1,opls_145,-0.3608,online
adenine,C,12.011,3,C-N-N,0.0,0.0,0,opls_145,0.5723,online
adenine,C,12.011,3,C-N-N,0.0,0.0,0,opls_145,0.6672,online
adenine,C,12.011,3,H-N-N,0.0,0.0,0,opls_500,0.4357,online
adenine,C,12.011,3,H-N-N,0.0,0.0,0,opls_145,0.6459,online
adenine,H,1.008,1,N,0.0,,0,opls_240,0.3097,online
adenine,H,1.008,1,C,0.0,,0,opls_146,0.0748,online
adenine,H,1.008,1,C,0.0,,0,opls_146,0.0571,online
adenine,H,1.008,1,N,0.0,,1,opls_240,0.4028,online
adenine,H,1.008,1,N,0.0,,0,opls_240,0.4028,online
adenine,N,14.01,3,C-C-H,0.1259,119.84,1,na,-0.2623,online
adenine,N,14.01,2,C-C,0.1351,104.17,0,nc,-0.6257,online
adenine,N,14.01,2,C-C,0.1339,117.24,1,nb,-0.653,online
adenine,N,14.01,2,C-C,0.1339,117.24,1,nb,-0.749,online
adenine,N,14.01,3,C-H-H,0.1132,116.25,0,nv,-0.9175,online
adenine,C,12.01,3,C-C-N,0.1394,120.21,1,ca,-0.3608,online
adenine,C,12.01,3,C-N-N,0.1374,124.04,0,ca,0.5723,online
adenine,C,12.01,3,C-N-N,0.1371,120.22,0,ca,0.6672,online
adenine,C,12.01,3,H-N-N,0.1261,119.71,0,cd,0.4357,online
adenine,C,12.01,3,H-N-N,0.1255,119.63,0,ca,0.6459,online
adenine,H,1.008,1,N,0.1009,,0,hn,0.3097,online
adenine,H,1.008,1,C,0.1082,,0,h5,0.0748,online
adenine,H,1.008,1,C,0.1088,,0,h5,0.0571,online
adenine,H,1.008,1,N,0.1011,,1,hn,0.4028,online
adenine,H,1.008,1,N,0.1011,,0,hn,0.4028,online
lidocaine,O,16.0,1,C,0.1219,,0,o,-0.5961,online
lidocaine,N,14.01,3,C-C-C,0.1463,112.42,0,n3,-0.748604,online
lidocaine,N,14.01,3,C-C-H,0.1267,120.27,0,ns,-0.4591,online
lidocaine,C,12.01,4,C-H-H-N,0.1296,109.81,0,c3,0.0908,online
lidocaine,C,12.01,4,C-H-H-N,0.1298,110.17,0,c3,0.1658,online
lidocaine,C,12.01,4,C-H-H-N,0.1298,110.17,0,c3,0.1658,online
lidocaine,C,12.01,3,C-C-N,0.1401,120.13,1,ca,0.0366,online
lidocaine,C,12.01,3,C-N-O,0.1375,120.33,1,c,0.6531,online
lidocaine,C,12.01,3,C-C-C,0.1437,120.56,0,ca,-0.0738,online
lidocaine,C,12.01,3,C-C-C,0.1437,120.56,1,ca,-0.0738,online
lidocaine,C,12.01,4,C-H-H-H,0.1206,108.7,0,c3,-0.0956,online
lidocaine,C,12.01,4,C-H-H-H,0.1206,108.7,0,c3,-0.0956,online
lidocaine,C,12.01,3,C-C-H,0.1294,119.93,1,ca,-0.127,online
lidocaine,C,12.01,3,C-C-H,0.1294,119.93,1,ca,-0.127,online
lidocaine,C,12.01,4,C-H-H-H,0.1201,109.18,0,c3,-0.0593,online
lidocaine,C,12.01,4,C-H-H-H,0.1201,109.18,0,c3,-0.0593,online
lidocaine,C,12.01,3,C-C-H,0.1294,119.93,1,ca,-0.129,online
lidocaine,H,1.008,1,C,0.1097,,0,h1,0.0662,online
lidocaine,H,1.008,1,C,0.1097,,0,h1,0.0662,online
lidocaine,H,1.008,1,C,0.1097,,0,h1,0.0372,online
lidocaine,H,1.008,1,C,0.1097,,0,h1,0.0372,online
lidocaine,H,1.008,1,C,0.1097,,0,h1,0.0372,online
lidocaine,H,1.008,1,C,0.1097,,0,h1,0.0372,online
lidocaine,H,1.008,1,N,0.1013,,0,hn,0.3255,online
lidocaine,H,1.008,1,C,0.1096,,0,hc,0.039867,online
lidocaine,H,1.008,1,C,0.1096,,0,hc,0.039867,online
lidocaine,H,1.008,1,C,0.1096,,0,hc,0.039867,online
lidocaine,H,1.008,1,C,0.1096,,0,hc,0.039867,online
lidocaine,H,1.008,1,C,0.1096,,0,hc,0.039867,online
lidocaine,H,1.008,1,C,0.1096,,0,hc,0.039867,online
lidocaine,H,1.008,1,C,0.1086,,0,ha,0.132,online
lidocaine,H,1.008,1,C,0.1086,,0,ha,0.132,online
lidocaine,H,1.008,1,C,0.1096,,0,hc,0.048367,online
lidocaine,H,1.008,1,C,0.1096,,0,hc,0.048367,online
lidocaine,H,1.008,1,C,0.1096,,0,hc,0.048367,online
lidocaine,H,1.008,1,C,0.1096,,0,hc,0.048367,online
lidocaine,H,1.008,1,C,0.1096,,0,hc,0.048367,online
lidocaine,H,1.008,1,C,0.1096,,0,hc,0.048367,online
lidocaine,H,1.008,1,C,0.1086,,0,ha,0.132,online
lidocaine,O,15.9994,1,C,0.0,,0,opls_236,-0.5961,online
lidocaine,N,0.0,3,C-C-C,0.0,0.0,0,opls_x,-0.748604,online
lidocaine,N,0.0,3,C-C-H,0.0,0.0,0,opls_x,-0.4591,online
lidocaine,C,12.011,4,C-H-H-N,0.0,0.0,0,opls_135,0.0908,online
lidocaine,C,12.011,4,C-H-H-N,0.0,0.0,0,opls_135,0.1658,online
lidocaine,C,12.011,4,C-H-H-N,0.0,0.0,0,opls_135,0.1658,online
lidocaine,C,12.011,3,C-C-N,0.0,0.0,1,opls_145,0.0366,online
lidocaine,C,12.011,3,C-N-O,0.0,0.0,1,opls_235,0.6531,online
lidocaine,C,12.011,3,C-C-C,0.0,0.0,0,opls_145,-0.0738,online
lidocaine,C,12.011,3,C-C-C,0.0,0.0,1,opls_145,-0.0738,online
lidocaine,C,12.011,4,C-H-H-H,0.0,0.0,0,opls_135,-0.0956,online
lidocaine,C,12.011,4,C-H-H-H,0.0,0.0,0,opls_135,-0.0956,online
lidocaine,C,12.011,3,C-C-H,0.0,0.0,1,opls_145,-0.127,online
lidocaine,C,12.011,3,C-C-H,0.0,0.0,1,opls_145,-0.127,online
lidocaine,C,12.011,4,C-H-H-H,0.0,0.0,0,opls_135,-0.0593,online
lidocaine,C,12.011,4,C-H-H-H,0.0,0.0,0,opls_135,-0.0593,online
lidocaine,C,12.011,3,C-C-H,0.0,0.0,1,opls_145,-0.129,online
lidocaine,H,1.008,1,C,0.0,,0,opls_140,0.0662,online
lidocaine,H,1.008,1,C,0.0,,0,opls_140,0.0662,online
lidocaine,H,1.008,1,C,0.0,,0,opls_140,0.0372,online
lidocaine,H,1.008,1,C,0.0,,0,opls_140,0.0372,online
lidocaine,H,1.008,1,C,0.0,,0,opls_140,0.0372,online
lidocaine,H,1.008,1,C,0.0,,0,opls_140,0.0372,online
lidocaine,H,1.008,1,N,0.0,,0,opls_240,0.3255,online
lidocaine,H,1.008,1,C,0.0,,0,opls_140,0.039867,online
lidocaine,H,1.008,1,C,0.0,,0,opls_140,0.039867,online
lidocaine,H,1.008,1,C,0.0,,0,opls_140,0.039867,online
lidocaine,H,1.008,1,C,0.0,,0,opls_140,0.039867,online
lidocaine,H,1.008,1,C,0.0,,0,opls_140,0.039867,online
lidocaine,H,1.008,1,C,0.0,,0,opls_140,0.039867,online
lidocaine,H,1.008,1,C,0.0,,0,opls_146,0.132,online
lidocaine,H,1.008,1,C,0.0,,0,opls_146,0.132,online
lidocaine,H,1.008,1,C,0.0,,0,opls_140,0.048367,online
lidocaine,H,1.008,1,C,0.0,,0,opls_140,0.048367,online
lidocaine,H,1.008,1,C,0.0,,0,opls_140,0.048367,online
lidocaine,H,1.008,1,C,0.0,,0,opls_140,0.048367,online
lidocaine,H,1.008,1,C,0.0,,0,opls_140,0.048367,online
lidocaine,H,1.008,1,C,0.0,,0,opls_140,0.048367,online
lidocaine,H,1.008,1,C,0.0,,0,opls_146,0.132,online
progesterone,O,16.0,1,C,0.1219,,0,o,-0.5331,online
progesterone,O,16.0,1,C,0.1219,,0,o,-0.5351,online
progesterone,C,12.01,4,C-C-C-H,0.1433,110.02,0,c5,-0.0617,online
progesterone,C,12.01,4,C-C-C-C,0.1543,111.52,0,c5,-0.038,online
progesterone,C,12.01,4,C-C-C-H,0.1428,110.23,0,c6,-0.0507,online
progesterone,C,12.01,4,C-C-C-H,0.1428,110.25,0,c6,-0.0477,online
progesterone,C,12.01,4,C-C-C-C,0.1533,111.08,0,c6,-0.0158,online
progesterone,C,12.01,4,C-C-C-H,0.1432,108.42,0,c5,-0.1647,online
progesterone,C,12.01,4,C-C-H-H,0.1318,109.21,0,c6,-0.0674,online
progesterone,C,12.01,4,C-C-H-H,0.1318,109.25,0,c6,-0.0744,online
progesterone,C,12.01,4,C-C-H-H,0.1322,109.29,0,c5,-0.0724,online
progesterone,C,12.01,4,C-C-H-H,0.1318,109.25,0,c6,-0.0724,online
progesterone,C,12.01,4,C-C-H-H,0.1322,109.29,0,c5,-0.0754,online
progesterone,C,12.01,3,C-C-C,0.1457,120.42,1,c2,-0.0284,online
progesterone,C,12.01,4,C-H-H-H,0.1206,109.13,0,c3,-0.0911,online
progesterone,C,12.01,4,C-C-H-H,0.1312,109.26,1,c6,-0.0542,online
progesterone,C,12.01,4,C-C-H-H,0.1318,109.25,0,c6,-0.0694,online
progesterone,C,12.01,4,C-H-H-H,0.1208,109.18,0,c3,-0.0861,online
progesterone,C,12.01,3,C-C-O,0.1427,122.19,1,c,0.5771,online
progesterone,C,12.01,4,C-C-H-H,0.1316,108.71,0,c6,-0.1824,online
progesterone,C,12.01,3,C-C-H,0.1306,119.47,1,ce,-0.2652,online
progesterone,C,12.01,3,C-C-O,0.1411,120.58,0,c,0.5693,online
progesterone,C,12.01,4,C-H-H-H,0.1204,108.34,0,c3,-0.2041,online
progesterone,H,1.008,1,C,0.1095,,0,hc,0.0477,online
progesterone,H,1.008,1,C,0.1098,,0,hc,0.0597,online
progesterone,H,1.008,1,C,0.1098,,0,hc,0.0517,online
progesterone,H,1.008,1,C,0.1095,,0,hc,0.0617,online
progesterone,H,1.008,1,C,0.1098,,0,hc,0.0417,online
progesterone,H,1.008,1,C,0.1098,,0,hc,0.0417,online
progesterone,H,1.008,1,C,0.1098,,0,hc,0.0442,online
progesterone,H,1.008,1,C,0.1098,,0,hc,0.0442,online
progesterone,H,1.008,1,C,0.1095,,0,hc,0.0462,online
progesterone,H,1.008,1,C,0.1095,,0,hc,0.0462,online
progesterone,H,1.008,1,C,0.1098,,0,hc,0.0482,online
progesterone,H,1.008,1,C,0.1098,,0,hc,0.0482,online
progesterone,H,1.008,1,C,0.1095,,0,hc,0.0567,online
progesterone,H,1.008,1,C,0.1095,,0,hc,0.0567,online
progesterone,H,1.008,1,C,0.1096,,0,hc,0.043367,online
progesterone,H,1.008,1,C,0.1096,,0,hc,0.043367,online
progesterone,H,1.008,1,C,0.1096,,0,hc,0.043367,online
progesterone,H,1.008,1,C,0.1098,,0,hc,0.0562,online
progesterone,H,1.008,1,C,0.1098,,0,hc,0.0562,online
progesterone,H,1.008,1,C,0.1098,,0,hc,0.0502,online
progesterone,H,1.008,1,C,0.1098,,0,hc,0.0502,online
progesterone,H,1.008,1,C,0.1096,,0,hc,0.041033,online
progesterone,H,1.008,1,C,0.1096,,0,hc,0.041033,online
progesterone,H,1.008,1,C,0.1096,,0,hc,0.041033,online
progesterone,H,1.008,1,C,0.1098,,0,hc,0.0717,online
progesterone,H,1.008,1,C,0.1098,,0,hc,0.0717,online
progesterone,H,1.008,1,C,0.1088,,0,ha,0.148,online
progesterone,H,1.008,1,C,0.1096,,0,hc,0.0637,online
progesterone,H,1.008,1,C,0.1096,,0,hc,0.0637,online
progesterone,H,1.008,1,C,0.1096,,0,hc,0.0637,online
progesterone,O,15.9994,1,C,0.0,,0,opls_236,-0.5331,online
progesterone,O,15.9994,1,C,0.0,,0,opls_236,-0.5351,online
progesterone,C,0.0,4,C-C-C-H,0.0,0.0,0,opls_x,-0.0617,online
progesterone,C,0.0,4,C-C-C-C,0.0,0.0,0,opls_x,-0.038,online
progesterone,C,0.0,4,C-C-C-H,0.0,0.0,0,opls_x,-0.0507,online
progesterone,C,0.0,4,C-C-C-H,0.0,0.0,0,opls_x,-0.0477,online
progesterone,C,0.0,4,C-C-C-C,0.0,0.0,0,opls_x,-0.0158,online
progesterone,C,0.0,4,C-C-C-H,0.0,0.0,0,opls_x,-0.1647,online
progesterone,C,0.0,4,C-C-H-H,0.0,0.0,0,opls_x,-0.0674,online
progesterone,C,0.0,4,C-C-H-H,0.0,0.0,0,opls_x,-0.0744,online
progesterone,C,0.0,4,C-C-H-H,0.0,0.0,0,opls_x,-0.0724,online
progesterone,C,0.0,4,C-C-H-H,0.0,0.0,0,opls_x,-0.0724,online
progesterone,C,0.0,4,C-C-H-H,0.0,0.0,0,opls_x,-0.0754,online
progesterone,C,12.011,3,C-C-C,0.0,0.0,1,opls_509,-0.0284,online
progesterone,C,12.011,4,C-H-H-H,0.0,0.0,0,opls_135,-0.0911,online
progesterone,C,0.0,4,C-C-H-H,0.0,0.0,1,opls_x,-0.0542,online
progesterone,C,0.0,4,C-C-H-H,0.0,0.0,0,opls_x,-0.0694,online
progesterone,C,12.011,4,C-H-H-H,0.0,0.0,0,opls_135,-0.0861,online
progesterone,C,12.011,3,C-C-O,0.0,0.0,1,opls_235,0.5771,online
progesterone,C,0.0,4,C-C-H-H,0.0,0.0,0,opls_x,-0.1824,online
progesterone,C,0.0,3,C-C-H,0.0,0.0,1,opls_x,-0.2652,online
progesterone,C,12.011,3,C-C-O,0.0,0.0,0,opls_235,0.5693,online
progesterone,C,12.011,4,C-H-H-H,0.0,0.0,0,opls_135,-0.2041,online
progesterone,H,1.008,1,C,0.0,,0,opls_140,0.0477,online
progesterone,H,1.008,1,C,0.0,,0,opls_140,0.0597,online
progesterone,H,1.008,1,C,0.0,,0,opls_140,0.0517,online
progesterone,H,1.008,1,C,0.0,,0,opls_140,0.0617,online
progesterone,H,1.008,1,C,0.0,,0,opls_140,0.0417,online
progesterone,H,1.008,1,C,0.0,,0,opls_140,0.0417,online
progesterone,H,1.008,1,C,0.0,,0,opls_140,0.0442,online
progesterone,H,1.008,1,C,0.0,,0,opls_140,0.0442,online
progesterone,H,1.008,1,C,0.0,,0,opls_140,0.0462,online
progesterone,H,1.008,1,C,0.0,,0,opls_140,0.0462,online
progesterone,H,1.008,1,C,0.0,,0,opls_140,0.0482,online
progesterone,H,1.008,1,C,0.0,,0,opls_140,0.0482,online
progesterone,H,1.008,1,C,0.0,,0,opls_140,0.0567,online
progesterone,H,1.008,1,C,0.0,,0,opls_140,0.0567,online
progesterone,H,1.008,1,C,0.0,,0,opls_140,0.043367,online
progesterone,H,1.008,1,C,0.0,,0,opls_140,0.043367,online
progesterone,H,1.008,1,C,0.0,,0,opls_140,0.043367,online
progesterone,H,1.008,1,C,0.0,,0,opls_140,0.0562,online
progesterone,H,1.008,1,C,0.0,,0,opls_140,0.0562,online
progesterone,H,1.008,1,C,0.0,,0,opls_140,0.0502,online
progesterone,H,1.008,1,C,0.0,,0,opls_140,0.0502,online
progesterone,H,1.008,1,C,0.0,,0,opls_140,0.041033,online
progesterone,H,1.008,1,C,0.0,,0,opls_140,0.041033,online
progesterone,H,1.008,1,C,0.0,,0,opls_140,0.041033,online
progesterone,H,1.008,1,C,0.0,,0,opls_140,0.0717,online
progesterone,H,1.008,1,C,0.0,,0,opls_140,0.0717,online
progesterone,H,1.008,1,C,0.0,,0,opls_146,0.148,online
progesterone,H,1.008,1,C,0.0,,0,opls_140,0.0637,online
progesterone,H,1.008,1,C,0.0,,0,opls_140,0.0637,online
progesterone,H,1.008,1,C,0.0,,0,opls_140,0.0637,online
uridine,O*,0.0,2,C*-C*,0.0,0.0,0,opls_x,-0.4066,online
uridine,O*,15.9994,2,C*-H,0.0,0.0,0,opls_154,-0.5958,online
uridine,O*,15.9994,2,C*-H,0.0,0.0,0,opls_154,-0.5738,online
uridine,O*,15.9994,2,C*-H*,0.0,0.0,0,opls_154,-0.5958,online
uridine,O,15.9994,1,C,0.0,,0,opls_236,-0.6775,online
uridine,O,15.9994,1,C,0.0,,0,opls_236,-0.6035,online
uridine,N,14.0067,3,C-C-C*,0.0,0.0,0,opls_237,-0.401,online
uridine,N,0.0,3,C-C-H,0.0,0.0,1,opls_x,-0.5815,online
uridine,C*,0.0,4,C*-C*-H*-O*,0.0,0.0,0,opls_x,0.0881,online
uridine,C*,0.0,4,C*-C*-H*-O*,0.0,0.0,0,opls_x,0.1361,online
uridine,C*,0.0,4,C*-H*-N-O*,0.0,0.0,1,opls_x,0.2775,online
uridine,C*,0.0,4,C*-C*-H*-O*,0.0,0.0,0,opls_x,0.0501,online
uridine,C*,12.011,4,C*-H*-H*-O*,0.0,0.0,0,opls_135,0.1124,online
uridine,C,12.011,3,N-N-O,0.0,0.0,0,opls_235,0.8085,online
uridine,C,12.011,3,C-H-N,0.0,0.0,1,opls_500,0.0576,online
uridine,C,12.011,3,C-C-H,0.0,0.0,0,opls_500,-0.3252,online
uridine,C,12.011,3,C-N-O,0.0,0.0,1,opls_235,0.7147,online
uridine,H*,1.008,1,C*,0.0,,0,opls_140,0.0777,online
uridine,H*,1.008,1,C*,0.0,,0,opls_140,0.0947,online
uridine,H*,0.0,1,C*,0.0,,0,opls_x,0.1057,online
uridine,H*,1.008,1,C*,0.0,,0,opls_140,0.0937,online
uridine,H*,1.008,1,C*,0.0,,0,opls_140,0.0582,online
uridine,H*,1.008,1,C*,0.0,,0,opls_140,0.0582,online
uridine,H,1.008,1,O*,0.0,,0,opls_155,0.447,online
uridine,H,1.008,1,O*,0.0,,0,opls_155,0.428,online
uridine,H,1.008,1,C,0.0,,1,opls_146,0.205,online
uridine,H*,1.008,1,O*,0.0,,0,opls_155,0.411,online
uridine,H,1.008,1,N,0.0,,0,opls_240,0.3535,online
uridine,H,1.008,1,C,0.0,,0,opls_146,0.183,online
uridine,O*,16.0,2,C*-C*,0.1435,109.26,0,os,-0.4066,online
uridine,O*,16.0,2,C*-H,0.1196,107.17,0,oh,-0.5958,online
uridine,O*,16.0,2,C*-H,0.1196,107.17,0,oh,-0.5738,online
uridine,O*,16.0,2,C*-H*,0.1198,107.39,0,oh,-0.5958,online
uridine,O,16.0,1,C,0.1219,,0,o,-0.6775,online
uridine,O,16.0,1,C,0.1219,,0,o,-0.6035,online
uridine,N,14.01,3,C-C-C*,0.1416,120.0,0,n,-0.401,online
uridine,N,14.01,3,C-C-H,0.1258,120.86,1,ns,-0.5815,online
uridine,C*,12.01,4,C*-C*-H*-O*,0.1403,109.95,0,c5,0.0881,online
uridine,C*,12.01,4,C*-C*-H*-O*,0.1403,109.95,0,c5,0.1361,online
uridine,C*,12.01,4,C*-H*-N-O*,0.1387,107.48,1,c5,0.2775,online
uridine,C*,12.01,4,C*-C*-H*-O*,0.1404,109.6,0,c5,0.0501,online
uridine,C*,12.01,4,C*-H*-H*-O*,0.1289,109.65,0,c3,0.1124,online
uridine,C,12.01,3,N-N-O,0.1332,120.0,0,c,0.8085,online
uridine,C,12.01,3,C-H-N,0.1279,122.11,1,cc,0.0576,online
uridine,C,12.01,3,C-C-H,0.131,119.8,0,cd,-0.3252,online
uridine,C,12.01,3,C-N-O,0.1357,119.65,1,c,0.7147,online
uridine,H*,1.008,1,C*,0.1097,,0,h1,0.0777,online
uridine,H*,1.008,1,C*,0.1097,,0,h1,0.0947,online
uridine,H*,1.008,1,C*,0.1095,,0,h2,0.1057,online
uridine,H*,1.008,1,C*,0.1097,,0,h1,0.0937,online
uridine,H*,1.008,1,C*,0.1097,,0,h1,0.0582,online
uridine,H*,1.008,1,C*,0.1097,,0,h1,0.0582,online
uridine,H,1.008,1,O*,0.0973,,0,ho,0.447,online
uridine,H,1.008,1,O*,0.0973,,0,ho,0.428,online
uridine,H,1.008,1,C,0.1081,,1,h4,0.205,online
uridine,H*,1.008,1,O*,0.0973,,0,ho,0.411,online
uridine,H,1.008,1,N,0.1013,,0,hn,0.3535,online
uridine,H,1.008,1,C,0.1084,,0,ha,0.183,online
uracil,O,15.9994,1,C,0.0,,0,opls_236,-0.6365,online
uracil,O,15.9994,1,C,0.0,,0,opls_236,-0.6055,online
uracil,N,0.0,3,C-C-H,0.0,0.0,1,opls_x,-0.5855,online
uracil,N,0.0,3,C-C-H,0.0,0.0,0,opls_x,-0.4751,online
uracil,C,12.011,3,N-N-O,0.0,0.0,1,opls_235,0.8055,online
uracil,C,12.011,3,C-N-O,0.0,0.0,1,opls_235,0.7147,online
uracil,C,12.011,3,C-H-N,0.0,0.0,1,opls_500,0.0506,online
uracil,C,12.011,3,C-C-H,0.0,0.0,0,opls_500,-0.3192,online
uracil,H,1.008,1,N,0.0,,0,opls_240,0.3535,online
uracil,H,1.008,1,N,0.0,,0,opls_240,0.3545,online
uracil,H,1.008,1,C,0.0,,0,opls_146,0.18,online
uracil,H,1.008,1,C,0.0,,1,opls_146,0.163,online
uracil,O,16.0,1,C,0.1219,,0,o,-0.6365,online
uracil,O,16.0,1,C,0.1219,,0,o,-0.6055,online
uracil,N,14.01,3,C-C-H,0.1258,120.86,1,ns,-0.5855,online
uracil,N,14.01,3,C-C-H,0.1258,120.45,0,ns,-0.4751,online
uracil,C,12.01,3,N-N-O,0.1326,119.66,1,c,0.8055,online
uracil,C,12.01,3,C-N-O,0.1357,119.65,1,c,0.7147,online
uracil,C,12.01,3,C-H-N,0.1278,122.13,1,cc,0.0506,online
uracil,C,12.01,3,C-C-H,0.131,119.8,0,cd,-0.3192,online
uracil,H,1.008,1,N,0.1013,,0,hn,0.3535,online
uracil,H,1.008,1,N,0.1013,,0,hn,0.3545,online
uracil,H,1.008,1,C,0.1084,,0,ha,0.18,online
uracil,H,1.008,1,C,0.1081,,1,h4,0.163,online
methionine,SD,32.06,2,CE-CG,0.1841,99.64,0,ss,-0.3032,online
methionine,O,16.0,2,C-H,0.1164,106.54,0,oh,-0.6121,online
methionine,OXT,16.0,1,C,0.1219,,1,o,-0.547,online
methionine,N,14.01,3,CA-H-H,0.1168,108.53,0,n8,-0.907799,online
methionine,CB,12.01,4,CA-CG-HB-HB,0.1316,109.85,0,c3,-0.0714,online
methionine,CA,12.01,4,C-CB-HA-N,0.1406,109.9,0,c3,0.1315,online
methionine,CG,12.01,4,CB-HG-HG-SD,0.1392,109.23,0,c3,-0.0263,online
methionine,C,12.01,3,CA-O-OXT,0.1367,119.24,0,c,0.6391,online
methionine,CE,12.01,4,HE-HE-HE-SD,0.1283,108.64,0,c3,-0.041,online
methionine,HB,1.008,1,CB,0.1096,,0,hc,0.0657,online
methionine,HB,1.008,1,CB,0.1096,,0,hc,0.0657,online
methionine,HA,1.008,1,CA,0.1097,,0,h1,0.0657,online
methionine,HG,1.008,1,CG,0.1097,,0,h1,0.0862,online
methionine,HG,1.008,1,CG,0.1097,,0,h1,0.0862,online
methionine,H,1.008,1,N,0.1019,,0,hn,0.3663,online
methionine,H,1.008,1,N,0.1019,,0,hn,0.3663,online
methionine,HE,1.008,1,CE,0.1097,,0,h1,0.063033,online
methionine,HE,1.008,1,CE,0.1097,,0,h1,0.063033,online
methionine,HE,1.008,1,CE,0.1097,,0,h1,0.063033,online
methionine,H,1.008,1,O,0.0973,,0,ho,0.447,online
methionine,SD,32.06,2,CE-CG,0.0,0.0,0,opls_202,-0.3032,online
methionine,O,15.9994,2,C-H,0.0,0.0,0,opls_154,-0.6121,online
methionine,OXT,15.9994,1,C,0.0,,1,opls_236,-0.547,online
methionine,N,0.0,3,CA-H-H,0.0,0.0,0,opls_x,-0.907799,online
methionine,CB,12.011,4,CA-CG-HB-HB,0.0,0.0,0,opls_135,-0.0714,online
methionine,CA,12.011,4,C-CB-HA-N,0.0,0.0,0,opls_135,0.1315,online
methionine,CG,12.011,4,CB-HG-HG-SD,0.0,0.0,0,opls_135,-0.0263,online
methionine,C,12.011,3,CA-O-OXT,0.0,0.0,0,opls_235,0.6391,online
methionine,CE,12.011,4,HE-HE-HE-SD,0.0,0.0,0,opls_135,-0.041,online
methionine,HB,1.008,1,CB,0.0,,0,opls_140,0.0657,online
methionine,HB,1.008,1,CB,0.0,,0,opls_140,0.0657,online
methionine,HA,1.008,1,CA,0.0,,0,opls_140,0.0657,online
methionine,HG,1.008,1,CG,0.0,,0,opls_140,0.0862,online
methionine,HG,1.008,1,CG,0.0,,0,opls_140,0.0862,online
methionine,H,1.008,1,N,0.0,,0,opls_240,0.3663,online
methionine,H,1.008,1,N,0.0,,0,opls_240,0.3663,online
methionine,HE,1.008,1,CE,0.0,,0,opls_140,0.063033,online
methionine,HE,1.008,1,CE,0.0,,0,opls_140,0.063033,online
methionine,HE,1.008,1,CE,0.0,,0,opls_140,0.063033,online
methionine,H,1.008,1,O,0.0,,0,opls_155,0.447,online
androstenedione,O,16.0,1,C,0.1219,,0,o,-0.5171,online
androstenedione,O,16.0,1,C,0.1219,,0,o,-0.5341,online
androstenedione,C,12.01,4,C-C-C-H,0.1428,110.23,0,c6,-0.0487,online
androstenedione,C,12.01,4,C-C-C-H,0.1428,110.25,0,c6,-0.0487,online
androstenedione,C,12.01,4,C-C-C-H,0.1433,110.02,0,c5,-0.0647,online
androstenedione,C,12.01,4,C-C-C-C,0.154,111.55,0,c5,-0.153,online
androstenedione,C,12.01,4,C-C-C-C,0.1533,111.08,0,c6,-0.0148,online
androstenedione,C,12.01,4,C-C-H-H,0.1318,109.25,0,c6,-0.0764,online
androstenedione,C,12.01,4,C-C-H-H,0.1318,109.21,0,c6,-0.0564,online
androstenedione,C,12.01,4,C-C-H-H,0.1318,109.25,0,c6,-0.0724,online
androstenedione,C,12.01,4,C-C-H-H,0.1322,109.29,0,c5,-0.0724,online
androstenedione,C,12.01,3,C-C-C,0.1457,120.42,1,c2,-0.0304,online
androstenedione,C,12.01,3,C-C-O,0.1429,119.9,1,c,0.5791,online
androstenedione,C,12.01,4,C-C-H-H,0.1312,109.26,1,c6,-0.0542,online
androstenedione,C,12.01,4,C-C-H-H,0.1318,109.12,0,c5,-0.1884,online
androstenedione,C,12.01,4,C-C-H-H,0.1318,109.25,0,c6,-0.0704,online
androstenedione,C,12.01,4,C-H-H-H,0.1206,109.13,0,c3,-0.0831,online
androstenedione,C,12.01,4,C-H-H-H,0.1208,109.18,0,c3,-0.0861,online
androstenedione,C,12.01,4,C-C-H-H,0.1316,108.71,0,c6,-0.1824,online
androstenedione,C,12.01,3,C-C-H,0.1306,119.47,1,ce,-0.2632,online
androstenedione,C,12.01,3,C-C-O,0.1411,120.58,0,c,0.5693,online
androstenedione,H,1.008,1,C,0.1098,,0,hc,0.0577,online
androstenedione,H,1.008,1,C,0.1098,,0,hc,0.0527,online
androstenedione,H,1.008,1,C,0.1095,,0,hc,0.0537,online
androstenedione,H,1.008,1,C,0.1098,,0,hc,0.0447,online
androstenedione,H,1.008,1,C,0.1098,,0,hc,0.0447,online
androstenedione,H,1.008,1,C,0.1098,,0,hc,0.0532,online
androstenedione,H,1.008,1,C,0.1098,,0,hc,0.0532,online
androstenedione,H,1.008,1,C,0.1098,,0,hc,0.0477,online
androstenedione,H,1.008,1,C,0.1098,,0,hc,0.0477,online
androstenedione,H,1.008,1,C,0.1095,,0,hc,0.0502,online
androstenedione,H,1.008,1,C,0.1095,,0,hc,0.0502,online
androstenedione,H,1.008,1,C,0.1098,,0,hc,0.0567,online
androstenedione,H,1.008,1,C,0.1098,,0,hc,0.0567,online
androstenedione,H,1.008,1,C,0.1095,,0,hc,0.0757,online
androstenedione,H,1.008,1,C,0.1095,,0,hc,0.0757,online
androstenedione,H,1.008,1,C,0.1098,,0,hc,0.0512,online
androstenedione,H,1.008,1,C,0.1098,,0,hc,0.0512,online
androstenedione,H,1.008,1,C,0.1096,,0,hc,0.0437,online
androstenedione,H,1.008,1,C,0.1096,,0,hc,0.0437,online
androstenedione,H,1.008,1,C,0.1096,,0,hc,0.0437,online
androstenedione,H,1.008,1,C,0.1096,,0,hc,0.0407,online
androstenedione,H,1.008,1,C,0.1096,,0,hc,0.0407,online
androstenedione,H,1.008,1,C,0.1096,,0,hc,0.0407,online
androstenedione,H,1.008,1,C,0.1098,,0,hc,0.0722,online
androstenedione,H,1.008,1,C,0.1098,,0,hc,0.0722,online
androstenedione,H,1.008,1,C,0.1088,,0,ha,0.148,online
androstenedione,O,15.9994,1,C,0.0,,0,opls_236,-0.5171,online
androstenedione,O,15.9994,1,C,0.0,,0,opls_236,-0.5341,online
androstenedione,C,0.0,4,C-C-C-H,0.0,0.0,0,opls_x,-0.0487,online
androstenedione,C,0.0,4,C-C-C-H,0.0,0.0,0,opls_x,-0.0487,online
androstenedione,C,0.0,4,C-C-C-H,0.0,0.0,0,opls_x,-0.0647,online
androstenedione,C,0.0,4,C-C-C-C,0.0,0.0,0,opls_x,-0.153,online
androstenedione,C,0.0,4,C-C-C-C,0.0,0.0,0,opls_x,-0.0148,online
androstenedione,C,0.0,4,C-C-H-H,0.0,0.0,0,opls_x,-0.0764,online
androstenedione,C,0.0,4,C-C-H-H,0.0,0.0,0,opls_x,-0.0564,online
androstenedione,C,0.0,4,C-C-H-H,0.0,0.0,0,opls_x,-0.0724,online
androstenedione,C,0.0,4,C-C-H-H,0.0,0.0,0,opls_x,-0.0724,online
androstenedione,C,12.011,3,C-C-C,0.0,0.0,1,opls_509,-0.0304,online
androstenedione,C,12.011,3,C-C-O,0.0,0.0,1,opls_235,0.5791,online
androstenedione,C,0.0,4,C-C-H-H,0.0,0.0,1,opls_x,-0.0542,online
androstenedione,C,0.0,4,C-C-H-H,0.0,0.0,0,opls_x,-0.1884,online
androstenedione,C,0.0,4,C-C-H-H,0.0,0.0,0,opls_x,-0.0704,online
androstenedione,C,12.011,4,C-H-H-H,0.0,0.0,0,opls_135,-0.0831,online
androstenedione,C,12.011,4,C-H-H-H,0.0,0.0,0,opls_135,-0.0861,online
androstenedione,C,0.0,4,C-C-H-H,0.0,0.0,0,opls_x,-0.1824,online
androstenedione,C,0.0,3,C-C-H,0.0,0.0,1,opls_x,-0.2632,online
androstenedione,C,12.011,3,C-C-O,0.0,0.0,0,opls_235,0.5693,online
androstenedione,H,1.008,1,C,0.0,,0,opls_140,0.0577,online
androstenedione,H,1.008,1,C,0.0,,0,opls_140,0.0527,online
androstenedione,H,1.008,1,C,0.0,,0,opls_140,0.0537,online
androstenedione,H,1.008,1,C,0.0,,0,opls_140,0.0447,online
androstenedione,H,1.008,1,C,0.0,,0,opls_140,0.0447,online
androstenedione,H,1.008,1,C,0.0,,0,opls_140,0.0532,online
androstenedione,H,1.008,1,C,0.0,,0,opls_140,0.0532,online
androstenedione,H,1.008,1,C,0.0,,0,opls_140,0.0477,online
androstenedione,H,1.008,1,C,0.0,,0,opls_140,0.0477,online
androstenedione,H,1.008,1,C,0.0,,0,opls_140,0.0502,online
androstenedione,H,1.008,1,C,0.0,,0,opls_140,0.0502,online
androstenedione,H,1.008,1,C,0.0,,0,opls_140,0.0567,online
androstenedione,H,1.008,1,C,0.0,,0,opls_140,0.0567,online
androstenedione,H,1.008,1,C,0.0,,0,opls_140,0.0757,online
androstenedione,H,1.008,1,C,0.0,,0,opls_140,0.0757,online
androstenedione,H,1.008,1,C,0.0,,0,opls_140,0.0512,online
androstenedione,H,1.008,1,C,0.0,,0,opls_140,0.0512,online
androstenedione,H,1.008,1,C,0.0,,0,opls_140,0.0437,online
androstenedione,H,1.008,1,C,0.0,,0,opls_140,0.0437,online
androstenedione,H,1.008,1,C,0.0,,0,opls_140,0.0437,online
androstenedione,H,1.008,1,C,0.0,,0,opls_140,0.0407,online
androstenedione,H,1.008,1,C,0.0,,0,opls_140,0.0407,online
androstenedione,H,1.008,1,C,0.0,,0,opls_140,0.0407,online
androstenedione,H,1.008,1,C,0.0,,0,opls_140,0.0722,online
androstenedione,H,1.008,1,C,0.0,,0,opls_140,0.0722,online
androstenedione,H,1.008,1,C,0.0,,0,opls_146,0.148,online
desmosterol,O,15.9994,2,C-H,0.0,0.0,0,opls_154,-0.600804,online
desmosterol,C,0.0,4,C-C-C-C,0.0,0.0,0,opls_x,-0.045,online
desmosterol,C,0.0,4,C-C-C-H,0.0,0.0,0,opls_x,-0.0647,online
desmosterol,C,0.0,4,C-C-C-H,0.0,0.0,0,opls_x,-0.0467,online
desmosterol,C,0.0,4,C-C-C-H,0.0,0.0,0,opls_x,-0.0487,online
desmosterol,C,0.0,4,C-C-C-H,0.0,0.0,0,opls_x,-0.0547,online
desmosterol,C,0.0,4,C-C-H-H,0.0,0.0,0,opls_x,-0.0654,online
desmosterol,C,0.0,4,C-C-C-C,0.0,0.0,1,opls_x,0.0002,online
desmosterol,C,0.0,4,C-C-H-H,0.0,0.0,0,opls_x,-0.0744,online
desmosterol,C,0.0,4,C-C-H-H,0.0,0.0,0,opls_x,-0.0754,online
desmosterol,C,0.0,4,C-C-H-H,0.0,0.0,0,opls_x,-0.0784,online
desmosterol,C,0.0,4,C-C-H-H,0.0,0.0,1,opls_x,-0.0422,online
desmosterol,C,12.011,4,C-C-C-H,0.0,0.0,0,opls_135,-0.0557,online
desmosterol,C,12.011,4,C-H-H-H,0.0,0.0,0,opls_135,-0.0821,online
desmosterol,C,12.011,3,C-C-C,0.0,0.0,0,opls_509,-0.1054,online
desmosterol,C,0.0,4,C-C-H-H,0.0,0.0,0,opls_x,-0.0704,online
desmosterol,C,12.011,3,C-C-H,0.0,0.0,0,opls_509,-0.1672,online
desmosterol,C,12.011,4,C-H-H-H,0.0,0.0,0,opls_135,-0.0831,online
desmosterol,C,0.0,4,C-C-H-H,0.0,0.0,0,opls_x,-0.0752,online
desmosterol,C,0.0,4,C-C-H-H,0.0,0.0,0,opls_x,-0.0754,online
desmosterol,C,12.011,4,C-C-H-H,0.0,0.0,0,opls_135,-0.0744,online
desmosterol,C,0.0,4,C-C-H-O,0.0,0.0,0,opls_x,0.1451,online
desmosterol,C,12.011,4,C-H-H-H,0.0,0.0,0,opls_135,-0.0901,online
desmosterol,C,12.011,4,C-C-H-H,0.0,0.0,1,opls_135,-0.0472,online
desmosterol,C,12.011,3,C-C-H,0.0,0.0,0,opls_509,-0.1752,online
desmosterol,C,12.011,3,C-C-C,0.0,0.0,0,opls_509,-0.1264,online
desmosterol,C,12.011,4,C-H-H-H,0.0,0.0,1,opls_135,-0.0574,online
desmosterol,C,12.011,4,C-H-H-H,0.0,0.0,0,opls_135,-0.0574,online
desmosterol,H,1.008,1,C,0.0,,0,opls_140,0.0457,online
desmosterol,H,1.008,1,C,0.0,,0,opls_140,0.0587,online
desmosterol,H,1.008,1,C,0.0,,0,opls_140,0.0477,online
desmosterol,H,1.008,1,C,0.0,,0,opls_140,0.0477,online
desmosterol,H,1.008,1,C,0.0,,0,opls_140,0.0407,online
desmosterol,H,1.008,1,C,0.0,,0,opls_140,0.0407,online
desmosterol,H,1.008,1,C,0.0,,0,opls_140,0.0417,online
desmosterol,H,1.008,1,C,0.0,,0,opls_140,0.0417,online
desmosterol,H,1.008,1,C,0.0,,0,opls_140,0.0417,online
desmosterol,H,1.008,1,C,0.0,,0,opls_140,0.0417,online
desmosterol,H,1.008,1,C,0.0,,0,opls_140,0.0422,online
desmosterol,H,1.008,1,C,0.0,,0,opls_140,0.0422,online
desmosterol,H,1.008,1,C,0.0,,0,opls_140,0.0492,online
desmosterol,H,1.008,1,C,0.0,,0,opls_140,0.0492,online
desmosterol,H,1.008,1,C,0.0,,0,opls_140,0.0477,online
desmosterol,H,1.008,1,C,0.0,,0,opls_140,0.0357,online
desmosterol,H,1.008,1,C,0.0,,0,opls_140,0.0357,online
desmosterol,H,1.008,1,C,0.0,,0,opls_140,0.0357,online
desmosterol,H,1.008,1,C,0.0,,0,opls_140,0.0447,online
desmosterol,H,1.008,1,C,0.0,,0,opls_140,0.0447,online
desmosterol,H,1.008,1,C,0.0,,0,opls_146,0.119,online
desmosterol,H,1.008,1,C,0.0,,0,opls_140,0.037367,online
desmosterol,H,1.008,1,C,0.0,,0,opls_140,0.037367,online
desmosterol,H,1.008,1,C,0.0,,0,opls_140,0.037367,online
desmosterol,H,1.008,1,C,0.0,,0,opls_140,0.0512,online
desmosterol,H,1.008,1,C,0.0,,0,opls_140,0.0512,online
desmosterol,H,1.008,1,C,0.0,,0,opls_140,0.0552,online
desmosterol,H,1.008,1,C,0.0,,0,opls_140,0.0552,online
desmosterol,H,1.008,1,C,0.0,,0,opls_140,0.0402,online
desmosterol,H,1.008,1,C,0.0,,0,opls_140,0.0402,online
desmosterol,H,1.008,1,C,0.0,,0,opls_140,0.0357,online
desmosterol,H,1.008,1,C,0.0,,0,opls_140,0.034367,online
desmosterol,H,1.008,1,C,0.0,,0,opls_140,0.034367,online
desmosterol,H,1.008,1,C,0.0,,0,opls_140,0.034367,online
desmosterol,H,1.008,1,C,0.0,,0,opls_140,0.0487,online
desmosterol,H,1.008,1,C,0.0,,0,opls_140,0.0487,online
desmosterol,H,1.008,1,O,0.0,,0,opls_155,0.398,online
desmosterol,H,1.008,1,C,0.0,,0,opls_146,0.121,online
desmosterol,H,1.008,1,C,0.0,,0,opls_140,0.039867,online
desmosterol,H,1.008,1,C,0.0,,0,opls_140,0.039867,online
desmosterol,H,1.008,1,C,0.0,,0,opls_140,0.039867,online
desmosterol,H,1.008,1,C,0.0,,0,opls_140,0.039867,online
desmosterol,H,1.008,1,C,0.0,,0,opls_140,0.039867,online
desmosterol,H,1.008,1,C,0.0,,0,opls_140,0.039867,online
desmosterol,O,16.0,2,C-H,0.1198,107.07,0,oh,-0.600804,online
desmosterol,C,12.01,4,C-C-C-C,0.1543,111.52,0,c5,-0.045,online
desmosterol,C,12.01,4,C-C-C-H,0.1433,110.02,0,c5,-0.0647,online
desmosterol,C,12.01,4,C-C-C-H,0.1428,110.23,0,c6,-0.0467,online
desmosterol,C,12.01,4,C-C-C-H,0.1428,110.25,0,c6,-0.0487,online
desmosterol,C,12.01,4,C-C-C-H,0.1432,110.19,0,c5,-0.0547,online
desmosterol,C,12.01,4,C-C-H-H,0.1318,109.21,0,c6,-0.0654,online
desmosterol,C,12.01,4,C-C-C-C,0.1533,111.08,1,c6,0.0002,online
desmosterol,C,12.01,4,C-C-H-H,0.1322,109.29,0,c5,-0.0744,online
desmosterol,C,12.01,4,C-C-H-H,0.1318,109.25,0,c6,-0.0754,online
desmosterol,C,12.01,4,C-C-H-H,0.1322,109.29,0,c5,-0.0784,online
desmosterol,C,12.01,4,C-C-H-H,0.1312,109.26,1,c6,-0.0422,online
desmosterol,C,12.01,4,C-C-C-H,0.1426,111.65,0,c3,-0.0557,online
desmosterol,C,12.01,4,C-H-H-H,0.1206,109.13,0,c3,-0.0821,online
desmosterol,C,12.01,3,C-C-C,0.1455,120.67,0,c2,-0.1054,online
desmosterol,C,12.01,4,C-C-H-H,0.1318,109.25,0,c6,-0.0704,online
desmosterol,C,12.01,3,C-C-H,0.1313,119.99,0,c2,-0.1672,online
desmosterol,C,12.01,4,C-H-H-H,0.1208,109.18,0,c3,-0.0831,online
desmosterol,C,12.01,4,C-C-H-H,0.1312,109.26,0,c6,-0.0752,online
desmosterol,C,12.01,4,C-C-H-H,0.1318,109.25,0,c6,-0.0754,online
desmosterol,C,12.01,4,C-C-H-H,0.1316,109.85,0,c3,-0.0744,online
desmosterol,C,12.01,4,C-C-H-O,0.14,109.91,0,c6,0.1451,online
desmosterol,C,12.01,4,C-H-H-H,0.1206,108.7,0,c3,-0.0901,online
desmosterol,C,12.01,4,C-C-H-H,0.1309,110.16,1,c3,-0.0472,online
desmosterol,C,12.01,3,C-C-H,0.1312,120.13,0,c2,-0.1752,online
desmosterol,C,12.01,3,C-C-C,0.1452,121.64,0,c2,-0.1264,online
desmosterol,C,12.01,4,C-H-H-H,0.1199,109.19,1,c3,-0.0574,online
desmosterol,C,12.01,4,C-H-H-H,0.1199,109.19,0,c3,-0.0574,online
desmosterol,H,1.008,1,C,0.1095,,0,hc,0.0457,online
desmosterol,H,1.008,1,C,0.1098,,0,hc,0.0587,online
desmosterol,H,1.008,1,C,0.1098,,0,hc,0.0477,online
desmosterol,H,1.008,1,C,0.1095,,0,hc,0.0477,online
desmosterol,H,1.008,1,C,0.1098,,0,hc,0.0407,online
desmosterol,H,1.008,1,C,0.1098,,0,hc,0.0407,online
desmosterol,H,1.008,1,C,0.1095,,0,hc,0.0417,online
desmosterol,H,1.008,1,C,0.1095,,0,hc,0.0417,online
desmosterol,H,1.008,1,C,0.1098,,0,hc,0.0417,online
desmosterol,H,1.008,1,C,0.1098,,0,hc,0.0417,online
desmosterol,H,1.008,1,C,0.1095,,0,hc,0.0422,online
desmosterol,H,1.008,1,C,0.1095,,0,hc,0.0422,online
desmosterol,H,1.008,1,C,0.1098,,0,hc,0.0492,online
desmosterol,H,1.008,1,C,0.1098,,0,hc,0.0492,online
desmosterol,H,1.008,1,C,0.1096,,0,hc,0.0477,online
desmosterol,H,1.008,1,C,0.1096,,0,hc,0.0357,online
desmosterol,H,1.008,1,C,0.1096,,0,hc,0.0357,online
desmosterol,H,1.008,1,C,0.1096,,0,hc,0.0357,online
desmosterol,H,1.008,1,C,0.1098,,0,hc,0.0447,online
desmosterol,H,1.008,1,C,0.1098,,0,hc,0.0447,online
desmosterol,H,1.008,1,C,0.1088,,0,ha,0.119,online
desmosterol,H,1.008,1,C,0.1096,,0,hc,0.037367,online
desmosterol,H,1.008,1,C,0.1096,,0,hc,0.037367,online
desmosterol,H,1.008,1,C,0.1096,,0,hc,0.037367,online
desmosterol,H,1.008,1,C,0.1098,,0,hc,0.0512,online
desmosterol,H,1.008,1,C,0.1098,,0,hc,0.0512,online
desmosterol,H,1.008,1,C,0.1098,,0,hc,0.0552,online
desmosterol,H,1.008,1,C,0.1098,,0,hc,0.0552,online
desmosterol,H,1.008,1,C,0.1096,,0,hc,0.0402,online
desmosterol,H,1.008,1,C,0.1096,,0,hc,0.0402,online
desmosterol,H,1.008,1,C,0.1098,,0,h1,0.0357,online
desmosterol,H,1.008,1,C,0.1096,,0,hc,0.034367,online
desmosterol,H,1.008,1,C,0.1096,,0,hc,0.034367,online
desmosterol,H,1.008,1,C,0.1096,,0,hc,0.034367,online
desmosterol,H,1.008,1,C,0.1096,,0,hc,0.0487,online
desmosterol,H,1.008,1,C,0.1096,,0,hc,0.0487,online
desmosterol,H,1.008,1,O,0.0973,,0,ho,0.398,online
desmosterol,H,1.008,1,C,0.1088,,0,ha,0.121,online
desmosterol,H,1.008,1,C,0.1096,,0,hc,0.039867,online
desmosterol,H,1.008,1,C,0.1096,,0,hc,0.039867,online
desmosterol,H,1.008,1,C,0.1096,,0,hc,0.039867,online
desmosterol,H,1.008,1,C,0.1096,,0,hc,0.039867,online
desmosterol,H,1.008,1,C,0.1096,,0,hc,0.039867,online
desmosterol,H,1.008,1,C,0.1096,,0,hc,0.039867,online
naproxen,O,0.0,2,C-C,0.0,0.0,0,opls_x,-0.3279,online
naproxen,O,15.9994,2,C-H,0.0,0.0,0,opls_154,-0.6061,online
naproxen,O,15.9994,1,C,0.0,,1,opls_236,-0.554,online
naproxen,C,12.011,4,C-C-C-H,0.0,0.0,0,opls_135,-0.0544,online
naproxen,C,12.011,3,C-C-C,0.0,0.0,0,opls_145,-0.1063,online
naproxen,C,12.011,3,C-C-C,0.0,0.0,1,opls_145,-0.069,online
naproxen,C,12.011,3,C-C-C,0.0,0.0,0,opls_145,0.001,online
naproxen,C,12.011,3,C-C-H,0.0,0.0,1,opls_145,-0.087,online
naproxen,C,12.011,3,C-C-H,0.0,0.0,1,opls_145,-0.107,online
naproxen,C,12.011,3,C-C-H,0.0,0.0,1,opls_145,-0.126,online
naproxen,C,12.011,4,C-H-H-H,0.0,0.0,0,opls_135,-0.0911,online
naproxen,C,12.011,3,C-C-H,0.0,0.0,0,opls_145,-0.079,online
naproxen,C,12.011,3,C-C-H,0.0,0.0,0,opls_145,-0.163,online
naproxen,C,12.011,3,C-C-O,0.0,0.0,1,opls_145,0.1271,online
naproxen,C,12.011,3,C-O-O,0.0,0.0,0,opls_235,0.643101,online
naproxen,C,12.011,3,C-C-H,0.0,0.0,1,opls_145,-0.186,online
naproxen,C,12.011,4,H-H-H-O,0.0,0.0,0,opls_135,0.1137,online
naproxen,H,1.008,1,C,0.0,,0,opls_140,0.0877,online
naproxen,H,1.008,1,C,0.0,,0,opls_146,0.155,online
naproxen,H,1.008,1,C,0.0,,0,opls_146,0.133,online
naproxen,H,1.008,1,C,0.0,,0,opls_146,0.137,online
naproxen,H,1.008,1,C,0.0,,0,opls_140,0.051033,online
naproxen,H,1.008,1,C,0.0,,0,opls_140,0.051033,online
naproxen,H,1.008,1,C,0.0,,0,opls_140,0.051033,online
naproxen,H,1.008,1,C,0.0,,0,opls_146,0.139,online
naproxen,H,1.008,1,C,0.0,,0,opls_146,0.151,online
naproxen,H,1.008,1,C,0.0,,0,opls_146,0.139,online
naproxen,H,1.008,1,O,0.0,,0,opls_155,0.443,online
naproxen,H,1.008,1,C,0.0,,0,opls_140,0.0447,online
naproxen,H,1.008,1,C,0.0,,0,opls_140,0.0447,online
naproxen,H,1.008,1,C,0.0,,0,opls_140,0.0447,online
naproxen,O,16.0,2,C-C,0.1398,118.39,0,os,-0.3279,online
naproxen,O,16.0,2,C-H,0.1164,106.54,0,oh,-0.6061,online
naproxen,O,16.0,1,C,0.1219,,1,o,-0.554,online
naproxen,C,12.01,4,C-C-C-H,0.1418,110.71,0,c3,-0.0544,online
naproxen,C,12.01,3,C-C-C,0.1437,120.56,0,ca,-0.1063,online
naproxen,C,12.01,3,C-C-C,0.1399,120.02,1,ca,-0.069,online
naproxen,C,12.01,3,C-C-C,0.1399,120.02,0,ca,0.001,online
naproxen,C,12.01,3,C-C-H,0.1294,119.93,1,ca,-0.087,online
naproxen,C,12.01,3,C-C-H,0.1294,119.93,1,ca,-0.107,online
naproxen,C,12.01,3,C-C-H,0.1294,119.93,1,ca,-0.126,online
naproxen,C,12.01,4,C-H-H-H,0.1206,108.7,0,c3,-0.0911,online
naproxen,C,12.01,3,C-C-H,0.1294,119.93,0,ca,-0.079,online
naproxen,C,12.01,3,C-C-H,0.1294,119.93,0,ca,-0.163,online
naproxen,C,12.01,3,C-C-O,0.1389,119.41,1,ca,0.1271,online
naproxen,C,12.01,3,C-O-O,0.1367,119.24,0,c,0.643101,online
naproxen,C,12.01,3,C-C-H,0.1294,119.93,1,ca,-0.186,online
naproxen,C,12.01,4,H-H-H-O,0.1179,109.44,0,c3,0.1137,online
naproxen,H,1.008,1,C,0.1096,,0,hc,0.0877,online
naproxen,H,1.008,1,C,0.1086,,0,ha,0.155,online
naproxen,H,1.008,1,C,0.1086,,0,ha,0.133,online
naproxen,H,1.008,1,C,0.1086,,0,ha,0.137,online
naproxen,H,1.008,1,C,0.1096,,0,hc,0.051033,online
naproxen,H,1.008,1,C,0.1096,,0,hc,0.051033,online
naproxen,H,1.008,1,C,0.1096,,0,hc,0.051033,online
naproxen,H,1.008,1,C,0.1086,,0,ha,0.139,online
naproxen,H,1.008,1,C,0.1086,,0,ha,0.151,online
naproxen,H,1.008,1,C,0.1086,,0,ha,0.139,online
naproxen,H,1.008,1,O,0.0973,,0,ho,0.443,online
naproxen,H,1.008,1,C,0.1097,,0,h1,0.0447,online
naproxen,H,1.008,1,C,0.1097,,0,h1,0.0447,online
naproxen,H,1.008,1,C,0.1097,,0,h1,0.0447,online
ribose,O,16.0,2,C-C,0.143,113.3,0,os,-0.4386,online
ribose,O,16.0,2,C-H,0.1198,107.07,0,oh,-0.6008,online
ribose,O,16.0,2,C-H,0.1198,107.07,0,oh,-0.5768,online
ribose,O,16.0,2,C-H,0.1198,107.07,0,oh,-0.5838,online
ribose,O,16.0,2,C-H,0.1198,107.07,0,oh,-0.6418,online
ribose,C,12.01,4,C-C-H-O,0.14,109.91,0,c6,0.0741,online
ribose,C,12.01,4,C-C-H-O,0.14,109.91,0,c6,0.1041,online
ribose,C,12.01,4,C-C-H-O,0.14,109.91,0,c6,0.0841,online
ribose,C,12.01,4,C-H-O-O,0.1373,109.66,0,c6,0.2909,online
ribose,C,12.01,4,C-H-H-O,0.1291,108.69,0,c6,0.0954,online
ribose,H,1.008,1,C,0.1098,,0,h1,0.1037,online
ribose,H,1.008,1,C,0.1098,,0,h1,0.0967,online
ribose,H,1.008,1,C,0.1098,,0,h1,0.0907,online
ribose,H,1.008,1,C,0.1099,,0,h2,0.0897,online
ribose,H,1.008,1,C,0.1098,,0,h1,0.0627,online
ribose,H,1.008,1,C,0.1098,,0,h1,0.0627,online
ribose,H,1.008,1,O,0.0973,,0,ho,0.419,online
ribose,H,1.008,1,O,0.0973,,0,ho,0.424,online
ribose,H,1.008,1,O,0.0973,,0,ho,0.415,online
ribose,H,1.008,1,O,0.0973,,0,ho,0.429,online
ribose,O,0.0,2,C-C,0.0,0.0,0,opls_x,-0.4386,online
ribose,O,15.9994,2,C-H,0.0,0.0,0,opls_154,-0.6008,online
ribose,O,15.9994,2,C-H,0.0,0.0,0,opls_154,-0.5768,online
ribose,O,15.9994,2,C-H,0.0,0.0,0,opls_154,-0.5838,online
ribose,O,15.9994,2,C-H,0.0,0.0,0,opls_154,-0.6418,online
ribose,C,0.0,4,C-C-H-O,0.0,0.0,0,opls_x,0.0741,online
ribose,C,0.0,4,C-C-H-O,0.0,0.0,0,opls_x,0.1041,online
ribose,C,0.0,4,C-C-H-O,0.0,0.0,0,opls_x,0.0841,online
ribose,C,0.0,4,C-H-O-O,0.0,0.0,0,opls_x,0.2909,online
ribose,C,0.0,4,C-H-H-O,0.0,0.0,0,opls_x,0.0954,online
ribose,H,1.008,1,C,0.0,,0,opls_140,0.1037,online
ribose,H,1.008,1,C,0.0,,0,opls_140,0.0967,online
ribose,H,1.008,1,C,0.0,,0,opls_140,0.0907,online
ribose,H,0.0,1,C,0.0,,0,opls_x,0.0897,online
ribose,H,1.008,1,C,0.0,,0,opls_140,0.0627,online
ribose,H,1.008,1,C,0.0,,0,opls_140,0.0627,online
ribose,H,1.008,1,O,0.0,,0,opls_155,0.419,online
ribose,H,1.008,1,O,0.0,,0,opls_155,0.424,online
ribose,H,1.008,1,O,0.0,,0,opls_155,0.415,online
ribose,H,1.008,1,O,0.0,,0,opls_155,0.429,online
cortisol,O,15.9994,2,C-H,0.0,0.0,0,opls_154,-0.5728,online
cortisol,O,15.9994,2,C-H,0.0,0.0,0,opls_154,-0.609801,online
cortisol,O,15.9994,1,C,0.0,,0,opls_236,-0.5081,online
cortisol,O,15.9994,2,C-H,0.0,0.0,0,opls_154,-0.5858,online
cortisol,O,15.9994,1,C,0.0,,0,opls_236,-0.5371,online
cortisol,C,0.0,4,C-C-C-C,0.0,0.0,0,opls_x,-0.017,online
cortisol,C,0.0,4,C-C-C-H,0.0,0.0,0,opls_x,-0.0687,online
cortisol,C,0.0,4,C-C-C-H,0.0,0.0,0,opls_x,-0.0467,online
cortisol,C,0.0,4,C-C-C-H,0.0,0.0,0,opls_x,-0.0407,online
cortisol,C,0.0,4,C-C-C-O,0.0,0.0,1,opls_x,0.0628,online
cortisol,C,0.0,4,C-C-H-H,0.0,0.0,0,opls_x,-0.1024,online
cortisol,C,0.0,4,C-C-C-C,0.0,0.0,0,opls_x,-0.0068,online
cortisol,C,0.0,4,C-C-H-O,0.0,0.0,0,opls_x,0.1501,online
cortisol,C,0.0,4,C-C-H-H,0.0,0.0,0,opls_x,-0.0684,online
cortisol,C,0.0,4,C-C-H-H,0.0,0.0,0,opls_x,-0.1054,online
cortisol,C,0.0,4,C-C-H-H,0.0,0.0,0,opls_x,-0.0724,online
cortisol,C,12.011,4,C-H-H-H,0.0,0.0,0,opls_135,-0.1081,online
cortisol,C,12.011,3,C-C-C,0.0,0.0,1,opls_509,-0.0304,online
cortisol,C,0.0,4,C-C-H-H,0.0,0.0,1,opls_x,-0.0542,online
cortisol,C,0.0,4,C-C-H-H,0.0,0.0,0,opls_x,-0.0714,online
cortisol,C,12.011,4,C-H-H-H,0.0,0.0,0,opls_135,-0.0791,online
cortisol,C,12.011,3,C-C-O,0.0,0.0,0,opls_235,0.5161,online
cortisol,C,0.0,4,C-C-H-H,0.0,0.0,0,opls_x,-0.1814,online
cortisol,C,0.0,3,C-C-H,0.0,0.0,1,opls_x,-0.2662,online
cortisol,C,12.011,3,C-C-O,0.0,0.0,0,opls_235,0.5703,online
cortisol,C,12.011,4,C-H-H-O,0.0,0.0,0,opls_135,0.0304,online
cortisol,H,1.008,1,C,0.0,,0,opls_140,0.0647,online
cortisol,H,1.008,1,C,0.0,,0,opls_140,0.0677,online
cortisol,H,1.008,1,C,0.0,,0,opls_140,0.0537,online
cortisol,H,1.008,1,C,0.0,,0,opls_140,0.0682,online
cortisol,H,1.008,1,C,0.0,,0,opls_140,0.0682,online
cortisol,H,1.008,1,C,0.0,,0,opls_140,0.0347,online
cortisol,H,1.008,1,C,0.0,,0,opls_140,0.0497,online
cortisol,H,1.008,1,C,0.0,,0,opls_140,0.0497,online
cortisol,H,1.008,1,C,0.0,,0,opls_140,0.0507,online
cortisol,H,1.008,1,C,0.0,,0,opls_140,0.0507,online
cortisol,H,1.008,1,C,0.0,,0,opls_140,0.0462,online
cortisol,H,1.008,1,C,0.0,,0,opls_140,0.0462,online
cortisol,H,1.008,1,C,0.0,,0,opls_140,0.049367,online
cortisol,H,1.008,1,C,0.0,,0,opls_140,0.049367,online
cortisol,H,1.008,1,C,0.0,,0,opls_140,0.049367,online
cortisol,H,1.008,1,C,0.0,,0,opls_140,0.0567,online
cortisol,H,1.008,1,C,0.0,,0,opls_140,0.0567,online
cortisol,H,1.008,1,C,0.0,,0,opls_140,0.0512,online
cortisol,H,1.008,1,C,0.0,,0,opls_140,0.0512,online
cortisol,H,1.008,1,C,0.0,,0,opls_140,0.0447,online
cortisol,H,1.008,1,C,0.0,,0,opls_140,0.0447,online
cortisol,H,1.008,1,C,0.0,,0,opls_140,0.0447,online
cortisol,H,1.008,1,O,0.0,,0,opls_155,0.404,online
cortisol,H,1.008,1,C,0.0,,0,opls_140,0.0717,online
cortisol,H,1.008,1,C,0.0,,0,opls_140,0.0717,online
cortisol,H,1.008,1,O,0.0,,0,opls_155,0.404,online
cortisol,H,1.008,1,C,0.0,,0,opls_146,0.147,online
cortisol,H,1.008,1,C,0.0,,0,opls_140,0.0672,online
cortisol,H,1.008,1,C,0.0,,0,opls_140,0.0672,online
cortisol,H,1.008,1,O,0.0,,0,opls_155,0.422,online
cortisol,O,16.0,2,C-H,0.1196,107.17,0,oh,-0.5728,online
cortisol,O,16.0,2,C-H,0.1198,107.07,0,oh,-0.609801,online
cortisol,O,16.0,1,C,0.1219,,0,o,-0.5081,online
cortisol,O,16.0,2,C-H,0.1198,107.39,0,oh,-0.5858,online
cortisol,O,16.0,1,C,0.1219,,0,o,-0.5371,online
cortisol,C,12.01,4,C-C-C-C,0.1543,111.52,0,c5,-0.017,online
cortisol,C,12.01,4,C-C-C-H,0.1433,110.02,0,c5,-0.0687,online
cortisol,C,12.01,4,C-C-C-H,0.1428,110.23,0,c6,-0.0467,online
cortisol,C,12.01,4,C-C-C-H,0.1428,110.25,0,c6,-0.0407,online
cortisol,C,12.01,4,C-C-C-O,0.1513,108.47,1,c5,0.0628,online
cortisol,C,12.01,4,C-C-H-H,0.1318,109.21,0,c6,-0.1024,online
cortisol,C,12.01,4,C-C-C-C,0.1533,111.08,0,c6,-0.0068,online
cortisol,C,12.01,4,C-C-H-O,0.14,109.91,0,c6,0.1501,online
cortisol,C,12.01,4,C-C-H-H,0.1322,109.29,0,c5,-0.0684,online
cortisol,C,12.01,4,C-C-H-H,0.1322,109.29,0,c5,-0.1054,online
cortisol,C,12.01,4,C-C-H-H,0.1318,109.25,0,c6,-0.0724,online
cortisol,C,12.01,4,C-H-H-H,0.1206,109.13,0,c3,-0.1081,online
cortisol,C,12.01,3,C-C-C,0.1457,120.42,1,c2,-0.0304,online
cortisol,C,12.01,4,C-C-H-H,0.1312,109.26,1,c6,-0.0542,online
cortisol,C,12.01,4,C-C-H-H,0.1318,109.25,0,c6,-0.0714,online
cortisol,C,12.01,4,C-H-H-H,0.1208,109.18,0,c3,-0.0791,online
cortisol,C,12.01,3,C-C-O,0.1427,122.19,0,c,0.5161,online
cortisol,C,12.01,4,C-C-H-H,0.1316,108.71,0,c6,-0.1814,online
cortisol,C,12.01,3,C-C-H,0.1306,119.47,1,ce,-0.2662,online
cortisol,C,12.01,3,C-C-O,0.1411,120.58,0,c,0.5703,online
cortisol,C,12.01,4,C-H-H-O,0.1286,109.25,0,c3,0.0304,online
cortisol,H,1.008,1,C,0.1095,,0,hc,0.0647,online
cortisol,H,1.008,1,C,0.1098,,0,hc,0.0677,online
cortisol,H,1.008,1,C,0.1098,,0,hc,0.0537,online
cortisol,H,1.008,1,C,0.1098,,0,hc,0.0682,online
cortisol,H,1.008,1,C,0.1098,,0,hc,0.0682,online
cortisol,H,1.008,1,C,0.1098,,0,h1,0.0347,online
cortisol,H,1.008,1,C,0.1095,,0,hc,0.0497,online
cortisol,H,1.008,1,C,0.1095,,0,hc,0.0497,online
cortisol,H,1.008,1,C,0.1095,,0,hc,0.0507,online
cortisol,H,1.008,1,C,0.1095,,0,hc,0.0507,online
cortisol,H,1.008,1,C,0.1098,,0,hc,0.0462,online
cortisol,H,1.008,1,C,0.1098,,0,hc,0.0462,online
cortisol,H,1.008,1,C,0.1096,,0,hc,0.049367,online
cortisol,H,1.008,1,C,0.1096,,0,hc,0.049367,online
cortisol,H,1.008,1,C,0.1096,,0,hc,0.049367,online
cortisol,H,1.008,1,C,0.1098,,0,hc,0.0567,online
cortisol,H,1.008,1,C,0.1098,,0,hc,0.0567,online
cortisol,H,1.008,1,C,0.1098,,0,hc,0.0512,online
cortisol,H,1.008,1,C,0.1098,,0,hc,0.0512,online
cortisol,H,1.008,1,C,0.1096,,0,hc,0.0447,online
cortisol,H,1.008,1,C,0.1096,,0,hc,0.0447,online
cortisol,H,1.008,1,C,0.1096,,0,hc,0.0447,online
cortisol,H,1.008,1,O,0.0973,,0,ho,0.404,online
cortisol,H,1.008,1,C,0.1098,,0,hc,0.0717,online
cortisol,H,1.008,1,C,0.1098,,0,hc,0.0717,online
cortisol,H,1.008,1,O,0.0973,,0,ho,0.404,online
cortisol,H,1.008,1,C,0.1088,,0,ha,0.147,online
cortisol,H,1.008,1,C,0.1097,,0,h1,0.0672,online
cortisol,H,1.008,1,C,0.1097,,0,h1,0.0672,online
cortisol,H,1.008,1,O,0.0973,,0,ho,0.422,online
glucose,O,0.0,2,C-C,0.0,0.0,0,opls_x,-0.4516,online
glucose,O,15.9994,2,C-H,0.0,0.0,0,opls_154,-0.5868,online
glucose,O,15.9994,2,C-H,0.0,0.0,0,opls_154,-0.5778,online
glucose,O,15.9994,2,C-H,0.0,0.0,0,opls_154,-0.5558,online
glucose,O,15.9994,2,C-H,0.0,0.0,0,opls_154,-0.5648,online
glucose,O,15.9994,2,C-H,0.0,0.0,0,opls_154,-0.5938,online
glucose,C,0.0,4,C-C-H-O,0.0,0.0,0,opls_x,0.0721,online
glucose,C,0.0,4,C-C-H-O,0.0,0.0,0,opls_x,0.0811,online
glucose,C,0.0,4,C-C-H-O,0.0,0.0,0,opls_x,0.0781,online
glucose,C,0.0,4,C-C-H-O,0.0,0.0,0,opls_x,0.0931,online
glucose,C,0.0,4,C-H-O-O,0.0,0.0,0,opls_x,0.3069,online
glucose,C,12.011,4,C-H-H-O,0.0,0.0,0,opls_135,0.1384,online
glucose,H,1.008,1,C,0.0,,0,opls_140,0.1057,online
glucose,H,1.008,1,C,0.0,,0,opls_140,0.0327,online
glucose,H,1.008,1,C,0.0,,0,opls_140,0.0537,online
glucose,H,1.008,1,C,0.0,,0,opls_140,0.1047,online
glucose,H,0.0,1,C,0.0,,0,opls_x,0.0777,online
glucose,H,1.008,1,C,0.0,,0,opls_140,0.0642,online
glucose,H,1.008,1,C,0.0,,0,opls_140,0.0642,online
glucose,H,1.008,1,O,0.0,,0,opls_155,0.405,online
glucose,H,1.008,1,O,0.0,,0,opls_155,0.418,online
glucose,H,1.008,1,O,0.0,,0,opls_155,0.4,online
glucose,H,1.008,1,O,0.0,,0,opls_155,0.42,online
glucose,H,1.008,1,O,0.0,,0,opls_155,0.415,online
glucose,O,16.0,2,C-C,0.143,113.3,0,os,-0.4516,online
glucose,O,16.0,2,C-H,0.1198,107.07,0,oh,-0.5868,online
glucose,O,16.0,2,C-H,0.1198,107.07,0,oh,-0.5778,online
glucose,O,16.0,2,C-H,0.1198,107.07,0,oh,-0.5558,online
glucose,O,16.0,2,C-H,0.1198,107.07,0,oh,-0.5648,online
glucose,O,16.0,2,C-H,0.1198,107.39,0,oh,-0.5938,online
glucose,C,12.01,4,C-C-H-O,0.14,109.91,0,c6,0.0721,online
glucose,C,12.01,4,C-C-H-O,0.14,109.91,0,c6,0.0811,online
glucose,C,12.01,4,C-C-H-O,0.1402,109.03,0,c6,0.0781,online
glucose,C,12.01,4,C-C-H-O,0.14,109.91,0,c6,0.0931,online
glucose,C,12.01,4,C-H-O-O,0.1373,109.66,0,c6,0.3069,online
glucose,C,12.01,4,C-H-H-O,0.129,109.84,0,c3,0.1384,online
glucose,H,1.008,1,C,0.1098,,0,h1,0.1057,online
glucose,H,1.008,1,C,0.1098,,0,h1,0.0327,online
glucose,H,1.008,1,C,0.1098,,0,h1,0.0537,online
glucose,H,1.008,1,C,0.1098,,0,h1,0.1047,online
glucose,H,1.008,1,C,0.1099,,0,h2,0.0777,online
glucose,H,1.008,1,C,0.1097,,0,h1,0.0642,online
glucose,H,1.008,1,C,0.1097,,0,h1,0.0642,online
glucose,H,1.008,1,O,0.0973,,0,ho,0.405,online
glucose,H,1.008,1,O,0.0973,,0,ho,0.418,online
glucose,H,1.008,1,O,0.0973,,0,ho,0.4,online
glucose,H,1.008,1,O,0.0973,,0,ho,0.42,online
glucose,H,1.008,1,O,0.0973,,0,ho,0.415,online
sucrose,O,0.0,2,C-C,0.0,0.0,0,opls_x,-0.4246,online
sucrose,O,0.0,2,C-C,0.0,0.0,0,opls_x,-0.4206,online
sucrose,O,0.0,2,C-C,0.0,0.0,0,opls_x,-0.4346,online
sucrose,O,15.9994,2,C-H,0.0,0.0,0,opls_154,-0.5698,online
sucrose,O,15.9994,2,C-H,0.0,0.0,0,opls_154,-0.5928,online
sucrose,O,15.9994,2,C-H,0.0,0.0,0,opls_154,-0.6008,online
sucrose,O,15.9994,2,C-H,0.0,0.0,0,opls_154,-0.6018,online
sucrose,O,15.9994,2,C-H,0.0,0.0,0,opls_154,-0.5888,online
sucrose,O,15.9994,2,C-H,0.0,0.0,0,opls_154,-0.5878,online
sucrose,O,15.9994,2,C-H,0.0,0.0,0,opls_154,-0.6008,online
sucrose,O,15.9994,2,C-H,0.0,0.0,0,opls_154,-0.5918,online
sucrose,C,0.0,4,C-C-O-O,0.0,0.0,0,opls_x,0.3116,online
sucrose,C,0.0,4,C-C-H-O,0.0,0.0,0,opls_x,0.1321,online
sucrose,C,0.0,4,C-C-H-O,0.0,0.0,0,opls_x,0.0801,online
sucrose,C,0.0,4,C-C-H-O,0.0,0.0,0,opls_x,0.0691,online
sucrose,C,0.0,4,C-H-O-O,0.0,0.0,0,opls_x,0.3049,online
sucrose,C,0.0,4,C-C-H-O,0.0,0.0,0,opls_x,0.1321,online
sucrose,C,0.0,4,C-C-H-O,0.0,0.0,0,opls_x,0.1051,online
sucrose,C,0.0,4,C-C-H-O,0.0,0.0,0,opls_x,0.0941,online
sucrose,C,0.0,4,C-C-H-O,0.0,0.0,0,opls_x,0.0801,online
sucrose,C,12.011,4,C-H-H-O,0.0,0.0,0,opls_135,0.1244,online
sucrose,C,12.011,4,C-H-H-O,0.0,0.0,0,opls_135,0.1264,online
sucrose,C,12.011,4,C-H-H-O,0.0,0.0,0,opls_135,0.0924,online
sucrose,H,1.008,1,C,0.0,,0,opls_140,0.0957,online
sucrose,H,1.008,1,C,0.0,,0,opls_140,0.0667,online
sucrose,H,1.008,1,C,0.0,,0,opls_140,0.0867,online
sucrose,H,0.0,1,C,0.0,,0,opls_x,0.0637,online
sucrose,H,1.008,1,C,0.0,,0,opls_140,0.0757,online
sucrose,H,1.008,1,C,0.0,,0,opls_140,0.0767,online
sucrose,H,1.008,1,C,0.0,,0,opls_140,0.0937,online
sucrose,H,1.008,1,C,0.0,,0,opls_140,0.0917,online
sucrose,H,1.008,1,C,0.0,,0,opls_140,0.0687,online
sucrose,H,1.008,1,C,0.0,,0,opls_140,0.0687,online
sucrose,H,1.008,1,C,0.0,,0,opls_140,0.0492,online
sucrose,H,1.008,1,C,0.0,,0,opls_140,0.0492,online
sucrose,H,1.008,1,C,0.0,,0,opls_140,0.0627,online
sucrose,H,1.008,1,C,0.0,,0,opls_140,0.0627,online
sucrose,H,1.008,1,O,0.0,,0,opls_155,0.412,online
sucrose,H,1.008,1,O,0.0,,0,opls_155,0.41,online
sucrose,H,1.008,1,O,0.0,,0,opls_155,0.433,online
sucrose,H,1.008,1,O,0.0,,0,opls_155,0.417,online
sucrose,H,1.008,1,O,0.0,,0,opls_155,0.428,online
sucrose,H,1.008,1,O,0.0,,0,opls_155,0.418,online
sucrose,H,1.008,1,O,0.0,,0,opls_155,0.429,online
sucrose,H,1.008,1,O,0.0,,0,opls_155,0.403,online
sucrose,O,16.0,2,C-C,0.1435,109.26,0,os,-0.4246,online
sucrose,O,16.0,2,C-C,0.1432,115.0,0,os,-0.4206,online
sucrose,O,16.0,2,C-C,0.143,113.3,0,os,-0.4346,online
sucrose,O,16.0,2,C-H,0.1196,107.17,0,oh,-0.5698,online
sucrose,O,16.0,2,C-H,0.1196,107.17,0,oh,-0.5928,online
sucrose,O,16.0,2,C-H,0.1198,107.07,0,oh,-0.6008,online
sucrose,O,16.0,2,C-H,0.1198,107.07,0,oh,-0.6018,online
sucrose,O,16.0,2,C-H,0.1198,107.07,0,oh,-0.5888,online
sucrose,O,16.0,2,C-H,0.1198,107.39,0,oh,-0.5878,online
sucrose,O,16.0,2,C-H,0.1198,107.39,0,oh,-0.6008,online
sucrose,O,16.0,2,C-H,0.1198,107.39,0,oh,-0.5918,online
sucrose,C,12.01,4,C-C-O-O,0.1489,108.62,0,c5,0.3116,online
sucrose,C,12.01,4,C-C-H-O,0.1403,109.95,0,c5,0.1321,online
sucrose,C,12.01,4,C-C-H-O,0.1403,109.95,0,c5,0.0801,online
sucrose,C,12.01,4,C-C-H-O,0.1404,109.6,0,c5,0.0691,online
sucrose,C,12.01,4,C-H-O-O,0.1374,109.76,0,c6,0.3049,online
sucrose,C,12.01,4,C-C-H-O,0.14,109.91,0,c6,0.1321,online
sucrose,C,12.01,4,C-C-H-O,0.14,109.91,0,c6,0.1051,online
sucrose,C,12.01,4,C-C-H-O,0.14,109.91,0,c6,0.0941,online
sucrose,C,12.01,4,C-C-H-O,0.1402,109.03,0,c6,0.0801,online
sucrose,C,12.01,4,C-H-H-O,0.1289,109.65,0,c3,0.1244,online
sucrose,C,12.01,4,C-H-H-O,0.1289,109.65,0,c3,0.1264,online
sucrose,C,12.01,4,C-H-H-O,0.129,109.84,0,c3,0.0924,online
sucrose,H,1.008,1,C,0.1097,,0,h1,0.0957,online
sucrose,H,1.008,1,C,0.1097,,0,h1,0.0667,online
sucrose,H,1.008,1,C,0.1097,,0,h1,0.0867,online
sucrose,H,1.008,1,C,0.1099,,0,h2,0.0637,online
sucrose,H,1.008,1,C,0.1098,,0,h1,0.0757,online
sucrose,H,1.008,1,C,0.1098,,0,h1,0.0767,online
sucrose,H,1.008,1,C,0.1098,,0,h1,0.0937,online
sucrose,H,1.008,1,C,0.1098,,0,h1,0.0917,online
sucrose,H,1.008,1,C,0.1097,,0,h1,0.0687,online
sucrose,H,1.008,1,C,0.1097,,0,h1,0.0687,online
sucrose,H,1.008,1,C,0.1097,,0,h1,0.0492,online
sucrose,H,1.008,1,C,0.1097,,0,h1,0.0492,online
sucrose,H,1.008,1,C,0.1097,,0,h1,0.0627,online
sucrose,H,1.008,1,C,0.1097,,0,h1,0.0627,online
sucrose,H,1.008,1,O,0.0973,,0,ho,0.412,online
sucrose,H,1.008,1,O,0.0973,,0,ho,0.41,online
sucrose,H,1.008,1,O,0.0973,,0,ho,0.433,online
sucrose,H,1.008,1,O,0.0973,,0,ho,0.417,online
sucrose,H,1.008,1,O,0.0973,,0,ho,0.428,online
sucrose,H,1.008,1,O,0.0973,,0,ho,0.418,online
sucrose,H,1.008,1,O,0.0973,,0,ho,0.429,online
sucrose,H,1.008,1,O,0.0973,,0,ho,0.403,online
ibuprofen,O,16.0,2,C-H,0.1164,106.54,0,oh,-0.6071,online
ibuprofen,O,16.0,1,C,0.1219,,0,o,-0.553,online
ibuprofen,C,12.01,4,C-C-C-H,0.1426,111.16,0,c3,-0.0597,online
ibuprofen,C,12.01,4,C-C-H-H,0.1311,110.13,0,c3,-0.0361,online
ibuprofen,C,12.01,3,C-C-C,0.1437,120.56,0,ca,-0.0633,online
ibuprofen,C,12.01,3,C-C-C,0.1437,120.56,0,ca,-0.0993,online
ibuprofen,C,12.01,4,C-C-C-H,0.1418,110.71,0,c3,-0.0554,online
ibuprofen,C,12.01,4,C-H-H-H,0.1206,108.7,0,c3,-0.0931,online
ibuprofen,C,12.01,4,C-H-H-H,0.1206,108.7,0,c3,-0.0931,online
ibuprofen,C,12.01,3,C-C-H,0.1294,119.93,1,ca,-0.1295,online
ibuprofen,C,12.01,3,C-C-H,0.1294,119.93,1,ca,-0.1295,online
ibuprofen,C,12.01,3,C-C-H,0.1294,119.93,1,ca,-0.1135,online
ibuprofen,C,12.01,3,C-C-H,0.1294,119.93,1,ca,-0.1135,online
ibuprofen,C,12.01,4,C-H-H-H,0.1206,108.7,0,c3,-0.0901,online
ibuprofen,C,12.01,3,C-O-O,0.1367,119.24,1,c,0.642103,online
ibuprofen,H,1.008,1,C,0.1096,,0,hc,0.0437,online
ibuprofen,H,1.008,1,C,0.1096,,0,hc,0.0482,online
ibuprofen,H,1.008,1,C,0.1096,,0,hc,0.0482,online
ibuprofen,H,1.008,1,C,0.1096,,0,hc,0.0857,online
ibuprofen,H,1.008,1,C,0.1096,,0,hc,0.036033,online
ibuprofen,H,1.008,1,C,0.1096,,0,hc,0.036033,online
ibuprofen,H,1.008,1,C,0.1096,,0,hc,0.036033,online
ibuprofen,H,1.008,1,C,0.1096,,0,hc,0.036033,online
ibuprofen,H,1.008,1,C,0.1096,,0,hc,0.036033,online
ibuprofen,H,1.008,1,C,0.1096,,0,hc,0.036033,online
ibuprofen,H,1.008,1,C,0.1086,,0,ha,0.135,online
ibuprofen,H,1.008,1,C,0.1086,,0,ha,0.135,online
ibuprofen,H,1.008,1,C,0.1086,,0,ha,0.143,online
ibuprofen,H,1.008,1,C,0.1086,,0,ha,0.143,online
ibuprofen,H,1.008,1,C,0.1096,,0,hc,0.051033,online
ibuprofen,H,1.008,1,C,0.1096,,0,hc,0.051033,online
ibuprofen,H,1.008,1,C,0.1096,,0,hc,0.051033,online
ibuprofen,H,1.008,1,O,0.0973,,0,ho,0.443,online
ibuprofen,O,15.9994,2,C-H,0.0,0.0,0,opls_154,-0.6071,online
ibuprofen,O,15.9994,1,C,0.0,,0,opls_236,-0.553,online
ibuprofen,C,12.011,4,C-C-C-H,0.0,0.0,0,opls_135,-0.0597,online
ibuprofen,C,12.011,4,C-C-H-H,0.0,0.0,0,opls_135,-0.0361,online
ibuprofen,C,12.011,3,C-C-C,0.0,0.0,0,opls_145,-0.0633,online
ibuprofen,C,12.011,3,C-C-C,0.0,0.0,0,opls_145,-0.0993,online
ibuprofen,C,12.011,4,C-C-C-H,0.0,0.0,0,opls_135,-0.0554,online
ibuprofen,C,12.011,4,C-H-H-H,0.0,0.0,0,opls_135,-0.0931,online
ibuprofen,C,12.011,4,C-H-H-H,0.0,0.0,0,opls_135,-0.0931,online
ibuprofen,C,12.011,3,C-C-H,0.0,0.0,1,opls_145,-0.1295,online
ibuprofen,C,12.011,3,C-C-H,0.0,0.0,1,opls_145,-0.1295,online
ibuprofen,C,12.011,3,C-C-H,0.0,0.0,1,opls_145,-0.1135,online
ibuprofen,C,12.011,3,C-C-H,0.0,0.0,1,opls_145,-0.1135,online
ibuprofen,C,12.011,4,C-H-H-H,0.0,0.0,0,opls_135,-0.0901,online
ibuprofen,C,12.011,3,C-O-O,0.0,0.0,1,opls_235,0.642103,online
ibuprofen,H,1.008,1,C,0.0,,0,opls_140,0.0437,online
ibuprofen,H,1.008,1,C,0.0,,0,opls_140,0.0482,online
ibuprofen,H,1.008,1,C,0.0,,0,opls_140,0.0482,online
ibuprofen,H,1.008,1,C,0.0,,0,opls_140,0.0857,online
ibuprofen,H,1.008,1,C,0.0,,0,opls_140,0.036033,online
ibuprofen,H,1.008,1,C,0.0,,0,opls_140,0.036033,online
ibuprofen,H,1.008,1,C,0.0,,0,opls_140,0.036033,online
ibuprofen,H,1.008,1,C,0.0,,0,opls_140,0.036033,online
ibuprofen,H,1.008,1,C,0.0,,0,opls_140,0.036033,online
ibuprofen,H,1.008,1,C,0.0,,0,opls_140,0.036033,online
ibuprofen,H,1.008,1,C,0.0,,0,opls_146,0.135,online
ibuprofen,H,1.008,1,C,0.0,,0,opls_146,0.135,online
ibuprofen,H,1.008,1,C,0.0,,0,opls_146,0.143,online
ibuprofen,H,1.008,1,C,0.0,,0,opls_146,0.143,online
ibuprofen,H,1.008,1,C,0.0,,0,opls_140,0.051033,online
ibuprofen,H,1.008,1,C,0.0,,0,opls_140,0.051033,online
ibuprofen,H,1.008,1,C,0.0,,0,opls_140,0.051033,online
ibuprofen,H,1.008,1,O,0.0,,0,opls_155,0.443,online
glycine,O,16.0,2,C-H,0.1164,106.54,0,oh,-0.6041,online
glycine,OXT,16.0,1,C,0.1219,,0,o,-0.559,online
glycine,N,14.01,3,CA-H-H,0.1168,108.53,0,n8,-0.8948,online
glycine,CA,12.01,4,C-HA-HA-N,0.1296,108.75,0,c3,0.1188,online
glycine,C,12.01,3,CA-O-OXT,0.1367,119.24,1,c,0.5831,online
glycine,HA,1.008,1,CA,0.1097,,0,h1,0.0907,online
glycine,HA,1.008,1,CA,0.1097,,0,h1,0.0907,online
glycine,H,1.008,1,N,0.1019,,0,hn,0.3648,online
glycine,H,1.008,1,N,0.1019,,0,hn,0.3648,online
glycine,H,1.008,1,O,0.0973,,0,ho,0.445,online
glycine,O,15.9994,2,C-H,0.0,0.0,0,opls_154,-0.6041,online
glycine,OXT,15.9994,1,C,0.0,,0,opls_236,-0.559,online
glycine,N,0.0,3,CA-H-H,0.0,0.0,0,opls_x,-0.8948,online
glycine,CA,12.011,4,C-HA-HA-N,0.0,0.0,0,opls_135,0.1188,online
glycine,C,12.011,3,CA-O-OXT,0.0,0.0,1,opls_235,0.5831,online
glycine,HA,1.008,1,CA,0.0,,0,opls_140,0.0907,online
glycine,HA,1.008,1,CA,0.0,,0,opls_140,0.0907,online
glycine,H,1.008,1,N,0.0,,0,opls_240,0.3648,online
glycine,H,1.008,1,N,0.0,,0,opls_240,0.3648,online
glycine,H,1.008,1,O,0.0,,0,opls_155,0.445,online
