mass,coordination,avg_bond_len_A,avg_angle_deg,is_planar,C_count,H_count,O_count,N_count,n_electroneg_neighbors,n_electroneg_neighbors2,bonds_double,bonds_aromatic,is_in_ring,ring_size,is_aromatic,formal_charge,gasteiger_charge,atomtype,charge,element_C,element_Cl,element_F,element_H,element_N,element_O,element_S,neighbor_config_h0,neighbor_config_h1,neighbor_config_h2,neighbor_config_h3,neighbor_config_h4,neighbor_config_h5,neighbor_config_h6,neighbor_config_h7,neighbor_config_h8,neighbor_config_h9,neighbor_config_h10,neighbor_config_h11,neighbor_config_h12,neighbor_config_h13,neighbor_config_h14,neighbor_config_h15,neighbor_config_h16,neighbor_config_h17,neighbor_config_h18,neighbor_config_h19,neighbor_config_h20,neighbor_config_h21,neighbor_config_h22,neighbor_config_h23,neighbor_config_h24,neighbor_config_h25,neighbor_config_h26,neighbor_config_h27,neighbor_config_h28,neighbor_config_h29,neighbor_config_h30,neighbor_config_h31,neighbor2_config_h0,neighbor2_config_h1,neighbor2_config_h2,neighbor2_config_h3,neighbor2_config_h4,neighbor2_config_h5,neighbor2_config_h6,neighbor2_config_h7,neighbor2_config_h8,neighbor2_config_h9,neighbor2_config_h10,neighbor2_config_h11,neighbor2_config_h12,neighbor2_config_h13,neighbor2_config_h14,neighbor2_config_h15,neighbor2_config_h16,neighbor2_config_h17,neighbor2_config_h18,neighbor2_config_h19,neighbor2_config_h20,neighbor2_config_h21,neighbor2_config_h22,neighbor2_config_h23,neighbor2_config_h24,neighbor2_config_h25,neighbor2_config_h26,neighbor2_config_h27,neighbor2_config_h28,neighbor2_config_h29,neighbor2_config_h30,neighbor2_config_h31
16.820747,3,1.3725879,103.41116,1,1,0,0,1,0,0,1,0,0,0,1,0,-0.16330704,OA,-0.067470215,0,1,1,1,1,1,1,0,0,0,0,0,0,0,0,0,0,0,0,0,0,0,0,1,0,0,0,0,0,0,0,0,0,0,0,0,0,1,0,0,0,0,0,0,0,0,0,0,0,0,0,0,0,0,0,0,0,0,0,0,1,1,0,0,0,0,0,1,0,0,0
8.523502,2,1.2831823,91.78371,0,2,0,1,0,1,0,0,0,1,6,1,0,0.19080138,C,0.27241918,0,0,0,1,0,0,0,0,0,0,0,0,0,0,0,0,1,0,0,0,0,0,0,0,0,0,0,0,0,0,0,0,0,0,0,0,1,0,0,0,0,0,0,0,0,0,0,0,0,0,0,0,0,0,0,0,0,1,0,0,-1,0,0,0,0,0,0,0,0,0,1
10.556502,2,1.4967401,124.03602,0,2,0,0,0,0,0,0,0,0,0,0,0,-0.102470234,OE,-0.39674956,0,0,0,1,0,1,0,0,0,0,0,0,0,0,0,0,0,0,0,0,0,0,0,0,0,0,1,0,0,0,0,0,0,0,0,0,0,0,0,0,0,0,0,0,0,0,0,0,0,0,0,0,0,0,0,0,0,0,0,0,1,0,0,0,0,0,0,1,0,0,1
15.607324,3,1.3266294,56.76399,1,1,0,0,0,0,0,1,0,0,0,1,1,-0.090577446,OM,-0.1802581,0,1,1,1,1,1,1,0,1,1,1,0,1,1,1,1,1,0,1,1,1,0,0,1,0,1,1,1,0,0,0,0,0,0,1,1,1,1,0,1,0,0,0,0,0,0,0,0,0,1,1,0,1,0,1,0,0,1,0,0,0,1,0,1,1,0,0,1,1,1,1
12.825883,3,1.0818201,110.07787,1,2,1,0,0,0,2,0,0,1,6,1,0,-0.07553914,C,-0.19305983,1,0,0,0,1,0,0,0,0,0,0,0,0,0,0,0,1,0,0,0,0,0,0,1,0,0,1,0,0,0,0,0,0,0,0,0,0,0,0,0,0,0,0,0,0,0,0,0,0,0,0,0,0,0,0,0,0,1,0,0,0,1,0,0,0,0,0,0,0,0,1
11.357391,3,1.3692473,89.74933,1,3,0,0,0,0,0,1,0,1,6,1,1,-0.10099558,CH1,0.016362498,1,1,1,1,1,1,1,0,1,1,1,0,1,1,1,1,1,0,1,1,1,0,0,1,0,1,1,1,0,-1,0,0,0,0,1,1,1,1,0,1,0,0,0,0,0,0,0,0,0,1,1,0,1,0,1,0,0,1,0,0,0,1,0,1,1,0,0,1,1,1,1
1.6382821,1,1.1425916,3.389823,1,0,0,0,0,1,0,0,0,0,0,0,0,0.16654615,H,0.2401844,0,1,0,1,0,0,0,0,0,0,1,0,0,0,1,0,1,0,0,0,0,0,0,0,0,1,0,0,0,0,0,0,0,0,0,1,1,1,0,0,0,0,0,0,0,0,0,0,0,0,1,0,1,0,1,0,0,0,0,0,-1,0,0,0,0,0,0,0,0,1,0
11.506628,4,1.3996096,109.42806,1,2,0,1,1,1,2,1,0,1,6,1,1,0.04674948,C,0.14637476,1,0,0,0,0,0,0,0,1,1,1,0,1,1,1,1,1,0,1,1,1,0,0,1,0,1,0,1,0,0,0,0,0,0,1,1,1,1,0,1,0,0,0,0,0,0,0,0,0,1,1,0,1,0,1,0,0,1,0,0,0,0,0,1,1,0,0,0,1,1,1
7.0203185,1,1.1559783,5.9489202,0,0,0,0,0,0,0,0,0,0,0,0,0,0.129246,H,0.05485681,0,0,0,1,0,1,0,0,0,0,0,0,0,0,0,0,1,0,0,0,0,0,0,0,0,0,1,0,0,0,0,0,0,0,0,0,1,0,0,0,0,0,0,0,0,0,0,0,0,0,0,0,0,0,0,0,0,1,0,0,-1,0,0,0,0,0,0,1,0,0,1
19.945501,3,1.5997858,116.61347,1,2,0,1,1,2,0,0,0,1,6,1,0,0.15427944,C,0.12930858,1,0,0,0,0,0,0,0,0,0,0,0,0,0,0,0,1,0,0,0,0,0,0,0,0,0,0,0,0,0,0,0,0,0,0,0,0,0,0,0,0,0,0,0,0,0,0,0,0,0,0,0,0,0,0,0,0,0,0,0,0,0,0,0,0,0,0,0,0,0,0
3.5771472,1,1.3172253,31.567919,0,0,0,0,1,1,0,1,0,0,0,1,1,-0.15167622,H,-0.21144313,0,1,1,1,1,1,1,0,1,1,1,-1,1,1,1,1,0,0,1,0,1,0,0,1,0,1,0,1,0,0,0,0,0,0,1,1,1,1,0,1,0,0,0,0,0,0,0,0,0,1,1,0,1,0,1,0,0,0,0,0,1,0,0,1,1,0,0,1,1,1,0
12.18255,2,1.5598134,79.77783,0,2,0,0,0,0,0,0,0,1,0,0,0,-0.015592434,CH2,-0.07413208,1,0,0,1,0,1,0,0,0,0,0,0,0,0,0,0,1,0,0,0,0,0,0,0,0,0,1,0,0,0,0,0,0,0,0,0,1,0,0,0,0,0,0,0,0,0,0,0,0,0,0,0,0,0,0,0,0,1,0,0,0,0,0,0,0,0,0,0,0,0,1
17.360947,3,1.2724869,100.19637,1,1,0,0,0,0,0,1,0,0,0,1,1,-0.31933382,OA,-0.2476783,0,1,1,0,1,1,1,0,1,1,0,0,1,1,1,1,0,0,1,1,1,0,0,1,0,1,0,1,0,0,0,0,0,0,1,1,0,1,0,1,0,0,0,0,0,0,0,0,0,1,1,0,1,0,1,0,0,0,0,0,0,1,0,1,1,0,0,1,1,1,0
7.7583513,1,1.294543,29.171188,0,0,0,1,0,1,0,0,0,0,0,0,0,0.24627003,H,0.26443294,0,0,0,1,0,0,0,0,0,0,0,0,0,0,0,0,1,0,0,0,0,0,0,0,0,0,0,0,0,0,0,0,0,0,0,0,1,0,0,0,0,0,0,0,0,0,0,0,0,0,0,0,0,0,0,0,0,1,0,0,-1,0,0,0,0,0,0,0,0,0,1
12.878121,4,1.2879862,47.303463,0,2,1,1,0,1,2,0,0,1,6,1,0,0.04315092,C,0.30074263,1,0,0,0,0,0,0,0,0,0,0,0,0,0,0,0,1,0,0,0,0,0,0,0,0,0,0,0,0,0,1,0,0,0,0,0,1,1,0,0,0,0,0,0,0,0,0,0,0,0,0,0,0,0,0,0,0,1,0,0,0,0,0,0,0,0,0,0,0,0,0
9.118732,3,1.7637,144.17029,1,2,1,0,0,1,2,0,0,1,6,1,0,0.08460429,C,0.007872724,1,0,0,0,0,0,0,0,0,0,0,0,0,0,0,0,1,0,0,0,0,0,0,0,0,0,0,0,0,0,0,0,0,0,0,0,0,0,0,0,0,0,0,0,0,0,0,0,0,0,0,0,0,0,0,0,0,1,0,0,0,0,0,0,0,0,0,0,0,0,0
15.12607,4,1.3588705,108.30791,0,2,1,1,0,1,2,0,0,1,6,0,1,0.047349527,C,0.07109885,1,0,0,1,1,0,0,0,1,1,1,0,1,1,1,1,1,0,1,1,1,0,0,1,0,1,0,1,0,0,1,0,0,0,1,1,1,0,0,1,0,0,0,0,0,0,0,0,0,1,1,0,1,0,1,0,0,1,0,0,0,1,0,1,1,-1,0,0,1,1,0
14.218456,4,1.3054055,80.72451,0,1,0,1,0,1,0,1,0,1,0,1,1,0.00581154,C,0.01112686,1,1,1,1,0,0,1,0,1,1,1,0,1,1,1,1,0,0,1,1,1,0,0,1,0,1,0,1,0,0,0,0,0,0,1,1,1,1,0,1,0,0,0,0,0,0,0,0,0,1,1,0,1,0,1,0,0,1,0,0,0,1,0,1,1,0,0,1,1,1,0
13.104978,2,1.2236528,133.81744,1,1,1,0,0,0,0,0,0,0,0,0,0,-0.37649432,OA,-0.18092954,0,0,0,0,1,1,0,0,0,0,0,0,0,0,0,0,0,0,0,0,0,0,0,0,0,0,0,0,0,0,0,0,0,0,0,0,0,0,-1,0,0,0,0,0,0,0,0,0,0,0,0,0,0,0,0,-1,0,0,0,0,0,0,0,0,0,0,0,1,0,0,0
13.312789,3,1.4410523,79.04671,1,2,0,0,0,0,0,1,0,1,6,1,1,0.013869906,C,-0.111158185,1,1,1,0,1,0,1,0,1,1,1,0,1,1,1,1,1,0,1,1,1,0,0,1,0,1,1,1,0,-1,0,0,0,0,1,1,0,1,0,1,0,0,0,0,0,0,0,0,0,1,1,0,1,0,1,0,0,1,0,0,0,1,0,1,1,0,0,1,1,1,1
17.803621,1,1.5025982,0.0,1,2,0,0,0,0,0,1,0,1,0,1,1,0.033523187,CH1,-0.3910722,0,1,1,1,1,1,1,0,1,1,1,0,1,1,1,1,0,0,1,1,1,0,0,1,0,1,0,1,0,0,0,0,0,0,1,1,0,1,0,1,0,0,0,0,0,0,0,0,0,1,1,0,1,0,1,0,0,1,0,0,0,1,0,1,1,0,0,1,1,1,1
14.200581,4,1.2844112,124.11655,1,1,1,1,0,2,1,0,0,1,6,0,1,0.13303216,C,0.0007905688,1,0,0,0,1,0,0,0,1,1,1,0,1,1,1,1,1,0,1,1,1,0,0,1,0,1,0,1,0,0,0,0,0,0,1,1,0,0,0,1,0,0,0,0,0,0,0,0,0,1,1,0,1,0,1,0,0,1,0,0,0,1,0,1,1,0,0,0,1,1,0
19.589207,2,1.3712132,102.16132,0,1,1,0,0,0,1,0,0,0,0,0,0,-0.17913036,OA,-0.17903696,0,0,0,0,0,1,0,0,0,0,0,0,0,0,0,0,0,0,0,0,0,0,0,0,0,0,0,0,0,0,0,0,0,0,0,0,0,0,-1,0,0,0,0,0,0,0,0,0,0,0,0,0,0,0,0,0,0,0,0,0,0,0,0,0,0,0,0,0,0,0,0
12.36444,4,1.4585562,76.3682,1,1,1,0,0,0,1,0,0,1,6,0,0,-0.07163557,C,-0.090736605,1,0,0,0,1,0,0,-1,0,0,0,0,0,0,0,0,0,0,0,0,0,0,0,0,0,0,0,0,0,0,0,0,0,0,0,0,0,0,0,0,0,0,0,0,0,0,0,0,0,0,0,0,0,0,0,0,0,0,0,0,0,0,0,0,0,0,0,0,0,0,0
9.809619,1,1.4896464,45.27867,0,1,0,0,0,0,0,0,0,0,0,0,0,-0.3362333,CH3,0.008022026,0,1,1,1,0,1,1,0,0,0,0,0,0,0,0,0,0,0,0,0,0,0,0,0,0,0,0,0,0,0,0,0,0,0,0,0,0,0,0,0,0,0,0,0,0,0,0,0,0,0,0,0,0,0,0,0,0,0,0,0,1,0,0,0,0,0,0,1,0,0,0
11.544355,1,1.1618501,22.28904,1,0,0,1,0,1,2,1,0,0,0,1,1,0.2754994,H,0.12569256,0,0,1,1,1,0,1,0,1,1,1,0,1,1,1,1,1,0,1,0,0,0,0,1,0,1,0,0,0,0,0,0,0,0,1,1,1,1,0,1,0,0,0,0,0,0,0,0,0,1,1,0,0,0,1,0,0,1,0,0,0,0,0,1,1,0,0,1,1,1,0
15.974245,2,1.3434464,153.92224,0,1,0,0,0,0,0,0,0,0,0,0,0,-0.29695302,C,-0.41022494,1,0,0,0,0,1,1,0,0,0,0,0,0,0,0,0,0,0,0,0,0,0,0,0,0,0,1,0,0,0,0,0,0,0,0,0,0,0,0,0,0,0,0,0,0,0,0,0,0,0,0,0,0,0,0,0,0,0,0,0,0,0,0,0,0,0,0,0,0,0,1
12.14112,4,1.3979423,68.07485,0,1,3,1,0,1,0,0,0,0,0,0,0,0.13762428,C,0.20973396,1,0,0,1,0,0,0,0,1,1,0,0,0,0,0,1,1,0,1,1,0,0,0,1,0,1,1,0,0,0,0,0,0,0,1,0,1,0,0,0,0,0,0,0,0,0,0,0,0,1,0,0,0,0,0,0,0,1,0,0,0,1,0,1,1,0,0,0,1,0,0
17.371992,4,1.3275342,92.683464,1,4,0,0,0,1,0,1,0,1,0,1,1,0.06810662,C,-0.20628543,1,1,1,1,1,0,1,0,1,1,1,0,1,1,1,1,1,0,1,1,1,0,0,1,0,1,1,1,0,0,0,0,0,0,1,1,1,1,0,1,0,0,0,0,0,0,0,0,0,1,1,0,1,0,1,0,0,1,0,0,0,1,0,1,1,0,0,1,1,1,1
9.042965,3,1.4255661,113.574425,1,2,0,0,0,0,0,0,0,1,6,1,0,0.04785781,C,-0.192219,1,0,0,0,0,0,0,0,0,0,0,0,0,0,0,0,1,0,0,0,0,0,0,0,0,0,1,0,0,0,0,0,0,0,0,0,0,0,0,0,0,0,0,0,0,0,0,0,0,0,0,0,0,0,0,0,0,1,0,0,0,0,0,0,0,0,0,0,0,0,1
9.803149,4,1.30756,115.31705,1,2,0,0,0,0,0,1,0,1,6,1,1,-0.057565082,C,-0.02037799,1,1,1,0,1,0,1,0,1,1,1,0,1,1,1,1,1,0,1,1,1,0,0,1,0,1,1,1,0,0,0,0,0,0,1,1,0,1,0,1,0,0,0,0,0,0,0,0,0,1,1,0,1,0,1,0,0,1,0,0,0,1,0,1,1,0,0,1,1,1,1
4.621402,1,1.4105952,51.982025,0,0,0,0,1,1,0,0,0,1,6,1,0,0.13235256,H,0.36543906,0,0,0,1,0,1,0,0,0,0,0,0,0,0,0,0,1,0,0,0,0,0,0,0,0,0,1,0,0,0,0,0,0,0,0,0,1,0,0,0,0,0,0,0,0,0,0,0,0,0,0,0,0,0,0,0,0,0,0,0,0,0,0,0,0,0,0,0,0,0,1
1.6786668,2,1.4351965,62.10799,0,2,0,0,0,0,0,0,0,1,0,0,0,-0.30242497,CH2,-0.1887174,0,1,1,1,0,1,1,0,0,0,0,0,0,0,0,0,0,0,0,0,0,0,0,0,0,0,1,0,0,0,0,0,0,0,0,0,0,0,0,0,0,0,0,0,0,0,0,0,0,0,0,0,0,0,0,0,0,0,0,0,0,0,0,0,0,0,0,1,0,0,1
14.573816,4,1.4512857,179.6517,1,2,1,0,0,0,0,0,0,1,6,0,1,0.04028976,C,0.1667018,1,0,0,0,0,0,0,0,0,0,1,0,0,0,1,0,1,0,0,1,0,0,0,0,0,0,0,0,0,0,0,0,0,0,0,0,0,0,0,1,0,0,0,0,0,0,0,0,0,0,0,0,0,0,0,0,0,0,0,0,0,0,0,0,1,0,0,0,0,0,0
18.118618,1,1.3483016,49.13364,1,2,0,0,0,0,1,1,0,0,0,0,0,-0.35916582,O,-0.53377736,0,1,1,0,1,1,1,0,0,0,0,0,0,0,0,0,0,0,0,0,0,0,0,0,0,0,0,0,0,0,-1,0,0,0,0,0,0,1,0,0,0,0,0,0,0,0,0,0,0,0,0,0,0,0,0,0,0,0,0,0,0,1,0,0,0,0,0,1,0,0,1
16.808306,1,1.1183757,55.629253,1,0,0,0,1,1,1,1,0,0,0,1,1,0.06691269,OM,-0.011147245,0,1,1,1,1,1,1,0,1,1,1,0,1,1,1,1,1,0,1,1,1,0,0,1,0,1,0,1,0,0,0,0,0,0,1,1,1,1,0,1,0,0,0,0,0,0,0,0,0,1,1,0,1,0,1,0,0,1,0,0,0,1,0,1,1,0,0,1,1,1,1
11.61735,4,1.4963028,77.92094,0,2,0,1,0,1,2,0,0,1,0,0,0,-0.046201337,C,0.022038588,1,0,0,1,0,0,0,0,0,0,0,0,0,0,0,0,1,0,0,0,0,0,0,0,0,0,1,0,0,0,0,0,0,0,0,0,1,0,0,0,0,0,0,0,0,0,0,0,0,0,0,0,0,0,0,0,0,1,0,0,0,0,0,0,0,0,0,0,0,0,1
16.93525,4,1.5351121,106.584946,0,2,1,1,0,1,2,0,0,1,6,0,0,0.050891537,C,0.037964694,1,0,0,0,0,0,0,0,0,0,0,0,0,0,0,0,1,0,0,0,0,0,0,0,0,0,0,0,0,0,0,0,0,0,0,0,0,0,0,0,0,0,0,0,0,0,0,0,0,0,0,0,0,0,0,0,0,1,0,0,0,0,0,0,0,0,0,0,0,0,0
12.902754,3,1.5346347,81.28552,1,3,0,0,0,0,0,1,0,1,6,1,1,0.021092378,C,-0.15338682,1,1,1,0,1,0,1,0,1,1,1,0,1,1,1,1,1,0,1,1,1,0,0,1,0,1,1,1,0,-1,0,0,0,0,1,1,0,1,0,1,0,0,0,0,0,0,0,0,0,1,1,0,1,0,1,0,0,1,0,0,0,1,0,1,1,0,0,0,1,1,1
20.554457,4,1.4828961,55.64864,0,1,1,0,0,0,1,1,0,1,6,1,1,0.117095895,C,-0.3384887,1,1,1,0,1,1,1,0,0,0,0,0,1,1,0,0,0,0,0,1,0,0,0,0,0,0,1,0,0,0,0,0,0,0,1,0,0,0,0,1,0,0,0,0,0,0,0,0,0,1,0,0,0,0,0,0,0,1,0,0,0,1,0,1,1,0,0,0,0,0,1
14.032635,3,1.2237195,132.18274,1,1,0,0,0,0,0,1,0,1,6,1,1,-0.08713251,C,0.050933395,1,1,1,1,1,1,1,0,1,1,1,0,1,1,1,1,1,0,1,1,1,0,0,1,0,1,1,1,0,0,0,0,0,0,1,1,1,1,0,1,0,0,0,0,0,0,0,0,0,1,1,0,1,0,1,0,0,1,0,0,0,1,0,1,1,0,0,1,1,1,1
9.078371,4,1.240775,107.52463,0,1,0,1,0,0,0,0,0,0,0,0,1,0.03745544,C,-0.032553256,1,0,0,1,1,0,0,0,0,1,1,0,0,1,1,1,0,0,1,1,0,0,0,1,0,1,1,1,0,0,0,0,0,0,1,1,1,0,0,0,0,0,0,0,0,0,0,0,0,1,1,0,1,0,0,0,0,1,0,0,0,1,0,1,0,0,0,0,1,1,0
15.066049,2,1.2641045,64.89973,0,1,0,0,0,0,0,1,0,0,0,0,1,-0.21376656,CH3,-0.116775736,0,1,1,1,0,1,1,0,1,1,1,0,1,1,1,1,0,0,1,1,1,0,0,1,0,1,1,1,0,0,0,0,0,0,1,1,1,1,0,1,0,0,0,0,0,0,0,0,0,1,1,0,1,0,1,0,0,0,0,0,0,1,0,1,1,0,0,1,1,1,1
14.557871,3,1.2032019,80.44451,1,2,0,1,0,1,1,1,0,0,0,1,1,0.055020943,C,0.041405868,0,1,1,1,1,1,1,0,1,1,1,0,1,1,1,1,1,0,1,1,1,0,0,1,0,1,0,1,0,0,0,0,0,0,1,1,1,1,0,1,0,0,0,0,0,0,0,0,0,1,1,0,1,0,1,0,0,1,0,0,0,1,0,1,1,0,0,1,1,1,1
7.194067,1,1.1701747,82.08212,0,0,0,1,0,1,1,1,0,0,0,1,1,0.055462,H,0.21975276,0,0,1,1,1,0,1,0,1,1,1,0,1,1,1,1,1,0,1,1,1,0,0,1,0,1,0,1,0,0,0,0,0,0,1,1,1,1,0,1,0,0,0,0,0,0,0,0,0,1,1,0,1,0,1,0,0,1,0,0,0,1,0,1,1,0,0,1,1,1,0
15.1108885,1,1.159161,76.87158,0,0,0,0,0,1,0,1,0,0,0,1,0,0.10369144,HS14,0.1421778,0,1,1,1,0,1,1,0,1,1,1,0,1,1,1,1,1,0,1,1,1,0,0,0,0,1,1,1,0,0,0,0,0,0,1,1,1,1,0,1,0,0,0,0,0,0,0,0,0,1,1,0,1,0,1,0,0,1,0,0,-1,0,0,1,1,0,0,1,1,1,1
12.884379,3,1.4342564,91.56634,1,1,0,1,0,1,1,1,0,0,0,1,1,0.060610104,C,0.116592266,0,1,1,1,1,1,1,0,1,1,1,0,1,1,1,1,1,0,1,1,1,0,0,1,0,1,0,1,0,0,0,0,0,0,1,1,1,1,0,1,0,0,0,0,0,0,0,0,0,1,1,0,1,0,1,0,0,1,0,0,0,1,0,1,1,0,0,1,1,1,0
8.554659,4,1.3033319,61.679737,1,2,1,1,0,1,2,1,0,1,6,1,1,0.08805977,C,-0.23306592,1,0,1,1,1,0,1,0,1,1,1,0,1,1,1,1,1,0,1,1,1,0,0,1,0,1,0,1,0,0,0,0,0,0,1,1,1,1,0,1,0,0,0,0,0,0,0,0,0,1,1,0,1,0,1,0,0,1,0,0,0,1,0,1,1,0,0,0,1,1,1
8.849218,3,1.4865416,153.25546,1,1,0,0,0,1,0,1,0,0,0,1,1,-0.111360334,N,0.32702342,0,1,1,1,1,0,1,0,1,1,1,0,1,1,1,1,1,0,1,1,1,0,0,1,0,1,0,1,0,0,0,0,0,0,1,1,1,1,0,1,0,0,0,0,0,0,0,0,0,1,1,0,1,0,1,0,0,0,0,0,0,1,0,1,1,0,0,1,1,1,0
11.298722,3,1.3497248,98.40448,1,2,0,0,0,0,1,1,0,1,6,1,1,-0.10689881,C,0.041884672,1,1,1,0,1,0,0,0,1,1,1,0,1,1,1,1,1,0,1,1,1,0,0,1,0,1,1,1,0,0,0,0,0,0,1,1,0,1,0,1,0,0,0,0,0,0,0,0,0,1,1,0,1,0,1,0,0,1,0,0,0,1,0,1,1,0,0,1,1,1,1
17.780859,2,1.4126307,147.65437,0,1,0,0,0,0,1,0,0,1,0,0,0,-0.041654203,OE,-0.16657625,0,1,0,0,0,1,0,0,0,0,0,0,0,0,0,0,0,0,0,0,0,0,0,0,0,0,1,0,0,0,0,0,0,0,0,0,0,0,0,0,0,0,0,0,0,0,0,0,0,0,0,0,0,0,0,0,0,0,0,0,0,0,0,0,0,0,0,1,0,0,1
15.19276,4,1.2576854,129.64687,0,1,0,0,0,0,2,1,0,1,6,1,1,0.00014869735,C,0.0024232992,1,1,1,0,1,0,1,0,1,1,1,0,1,1,1,1,0,0,1,1,1,0,0,1,0,1,1,1,0,0,0,0,0,0,1,1,0,1,0,1,0,0,0,0,0,0,0,0,0,1,1,0,1,0,1,0,0,1,0,0,0,1,0,1,1,0,0,1,1,1,0
7.307764,2,1.2247467,51.138065,1,2,0,0,0,0,0,1,0,0,0,1,1,0.01631335,C,0.13344078,0,1,1,1,1,1,1,0,1,1,1,0,1,1,1,1,1,0,1,1,1,0,0,1,0,1,1,1,0,0,0,0,0,0,1,1,1,1,0,1,0,0,0,0,0,0,0,0,0,1,1,0,1,0,1,0,0,1,0,0,1,1,0,1,1,0,0,1,1,1,1
9.958242,2,1.4228984,107.95341,0,2,0,0,0,0,1,0,0,1,6,0,1,-0.02886647,OE,0.086145,0,1,0,1,0,1,1,0,0,1,1,0,1,1,1,1,1,0,0,1,0,0,0,0,0,1,1,1,0,0,0,0,0,0,1,1,1,0,0,1,0,0,0,0,0,0,0,0,0,1,1,0,1,0,1,0,0,1,0,0,0,0,0,1,1,0,0,1,1,1,1
15.026897,4,1.134559,59.876904,0,1,1,1,0,1,2,0,0,1,0,0,0,0.115050994,C,0.05006585,1,0,0,0,0,0,0,0,1,0,0,0,0,0,0,0,0,0,0,0,0,0,0,1,0,0,1,0,0,0,1,0,0,0,0,0,0,0,0,0,0,0,0,0,0,0,0,0,0,0,0,0,0,0,0,0,0,1,0,0,0,1,0,0,0,0,0,0,0,0,0
11.629547,3,1.2551473,147.68161,1,2,1,0,0,0,1,1,0,1,0,1,1,-0.1992892,N,-0.16135615,0,0,1,0,1,0,1,-1,1,0,0,0,1,1,0,1,1,0,0,1,1,0,0,1,0,1,0,1,0,0,0,0,0,0,0,1,0,1,0,1,0,0,0,0,0,0,0,0,0,1,0,0,1,0,1,0,0,0,0,0,0,1,0,1,1,0,0,1,0,0,0
13.761488,3,1.4640267,169.66899,1,1,1,0,0,0,0,1,0,0,0,0,1,-0.11735314,N,0.06543345,0,1,1,0,1,0,1,0,1,0,0,0,0,1,1,1,0,0,1,1,1,0,0,1,0,1,0,1,0,0,0,0,0,0,0,0,0,1,0,1,0,0,0,0,0,0,0,0,0,1,1,0,0,0,0,0,0,0,0,0,0,1,0,1,1,0,0,1,1,1,0
10.436113,1,1.0576764,42.5256,0,0,0,1,0,1,1,1,0,0,0,1,1,-0.018190283,HS14,-0.0662638,0,1,1,1,1,1,1,0,1,1,1,0,1,1,1,1,1,0,1,1,1,0,0,1,0,1,0,1,0,0,0,0,0,0,1,1,1,1,0,1,0,0,0,0,0,0,0,0,0,1,1,0,1,0,1,0,0,1,0,0,0,1,0,1,1,0,0,1,1,1,1
7.980971,3,1.2335349,94.56936,1,2,0,0,0,0,0,1,2,1,6,1,0,0.11681453,C,-0.20343474,1,0,0,0,1,0,1,0,0,0,0,0,0,0,0,0,1,0,0,0,0,0,0,1,0,0,1,0,0,0,0,0,0,0,0,0,0,0,0,0,0,0,0,0,0,0,0,0,0,0,0,0,0,0,0,0,0,0,0,0,0,1,0,0,0,0,0,0,0,0,0
10.199283,1,1.1969517,59.601864,0,2,0,0,0,0,0,0,0,1,0,1,0,-0.16622423,C,0.1985745,1,1,1,1,0,0,1,0,0,0,0,0,0,0,0,0,1,0,0,0,1,0,0,0,0,0,1,0,0,0,0,0,0,0,0,0,1,0,0,0,0,0,0,0,0,0,0,0,0,0,0,0,1,0,1,0,0,0,0,0,-1,0,0,0,0,0,0,1,1,0,1
14.730478,1,1.3650413,68.987724,1,0,0,0,1,1,1,1,0,0,0,1,1,-0.06619629,OM,0.15783085,0,1,1,1,1,1,1,0,1,1,1,0,1,1,1,1,1,0,1,1,1,0,0,1,0,1,0,1,0,0,0,0,0,0,1,1,1,1,0,1,0,0,0,0,0,0,0,0,0,1,1,0,1,0,1,0,0,1,0,0,0,1,0,1,1,0,0,1,1,1,1
11.447193,3,1.0027041,65.78292,1,0,0,0,1,1,0,1,0,1,6,1,1,-0.15384798,C,0.2810149,1,1,1,1,1,0,1,0,1,1,1,0,1,1,1,1,1,0,1,1,1,0,0,1,0,1,0,1,0,0,0,0,0,0,1,1,0,1,0,1,0,0,0,0,0,0,0,0,0,1,1,0,1,0,1,0,0,1,0,0,0,1,0,1,1,0,0,1,1,1,0
8.915095,4,1.3234924,114.58426,1,2,0,1,1,1,0,0,0,1,6,1,1,-0.04908434,C,0.23894173,1,0,1,1,0,0,0,0,1,1,1,0,1,1,1,1,1,0,1,1,1,0,0,1,0,1,0,1,0,0,0,0,0,0,1,1,1,1,0,1,0,0,0,0,0,0,0,0,0,1,1,0,1,0,1,0,0,1,0,0,0,0,0,1,1,0,0,0,1,1,0
13.767861,2,1.3616654,96.81695,1,2,0,0,0,0,1,1,0,0,0,1,1,-0.11356503,OE,0.0037964361,0,1,1,1,1,1,1,0,1,1,1,0,1,1,1,1,1,0,1,1,1,0,0,1,0,1,1,1,0,0,0,0,0,0,1,1,1,1,0,1,0,0,0,0,0,0,0,0,0,1,1,0,1,0,1,0,0,1,0,0,0,1,0,1,1,0,0,1,1,1,1
7.384646,4,1.3533782,160.99123,0,1,1,1,0,1,1,0,0,1,0,0,0,0.31929165,C,0.110868834,1,0,0,1,0,0,0,0,0,0,0,0,0,0,0,0,0,0,0,0,0,0,0,0,0,0,0,0,0,0,1,0,0,0,0,0,1,0,0,0,0,0,0,0,0,0,0,0,0,0,0,0,0,0,0,0,0,1,0,0,0,0,0,0,0,0,0,0,0,0,0
8.9681635,3,1.4582708,115.54119,1,2,0,0,1,0,0,1,0,1,6,1,1,0.03775561,C,0.25122976,1,1,1,1,1,0,1,0,1,1,1,0,1,1,1,1,1,0,1,1,1,0,0,0,0,1,1,1,0,0,0,0,0,1,1,1,1,0,0,1,0,0,0,0,0,0,0,0,0,1,1,0,1,0,1,0,0,1,0,0,0,0,0,1,1,0,0,0,1,1,1
15.546769,4,1.162801,118.212906,1,1,0,1,1,2,0,0,0,1,6,1,1,0.10939699,C,0.25378457,1,1,1,1,0,0,1,0,1,1,1,0,1,1,1,1,1,0,1,1,1,0,0,1,0,1,0,1,0,0,0,0,0,0,1,1,1,1,0,1,0,0,0,0,0,0,0,0,0,1,1,0,1,0,1,0,0,1,0,0,0,0,0,1,1,0,0,0,1,1,0
10.504519,2,1.4842454,33.663696,0,2,1,1,0,0,0,0,0,1,0,0,1,0.09368665,C,0.016433781,0,0,0,1,0,1,0,0,1,1,1,0,1,1,1,1,1,0,1,1,1,0,0,0,0,1,1,1,0,0,0,0,0,0,1,1,1,0,0,1,0,0,0,0,0,0,0,0,0,1,1,0,1,0,1,0,0,1,0,0,-1,0,0,1,1,0,0,0,1,1,1
13.844883,1,1.3521113,64.738556,0,2,0,1,0,0,1,1,0,0,0,0,1,0.014625132,OE,-0.12543258,0,1,1,1,1,1,1,0,1,1,1,0,1,1,1,1,1,0,1,1,1,0,0,1,0,1,1,1,0,0,0,0,0,0,1,1,1,1,0,1,0,0,0,0,0,0,0,0,0,1,1,0,1,0,1,0,0,1,0,0,0,1,0,1,1,0,0,1,1,1,1
10.083736,3,1.3950838,95.84963,1,1,1,2,0,2,0,1,0,1,6,0,1,-0.0049486044,C,0.17683092,1,0,0,0,1,0,0,-1,1,1,1,0,1,1,1,1,1,0,1,1,1,0,0,1,0,1,0,1,0,0,0,0,0,0,1,1,0,0,0,1,0,0,0,0,0,0,0,0,0,1,1,0,1,0,1,0,0,0,0,0,0,1,0,1,1,0,0,0,1,1,0
18.200531,2,1.4181398,142.5931,0,1,0,0,0,0,0,0,0,1,0,0,1,-0.2647371,C,-0.30367732,1,1,1,0,1,1,1,0,0,1,1,0,1,1,1,1,0,0,1,1,1,0,0,0,0,1,1,1,0,0,0,0,0,0,1,1,0,1,0,1,0,0,0,0,0,0,0,0,0,1,1,0,1,0,1,0,0,0,0,0,0,1,0,1,1,0,0,1,1,1,1
16.50949,1,1.2490678,68.57894,1,0,0,1,0,1,0,1,0,0,0,1,1,0.13123478,H,-0.13526754,0,0,1,1,1,0,1,0,1,1,1,0,1,1,1,1,1,0,1,1,1,0,0,1,0,1,0,1,0,0,0,0,0,0,1,1,1,1,0,1,0,0,0,0,0,0,0,0,0,1,1,0,1,0,1,0,0,1,0,0,0,1,0,1,1,0,0,1,1,1,0
9.459424,3,1.1506932,85.192604,1,2,0,1,0,1,0,1,0,1,6,1,1,0.059011362,C,0.12989478,1,0,1,1,1,0,1,0,1,1,1,0,1,1,1,1,1,0,1,1,1,0,0,1,0,1,0,1,0,0,0,0,0,0,1,1,1,1,0,1,0,0,0,0,0,0,0,0,0,1,1,0,1,0,1,0,0,1,0,0,0,0,0,1,1,0,0,0,1,1,0
15.689079,4,1.2041057,105.20086,1,1,3,0,0,0,2,1,0,1,0,1,1,-0.021791918,C,-0.2557394,1,1,1,0,1,0,1,0,1,1,1,0,1,1,1,1,1,0,1,1,1,0,0,1,0,1,1,1,0,0,0,0,0,0,1,1,0,1,0,1,-1,0,0,0,0,0,0,0,0,1,1,0,1,0,1,0,0,1,0,0,0,1,0,1,1,0,0,1,1,1,1
5.469648,1,1.2410489,66.94321,0,0,0,1,0,1,0,1,0,0,0,0,1,0.050358623,H,0.35035172,0,0,0,1,0,0,0,0,1,1,1,0,1,1,1,1,1,0,1,1,1,0,0,0,0,1,1,1,0,0,0,0,0,0,1,1,1,1,0,1,0,0,0,0,0,0,0,0,0,1,1,0,1,0,1,0,0,1,0,0,-1,0,0,1,1,0,0,1,1,1,1
5.844368,1,1.1820523,50.57589,0,1,0,0,0,1,0,0,0,0,0,0,0,-0.01864507,H,-0.27203092,0,0,0,1,0,1,0,0,0,0,0,0,0,0,0,0,0,0,0,0,0,0,0,0,0,0,0,0,0,0,0,0,0,0,0,0,1,0,0,0,0,0,0,0,0,0,0,0,0,0,0,0,0,0,0,0,0,0,0,0,0,0,0,0,0,0,0,1,0,0,0
13.142546,3,1.3523678,173.42456,1,2,1,0,0,0,1,1,2,1,6,1,0,0.0498098,C,0.0012064406,1,0,1,0,1,0,0,0,0,0,0,0,1,0,0,0,1,0,0,0,0,0,0,1,0,0,0,0,0,1,0,0,0,0,0,0,0,0,0,0,0,0,0,0,0,0,0,0,0,0,0,0,0,0,0,0,0,0,0,0,0,1,0,0,0,0,0,0,0,0,0
11.980362,4,1.4012722,123.05894,1,2,0,1,1,1,3,0,0,1,6,1,0,-0.068395555,C,0.23227166,1,0,0,0,0,0,0,0,0,0,0,0,0,0,0,0,1,0,0,0,0,0,0,0,0,0,0,0,0,0,0,0,0,0,0,0,1,0,0,0,0,0,0,0,0,0,0,0,0,0,0,0,0,0,0,0,0,1,-1,0,0,0,0,0,0,0,0,0,0,0,0
11.451969,2,1.4653018,119.6613,0,1,1,1,0,0,0,0,0,0,0,0,0,-0.18153632,C,-0.22316395,1,0,0,0,0,0,0,0,0,0,0,0,0,0,0,0,0,0,0,0,0,0,0,0,0,0,0,0,0,0,0,0,0,0,0,0,1,0,0,0,0,0,0,0,0,0,0,0,0,0,0,0,0,0,0,0,0,0,0,0,0,0,0,0,0,0,0,0,0,0,0
10.267936,1,1.2917607,123.16948,0,0,0,0,0,0,0,1,0,0,0,0,0,0.15838699,H,0.13152237,0,1,1,1,0,1,1,0,1,0,0,0,0,0,0,0,0,0,0,0,0,0,0,0,0,0,0,0,0,0,0,0,0,0,0,0,1,1,0,0,0,0,0,0,0,0,0,0,0,0,0,0,0,0,0,0,0,0,0,0,1,0,0,1,0,0,0,1,0,0,0
13.719341,3,1.3431045,177.2877,1,1,1,0,0,0,0,1,0,0,0,1,0,-0.416214,OA,-0.113717414,0,0,1,0,1,1,1,0,0,0,0,0,0,0,0,0,0,0,0,0,0,0,0,1,0,0,0,0,0,0,0,0,0,0,0,0,0,0,0,0,0,0,0,0,0,0,0,0,0,0,0,0,0,0,0,0,0,0,0,0,0,1,0,0,0,0,0,1,0,0,0
18.004587,4,1.6561031,141.96394,1,2,1,1,0,1,2,0,0,1,6,1,0,0.074622676,C,-0.029769957,1,0,0,0,0,0,0,0,1,0,0,0,0,0,0,0,1,0,0,0,0,0,0,1,0,0,0,0,0,0,1,0,0,0,0,0,0,0,0,0,0,0,0,0,0,0,0,0,0,0,0,0,0,0,0,0,0,1,0,0,0,1,0,0,0,0,0,0,0,0,0
17.565145,3,1.2994559,69.3896,1,1,0,0,0,1,2,1,0,1,6,1,1,-0.0039809686,C,-0.040742785,1,1,1,0,1,1,1,0,1,1,1,0,1,1,1,1,1,0,1,1,1,0,0,1,0,1,1,1,0,0,0,0,0,0,1,1,1,1,0,1,0,0,0,0,0,0,0,0,0,1,1,0,1,0,1,0,0,1,0,0,0,1,0,1,1,0,0,1,1,1,1
13.014727,3,1.4684135,69.44758,1,3,0,0,0,0,2,0,0,1,0,0,0,0.13105342,C,0.4020216,1,0,0,0,1,0,0,0,0,0,0,0,0,0,0,0,1,0,0,0,0,0,0,1,0,0,1,0,0,0,0,0,0,0,0,0,0,0,0,0,0,0,0,0,0,0,0,0,0,0,0,0,0,0,0,0,0,0,0,0,0,1,0,0,0,0,0,0,0,0,0
13.20661,2,1.2739912,61.111416,0,1,1,0,0,0,0,0,0,0,0,0,0,-0.30548337,OA,-0.23284279,0,0,0,0,0,1,0,0,0,1,0,0,0,0,0,0,0,0,0,0,0,0,0,0,0,0,1,0,0,0,0,0,0,0,0,0,1,0,-1,0,0,0,0,0,0,0,0,0,0,0,0,0,0,0,0,0,0,1,0,0,0,0,0,0,0,-1,0,0,0,0,1
9.444309,2,1.1655165,128.05869,1,1,1,0,0,0,0,0,0,0,0,1,1,-0.21815816,OA,0.14587419,0,0,0,0,1,1,0,0,0,1,1,0,1,1,1,0,0,0,1,0,0,0,0,1,0,0,0,1,0,0,0,0,0,0,1,1,0,1,-1,0,0,0,0,0,0,0,0,0,0,1,1,0,0,0,1,0,0,0,0,0,0,1,0,0,0,0,0,1,0,1,0
18.67061,3,1.4294581,36.705616,1,2,1,0,0,0,0,0,0,1,6,0,1,-0.09017258,C,-0.3406829,0,0,0,0,1,1,0,-1,0,1,0,0,0,1,1,0,0,0,1,1,0,0,0,0,0,0,0,1,0,0,0,0,0,0,0,1,0,0,0,0,0,0,0,0,0,0,0,0,0,0,1,0,0,0,0,0,0,0,0,0,0,1,0,1,0,0,0,0,0,1,0
12.221542,1,1.2110448,36.048412,0,0,0,0,1,1,1,1,0,0,0,1,1,0.021988926,HS14,-0.2474233,0,1,1,1,0,1,1,0,1,1,1,0,1,1,1,1,1,0,0,0,0,0,0,0,0,1,1,0,0,0,0,0,0,0,1,1,1,1,0,1,0,0,0,0,0,0,0,0,0,1,1,0,1,0,1,0,0,0,0,0,0,0,0,1,0,0,0,1,1,0,1
12.182513,4,1.4511725,121.327805,1,2,1,1,0,1,2,0,0,1,6,1,1,0.112107374,C,-0.07731634,1,0,0,0,0,0,0,0,1,1,1,0,1,1,1,1,1,0,1,1,1,0,0,1,0,1,0,1,0,0,1,0,0,0,1,1,0,0,0,1,0,0,0,0,0,0,0,0,0,1,1,0,1,0,1,0,0,1,0,0,0,1,0,1,1,0,0,0,1,1,0
13.581299,2,1.3499274,75.03736,0,2,0,0,0,0,1,0,0,0,0,0,0,-0.2042499,OE,-0.030470345,0,0,0,1,0,1,0,0,0,0,0,0,0,0,0,0,0,0,0,0,0,0,0,0,0,0,1,0,0,0,0,0,0,0,0,0,1,0,0,0,0,0,0,0,0,0,0,0,0,0,0,0,0,0,0,0,0,1,0,0,-1,0,0,0,0,0,0,1,0,0,1
14.674168,4,1.3847693,55.436565,1,1,1,2,0,2,1,1,0,1,6,1,1,0.18327445,C,0.029650938,1,0,1,0,0,0,0,0,1,0,0,0,1,0,0,1,1,0,0,1,0,0,0,1,0,0,0,0,-1,0,0,0,0,0,0,0,0,0,0,1,0,0,0,0,0,0,0,0,0,0,0,0,0,0,1,0,0,1,0,0,0,0,0,0,0,0,0,0,1,1,0
9.152844,1,1.2350254,34.63362,0,0,0,0,0,1,0,1,0,0,0,1,1,-0.007195789,HS14,-0.061475087,0,1,1,1,1,1,1,0,1,1,1,0,1,1,1,1,0,0,1,1,1,0,0,1,0,1,0,1,0,0,0,0,0,0,1,1,1,1,0,1,0,0,0,0,0,0,0,0,0,1,1,0,1,0,1,0,0,1,0,0,0,1,0,1,1,0,0,1,1,1,1
17.08477,1,1.3757632,4.253304,0,2,0,0,0,0,1,1,0,0,0,0,0,-0.136761,O,0.14155771,0,1,1,1,1,1,1,0,0,0,0,0,0,0,0,0,0,0,0,0,0,0,0,0,0,0,0,0,0,0,0,0,0,0,0,0,0,1,0,0,0,0,0,0,0,0,0,0,0,0,0,0,0,0,0,0,0,0,0,0,0,0,0,0,0,0,0,1,0,0,1
18.519724,1,1.262407,102.373085,0,1,0,0,0,0,0,1,0,0,0,0,0,-0.28613967,O,-0.3062389,0,1,1,0,1,1,1,0,0,0,0,0,0,0,0,0,0,0,0,0,0,0,0,0,0,0,0,0,0,0,-1,0,0,0,0,0,0,1,0,0,0,0,0,0,0,0,0,0,0,0,0,0,0,0,0,0,0,0,0,0,1,0,0,0,0,0,0,1,0,0,0
12.979296,4,1.07011,137.25053,1,1,0,1,0,1,1,1,0,1,0,1,0,0.38713622,C,0.50821364,1,0,1,1,0,0,0,0,0,0,0,0,0,0,0,0,1,0,0,0,0,0,0,0,0,0,0,0,0,0,0,0,0,0,0,0,1,0,0,0,0,0,0,0,0,0,0,0,0,0,0,0,0,0,0,0,0,0,0,0,0,0,0,0,0,0,0,0,0,0,0
9.1718645,1,1.431377,0.0,0,0,0,0,1,1,0,1,0,0,0,1,0,-0.10103386,OM,0.25314608,0,1,1,1,0,1,0,0,0,0,0,0,0,0,0,0,0,0,0,0,0,0,0,0,0,0,0,0,0,0,-1,0,0,0,0,0,0,1,0,0,0,0,0,0,0,0,0,0,0,0,0,0,0,0,0,0,0,0,0,0,1,0,0,0,0,0,0,1,0,0,0
7.650193,2,1.3996202,97.883644,0,2,0,0,0,0,2,0,0,1,0,0,1,-0.27059096,C,-0.06629158,1,1,1,1,0,1,1,0,1,1,1,0,1,1,1,1,1,0,1,1,1,0,0,0,0,1,1,1,0,0,0,0,0,0,1,1,1,1,0,1,0,0,0,0,0,0,0,0,0,1,1,0,1,0,1,0,0,1,0,0,0,0,0,1,1,0,0,1,1,1,1
14.180406,1,1.074791,65.137276,0,1,0,0,0,1,1,1,0,0,0,1,1,0.15796305,HS14,-0.10526936,0,1,1,1,1,1,1,0,1,1,1,0,1,1,1,1,0,0,1,1,1,0,0,1,0,1,1,1,0,0,0,0,0,0,1,1,1,1,0,1,0,0,0,0,0,0,0,0,0,1,1,0,1,0,1,0,0,1,0,0,0,0,0,1,1,0,0,1,1,1,1
17.370693,4,1.3586553,79.2231,1,1,1,2,0,2,0,1,0,1,0,0,1,0.09650281,C,0.33976573,1,0,0,0,0,0,0,0,0,0,0,0,1,1,0,1,0,0,1,1,0,0,0,1,0,0,0,1,-1,0,0,0,0,0,1,0,1,0,0,0,0,0,0,0,0,0,0,0,0,1,1,0,0,0,1,0,0,0,0,0,0,1,0,1,0,0,0,0,0,1,0
11.697091,2,1.3902422,115.793686,1,2,0,0,0,0,1,0,0,1,6,1,1,-0.2942659,OE,0.07715877,0,1,1,1,1,1,1,0,1,1,1,0,1,1,1,1,1,0,1,1,1,0,0,1,0,1,1,1,0,0,0,0,0,0,1,1,0,1,0,1,0,0,0,0,0,0,0,0,0,1,1,0,1,0,1,0,0,1,0,0,0,1,0,1,1,0,0,1,1,1,1
13.398647,4,1.3416961,78.967445,1,1,1,0,0,0,0,0,0,0,0,0,1,-0.28304824,C,-0.40196586,0,0,0,0,1,1,0,0,0,0,0,0,0,0,0,0,0,0,0,0,0,0,0,0,0,0,0,0,0,0,0,0,0,0,0,0,0,0,0,0,0,0,0,0,0,0,0,0,0,0,0,0,0,0,0,0,0,0,0,0,0,1,0,0,0,0,0,0,0,0,0
12.49621,1,1.3148735,23.372585,0,1,0,0,0,0,1,0,0,0,0,0,0,-0.2193908,O,-0.2752851,0,1,1,0,0,1,1,0,0,0,0,0,0,0,0,0,0,0,0,0,0,0,0,0,0,0,1,0,0,0,-1,0,0,0,0,0,0,1,0,0,0,0,0,0,0,0,0,0,0,0,0,0,0,0,0,0,0,0,0,0,0,0,0,0,0,0,0,1,0,0,1
9.11072,4,1.3940834,105.2578,1,1,0,2,0,2,1,1,0,1,6,1,1,0.066040896,C,-0.08345436,1,1,1,1,1,0,1,0,1,1,1,0,1,1,1,1,1,0,1,1,1,0,0,1,0,1,0,1,-1,0,0,0,0,0,1,1,1,1,0,1,0,0,0,0,0,0,0,0,0,1,1,0,1,0,1,1,0,1,0,0,0,1,0,1,1,0,0,1,1,1,0
13.243367,1,1.1701196,7.109654,0,0,0,0,1,0,0,1,0,0,0,1,1,0.09322134,H,0.010449854,0,1,1,1,0,1,1,0,1,1,1,0,1,1,1,1,1,0,1,1,1,0,0,0,0,1,1,1,0,0,0,0,0,0,0,1,1,1,0,1,0,0,0,0,0,0,0,0,0,1,1,0,1,0,1,0,0,0,0,0,1,0,0,1,1,0,0,1,1,1,1
10.404492,3,1.3752463,137.48946,1,2,0,0,0,0,0,1,0,1,6,1,1,0.04243825,C,0.2450921,1,1,1,1,1,1,1,0,1,1,1,0,1,1,1,1,1,0,1,1,1,0,0,1,0,1,1,1,0,0,0,0,0,0,1,1,1,1,0,1,0,0,0,0,0,0,0,0,0,1,1,0,1,0,1,0,0,1,0,0,0,1,0,1,1,0,0,0,1,1,1
9.458312,2,1.2727357,64.76793,0,2,0,0,0,0,0,0,0,1,6,0,1,-0.03810813,CH2,-0.003123488,0,1,1,1,1,1,1,0,1,1,1,0,1,1,1,1,1,0,1,1,1,0,0,0,0,1,1,1,0,0,0,0,0,0,1,1,1,0,0,1,0,0,0,0,0,0,0,0,0,1,1,0,1,0,1,0,0,1,0,0,-1,1,0,1,1,0,0,0,1,1,1
11.131739,3,1.2809733,136.06549,1,1,1,0,0,0,0,1,0,0,0,1,1,-0.18336874,C,0.07029131,1,1,1,0,1,1,1,0,1,1,1,0,1,1,1,1,0,0,1,1,1,0,0,1,0,1,1,1,0,0,0,0,0,0,1,1,0,1,0,1,0,0,0,0,0,0,0,0,0,1,1,0,1,0,1,0,0,0,0,0,0,1,0,1,1,0,0,1,1,1,0
7.3135123,2,1.237314,52.053135,0,1,1,0,0,0,0,0,0,0,0,0,0,-0.31815207,OA,-0.24902505,0,1,1,1,0,1,1,0,1,0,0,0,0,0,1,1,0,0,0,1,1,0,0,0,0,0,1,0,0,0,0,0,0,0,1,0,1,0,0,0,0,0,0,0,0,0,0,0,0,1,1,0,0,0,0,0,0,0,0,0,0,0,0,1,1,0,0,1,0,1,1
14.58215,1,1.4926014,56.2711,1,1,0,0,0,0,0,1,0,0,0,1,1,0.048567712,C,0.2741391,1,1,1,1,1,0,1,0,0,0,0,0,1,0,0,1,0,0,0,1,1,0,0,1,0,0,0,1,0,0,0,0,0,0,0,0,0,1,0,1,0,0,0,0,0,0,0,0,0,0,0,0,0,0,1,0,0,0,0,0,1,1,0,1,1,0,0,1,0,1,0
10.447391,4,1.3895292,114.56686,0,2,0,1,0,1,2,0,0,1,6,1,1,0.019908711,C,0.039366215,1,0,0,1,0,0,0,0,1,1,1,0,1,1,1,1,1,0,1,1,1,0,0,1,0,1,1,1,0,0,1,0,0,0,1,1,1,0,0,1,0,0,0,0,0,0,0,0,0,1,1,0,1,0,1,0,0,1,0,0,0,0,0,1,1,0,0,0,1,1,1
10.476739,1,1.0857648,68.41934,0,1,0,0,0,1,0,0,0,0,0,0,0,-0.16364022,H,-0.3152585,0,1,0,1,0,1,0,0,0,0,0,0,0,0,0,0,0,0,0,0,0,0,0,0,0,0,1,0,0,0,0,0,0,0,0,0,1,1,0,0,0,0,0,0,0,0,0,0,0,0,0,0,0,0,0,0,0,0,0,0,0,0,0,0,0,0,0,1,0,0,1
11.795348,2,1.2034441,103.13517,0,1,1,0,0,0,0,0,0,0,0,0,0,-0.3917942,OA,-0.23311266,0,0,0,0,0,1,0,0,0,0,0,0,0,0,0,0,0,0,0,0,0,0,0,0,0,0,1,0,0,0,0,0,0,0,0,0,0,0,-1,0,0,0,0,0,0,0,0,0,0,0,0,0,0,0,0,0,0,0,0,0,0,0,0,0,0,-1,0,1,0,0,1
7.5281296,4,1.2477407,93.82428,0,1,0,1,0,1,0,0,0,0,0,0,0,-0.07509252,C,-0.39307758,1,0,0,1,0,0,0,0,0,0,0,0,0,0,0,0,0,0,0,0,0,0,0,0,0,0,0,0,0,0,0,0,0,0,0,0,1,0,0,0,0,0,0,0,0,0,0,0,0,0,0,0,0,0,0,0,0,0,0,0,0,0,0,0,0,0,0,0,0,0,0
10.116316,3,1.2439576,86.477036,1,2,0,0,1,0,0,0,0,1,6,1,0,0.2445208,C,-0.074694626,1,0,0,0,1,0,0,0,0,0,0,0,0,0,0,0,1,0,0,0,0,0,0,0,0,0,1,0,0,0,0,0,0,0,0,0,0,0,0,0,0,0,0,0,0,0,0,0,0,0,0,0,0,0,0,0,0,1,0,0,0,0,0,0,0,0,0,0,0,0,1
9.011945,3,1.2724221,153.74147,1,2,1,0,0,0,0,1,0,1,6,0,1,-0.15098575,C,0.12509127,1,1,1,0,1,1,1,-1,1,1,1,0,1,1,1,1,1,0,1,1,1,0,0,1,0,1,0,1,0,0,0,0,0,0,1,1,0,1,0,1,0,0,0,0,0,0,0,0,0,1,1,0,1,0,1,0,0,0,0,0,0,0,0,1,1,0,0,0,1,1,1
22.939915,3,1.2355713,89.65281,1,2,0,0,1,1,0,1,0,1,6,1,1,-0.0969813,C,-0.33376032,1,1,1,1,1,0,1,0,1,1,1,0,1,1,1,1,1,0,1,1,1,0,0,1,0,1,0,1,0,0,0,0,0,0,1,1,1,1,0,1,0,0,0,0,0,0,0,0,0,1,1,0,1,0,1,0,0,0,0,0,0,1,0,1,1,0,0,1,1,1,0
7.3351784,3,1.3386906,88.16392,1,3,0,2,0,2,0,1,0,1,6,1,1,0.13512586,C,0.4118661,1,1,1,0,0,0,1,0,0,0,1,0,1,0,0,0,1,0,0,1,0,0,0,1,0,1,0,0,-1,0,0,0,0,0,0,1,0,0,0,1,0,0,0,0,0,0,0,0,0,0,0,0,0,0,0,0,0,0,0,0,0,1,0,0,0,0,0,0,0,1,0
13.956523,4,1.1831679,70.82545,0,1,3,0,0,0,0,0,0,0,0,0,1,-0.14659013,OA,0.09081649,0,1,1,1,0,1,1,0,1,1,1,0,1,1,1,1,0,0,1,1,1,0,0,1,0,1,1,1,0,0,0,0,0,0,1,1,1,1,0,1,0,0,0,0,0,0,0,0,0,1,1,0,1,0,1,0,0,0,0,0,0,1,0,1,1,0,0,1,1,1,0
11.60624,1,1.0214025,56.735596,0,0,0,1,0,1,0,0,0,0,0,0,0,0.021521624,H,0.51578397,0,0,0,1,0,1,0,0,0,0,0,0,0,0,0,0,0,0,0,0,0,0,0,0,0,0,1,0,0,0,0,0,0,0,0,0,1,1,0,0,0,0,0,0,0,0,0,0,0,0,0,0,0,0,0,0,0,1,0,0,-1,0,0,0,0,0,0,0,0,0,1
5.896676,1,1.1688902,48.121788,0,0,0,1,0,1,0,0,0,0,0,0,0,0.17669934,H,0.27169305,0,0,0,1,0,0,0,0,0,0,0,0,0,0,0,0,1,0,0,0,0,0,0,0,0,1,1,0,0,0,0,0,0,0,0,1,1,0,0,0,0,0,0,0,0,0,0,0,0,0,0,0,0,0,0,0,0,1,0,0,-1,0,0,0,0,0,0,0,0,0,1
17.98028,4,1.3254753,73.011475,0,1,2,1,0,1,1,0,0,0,0,0,0,0.06087535,C,-0.073007695,1,0,0,0,0,0,0,0,0,0,0,0,0,0,0,0,0,0,0,0,0,0,0,0,0,0,1,0,0,0,0,0,0,0,0,0,0,0,0,0,0,0,0,0,0,0,0,0,0,0,0,0,0,0,0,0,0,1,0,0,0,0,0,0,0,0,0,0,0,0,0
13.516151,3,1.4871814,106.78108,1,1,1,0,0,0,0,0,0,1,0,0,0,-0.33939123,C,-0.21069682,1,0,0,0,1,0,0,0,0,0,0,0,0,0,0,0,0,0,0,0,0,0,0,1,0,0,1,0,0,0,0,0,0,0,0,0,0,0,0,0,0,0,0,0,0,0,0,0,0,0,0,0,0,0,0,0,0,0,0,0,0,1,0,0,0,0,0,0,0,0,0
18.417336,1,1.3725114,8.326198,0,1,0,0,0,0,0,0,0,0,0,0,0,-0.042191584,C,-0.01603591,0,1,1,0,0,1,1,0,0,0,0,0,0,0,0,0,0,0,0,0,0,0,0,0,0,0,0,0,0,0,0,0,0,0,0,0,0,0,0,0,0,0,0,0,0,0,0,0,0,0,0,0,0,0,0,0,0,0,0,0,0,0,0,0,0,0,0,0,0,0,0
7.575436,2,1.1547735,0.0,0,0,0,0,1,1,0,1,0,0,0,1,0,0.21960068,H,-0.03709959,0,0,0,1,0,1,0,0,0,0,0,0,0,0,0,0,1,0,0,0,0,0,0,0,0,0,1,0,0,0,0,0,0,0,0,0,1,0,0,0,0,0,0,0,0,0,0,0,0,0,0,0,0,0,0,0,0,0,0,0,0,0,0,0,0,0,0,1,0,0,1
10.873131,2,1.5889742,54.28648,0,2,0,0,0,0,0,0,0,1,0,0,0,0.20905347,C,-0.17951344,1,0,0,0,0,0,0,0,0,0,0,0,0,0,0,0,0,0,0,0,0,0,0,0,0,0,1,0,0,0,0,0,0,0,0,0,0,0,0,0,0,0,0,0,0,0,0,0,0,0,0,0,0,0,0,0,0,1,0,0,-1,0,0,0,0,0,0,0,0,0,0
16.743528,1,1.3826036,28.405766,0,2,0,0,0,0,0,1,0,0,0,0,0,0.017016793,OE,0.21173282,0,0,0,1,0,1,0,0,0,0,0,0,0,0,0,0,1,0,0,0,0,0,0,0,0,0,1,0,0,0,0,0,0,0,0,0,1,1,0,0,0,0,0,0,0,0,0,0,0,0,0,0,0,0,0,0,0,0,0,0,0,0,0,0,0,0,0,1,0,0,1
6.72025,1,1.0821995,62.869415,1,0,0,0,1,1,1,1,0,0,0,1,0,-0.13434522,O,0.14985271,0,1,1,1,1,1,1,0,0,0,0,-1,0,0,0,0,0,0,0,0,0,0,0,0,0,0,0,0,0,0,0,0,0,0,0,0,0,1,0,0,0,0,0,0,0,0,0,0,0,0,0,0,0,0,0,0,0,0,0,0,1,0,0,0,0,0,0,1,0,0,0
13.336001,2,1.1708018,134.8682,0,1,0,0,0,0,0,1,0,0,0,1,1,-0.19707812,OA,-0.1687615,0,1,1,1,1,1,1,0,1,1,1,0,1,1,1,1,0,0,1,1,1,0,0,1,0,1,1,1,0,0,0,0,0,0,1,1,1,1,0,1,0,0,0,0,0,0,0,0,0,1,1,0,1,0,1,0,0,0,0,0,1,1,0,1,1,0,0,1,1,1,1
8.440724,2,1.2802329,54.78739,0,1,0,0,0,0,0,0,0,0,0,0,0,-0.26859963,OE,-0.10841179,0,1,0,1,0,1,1,0,0,0,0,0,0,0,0,0,0,0,0,0,0,0,0,0,0,0,1,0,0,0,0,0,0,0,0,0,1,1,-1,0,0,0,0,0,0,0,0,0,0,0,0,0,0,0,0,0,0,0,0,0,0,0,0,0,0,0,0,1,0,0,1
10.81172,3,1.3722255,114.57099,1,2,0,0,0,0,0,1,0,1,6,1,1,0.087190665,C,-0.024618544,1,1,1,0,1,1,1,0,1,1,1,0,1,1,1,1,1,0,1,1,1,0,0,1,0,1,1,1,0,0,0,0,0,0,1,1,1,0,0,1,0,0,0,0,0,0,0,0,0,1,1,0,1,0,1,0,0,1,0,0,0,1,0,1,1,0,0,0,1,1,1
14.120848,2,1.2589704,105.40754,0,2,0,0,0,0,1,0,0,1,0,0,0,-0.21740226,OE,0.033597536,0,0,0,0,0,1,0,0,0,0,0,0,0,0,0,0,0,0,0,0,0,0,0,0,0,0,1,0,0,0,0,0,0,0,0,0,1,0,0,0,0,0,0,0,0,0,0,0,0,0,0,0,0,0,0,0,0,0,0,0,0,0,0,0,0,0,0,1,0,0,1
19.87706,4,1.4526527,103.3949,0,2,1,1,0,1,2,0,0,1,6,0,0,0.08847247,C,0.011287008,1,0,0,0,0,0,0,0,0,0,0,0,0,0,0,0,0,0,0,0,0,0,0,0,0,0,0,0,0,0,1,0,0,0,0,0,0,0,0,0,0,0,0,0,0,0,0,0,0,0,0,0,0,0,0,0,0,1,0,0,0,0,0,0,0,0,0,0,0,0,0
12.1900625,3,1.1999193,95.05885,1,2,0,0,0,0,1,0,0,1,6,1,1,-0.32528713,OE,-0.31490576,0,0,0,0,1,1,0,-1,1,1,1,0,1,1,1,1,1,0,1,1,1,0,0,1,0,1,1,1,0,0,0,0,0,0,1,1,0,0,0,1,0,0,0,0,0,0,0,0,0,1,1,0,1,0,1,0,0,1,0,0,0,1,0,0,1,0,0,1,1,1,1
11.158498,4,1.2745234,96.45496,0,2,1,1,0,1,2,1,0,1,6,1,1,0.100851595,C,0.06115234,1,0,1,0,0,0,1,0,1,1,1,0,1,1,1,1,1,0,1,1,1,0,0,1,0,1,1,1,0,0,1,0,0,0,1,1,1,1,0,1,0,0,0,0,0,0,0,0,0,1,1,0,1,0,1,0,0,1,0,0,0,1,0,1,1,0,0,0,1,1,1
14.276716,2,1.2049022,96.26391,0,1,0,0,0,0,1,0,0,0,0,0,0,-0.48502353,OE,-0.26430136,0,1,0,1,0,1,0,0,0,0,0,0,0,0,0,0,0,0,0,0,0,0,0,0,0,0,1,0,0,0,0,0,0,0,0,0,1,1,0,0,0,0,0,0,0,0,0,0,0,0,0,0,0,0,0,0,0,0,0,0,0,0,0,0,0,0,0,1,0,0,1
17.627018,1,1.3509542,41.218914,0,1,0,0,0,0,0,1,0,0,0,1,1,0.036348406,OA,-0.28405413,0,1,1,0,1,1,1,0,1,1,1,0,1,1,1,1,0,0,1,1,1,0,0,1,0,1,1,1,0,0,0,0,0,0,1,1,0,1,0,1,0,0,0,0,0,0,0,0,0,1,1,0,1,0,1,0,0,0,0,0,0,1,0,1,1,0,0,1,1,1,0
15.561963,2,1.2372471,163.55779,0,1,1,0,0,0,0,0,0,0,0,0,0,-0.35277578,OA,-0.05503674,0,0,0,0,0,1,1,0,0,0,0,0,0,0,0,0,0,0,0,0,0,0,0,1,0,0,1,0,0,0,0,0,0,0,0,0,0,0,-1,0,0,0,0,0,0,0,0,0,0,0,0,0,0,0,0,0,0,0,0,0,0,1,0,0,0,0,0,0,0,0,0
13.541436,4,1.3316448,60.614918,1,2,1,2,0,1,1,0,0,1,6,0,1,0.06691439,C,-0.0020640895,1,0,0,1,0,0,0,0,1,1,1,0,1,1,1,1,1,0,1,1,1,0,0,0,0,1,0,1,-1,0,0,0,0,0,1,1,1,0,0,1,0,0,0,0,0,0,0,0,0,1,1,0,1,0,1,0,0,1,0,0,0,0,0,1,1,0,0,0,1,1,1
1.008,1,1.4309444,56.779175,0,1,0,0,0,0,0,0,0,0,0,0,0,-0.14797696,CH3,0.37183836,0,1,1,1,0,0,1,0,0,0,0,0,0,0,0,0,0,0,0,0,0,0,0,0,0,0,0,0,0,0,0,0,0,0,0,0,1,1,0,0,0,0,0,0,0,0,0,0,0,0,0,0,0,0,0,0,0,0,0,0,-1,0,0,0,0,0,0,1,0,0,0
20.325994,2,1.4623106,146.19797,0,2,0,0,0,0,2,0,0,1,6,0,0,-0.12890635,OE,-0.608,1,0,0,0,0,1,0,0,0,0,0,0,0,0,0,0,0,0,0,0,0,0,0,0,0,0,1,0,0,0,0,0,0,0,0,0,0,0,0,0,0,0,0,0,0,0,0,0,0,0,0,0,0,0,0,0,0,0,0,0,0,0,0,0,0,0,0,0,0,0,1
16.980156,2,1.1319758,61.08595,0,1,0,0,0,0,2,1,0,0,0,0,1,-0.25147545,OE,-0.450029,0,1,1,0,0,1,1,0,1,1,1,0,1,1,1,1,0,0,1,1,1,0,0,1,0,1,1,1,0,0,0,0,0,0,1,1,0,1,0,1,-1,0,0,0,0,0,0,0,0,1,1,0,1,0,1,0,0,1,0,0,0,1,0,1,1,0,0,1,1,1,1
18.32083,4,1.3112993,146.14528,1,1,2,1,0,0,0,0,0,0,0,0,1,-0.0032014083,C,0.13451502,1,1,0,0,1,0,0,0,1,0,1,0,0,1,1,0,0,0,1,1,1,0,0,0,0,0,0,1,0,0,0,0,0,0,0,0,0,0,0,1,0,0,0,0,0,0,0,0,0,0,1,0,1,0,0,0,0,0,0,-1,0,1,0,0,0,0,0,0,1,1,0
10.752855,4,1.4762825,131.35854,1,1,1,0,0,0,1,0,0,1,6,1,1,-0.02782932,C,-0.21032427,1,1,1,0,0,0,0,0,1,1,1,0,1,1,1,1,1,0,1,1,1,0,0,1,0,1,1,1,0,0,0,0,0,0,1,1,0,0,0,1,0,0,0,0,0,0,0,0,0,1,1,0,1,0,1,0,0,1,0,0,0,1,0,1,1,0,0,0,1,1,0
13.976324,2,1.3640335,139.3063,0,2,0,0,0,0,1,0,0,1,6,1,0,-0.14740874,C,-0.24512435,0,1,0,1,0,1,1,0,0,0,0,0,0,0,0,0,1,0,0,0,0,0,0,0,0,0,1,0,0,0,0,0,0,0,0,0,0,1,0,0,0,0,0,0,0,0,0,0,0,0,0,0,0,0,0,0,0,0,0,0,0,0,0,0,0,0,0,1,0,0,1
14.769875,4,1.3331599,71.2082,0,2,0,0,0,0,0,0,0,1,0,1,0,-0.010231742,C,-0.10783231,1,0,0,0,0,0,0,0,0,1,0,0,1,0,1,1,1,0,1,1,1,0,0,0,0,1,1,0,0,0,0,0,0,0,1,0,1,0,0,1,0,0,0,0,0,0,0,0,0,1,0,0,1,0,1,0,0,1,0,0,-1,0,0,1,1,0,0,0,0,1,1
11.002296,4,1.319771,66.13306,0,1,0,0,0,0,0,1,0,0,0,1,1,-0.084469154,C,0.0885397,1,1,1,0,1,1,1,0,1,1,1,0,1,1,1,1,0,0,1,1,1,0,0,1,0,1,1,1,0,0,0,0,0,0,1,1,0,1,0,1,0,0,0,0,0,0,0,0,0,1,1,0,1,0,1,0,0,0,0,0,-1,1,0,1,1,0,0,1,1,1,0
9.119026,4,1.2943361,129.35971,1,1,0,0,0,0,0,1,0,0,0,1,1,0.014264428,C,0.05074276,1,1,1,0,0,0,1,0,1,1,1,0,1,1,1,1,0,0,1,1,1,0,0,1,0,1,1,1,0,0,0,0,0,0,1,1,0,1,0,1,0,0,0,0,0,0,0,0,0,1,1,0,1,0,1,0,0,1,0,0,0,1,0,1,1,0,0,1,1,1,0
11.996501,4,1.3406115,88.613014,1,2,0,1,0,0,0,0,0,1,6,0,1,-0.047807004,C,-0.06962705,1,1,1,1,1,0,0,0,1,1,1,0,1,1,1,1,1,0,1,1,1,0,0,1,0,1,1,1,0,0,0,0,0,0,1,1,1,0,0,1,0,0,0,0,0,0,0,0,0,1,1,0,1,0,1,0,0,1,0,0,0,1,0,1,1,0,0,0,1,1,0
10.876311,4,1.4989754,81.68963,1,2,0,0,0,1,0,0,0,1,0,0,0,0.13300139,C,0.36113238,1,0,0,1,0,0,0,0,0,0,1,0,0,0,0,0,1,0,0,0,0,0,0,0,0,1,0,0,0,0,0,0,0,0,0,0,1,0,0,0,0,0,0,0,0,0,0,0,0,0,0,0,0,0,0,0,0,1,0,0,0,0,0,0,0,0,0,0,0,0,0
16.761324,3,1.3788462,128.316,1,3,0,0,0,0,0,1,0,1,0,0,1,-0.09436601,C,0.037934158,1,1,1,0,1,0,1,0,1,1,1,0,1,1,1,1,1,0,1,1,1,0,0,1,0,1,1,1,0,0,0,0,0,0,1,1,0,0,0,1,0,0,0,0,-1,0,0,0,0,1,1,0,1,0,1,0,0,0,0,0,0,1,0,1,1,0,0,0,1,1,0
13.163543,1,1.4146527,73.72922,0,1,0,0,0,0,0,0,0,0,0,0,0,-0.09067549,CH3,0.15176234,0,1,1,1,0,1,1,0,0,0,0,0,0,0,0,0,0,0,0,0,0,0,0,0,0,0,0,0,0,0,0,0,0,0,0,0,1,1,0,0,0,0,0,0,0,0,0,0,0,0,0,0,0,0,0,0,0,0,0,0,0,0,0,0,0,0,0,1,0,0,0
7.6955476,1,1.2285346,29.00833,0,0,0,1,0,1,0,0,0,1,6,1,0,0.14356741,H,0.29407722,0,0,0,1,0,0,0,0,0,0,1,0,0,0,0,0,1,0,0,0,0,0,0,0,0,1,0,0,0,0,0,0,0,0,0,1,1,1,0,0,0,0,0,0,0,0,0,0,0,0,0,0,0,0,0,0,0,1,0,0,-1,0,0,0,0,0,0,0,0,0,1
16.999372,1,1.3186595,30.116047,0,1,0,0,0,0,0,1,0,0,0,0,0,-0.08952606,H,0.039447103,0,1,1,1,1,1,1,0,1,1,1,0,0,1,1,1,0,0,1,1,1,0,0,0,0,1,1,1,0,0,0,0,0,0,1,0,1,1,0,1,0,0,0,0,0,0,0,0,0,1,1,0,1,0,1,0,0,0,0,0,0,0,0,1,1,0,0,1,1,1,1
11.510096,4,1.3876538,54.309597,1,2,1,1,0,1,2,1,0,1,6,1,1,-0.07199777,C,-0.052047163,1,0,0,1,0,0,0,0,1,1,1,0,1,1,1,1,1,0,1,1,1,0,0,1,0,1,0,1,0,0,1,0,0,0,1,1,1,1,0,1,0,0,0,0,0,0,0,0,0,1,1,0,1,0,1,0,0,1,0,0,0,0,0,1,1,0,0,0,1,1,0
2.886436,1,1.4849204,0.0,0,0,0,0,0,1,0,0,0,0,0,0,0,0.18248007,H,-0.2878778,0,0,0,1,0,1,0,0,0,0,0,0,0,0,0,0,0,0,0,0,0,0,0,0,0,0,1,0,0,0,0,0,0,0,0,0,1,0,0,0,0,0,0,0,0,0,0,0,0,0,0,0,0,0,0,0,0,0,0,0,-1,0,0,0,0,0,0,0,0,0,1
8.401789,3,1.2234815,122.094666,1,2,0,0,1,1,0,1,0,0,0,1,1,0.058790836,C,0.053568065,0,1,1,1,1,1,1,0,1,1,1,0,1,1,1,1,1,0,1,1,1,0,0,1,0,1,1,1,0,0,0,0,0,0,1,1,1,1,0,1,0,0,0,0,0,0,0,0,0,1,1,0,1,0,1,0,0,1,0,0,0,1,0,1,1,0,0,1,1,1,1
11.576273,3,1.2944782,140.20908,1,2,1,0,0,0,0,1,0,1,0,1,1,-0.19486707,C,-0.08860501,1,0,1,0,1,0,1,0,1,1,1,0,1,1,1,1,1,0,1,1,1,0,0,1,0,1,1,1,0,0,0,0,0,0,1,1,0,1,0,1,0,0,0,0,0,0,0,0,0,1,1,0,1,0,1,0,0,1,0,0,0,1,0,1,1,0,0,0,1,1,1
11.971012,4,1.1798987,100.533775,1,1,3,0,0,0,2,1,0,0,0,0,1,-0.045152303,C,-0.071989514,1,0,1,0,1,0,1,0,1,1,1,0,1,1,1,1,0,0,1,1,1,0,0,1,0,1,1,1,0,0,0,0,0,0,1,1,0,0,0,1,0,0,0,0,0,0,0,0,0,1,1,0,1,0,1,0,0,1,0,0,0,1,0,1,1,0,0,0,1,1,0
11.127496,4,1.2736821,66.987495,1,1,0,0,0,2,0,1,0,1,0,1,0,-0.009835608,C,0.11589924,1,1,1,0,0,0,1,0,0,0,0,0,0,0,0,0,0,0,0,0,0,0,0,1,0,0,0,0,0,0,0,0,0,0,0,0,0,0,0,0,0,0,0,0,0,0,0,0,0,0,0,0,0,0,0,0,0,0,0,0,0,1,0,0,0,0,0,0,0,0,0
11.038233,3,1.3638865,141.04443,1,1,2,1,1,1,1,0,0,0,0,0,0,-0.07089109,C,0.20682122,1,0,0,0,1,0,0,0,0,0,0,0,0,0,0,0,0,0,0,0,0,0,0,1,0,0,0,0,0,0,0,-1,0,0,0,0,0,0,0,0,0,0,0,0,0,0,0,0,0,0,0,0,0,0,0,0,0,0,0,0,0,0,0,0,0,0,0,0,0,0,0
12.837858,3,1.3649905,106.6239,1,3,0,0,0,0,0,1,0,1,6,1,1,0.08977541,C,0.0023120246,1,1,1,0,1,0,1,0,1,1,1,0,1,1,1,1,1,0,1,1,1,0,0,1,0,1,1,1,0,0,0,0,0,0,1,1,0,1,0,1,0,0,0,0,0,0,0,0,0,1,1,0,1,0,1,0,0,1,0,0,0,1,0,1,1,0,0,1,1,1,0
12.374275,3,1.3981214,106.36376,1,2,1,0,0,0,1,0,0,1,6,1,0,0.056444764,C,-0.233522,1,0,0,0,0,0,0,0,0,0,0,0,0,0,0,0,1,0,0,0,0,0,0,0,0,0,0,0,0,0,0,0,0,0,0,0,0,0,0,0,0,0,0,0,0,0,0,0,0,0,0,0,0,0,0,0,0,0,0,0,0,0,0,0,0,0,0,0,0,0,0
14.347189,1,1.1604085,119.22037,0,1,0,0,0,0,1,1,0,0,0,1,1,-0.20243908,O,-0.09885184,0,1,1,1,1,1,1,0,1,1,1,0,1,1,1,1,0,0,1,1,1,0,0,1,0,1,1,1,0,0,0,0,0,0,1,1,1,1,0,1,0,0,0,0,0,0,0,0,0,1,1,0,1,0,1,0,0,0,0,0,0,1,0,1,1,0,0,1,1,1,1
16.63636,1,0.96,0.3081698,0,1,0,1,0,0,0,0,0,0,0,0,0,-0.10331262,H,-0.013514564,0,0,0,1,0,1,0,0,0,0,0,0,0,0,0,0,0,0,0,0,0,0,0,0,0,0,1,0,0,0,0,0,0,0,0,0,1,0,0,0,0,0,0,0,0,0,0,0,0,0,0,0,0,0,0,0,0,0,0,0,-1,0,0,0,0,0,0,1,0,0,1
13.397689,1,1.4922788,31.454277,1,0,0,0,1,0,0,1,0,0,0,1,1,-0.18944123,N,-0.092215344,0,1,1,1,1,1,1,0,1,1,1,0,1,1,1,1,0,0,1,1,1,0,0,1,0,1,0,1,0,0,0,0,0,0,1,1,0,1,0,1,0,0,0,0,0,0,0,0,0,1,1,0,1,0,1,0,0,0,0,0,0,1,0,1,1,0,0,1,1,1,0
6.493915,2,1.4208505,90.50489,1,2,1,0,0,0,0,0,0,1,0,0,1,-0.23342893,C,-0.036247645,0,1,0,1,1,1,1,-1,1,1,1,0,1,1,1,1,1,0,1,1,1,0,0,0,0,1,1,1,0,0,0,0,0,0,1,1,1,1,0,1,0,0,0,0,0,0,0,0,0,1,1,0,1,0,1,0,0,0,0,0,0,1,0,1,1,0,0,0,1,1,1
13.452775,2,1.4157821,83.303825,0,1,1,0,0,0,0,0,0,0,0,0,0,-0.17328335,OA,-0.15520635,0,0,0,0,0,1,0,0,0,0,0,0,0,0,0,0,0,0,0,0,0,0,0,0,0,0,1,0,0,0,0,0,0,0,0,0,0,0,-1,0,0,0,0,0,0,0,0,0,0,0,0,0,0,0,0,0,0,0,0,0,0,0,0,0,0,0,0,0,0,0,1
2.01563,1,1.0063878,0.0,0,0,0,0,0,1,0,1,0,0,0,0,0,-0.07442983,H,-0.027898625,0,1,0,1,1,1,0,0,0,0,0,-1,0,0,0,0,0,0,0,0,0,0,0,0,0,0,0,0,0,0,0,0,0,0,0,0,1,1,0,0,0,0,0,0,0,0,0,0,0,0,0,0,0,0,0,0,0,0,0,0,1,0,0,0,0,0,0,1,0,0,0
15.674784,2,1.3288426,53.8546,0,2,0,0,0,0,0,0,0,0,0,0,0,-0.15598361,OE,-0.12534666,0,0,0,1,0,1,0,0,0,0,0,0,0,0,0,0,0,0,0,0,0,0,0,0,0,0,1,0,0,0,0,0,0,0,0,0,1,0,0,0,0,0,0,0,0,0,0,0,0,0,0,0,0,0,0,0,0,0,0,0,-1,0,0,0,0,0,0,0,0,0,1
11.18369,4,1.4536593,100.94239,0,2,2,0,0,0,0,0,0,1,6,0,0,-0.013184179,C,0.074830644,1,0,0,0,0,0,0,0,0,0,1,0,0,0,1,0,1,0,0,0,1,0,0,0,0,0,0,0,0,0,0,0,0,0,0,1,1,0,0,1,0,0,0,0,0,0,0,0,0,0,1,0,1,0,0,0,0,0,0,0,0,0,0,0,0,0,0,0,1,1,0
15.5032,4,1.3223497,123.51511,0,1,2,0,0,2,1,0,0,0,0,0,1,-0.29313502,C,-0.13933362,1,1,1,1,1,0,0,0,1,1,1,0,1,1,1,1,0,0,1,1,1,0,0,0,0,1,0,1,0,0,0,0,0,0,1,1,1,1,1,1,0,0,0,0,0,0,0,0,0,1,1,0,1,0,1,0,0,0,0,0,0,0,0,1,1,0,0,1,1,1,0
12.219996,3,1.421104,124.43091,1,1,0,1,1,2,0,1,0,1,6,1,1,-0.01128027,C,0.118368,1,1,1,1,1,0,1,0,1,1,1,0,1,1,1,1,1,0,1,1,1,0,0,1,0,1,0,1,0,0,0,-1,0,0,1,1,0,1,0,1,0,0,0,0,-1,0,0,0,0,1,1,0,1,0,1,0,0,0,0,0,0,1,0,1,1,0,0,0,1,1,0
7.945428,1,1.422005,9.286661,0,1,0,0,1,0,0,1,0,0,0,1,0,-0.12931126,CH3,-0.16176336,0,1,1,1,0,1,1,0,0,0,0,0,0,0,0,0,0,0,0,0,0,0,0,0,0,0,0,0,0,0,0,0,0,0,0,0,0,1,0,0,0,0,0,0,0,0,0,0,0,0,0,0,0,0,0,0,0,0,0,0,1,0,0,0,0,0,0,1,0,0,0
6.650889,3,1.3904657,67.56559,1,2,0,0,0,1,0,1,0,1,6,1,1,0.2162705,C,0.07225664,1,1,1,1,1,0,1,0,1,1,1,0,1,1,1,1,1,0,1,1,1,0,0,1,0,1,0,1,0,0,0,0,0,0,1,1,1,1,0,1,0,0,0,0,0,0,0,0,0,1,1,0,1,0,1,0,0,1,0,0,0,1,0,1,1,0,0,0,1,1,1
11.280932,4,1.4970057,139.6434,1,1,0,2,0,2,0,0,0,1,6,0,1,0.15563165,C,0.21113852,1,1,0,0,0,0,0,0,1,1,1,0,1,1,1,1,0,0,1,1,1,0,0,0,0,1,0,1,-1,0,0,0,0,0,1,1,0,0,0,1,0,0,0,0,0,0,0,0,0,0,1,0,1,0,1,0,0,0,0,0,0,0,0,1,1,0,0,0,1,1,0
9.220374,1,1.1716022,104.05198,1,1,0,0,0,1,0,1,0,0,0,1,1,-0.05794089,OM,0.13262779,0,1,1,1,1,1,1,0,1,1,1,0,1,1,1,1,0,0,1,1,1,0,0,1,0,1,0,1,0,0,0,0,0,0,1,1,1,1,0,1,0,0,0,0,0,0,0,0,0,1,1,0,1,0,1,0,0,0,0,0,0,1,0,1,1,0,0,1,1,1,1
12.898088,3,1.2359289,69.314255,1,2,1,0,0,0,1,0,0,1,6,1,1,-0.066879965,C,-0.08100203,0,0,0,0,1,1,0,-1,1,1,1,0,1,1,1,1,1,0,1,1,1,0,0,1,0,1,0,1,0,0,0,0,0,0,1,1,0,0,0,1,0,0,0,0,0,0,0,0,0,1,1,0,1,0,1,0,0,0,0,0,0,1,0,1,1,0,0,0,1,1,1
16.367094,1,1.1932964,49.67195,1,0,0,0,1,1,0,1,0,0,0,1,0,-0.20594384,OM,-0.115654066,0,1,1,1,1,1,1,0,0,0,0,0,0,0,0,0,0,0,0,0,0,0,0,1,0,0,0,0,0,0,0,0,0,0,0,0,1,1,0,0,0,0,0,0,0,0,0,0,0,0,0,0,0,0,0,0,-1,0,0,0,0,1,0,0,0,0,0,1,0,0,0
13.311573,4,1.3215814,82.9944,1,1,1,1,0,1,1,0,0,0,0,0,1,0.029135682,N,-0.08875229,0,0,0,1,1,1,0,0,1,1,1,0,1,1,1,1,0,0,1,1,1,0,0,1,0,1,0,1,0,0,0,0,0,0,1,1,1,1,0,1,0,0,0,0,0,0,0,0,0,1,1,0,1,0,1,0,0,0,0,0,0,1,0,1,1,0,0,0,1,1,0
14.133333,3,1.3722701,85.3609,1,2,0,0,0,0,0,0,0,1,6,1,1,0.03413766,C,-0.0024128547,0,0,0,1,0,1,0,0,0,1,1,0,1,1,1,1,1,0,0,1,1,0,0,1,0,1,1,0,0,0,0,0,0,0,1,1,1,0,0,1,0,0,0,0,0,0,0,0,0,1,1,0,1,0,0,0,0,1,0,0,0,0,0,1,1,0,0,0,1,1,1
16.69631,4,1.3272939,114.75667,0,1,2,1,0,1,1,0,0,1,0,0,1,-0.041014116,C,-0.07364909,1,0,0,0,1,0,0,0,1,1,1,0,1,1,1,1,0,0,1,1,1,0,0,1,0,1,0,1,0,0,0,0,0,0,1,1,0,0,0,1,0,0,0,0,0,0,0,0,0,1,1,0,1,0,1,0,0,1,0,0,0,0,0,1,1,0,0,0,1,1,0
15.559617,3,1.6065214,120.50193,1,2,0,0,0,0,1,0,0,1,6,1,0,-0.19983475,CH2,-0.077107035,1,0,1,0,1,0,0,0,0,0,0,0,0,0,0,0,1,0,0,0,0,0,0,0,0,0,1,0,0,0,0,0,0,0,0,0,0,0,0,0,0,0,0,0,0,0,0,0,0,0,0,0,0,0,0,0,0,0,0,0,0,1,0,0,0,0,0,0,0,0,1
20.3647,1,1.4877425,63.120644,0,1,0,0,0,0,0,1,0,0,0,1,1,-0.0673704,C,0.23776184,0,1,1,0,0,1,1,0,1,1,1,0,1,1,1,1,0,0,1,1,1,0,0,1,0,1,0,1,0,0,0,0,0,0,1,1,0,1,0,1,0,0,0,0,0,0,0,0,0,1,1,0,1,0,1,0,0,0,0,0,0,1,0,1,1,0,0,1,1,1,1
8.656265,3,1.2640936,166.07726,1,2,1,0,0,1,2,0,2,1,6,1,1,-0.12910627,C,-0.029769756,1,0,0,0,0,0,0,0,0,1,0,0,1,1,0,1,1,0,0,1,0,0,0,0,0,1,0,0,0,1,0,0,0,0,1,1,0,0,0,1,0,0,0,0,0,0,0,0,0,1,1,0,0,0,0,0,0,1,0,0,0,0,0,1,1,0,0,0,0,1,1
14.193258,4,1.3290087,73.7733,1,1,0,1,1,1,1,1,0,1,0,1,1,0.02533679,C,0.09173003,1,1,1,1,1,0,1,0,1,1,1,0,1,1,1,1,1,0,1,1,1,0,0,1,0,1,0,1,0,0,0,0,0,0,1,1,1,1,0,1,0,0,0,0,0,0,0,0,0,1,1,0,1,0,1,0,0,1,0,0,0,1,0,1,1,0,0,1,1,1,0
10.945061,2,1.3872583,109.2512,0,2,0,0,0,0,0,0,0,0,0,0,0,-0.1770491,OE,-0.16773573,0,1,0,1,0,1,0,0,0,1,0,0,0,0,0,0,0,0,0,0,0,0,0,0,0,0,1,0,0,0,0,0,0,0,0,1,1,1,0,0,0,0,0,0,0,0,0,0,0,0,0,0,0,0,0,0,0,1,0,0,0,0,0,0,0,0,0,1,0,0,1
14.09331,4,1.2771734,19.558805,0,2,1,1,0,1,2,0,0,1,6,0,0,-0.09933764,C,-0.29684642,1,0,0,1,0,0,0,0,0,0,0,0,0,0,0,0,1,0,0,0,0,0,0,0,0,0,1,0,0,0,1,0,0,0,0,0,1,0,0,0,0,0,0,0,0,0,0,0,0,0,0,0,0,0,0,0,0,1,0,0,0,0,0,0,0,0,0,0,0,0,1
8.959522,1,0.96,84.87753,0,1,1,0,0,0,0,0,0,0,0,0,0,-0.507964,OA,0.024514372,0,0,0,1,1,1,0,0,0,0,0,0,0,0,0,0,0,0,0,0,0,0,0,0,0,0,0,0,0,0,0,0,0,0,0,0,0,0,-1,0,0,0,0,0,0,0,0,0,0,0,0,0,0,0,0,0,0,0,0,0,0,0,0,0,0,0,0,1,0,0,0
8.873541,1,1.3506299,112.21186,0,0,0,0,0,1,0,1,0,0,0,1,0,0.113610536,H,0.24777207,0,1,1,1,0,0,1,0,1,1,1,0,1,1,1,1,0,0,1,1,1,0,0,0,0,1,0,1,0,0,0,0,0,0,1,1,1,1,0,1,0,0,0,0,0,0,0,0,0,1,1,0,1,0,1,0,0,1,0,0,1,0,0,1,0,0,0,1,1,1,0
15.238467,4,1.4057746,84.629814,0,1,2,1,0,0,1,0,0,0,0,0,1,-0.06444145,C,-0.019928107,1,0,0,0,1,1,0,0,1,1,1,0,1,1,1,1,1,0,1,1,1,0,0,1,0,1,1,1,0,0,0,0,0,0,1,1,1,1,0,1,0,0,0,0,0,0,0,0,0,1,1,0,1,0,1,0,0,1,0,0,0,1,0,1,1,0,0,0,1,1,1
16.400393,4,1.279454,69.748856,1,1,1,2,0,1,2,1,0,1,6,1,1,0.13268177,C,0.023191182,1,1,1,0,1,0,1,0,1,1,1,0,1,1,1,1,1,0,1,1,1,0,0,1,0,1,0,1,0,0,0,0,0,0,1,1,0,1,0,1,0,0,0,0,0,0,0,0,0,1,1,0,1,0,1,0,0,1,0,0,0,1,0,1,1,0,0,0,1,1,0
9.989539,4,1.2935712,91.78808,0,1,0,1,0,0,0,1,0,0,0,0,1,-0.012418532,C,-0.033352565,1,1,1,1,0,0,1,0,1,1,1,0,1,1,1,1,0,0,1,1,1,0,0,1,0,1,1,1,0,0,0,0,0,0,1,1,1,1,0,1,0,0,0,0,0,0,0,0,0,1,1,0,1,0,1,0,0,1,0,0,0,1,0,1,1,0,0,1,1,1,0
14.596224,3,1.5200274,145.69644,1,3,0,0,0,0,1,1,0,0,0,0,0,-0.3023127,CH1,0.12567632,1,1,1,0,1,1,1,0,0,0,0,0,0,1,0,0,0,0,1,1,1,0,0,1,0,1,1,1,0,0,0,0,0,0,1,0,0,1,0,1,0,0,0,0,0,0,0,0,0,0,1,0,1,0,1,0,0,0,0,0,0,1,0,0,0,0,0,1,1,0,1
19.824938,3,1.2802118,90.79825,1,1,1,0,0,0,1,1,0,0,0,0,0,-0.22515292,N,-0.496269,0,1,1,0,1,1,1,0,0,0,0,0,0,0,0,0,0,0,0,0,0,0,0,1,0,0,1,0,0,0,0,0,0,0,0,0,0,1,0,0,0,0,0,0,0,0,0,0,0,0,0,0,0,0,0,0,0,0,0,0,0,1,0,0,0,0,0,1,0,0,1
15.454987,4,1.4280857,127.21199,0,1,0,1,0,1,0,0,0,0,0,0,1,-0.0965336,C,0.15456785,0,1,0,1,0,1,0,0,1,1,1,0,1,1,1,1,0,0,1,1,1,0,0,1,0,1,1,1,0,0,0,0,0,0,1,1,1,1,0,1,0,0,0,0,0,0,0,0,0,1,1,0,1,0,1,0,0,0,0,0,0,1,0,1,1,0,0,0,1,1,0
16.212492,4,1.2700927,142.90735,1,1,0,2,1,2,1,0,0,1,6,0,0,0.417457,C,0.5825005,1,0,0,0,0,0,0,0,0,0,0,0,0,0,0,0,0,0,0,0,0,0,0,0,0,0,0,0,-1,0,0,-1,0,0,0,0,0,0,0,0,0,0,0,0,0,0,0,0,0,0,0,0,0,0,0,0,0,0,0,0,0,0,0,0,0,0,0,0,0,0,0
10.568833,3,1.4055177,142.44394,1,2,1,0,0,0,1,0,0,1,6,1,0,-0.006154082,C,0.016502103,1,0,0,0,0,0,0,0,0,0,0,0,0,0,0,0,1,0,0,0,0,0,0,0,0,0,0,0,0,0,0,0,0,0,0,0,0,0,0,0,0,0,0,0,0,0,0,0,0,0,0,0,0,0,0,0,0,1,0,0,0,0,0,0,0,0,0,0,0,0,1
4.3217835,3,1.307692,91.91356,1,2,0,0,1,1,1,1,0,0,0,1,0,-0.1684589,N,0.11337056,0,0,0,0,1,1,1,0,0,0,0,0,0,0,0,0,0,0,0,0,0,0,0,1,0,0,0,0,0,0,0,0,0,0,0,0,0,1,0,0,0,0,0,0,0,0,0,0,0,0,0,0,0,0,0,0,0,0,0,0,0,1,0,0,0,0,0,1,0,0,0
13.581903,3,1.3157649,91.708565,1,2,0,0,0,0,0,1,0,1,6,1,1,-0.11445694,C,-0.18305111,0,1,1,1,1,1,1,0,1,1,1,0,1,1,1,1,1,0,1,1,1,0,0,1,0,1,1,1,0,0,0,0,0,0,1,1,1,1,0,1,0,0,0,0,0,0,0,0,0,1,1,0,1,0,1,0,0,1,0,0,0,1,0,1,1,0,0,1,1,1,1
13.613094,2,1.2610595,101.94727,0,2,0,0,0,0,1,0,0,1,0,0,0,-0.2900943,CH2,-0.20702723,0,0,0,1,0,1,0,0,0,0,0,0,0,0,0,0,1,0,0,0,0,0,0,0,0,0,1,0,0,0,0,0,0,0,0,0,1,0,0,0,0,0,0,0,0,0,0,0,0,0,0,0,0,0,0,0,0,1,0,0,0,0,0,0,0,0,0,0,0,0,1
13.508525,2,1.3978536,75.51891,0,2,0,0,0,0,0,0,0,1,6,1,1,-0.17672719,OE,-0.17551471,0,1,1,1,0,1,1,0,1,1,1,0,1,1,1,1,1,0,1,1,1,0,0,0,0,1,1,1,0,0,0,0,0,0,1,1,1,1,0,1,0,0,0,0,0,0,0,0,0,1,1,0,1,0,1,0,0,1,0,0,1,1,0,1,1,0,0,1,1,1,1
9.193756,3,1.2466983,54.48358,1,2,1,0,0,0,0,0,0,1,6,1,0,-0.09366087,C,-0.608,1,0,0,0,0,0,0,0,0,0,0,0,0,0,0,0,0,0,0,0,0,0,0,0,0,0,0,0,-1,0,0,0,0,0,0,0,0,0,0,0,0,0,0,0,0,0,0,0,0,0,0,0,0,0,0,0,0,0,0,0,0,0,0,0,0,0,0,0,0,0,0
19.011253,2,1.3544607,59.099136,0,2,1,0,0,0,2,0,0,1,6,0,0,-0.03888869,C,-0.1698411,1,0,0,0,0,0,0,0,0,0,0,0,0,0,0,0,0,0,0,0,0,0,0,0,0,0,1,0,0,0,0,0,0,0,0,0,1,0,0,0,0,0,0,0,0,0,0,0,0,0,0,0,0,0,0,0,0,1,0,0,0,0,0,0,0,0,0,0,0,0,1
10.889472,1,1.1146222,47.51544,0,0,0,0,1,1,1,1,0,0,0,1,1,-0.11294717,OM,-0.22978029,0,1,1,1,1,1,1,0,1,1,1,0,1,1,1,1,0,0,1,0,1,0,0,1,0,1,0,1,0,0,0,0,0,0,1,1,1,1,0,1,0,0,0,0,0,0,0,0,0,1,1,0,1,0,1,0,0,1,0,0,0,1,0,1,1,0,0,1,1,1,1
18.046774,1,1.4951496,63.889378,0,1,0,0,0,0,1,1,0,0,0,1,0,-0.15098196,F,-0.19007632,0,1,1,0,1,1,1,0,1,0,0,0,0,0,0,0,0,0,0,1,0,0,0,1,0,0,1,0,0,0,-1,0,0,0,0,0,0,1,0,0,0,0,0,0,0,0,0,0,0,0,0,0,0,0,0,0,0,0,0,0,0,1,0,0,0,0,0,1,0,0,0
13.51573,4,1.3147411,98.11823,1,1,1,0,0,0,0,1,0,1,6,1,1,0.09595674,C,-0.19229303,1,1,1,0,1,1,1,0,1,1,1,0,1,1,1,1,0,0,1,1,1,0,0,1,0,1,1,1,0,0,0,0,0,0,1,1,0,0,0,1,0,0,0,0,0,0,0,0,0,1,1,0,1,0,1,0,0,1,0,0,0,1,0,1,1,0,0,0,1,1,0
13.0821705,4,1.2643647,166.74799,1,2,1,1,0,1,2,0,0,1,6,1,1,0.00014331791,C,0.07598017,1,0,0,0,0,0,0,0,1,0,1,0,1,1,1,1,1,0,0,1,1,0,0,1,0,1,0,1,0,0,1,0,0,0,1,1,0,0,0,1,0,0,0,0,0,0,0,0,0,1,1,0,1,0,1,0,0,1,0,0,0,0,0,1,1,0,0,0,1,1,0
16.640863,2,1.1708752,60.141415,0,1,0,0,0,0,0,0,0,0,0,0,0,-0.22538851,O,-0.17862016,0,1,0,1,0,1,0,0,0,0,0,0,0,0,0,0,0,0,0,0,0,0,0,0,0,0,1,0,0,0,0,0,0,0,0,0,1,0,-1,0,0,0,0,0,0,0,0,0,0,0,0,0,0,0,0,0,0,0,0,0,0,0,0,0,0,0,0,1,0,0,1
12.893111,4,1.3253899,133.21997,0,2,1,0,0,1,2,0,0,1,6,0,0,-0.050898127,C,-0.21577251,1,0,0,0,0,0,0,0,0,0,0,0,0,0,0,0,1,0,0,0,0,0,0,0,0,0,1,0,0,0,0,0,0,0,0,0,0,0,0,0,0,0,0,0,0,0,0,0,0,0,0,0,0,0,0,0,0,1,-1,0,0,0,0,0,0,0,0,0,0,0,1
14.89315,2,1.4564003,15.400068,1,2,0,0,0,0,1,1,0,1,0,1,0,-0.22010887,OE,-0.39585227,0,1,1,0,1,1,1,0,0,0,0,0,0,0,0,0,0,0,0,0,0,0,0,0,0,0,1,0,0,0,0,0,0,0,0,0,0,1,0,0,0,0,0,0,0,0,0,0,0,0,0,0,0,0,0,0,0,0,0,0,0,0,0,0,0,0,0,1,0,0,1
9.486534,1,1.1867764,105.13325,1,0,0,1,0,1,0,1,0,0,0,1,1,0.1456486,H,0.21498962,0,1,1,1,1,1,1,0,1,1,1,0,1,1,1,1,1,0,1,1,1,0,0,1,0,1,0,1,0,0,0,0,0,0,1,1,1,1,0,1,0,0,0,0,0,0,0,0,0,1,1,0,1,0,1,0,0,1,0,0,-1,1,0,1,1,0,0,1,1,1,1
8.939137,1,1.0667243,56.540207,0,0,0,1,0,1,0,0,0,0,0,0,0,-0.10380554,H,0.3459697,0,0,0,1,0,0,0,0,0,0,0,0,0,0,0,0,0,0,0,0,0,0,0,0,0,0,0,0,0,0,0,0,0,0,0,0,1,0,0,0,0,0,0,0,0,0,0,0,0,0,0,0,0,0,0,0,0,0,0,0,-1,0,0,0,0,0,0,0,0,0,0
14.081181,3,1.6752722,116.82016,1,0,0,0,0,1,0,1,0,0,0,1,1,-0.16370945,N,0.099515356,0,1,0,1,1,0,1,0,1,0,1,0,0,0,1,1,0,0,1,0,0,0,0,1,0,1,0,1,0,0,0,0,0,0,0,0,1,1,0,1,0,0,0,0,0,0,0,0,0,0,0,0,0,0,1,0,0,0,0,0,0,1,0,0,0,0,0,1,0,0,0
19.647194,1,1.186541,72.54002,1,0,0,1,0,1,0,0,0,0,0,1,0,0.076342255,OM,-0.29721653,0,0,0,1,1,0,0,0,0,0,0,0,0,0,0,0,0,0,0,0,0,0,0,1,0,0,0,0,0,0,0,0,0,0,0,0,1,1,0,0,0,0,0,0,0,0,0,0,0,0,0,0,0,0,0,0,0,0,0,0,0,0,0,0,0,0,0,0,0,0,0
14.109488,2,1.1229846,143.90826,0,1,1,0,0,0,0,0,0,0,0,0,1,-0.3166101,OA,-0.50369143,0,0,0,0,1,1,0,0,0,1,0,0,0,1,0,0,0,0,1,0,1,0,0,1,0,0,0,1,0,0,0,0,0,0,1,0,0,0,-1,0,0,0,0,0,0,0,0,0,0,1,1,0,0,0,1,0,0,0,0,0,0,1,0,0,0,-1,0,1,0,1,0
9.266548,4,1.3376548,85.12978,1,2,0,0,0,0,2,1,0,1,0,0,0,0.08115062,C,-0.066621155,1,0,1,0,1,0,1,0,0,1,0,0,0,0,0,0,1,0,1,1,0,0,0,1,0,1,1,0,0,0,0,0,0,0,1,1,0,0,0,0,0,0,0,0,0,0,0,0,0,1,0,0,1,0,0,0,0,1,0,0,0,1,0,0,0,0,0,0,0,0,0
4.600935,3,1.0562522,44.95192,1,0,0,0,1,1,1,1,0,0,0,1,1,-0.01497627,N,0.31247365,0,1,1,1,1,1,1,0,1,1,1,0,1,1,1,1,1,0,1,1,1,0,0,1,0,1,0,1,0,0,0,0,0,0,1,1,1,1,0,1,0,0,0,0,0,0,0,0,0,1,1,0,1,0,1,0,0,1,0,0,0,1,0,1,1,0,0,1,1,1,1
10.392494,4,1.3350967,156.11238,0,2,1,0,0,1,2,0,0,1,6,0,0,0.020986276,C,-0.20218685,1,0,0,0,0,0,0,0,0,0,0,0,0,0,0,0,0,0,0,0,0,0,0,0,0,0,1,0,0,0,1,0,0,0,0,0,0,0,0,0,0,0,0,0,0,0,0,0,0,0,0,0,0,0,0,0,0,1,0,0,0,0,0,0,0,0,0,0,0,0,0
11.238606,2,1.3728342,71.27818,0,2,0,0,0,0,1,0,0,1,6,0,1,-0.22595124,OE,-0.18374404,0,1,0,1,0,1,0,0,1,0,0,0,1,1,1,0,0,0,1,1,0,0,0,0,0,0,1,1,0,0,0,0,0,0,1,1,1,0,0,0,0,0,0,0,0,0,0,0,0,0,1,0,1,0,1,0,0,0,0,0,0,0,0,0,1,0,0,1,1,1,1
7.4509983,1,1.4054749,65.46594,1,2,0,1,0,1,0,1,0,0,0,0,1,0.13672164,H,0.07813447,0,1,0,1,0,1,0,0,1,1,1,0,1,1,1,1,1,0,1,1,1,0,0,1,0,1,1,1,0,0,0,0,0,0,1,1,1,1,0,1,0,0,0,0,0,0,0,0,0,1,1,0,1,0,1,0,0,1,0,0,0,0,0,1,1,0,0,1,1,1,1
6.8452234,1,0.96,16.217434,0,0,0,1,0,1,0,1,0,0,0,0,0,0.19930284,H,0.09558175,0,0,0,1,0,1,0,0,0,0,0,0,0,0,0,0,0,0,0,0,0,0,0,0,0,0,0,0,0,0,0,0,0,0,0,0,1,1,0,0,0,0,0,0,0,0,0,0,0,0,0,0,0,0,0,0,0,0,0,0,-1,0,0,0,0,0,0,1,0,0,1
10.037175,2,1.2996842,64.08014,0,1,0,0,0,0,0,0,0,0,0,0,0,-0.33351463,OA,-0.22126539,0,1,1,0,0,1,1,0,0,0,0,0,0,0,0,0,0,0,0,0,0,0,0,0,0,0,1,0,0,0,0,0,0,0,0,0,0,1,0,0,0,0,0,0,0,0,0,0,0,0,0,0,0,0,0,0,0,0,0,0,0,0,0,0,0,0,0,1,0,0,1
9.521113,3,1.2480816,77.904305,1,2,0,0,0,0,0,1,0,1,6,1,1,-0.18014166,C,-0.026649823,1,1,0,0,1,1,1,0,1,1,1,0,1,1,1,1,1,0,1,1,1,0,0,1,0,1,1,1,0,0,0,0,0,0,1,1,0,1,0,1,0,0,0,0,0,0,0,0,0,1,1,0,1,0,1,0,0,1,0,0,0,1,0,1,1,0,0,1,1,1,1
18.375555,3,1.5966374,66.58357,1,1,0,0,0,0,1,1,0,0,0,1,1,-0.0062450804,N,-0.1117943,0,1,1,0,1,0,1,0,1,1,1,0,1,1,1,1,1,0,1,1,1,0,0,1,0,1,0,1,0,0,0,0,0,0,1,1,0,1,0,1,0,0,0,0,0,0,0,0,0,1,1,0,1,0,1,0,0,0,0,0,0,1,0,1,1,0,0,1,1,1,0
17.723372,3,1.3710076,92.30425,1,2,0,0,0,0,1,1,0,1,6,1,1,-0.037369065,C,-0.12213512,1,1,1,0,1,1,1,0,1,1,1,0,1,1,1,1,1,0,1,1,1,0,0,1,0,1,1,1,0,0,0,0,0,0,1,1,0,1,0,1,0,0,0,0,0,0,0,0,0,1,1,0,1,0,1,0,0,1,0,0,0,1,0,1,1,0,0,1,1,1,1
12.087752,2,1.2445374,0.0,0,2,0,0,0,0,0,0,0,0,0,0,0,-0.27496654,CH2,-0.3886616,0,1,0,1,1,1,0,0,0,0,0,0,0,0,0,0,0,0,0,0,0,0,0,0,0,0,0,0,0,0,0,0,0,0,0,0,1,0,0,0,0,0,0,0,0,0,0,0,0,0,0,0,0,0,0,0,0,0,0,0,1,1,0,0,0,0,0,1,0,0,1
12.670653,4,1.0790689,42.87557,1,1,1,1,0,1,2,1,0,0,0,1,0,-0.03746335,C,-0.07544229,1,0,0,0,1,0,0,0,1,1,0,0,0,0,0,0,0,0,1,0,0,0,0,1,0,0,1,0,0,0,1,0,0,0,1,0,0,1,0,0,0,0,0,0,0,0,0,0,0,1,0,0,0,0,0,0,0,1,0,0,0,1,0,0,0,0,0,0,1,0,0
8.841595,1,1.4018189,91.00929,0,0,0,1,0,1,0,0,0,0,0,0,0,0.012928678,H,-0.07005962,0,0,0,1,0,0,0,0,0,0,1,0,0,0,0,0,0,0,1,0,0,0,0,0,0,0,0,0,0,0,0,0,0,0,0,0,1,0,0,0,0,0,0,0,0,0,0,0,0,0,0,0,1,0,0,0,0,1,0,0,-1,0,0,1,0,0,0,0,0,0,0
10.285792,4,1.3501782,83.08241,0,2,0,1,0,1,0,0,0,1,6,0,0,0.11319526,C,0.1295786,1,0,0,1,0,0,0,0,0,0,0,0,0,0,0,0,1,0,0,0,0,0,0,0,0,0,0,0,0,0,0,0,0,0,0,0,1,0,0,0,0,0,0,0,0,0,0,0,0,0,0,0,0,0,0,0,0,1,-1,0,0,0,0,0,0,0,0,0,0,0,0
8.579194,1,1.039641,31.134697,1,0,0,0,1,1,0,1,0,0,0,1,1,0.0013624169,H,0.5462892,0,1,1,1,1,0,1,0,1,1,1,0,1,1,1,1,1,0,1,1,1,0,0,1,0,1,0,1,0,0,0,0,0,0,1,1,1,1,0,1,0,0,0,0,0,0,0,0,0,1,1,0,1,0,1,0,0,1,0,0,0,0,0,1,1,0,0,1,1,1,0
14.632936,4,1.2902985,41.20978,0,1,3,0,0,0,2,1,0,0,0,1,0,-0.02885969,C,-0.33320224,1,1,1,0,1,1,1,0,0,0,0,0,1,0,0,0,0,0,0,0,0,0,0,1,0,0,1,0,0,0,0,0,0,0,0,0,0,1,0,0,-1,0,0,0,0,0,0,0,0,0,0,0,0,0,0,0,0,1,0,0,0,1,0,0,0,0,0,1,0,0,0
11.426942,3,1.4434298,58.819496,1,2,0,0,0,1,2,0,0,1,6,1,0,0.22180827,C,-0.17950852,1,0,0,0,0,0,0,0,0,0,0,0,0,0,0,0,1,0,0,0,0,0,0,1,0,0,1,0,0,0,0,0,0,0,0,1,1,0,0,0,0,0,0,0,0,0,0,0,0,0,0,0,0,0,0,0,0,1,0,0,0,0,0,0,0,0,0,0,0,0,1
12.364129,2,1.6947187,68.60409,0,1,0,0,0,0,0,0,0,0,0,0,1,-0.12350012,OE,-0.11406472,0,1,1,0,1,1,1,0,1,1,1,0,1,1,1,1,0,0,1,1,1,0,0,1,0,1,1,1,0,0,0,0,0,0,1,1,0,1,0,1,0,0,0,0,0,0,0,0,0,1,1,0,1,0,1,0,0,1,0,0,0,1,0,1,1,0,0,1,1,1,1
14.212068,2,1.3594166,154.59795,1,2,0,0,0,0,1,1,0,0,0,1,1,-0.07743917,OE,-0.044888344,0,1,1,1,1,1,1,0,1,1,1,0,1,1,1,1,0,0,1,1,1,0,0,1,0,1,1,1,0,0,0,0,0,0,1,1,0,1,0,1,0,0,0,0,0,0,0,0,0,1,1,0,1,0,1,0,0,0,0,0,0,1,0,1,1,0,0,1,1,1,1
1.2316076,1,0.9760928,0.0,0,0,0,1,0,1,0,0,0,0,0,0,0,0.19994907,H,0.30783093,0,0,0,1,0,0,0,0,0,0,0,0,0,0,0,0,0,0,0,0,0,0,0,0,0,0,0,0,0,0,0,0,0,0,0,0,1,0,0,0,0,0,0,0,0,0,0,0,0,0,0,0,0,0,0,0,0,0,0,0,-1,0,0,0,0,0,0,0,0,0,0
15.200377,3,1.283503,107.6726,1,2,0,0,0,1,1,1,2,1,6,1,1,-0.15642957,C,-0.0331234,1,1,1,1,1,1,1,0,1,1,1,0,1,1,1,1,1,0,1,1,1,0,0,1,0,1,0,1,0,0,0,0,0,0,1,1,1,1,0,1,0,0,0,0,0,0,0,0,0,1,1,0,1,0,1,0,0,1,0,0,0,1,0,1,1,0,0,1,1,1,1
16.40238,2,1.4186635,29.627823,1,2,0,0,1,1,1,1,0,1,0,1,1,-0.10324774,C,0.07780007,0,1,1,1,1,1,1,0,1,1,1,0,1,1,1,1,1,0,1,1,1,0,0,1,0,1,1,1,0,0,0,0,0,0,1,1,1,1,0,1,0,0,0,0,0,0,0,0,0,1,1,0,1,0,1,0,0,1,0,0,0,0,0,1,1,0,0,1,1,1,1
8.361368,3,1.582752,125.18857,1,2,1,0,0,0,0,0,0,1,0,0,1,0.008119802,C,-0.103219606,0,0,0,0,1,0,0,-1,0,0,1,0,0,0,1,0,0,0,0,0,0,0,0,1,0,0,0,0,0,0,0,0,0,0,0,0,1,0,0,1,0,0,0,0,0,0,0,0,0,0,0,0,0,0,0,0,0,0,0,0,0,1,0,0,0,0,0,0,0,0,0
8.93176,3,1.3712261,135.90443,1,2,1,0,0,0,0,1,0,0,0,0,1,-0.11353013,N,-0.120034166,0,0,0,0,1,1,1,-1,1,1,1,0,1,1,1,1,0,0,1,1,1,0,0,1,0,1,0,1,0,0,0,0,0,0,1,1,0,1,0,1,0,0,0,0,0,0,0,0,0,1,1,0,1,0,1,0,0,0,0,0,0,1,0,1,1,0,0,1,1,1,1
15.323811,4,1.2531788,21.501585,0,1,3,0,0,0,2,1,0,0,0,1,0,-0.2666975,C,-0.10120437,1,1,1,0,1,1,1,0,0,0,0,0,0,0,0,0,0,0,0,0,0,0,0,1,0,0,1,0,0,0,0,0,0,0,0,0,0,1,0,0,-1,0,0,0,0,0,0,0,0,0,0,0,0,0,0,0,0,0,0,0,0,1,0,0,0,0,0,1,0,0,0
11.8795395,3,1.502557,51.93346,1,1,0,1,1,2,0,1,0,0,0,1,1,-0.08922831,C,0.0026517732,1,1,1,1,1,0,1,0,1,1,1,0,1,1,1,1,1,0,1,1,1,0,0,1,0,1,0,1,0,0,0,0,0,0,1,1,1,1,0,1,0,0,0,0,0,0,0,0,0,1,1,0,1,0,1,0,0,1,0,0,0,1,0,1,1,0,0,1,1,1,0
5.1850753,3,1.2439331,19.011229,1,2,0,0,0,0,0,0,0,0,0,0,0,-0.0065366914,C,-0.23899126,0,0,0,1,1,0,0,-1,0,0,0,0,0,0,0,0,0,0,0,0,0,0,0,0,0,0,0,0,0,0,0,0,0,0,0,0,1,0,0,0,0,0,0,0,0,0,0,0,0,0,0,0,0,0,0,0,0,0,0,0,0,0,0,0,0,0,0,0,0,0,0
10.444098,1,1.6951163,64.673355,0,1,0,0,0,0,0,0,0,0,0,0,0,-0.024328807,CH2,0.32368013,0,1,1,1,0,1,0,0,0,0,0,0,0,0,0,0,0,0,0,0,0,0,0,0,0,0,1,0,0,0,0,0,0,0,0,0,0,0,0,0,0,0,0,0,0,0,0,0,0,0,0,0,0,0,0,0,0,0,0,0,0,0,0,0,0,0,0,1,0,0,1
11.677768,2,1.2849923,104.57959,1,1,1,0,0,0,0,1,0,0,0,1,1,-0.17288049,OA,0.17409493,0,1,1,1,1,1,1,0,1,1,1,0,1,1,1,1,0,0,1,1,1,0,0,1,0,1,0,1,0,0,0,0,0,0,1,1,0,1,-1,1,0,0,0,0,0,0,0,0,0,1,1,0,1,0,1,0,0,0,0,0,0,1,0,1,1,0,0,1,1,1,0
17.33619,3,1.4434474,119.803,1,2,0,0,0,0,1,0,0,1,6,1,0,-0.027273105,C,-0.20586595,1,0,0,0,1,1,1,0,0,0,0,0,0,0,0,0,0,0,0,0,0,0,0,0,0,0,1,0,0,0,0,0,0,0,0,0,0,0,0,0,0,0,0,0,0,0,0,0,0,0,0,0,0,0,0,0,0,0,0,0,0,1,0,0,0,0,0,0,0,0,1
13.515068,3,1.3497815,62.008175,1,2,0,0,0,0,0,0,0,1,0,0,1,0.26456806,C,0.16481824,1,0,0,1,1,0,0,0,1,1,1,0,1,1,1,1,1,0,1,1,1,0,0,1,0,1,1,1,0,0,0,0,0,0,1,1,1,0,0,1,0,0,0,0,0,0,0,0,0,1,1,0,1,0,1,0,0,1,0,0,0,0,0,1,1,0,0,0,1,1,1
15.027476,4,1.2964348,25.61384,0,2,0,1,0,1,0,0,0,1,0,0,0,0.0796142,C,0.041711424,1,0,0,1,0,0,0,0,1,1,1,0,0,1,1,1,1,0,0,1,1,0,0,0,0,1,0,1,0,0,0,0,0,0,1,1,1,0,0,1,0,0,0,0,0,0,0,0,0,1,1,0,1,0,1,0,0,1,0,0,0,0,0,0,1,0,0,0,1,1,0
20.109497,3,1.4248971,24.697634,1,2,1,0,0,0,1,1,0,1,6,1,1,0.2850799,C,-0.19996482,1,0,1,0,1,0,1,0,1,1,1,0,1,1,1,1,1,0,1,1,1,0,0,1,0,1,0,1,0,0,0,0,0,0,1,1,0,1,0,1,0,0,0,0,0,0,0,0,0,1,1,0,1,0,1,0,0,1,0,0,0,1,0,1,1,0,0,0,1,1,0
10.283406,4,1.4224943,159.93375,1,2,1,0,0,1,2,1,0,1,6,1,1,-0.0006190929,C,-0.16825226,1,0,1,0,0,0,1,0,1,1,1,0,1,1,1,1,1,0,1,1,1,0,0,1,0,1,1,1,0,0,0,0,0,0,1,1,1,0,0,1,0,0,0,0,0,0,0,0,0,1,1,0,1,0,1,0,0,1,-1,0,0,1,0,1,1,0,0,0,1,1,1
12.065183,2,1.5219656,87.23997,0,2,0,0,0,0,0,0,0,1,0,0,0,0.21301304,CH2,-0.033960495,0,0,0,1,0,0,0,0,0,0,0,0,0,0,0,0,1,0,0,0,0,0,0,0,0,0,1,0,0,0,0,0,0,0,0,0,1,0,0,0,0,0,0,0,0,0,0,0,0,0,0,0,0,0,0,0,0,1,0,0,-1,0,0,0,0,0,0,0,0,0,1
8.383344,1,1.0216684,90.46108,0,1,0,1,0,1,1,0,0,0,0,0,0,0.33407104,H,0.07013622,0,0,0,1,0,0,0,0,0,0,0,0,0,0,0,0,0,0,0,0,0,0,0,0,0,0,0,0,0,0,0,0,0,0,0,0,1,1,0,0,0,0,0,0,0,0,0,0,0,0,0,0,0,0,0,0,0,0,0,0,0,0,0,0,0,0,0,1,0,0,0
20.340313,3,1.3047229,91.371025,1,2,0,0,1,1,1,1,2,1,6,1,1,-0.05256969,C,-0.16985323,1,1,1,0,1,1,1,0,1,1,1,0,1,1,1,1,1,0,1,1,1,0,0,1,0,1,0,1,0,0,0,0,0,0,1,1,1,1,0,1,0,0,0,0,0,0,0,0,0,1,1,0,1,0,1,0,0,1,0,0,0,1,0,1,1,0,0,1,1,1,1
14.083352,4,1.2987221,96.67435,0,1,1,2,0,2,1,0,0,1,6,0,0,-0.023858966,C,-0.04302861,1,0,0,0,0,0,0,0,0,0,0,0,0,0,0,0,0,0,0,0,0,0,0,0,0,0,0,0,-1,0,0,0,0,0,0,0,0,0,0,0,0,0,0,0,0,0,0,0,0,0,0,0,0,0,0,1,0,1,0,0,0,0,0,0,0,0,0,0,0,0,0
7.2841725,1,1.3262154,82.13675,0,0,0,1,0,1,0,0,0,1,6,0,0,0.050465986,HS14,0.18273696,0,0,0,1,0,1,0,0,0,0,0,0,0,0,0,0,1,0,0,0,0,0,0,0,0,0,1,0,0,0,0,0,0,0,0,0,1,0,0,0,0,0,0,0,0,0,0,0,0,0,0,0,0,0,0,0,0,1,0,0,-1,0,0,0,0,0,0,0,0,0,1
15.74938,4,1.3652369,91.0337,0,2,1,1,0,1,1,0,0,1,6,0,0,0.09012982,C,0.21669637,1,0,0,0,0,0,0,0,0,0,0,0,0,0,0,0,1,0,0,0,0,0,0,0,0,0,0,0,0,0,0,0,0,0,0,0,1,0,0,0,0,0,0,0,0,0,0,0,0,0,0,0,0,0,0,0,0,1,0,0,0,0,0,0,0,0,0,0,0,0,0
20.923294,2,1.352071,89.4411,0,1,2,0,0,0,0,0,0,0,0,0,0,-0.070710406,OA,-0.20485792,0,0,0,0,0,1,0,0,0,0,0,0,0,0,0,0,0,0,0,0,0,0,0,0,0,0,0,0,0,0,0,0,0,0,0,0,0,0,-1,0,0,0,0,0,0,0,0,0,0,0,0,0,0,0,0,0,0,0,0,0,0,0,0,0,0,0,0,0,0,0,0
16.346598,4,1.3360175,59.999485,0,1,0,0,0,0,1,1,0,1,0,1,1,0.048580844,C,-0.07103353,1,1,1,0,1,0,1,0,1,1,1,0,1,1,1,1,0,0,1,1,1,0,0,1,0,1,0,1,0,0,0,0,0,0,1,1,0,1,0,1,0,0,0,0,0,0,0,0,0,1,1,0,1,0,1,0,0,1,0,0,0,1,0,1,1,0,0,1,1,1,0
2.2857518,3,1.1794052,117.84493,1,0,0,1,0,1,0,0,0,0,0,0,0,-0.1381837,C,-0.26833767,1,0,1,1,0,0,0,0,1,1,1,0,0,0,1,1,1,0,1,1,1,0,0,1,0,1,0,1,0,0,0,0,0,0,1,0,1,1,0,0,0,0,0,0,0,0,0,0,0,1,1,0,1,0,1,0,0,1,0,0,0,1,0,1,1,0,0,0,1,1,0
17.479147,4,1.3442714,84.03045,1,1,1,2,0,0,1,1,0,1,0,1,1,-0.09719379,C,-0.181066,1,1,1,1,1,1,1,0,1,1,1,0,1,1,1,1,1,0,1,1,1,0,0,1,0,1,0,1,0,0,0,0,0,0,1,1,1,1,0,1,0,0,0,0,0,0,0,0,0,1,1,0,1,0,1,0,0,1,0,0,0,1,0,1,1,0,0,1,1,1,1
3.2634575,1,0.9703858,0.0,0,0,0,1,0,1,0,1,0,0,0,0,0,0.417457,H,0.42404762,0,1,1,1,1,0,0,0,1,1,1,-1,1,0,1,1,1,0,1,0,0,0,0,0,0,1,0,0,0,0,0,0,0,0,1,1,1,1,0,0,0,0,0,0,0,0,0,0,0,1,1,0,1,0,1,0,0,0,0,0,1,0,0,1,1,0,0,1,0,1,0
10.069795,2,1.4033716,23.886246,0,2,0,1,0,0,0,0,0,1,6,0,0,-0.18837659,OE,0.11201914,0,0,0,1,0,1,0,0,0,0,1,0,0,0,0,0,1,0,0,1,0,0,0,0,0,0,1,0,0,0,0,0,0,0,0,1,1,0,0,0,0,0,0,0,0,0,0,0,0,0,0,0,0,0,0,0,0,1,0,0,0,0,0,0,1,0,0,1,0,0,1
14.438461,4,1.2261404,105.17489,1,1,1,1,0,1,0,1,0,1,0,1,1,0.03877796,C,-0.00731955,1,1,1,1,1,1,1,0,1,1,1,0,1,1,1,1,1,0,1,1,1,0,0,1,0,1,1,1,0,0,0,0,0,0,1,1,1,1,0,1,0,0,0,0,0,0,0,0,0,1,1,0,1,0,1,0,0,1,0,0,0,1,0,1,1,0,0,1,1,1,1
15.990186,4,1.3512166,45.045624,0,2,1,0,0,0,1,0,0,1,6,0,0,-0.20570216,C,-0.044168986,1,0,0,0,0,0,0,0,0,0,0,0,0,0,0,0,1,0,0,0,0,0,0,0,0,0,1,0,0,0,0,0,0,0,0,0,0,0,0,0,0,0,0,0,0,0,0,0,0,0,0,0,0,0,0,0,0,1,0,0,0,0,0,0,0,0,0,0,0,0,1
18.233072,3,1.6554729,102.882835,1,2,1,0,0,0,0,0,0,1,6,0,0,-0.14446247,C,-0.608,1,0,0,0,0,0,0,-1,0,0,0,0,0,0,0,0,1,0,0,0,0,0,0,0,0,0,0,0,0,0,0,0,0,0,0,0,0,0,0,0,0,0,0,0,0,0,0,0,0,0,0,0,0,0,0,0,0,0,0,0,0,0,0,0,0,0,0,0,0,0,0
12.832563,3,1.4534982,101.14449,1,2,0,0,1,1,0,1,0,1,6,1,0,0.23248191,C,0.48188958,1,0,0,0,1,0,0,0,0,0,0,0,0,0,0,0,1,0,0,0,0,0,0,0,0,0,0,0,0,0,0,0,0,0,0,0,0,1,0,0,0,0,0,0,0,0,0,0,0,0,0,0,0,0,0,0,0,0,0,0,0,0,0,0,0,0,0,0,0,0,0
12.952231,3,1.3686206,67.4918,1,2,1,0,0,1,2,1,0,1,6,1,0,0.15188807,C,-0.12276545,1,0,0,0,0,0,0,0,0,0,0,0,0,0,0,0,1,0,0,0,0,0,0,1,0,0,1,0,0,0,0,0,0,0,0,0,0,0,0,0,0,0,0,0,0,0,0,0,0,0,0,0,0,0,0,0,0,1,0,0,0,1,0,0,0,0,0,0,0,0,0
15.94546,3,1.284374,120.758125,1,2,1,0,0,0,1,0,0,1,6,1,1,-0.3292599,C,-0.6062924,0,0,1,0,1,1,0,0,1,1,1,0,1,1,0,1,0,0,1,1,1,0,0,1,0,0,1,0,0,0,0,0,0,0,1,0,0,0,0,1,0,0,0,0,0,0,0,0,0,1,0,0,0,0,0,0,0,1,0,0,0,1,0,1,1,0,0,1,1,0,1
10.135888,4,1.3317589,149.63559,1,2,0,0,0,1,3,0,0,1,6,1,0,-0.1711294,C,0.0138834175,1,0,0,0,0,0,0,0,0,0,0,0,0,0,0,0,1,0,0,0,0,0,0,0,0,0,1,0,0,0,0,0,0,0,0,0,0,0,0,0,0,0,0,0,0,0,0,0,0,0,0,0,0,0,0,0,0,1,0,0,0,0,0,0,0,0,0,0,0,0,1
12.70473,4,1.2938428,73.0914,0,2,1,1,0,1,1,0,0,1,6,0,0,0.20889898,C,0.053599577,1,0,0,1,0,0,0,0,0,0,0,0,0,0,0,0,0,0,0,0,0,0,0,0,0,0,0,0,0,0,0,0,0,0,0,0,1,0,0,0,0,0,0,0,0,0,0,0,0,0,0,0,0,0,0,0,0,1,0,0,0,0,0,0,0,0,0,0,0,0,0
15.198761,2,1.3971338,106.161255,1,1,0,0,0,0,0,1,0,0,0,1,1,-0.12509389,OM,-0.19825415,0,1,1,1,1,1,1,0,1,1,1,0,1,1,1,1,0,0,1,1,1,0,0,1,0,1,1,1,0,0,0,0,0,0,1,1,1,1,0,1,0,0,0,0,0,0,0,0,0,1,1,0,1,0,1,0,0,1,0,0,0,1,0,1,1,0,0,1,1,1,1
10.319893,4,1.328523,156.91176,0,1,2,1,0,1,1,0,0,0,0,0,1,-0.1676409,C,0.0032873242,1,0,0,1,1,0,0,0,1,1,1,0,1,1,1,0,0,0,1,1,1,0,0,0,0,1,0,1,0,0,0,0,0,0,1,1,1,0,1,1,0,0,0,0,0,0,0,0,0,1,1,0,1,0,1,0,0,0,0,-1,0,1,0,0,1,0,0,0,1,1,0
13.2775545,3,1.5070748,30.994858,1,2,0,2,0,2,1,1,2,1,6,1,1,0.0306059,C,-0.030849762,1,1,1,0,1,0,1,0,1,1,1,0,1,1,1,1,1,0,1,1,1,0,0,1,0,1,0,1,0,0,0,0,0,0,1,1,0,1,0,1,0,0,0,0,0,0,0,0,0,1,1,0,1,0,1,0,0,1,0,0,0,1,0,1,1,0,0,0,1,1,0
15.855678,1,1.3884579,0.0,0,1,0,0,0,0,1,0,0,0,0,0,0,-0.23653968,O,-0.57224494,0,1,1,1,0,1,1,0,0,0,0,0,0,0,0,0,0,0,0,0,0,0,0,0,0,0,1,0,0,0,-1,0,0,0,0,0,0,1,0,0,0,0,0,0,0,0,0,0,0,0,0,0,0,0,0,0,0,0,0,0,0,0,0,0,0,0,0,1,0,0,1
11.714811,3,1.3349311,82.67524,1,2,0,0,0,0,0,1,0,1,6,1,1,-0.025300227,C,0.07060165,1,1,1,1,1,0,1,0,1,1,1,0,1,1,1,1,1,0,1,1,1,0,0,1,0,1,1,1,0,0,0,0,0,0,1,1,1,1,0,1,0,0,0,0,0,0,0,0,0,1,1,0,1,0,1,0,0,1,0,0,0,1,0,1,1,0,0,1,1,1,1
12.360418,4,1.3864815,116.30361,0,2,3,0,0,0,0,0,0,1,0,1,0,-0.045638666,C,-0.1733912,1,0,1,0,0,0,1,0,0,0,0,0,0,0,0,0,1,0,0,0,0,0,0,0,0,0,1,0,0,0,0,0,0,0,0,0,0,0,0,0,0,0,0,0,0,0,0,0,0,0,0,0,0,0,0,0,0,0,0,0,0,1,0,0,0,0,0,0,0,0,0
17.626953,2,1.4120095,0.0,0,1,0,0,0,0,0,0,0,0,0,0,0,-0.23468031,OE,0.1959502,0,0,0,1,0,1,0,0,0,0,0,0,0,0,0,0,0,0,0,0,0,0,0,0,0,0,1,0,0,0,0,0,0,0,0,0,1,0,0,0,0,0,0,0,0,0,0,0,0,0,0,0,0,0,0,0,0,0,0,0,0,0,0,0,0,0,0,1,0,0,1
8.020605,3,1.4884787,68.29628,1,1,0,0,0,0,0,1,0,1,6,1,0,-0.10647548,C,0.08254233,1,1,1,0,0,0,1,0,0,0,1,0,1,0,0,0,0,0,0,0,0,0,0,0,0,0,0,0,0,0,0,0,0,0,0,0,0,1,0,0,0,0,0,0,0,0,0,0,0,0,0,0,1,0,1,0,0,0,0,0,0,1,0,0,0,0,0,0,0,0,0
15.704393,2,1.2253273,124.79027,0,2,0,0,0,0,0,0,0,0,0,0,0,-0.22596528,OE,-0.10490667,0,1,0,0,1,1,1,0,0,0,0,0,0,0,0,0,0,0,0,0,0,0,0,0,0,0,1,0,0,0,0,0,0,0,0,0,0,0,0,0,0,0,0,0,0,0,0,0,0,0,0,0,0,0,0,0,0,0,0,0,0,0,0,0,0,0,0,1,0,0,1
14.435134,4,1.5232286,89.240585,0,1,0,0,0,0,2,1,0,1,0,1,1,0.06884316,C,-0.000963672,1,1,1,1,0,0,1,0,1,1,1,0,1,1,1,1,1,0,1,1,1,0,0,1,0,1,1,1,0,0,0,0,0,0,1,1,1,1,0,1,0,0,0,0,0,0,0,0,0,1,1,0,1,0,1,0,0,1,0,0,0,1,0,1,1,0,0,1,1,1,1
4.46479,1,1.4155176,111.79637,1,0,0,1,0,1,0,1,0,0,0,0,0,0.15331377,C,0.16560036,0,0,0,1,1,1,0,0,1,0,0,0,0,0,0,0,0,0,0,0,0,0,0,0,0,1,0,0,0,0,0,0,0,0,0,0,1,1,0,0,0,0,0,0,0,0,0,0,0,0,0,0,0,0,0,0,0,0,0,0,0,0,0,0,0,0,0,0,0,0,0
16.623926,2,1.3031838,130.2752,1,2,1,0,0,0,1,0,0,0,0,0,1,-0.34104612,N,-0.3613272,0,0,0,0,1,1,0,0,1,1,1,0,1,1,1,1,0,0,1,1,1,0,0,1,0,1,1,1,0,0,0,0,0,0,1,1,0,1,0,1,0,0,-1,0,0,0,0,0,0,1,1,0,1,0,1,0,0,0,0,0,0,1,0,1,1,0,0,1,1,1,1
10.775687,3,1.5296878,46.630833,1,2,0,0,0,0,0,0,0,1,6,0,0,-0.0032477821,C,0.08196387,1,0,0,1,0,0,0,0,0,0,0,0,0,0,0,0,1,0,0,0,0,0,0,0,0,0,1,0,0,0,0,0,0,0,0,0,1,0,0,0,0,0,0,0,0,0,0,0,0,0,0,0,0,0,0,0,0,1,0,0,0,0,0,0,0,0,0,0,0,0,1
12.278444,2,1.2354493,28.257483,0,2,0,0,0,0,0,0,0,0,0,0,0,-0.39007914,OE,-0.29761362,0,0,0,1,0,1,0,0,0,0,0,0,0,0,0,0,0,0,0,0,0,0,0,0,0,0,1,0,0,0,0,0,0,0,0,0,1,0,0,0,0,0,0,0,0,0,0,0,0,0,0,0,0,0,0,0,0,0,0,0,0,0,0,0,0,0,0,0,0,0,1
10.99037,1,0.9862312,97.569756,0,0,0,0,1,1,0,1,0,0,0,1,1,-0.057073925,H,0.13595419,0,1,1,1,1,1,1,0,1,1,1,-1,1,1,1,1,1,0,1,0,1,0,0,0,0,1,0,0,0,0,0,0,0,0,1,1,1,1,0,1,0,0,0,0,0,0,0,0,0,1,1,0,1,0,1,0,0,0,0,0,1,0,0,1,1,0,0,1,1,1,0
4.8777113,2,1.1393741,153.79326,0,2,0,0,0,0,1,0,0,1,0,0,0,-0.052557975,CH2,0.08376164,0,0,0,1,0,1,0,0,0,0,0,0,0,0,0,0,0,0,0,0,0,0,0,0,0,0,1,0,0,0,0,0,0,0,0,0,0,0,0,0,0,0,0,0,0,0,0,0,0,0,0,0,0,0,0,0,0,0,0,0,0,0,0,0,0,0,0,1,0,0,1
24.041096,2,1.1477693,41.341526,0,1,0,0,0,0,1,1,0,0,0,1,0,-0.15070923,OA,-0.31094787,0,1,1,0,1,1,1,0,0,0,0,0,0,0,0,0,0,0,0,0,0,0,0,1,0,0,0,0,0,0,0,0,0,0,0,0,0,1,0,0,0,0,0,0,0,0,0,0,0,0,0,0,0,0,0,0,0,0,0,0,0,1,0,0,0,0,0,1,0,0,1
15.6414,4,1.3398207,145.56345,0,1,1,2,0,0,0,0,0,1,0,0,0,-0.043463018,C,0.29357606,1,0,0,0,0,1,0,0,0,0,0,0,0,0,0,0,0,0,0,0,0,0,0,0,0,0,0,0,-1,0,0,0,0,0,0,0,0,0,0,0,0,0,0,0,0,0,0,0,0,0,0,0,0,0,0,0,0,0,0,0,0,0,0,0,0,0,0,0,0,0,0
11.294737,4,1.3473166,136.3688,1,2,1,0,1,1,0,1,0,1,6,1,1,0.056731146,C,-0.013917666,1,0,1,1,1,0,0,0,1,1,1,0,1,1,1,1,1,0,1,1,1,0,0,1,0,1,1,1,0,0,0,0,0,0,1,1,1,0,0,1,0,0,0,0,0,0,0,0,0,1,1,0,1,0,1,0,0,1,-1,0,0,1,0,1,1,0,0,0,1,1,1
8.019245,2,1.2762038,106.89533,0,2,0,0,0,1,0,0,0,1,6,1,0,0.087758675,C,-0.16777359,0,0,0,1,0,1,0,0,0,0,0,0,0,0,0,0,1,0,0,0,0,0,0,0,0,0,1,0,0,0,0,0,0,0,0,1,1,0,0,0,0,0,0,0,0,0,0,0,0,0,0,0,0,0,0,0,0,1,0,0,0,0,0,0,1,0,0,0,0,0,1
12.628953,3,1.392285,59.66225,1,2,1,0,0,0,1,1,0,1,0,0,1,-0.0839964,N,0.10031011,0,0,0,0,1,1,0,-1,1,1,1,0,1,1,1,1,1,0,1,1,1,0,0,1,0,1,1,1,0,0,0,0,0,0,1,1,1,1,0,1,0,0,0,0,0,0,0,0,0,1,1,0,1,0,1,0,0,0,0,0,0,1,0,1,1,0,0,1,1,1,1
12.846718,4,1.6064893,0.0,0,1,0,0,0,0,0,0,0,0,0,0,0,-0.17288995,C,0.22618894,1,1,1,0,0,0,0,0,0,0,0,0,0,0,0,0,0,0,0,0,0,0,0,0,0,0,0,0,0,0,0,0,0,0,0,0,0,0,0,0,0,0,0,0,0,0,0,0,0,0,0,0,0,0,0,0,0,0,0,0,0,0,0,0,0,0,0,0,0,0,0
10.479628,4,1.1839833,132.35982,0,1,1,0,0,0,1,0,0,1,6,0,1,-0.055745617,C,-0.30798495,1,0,0,0,0,0,0,0,1,1,1,0,1,1,1,1,1,0,1,1,1,0,0,0,0,1,1,1,0,0,0,0,0,0,1,1,1,0,0,1,0,0,0,0,0,0,0,0,0,1,1,0,1,0,1,0,0,1,0,0,0,0,0,1,1,0,0,0,1,1,0
15.530923,2,1.2683647,103.20327,0,1,1,0,0,0,0,1,0,0,0,1,1,-0.10905578,OA,0.0043773395,0,1,1,1,1,1,1,0,1,1,1,0,1,1,1,1,0,0,1,1,1,0,0,1,0,1,0,1,0,0,0,0,0,0,1,1,1,1,-1,1,0,0,0,0,0,0,0,0,0,1,1,0,1,0,1,0,0,0,0,0,0,1,0,1,1,0,0,1,1,1,0
19.484135,4,1.273384,129.70964,0,1,1,1,0,0,0,0,0,0,0,0,1,-0.1529376,C,0.012181897,1,1,0,1,0,1,1,0,1,1,1,0,1,1,1,1,0,0,1,1,1,0,0,1,0,1,0,1,0,0,0,0,0,0,1,1,1,0,-1,1,0,0,0,0,0,0,0,0,0,1,1,0,1,0,1,0,0,0,0,0,0,1,0,1,1,0,0,1,1,1,0
16.770205,4,1.3297448,94.90409,0,1,0,1,0,1,0,0,0,0,0,0,0,0.11097747,C,-0.093540534,1,0,0,0,0,0,0,0,0,0,0,0,0,0,0,0,0,0,0,0,0,0,0,0,0,0,0,0,0,0,0,0,0,0,0,0,0,0,0,0,0,0,0,0,0,0,0,0,0,0,0,0,0,0,0,0,0,0,0,0,0,1,0,0,0,0,0,0,0,0,0
19.001347,4,1.3703758,111.50704,0,2,1,1,0,1,2,0,0,1,6,0,0,0.0007649151,C,0.18848851,1,0,0,0,0,0,0,0,0,0,0,0,0,0,0,0,0,0,0,0,0,0,0,0,0,0,0,0,0,0,1,0,0,0,0,0,0,0,0,0,0,0,0,0,0,0,0,0,0,0,0,0,0,0,0,0,0,1,0,0,0,0,0,0,0,0,0,0,0,0,0
11.530704,3,1.3790736,116.631165,1,2,1,0,0,0,0,1,0,1,6,1,1,-0.044210345,C,-0.105200306,1,1,1,0,1,0,1,0,1,1,1,0,1,1,1,1,1,0,1,1,1,0,0,1,0,1,1,1,0,0,0,0,0,0,1,1,1,1,0,1,0,0,0,0,0,0,0,0,0,1,1,0,1,0,1,0,0,1,0,0,0,1,0,1,1,0,0,0,1,1,1
12.628457,1,1.1990564,84.16908,1,0,0,0,1,1,0,1,0,0,0,1,0,0.036257885,C,0.40383708,1,1,1,1,0,0,1,0,0,0,1,0,0,0,0,0,0,0,0,0,1,0,0,0,0,0,0,0,0,0,0,0,0,0,0,0,1,0,0,0,0,0,0,0,0,0,0,0,0,0,0,0,1,0,1,0,0,0,0,0,1,0,0,0,0,0,0,0,1,0,0
5.122057,3,1.5452743,0.0,1,2,0,0,0,1,1,1,0,1,6,1,1,0.23032321,CH2,-0.07003057,0,1,1,1,1,1,1,0,1,1,1,0,1,1,1,1,1,0,1,1,1,0,0,1,0,1,1,1,0,0,0,0,0,0,1,1,1,1,0,1,0,0,0,0,0,0,0,0,0,1,1,0,1,0,1,0,0,1,0,0,0,1,0,1,1,0,0,1,1,1,1
13.721686,2,1.5244447,107.58644,1,2,0,0,0,0,0,1,0,1,0,0,1,-0.102484375,C,-0.010343803,1,1,1,1,1,1,1,0,1,1,1,0,1,1,1,1,1,0,1,1,1,0,0,1,0,1,1,1,0,0,0,0,0,0,1,1,1,1,0,1,0,0,0,0,0,0,0,0,0,1,1,0,1,0,1,0,0,1,0,0,0,1,0,1,1,0,0,1,1,1,1
8.871014,3,1.3454578,46.617912,1,0,0,0,1,1,1,1,0,0,0,1,1,-0.06133193,OM,-0.2183781,0,1,1,1,1,1,1,0,1,1,1,0,1,1,1,1,1,0,1,1,1,0,0,1,0,1,0,1,0,0,0,0,0,0,1,1,0,1,0,1,0,0,0,0,0,0,0,0,0,1,1,0,1,0,1,0,0,0,0,0,0,1,0,1,1,0,0,1,1,1,1
9.259419,1,1.2417625,107.23074,0,1,0,0,0,0,0,1,0,0,0,0,1,-0.11476152,CH2,-0.117848024,0,1,1,1,0,1,1,0,1,1,1,0,1,1,1,1,0,0,1,1,1,0,0,0,0,1,1,1,0,0,0,0,0,0,1,1,1,1,0,1,0,0,0,0,0,0,0,0,0,1,1,0,1,0,1,0,0,1,0,0,0,0,0,1,1,0,0,1,1,1,1
18.35719,4,1.4128301,0.0,1,1,0,0,0,0,2,1,0,0,0,1,1,0.09094489,C,-0.29337054,0,1,1,0,1,1,1,0,0,0,0,0,1,0,0,0,0,0,0,0,0,0,0,1,0,0,1,1,0,0,0,0,0,0,1,0,0,1,0,1,0,0,0,0,0,0,0,0,0,0,0,0,0,0,1,0,0,0,0,0,0,1,0,0,0,0,0,1,1,0,0
10.60883,4,1.4323313,105.02082,0,2,0,0,0,0,2,1,0,1,0,1,0,0.0647293,C,0.19652817,1,0,1,0,1,0,1,0,1,1,1,0,1,1,1,1,1,0,0,1,1,0,0,1,0,0,1,1,0,0,0,0,0,0,1,1,0,0,0,1,0,0,0,0,0,0,0,0,0,1,1,0,1,0,0,0,0,1,0,0,0,1,0,1,1,0,0,0,1,0,1
18.98452,1,1.4430761,85.10517,0,2,0,0,0,0,1,1,0,0,0,0,0,-0.30025008,OE,-0.23401909,0,1,1,0,1,1,1,0,0,0,0,0,0,0,0,0,0,0,0,0,0,0,0,0,0,0,1,0,0,0,-1,0,0,0,0,0,0,1,0,0,0,0,0,0,0,0,0,0,0,0,0,0,0,0,0,0,0,0,0,0,0,1,0,0,0,0,0,1,0,0,1
14.374588,3,1.5711471,105.23802,1,2,1,1,0,1,1,1,0,1,6,1,0,-0.031616267,C,-0.194519,1,0,0,0,0,0,0,0,0,0,0,0,0,0,0,0,1,0,0,0,0,0,0,1,0,0,0,0,0,0,0,0,0,0,0,1,0,0,0,0,0,0,0,0,0,0,0,0,0,0,0,0,0,0,0,0,0,1,0,0,0,1,0,0,0,0,0,0,0,0,0
14.032032,2,1.4398987,127.55758,1,2,0,0,0,0,1,1,0,1,6,1,1,-0.2059709,OE,-0.16808055,1,1,0,1,1,1,0,0,1,1,1,0,1,1,1,1,1,0,1,1,1,0,0,0,0,1,1,1,0,0,0,0,0,0,1,1,0,0,0,1,0,0,0,0,0,0,0,0,0,1,1,0,1,0,1,0,0,0,0,0,0,0,0,1,1,0,0,1,1,1,1
11.643251,2,1.0736082,98.76113,0,1,1,0,0,0,1,0,0,0,0,0,1,-0.17962542,OA,-0.020542208,0,0,0,1,0,1,0,0,1,1,0,0,1,1,1,1,0,0,1,1,1,0,0,0,0,0,1,0,0,0,0,0,0,0,1,0,1,0,0,0,0,0,0,0,0,0,0,0,0,1,1,0,1,0,0,0,0,1,0,0,0,1,0,1,0,0,0,1,1,1,1
13.735249,4,1.511129,112.711876,1,2,1,0,0,0,2,1,0,1,6,1,1,0.0010198451,C,-0.17950208,1,1,1,0,1,1,1,0,1,1,1,0,1,1,1,1,1,0,1,1,1,0,0,1,0,1,1,1,0,0,0,0,0,0,1,1,0,1,0,1,0,0,0,0,0,0,0,0,0,1,1,0,1,0,1,0,0,1,0,0,0,1,0,1,1,0,0,1,1,1,1
4.508739,1,1.324049,97.602776,0,0,0,0,0,1,0,0,0,0,0,0,0,0.012743403,H,0.2279968,0,0,0,1,0,0,0,0,1,0,0,0,0,0,0,0,1,0,0,0,0,0,0,0,0,1,1,0,0,0,0,0,0,0,0,0,1,1,0,0,0,0,0,0,0,0,0,0,0,0,0,0,1,0,0,0,0,1,0,0,-1,0,0,0,0,0,0,1,0,0,1
14.510695,3,1.4404731,123.71292,1,1,0,0,0,0,0,1,0,1,0,1,1,0.059554636,C,-0.06882798,1,1,1,0,1,0,1,0,1,1,1,0,1,1,1,1,1,0,1,1,1,0,0,1,0,1,1,1,0,0,0,0,0,0,1,1,0,1,0,1,0,0,0,0,-1,0,0,0,0,1,1,0,1,0,1,0,0,1,0,0,0,1,0,1,1,0,0,1,1,1,1
20.57553,2,1.3392547,141.42052,0,1,0,0,0,0,0,0,0,0,0,0,0,-0.4698037,OA,0.2746378,0,1,1,0,1,1,1,0,0,0,0,0,0,0,0,0,0,0,0,0,0,0,0,0,0,0,0,0,0,0,0,0,0,0,0,0,0,0,0,0,0,0,0,0,0,0,0,0,0,0,0,0,0,0,0,0,0,0,0,0,0,1,0,0,0,0,0,1,0,0,1
12.289547,3,1.3515729,94.90585,1,2,1,0,0,0,1,1,0,0,0,0,1,-0.21108854,N,-0.1285639,0,0,0,0,1,1,0,-1,1,1,1,0,1,1,1,1,0,0,1,1,1,0,0,1,0,1,1,1,0,0,0,0,0,0,1,1,0,0,0,1,0,0,-1,0,0,0,0,0,0,1,1,0,1,0,1,0,0,0,0,0,0,1,0,1,1,0,0,1,1,1,1
12.742325,4,1.2003411,147.83755,1,1,3,0,0,0,2,1,0,1,0,0,1,0.080511674,C,-0.1509579,1,0,1,0,1,0,0,0,1,1,1,0,1,1,1,1,1,0,1,1,1,0,0,1,0,1,1,1,0,0,0,0,0,0,1,1,0,1,0,1,-1,0,0,0,0,0,0,0,0,1,1,0,1,0,1,0,0,1,0,0,0,1,0,1,1,0,0,0,1,1,1
11.683838,4,1.3983907,97.41207,1,2,1,1,0,1,2,0,0,1,6,1,0,0.060854062,C,-0.1472609,1,0,0,1,0,0,0,0,1,0,1,0,1,0,0,1,1,0,0,0,1,0,0,0,0,1,0,1,0,0,1,0,0,0,1,1,1,0,0,1,0,0,0,0,0,0,0,0,0,1,1,0,1,0,1,0,0,1,0,0,0,0,0,1,1,0,0,0,1,0,1
5.177096,1,1.2510905,0.0,0,0,0,1,0,1,0,0,0,0,0,0,0,-0.07844584,H,0.030781478,0,0,0,1,0,1,0,0,0,0,0,0,0,0,0,0,0,0,0,0,0,0,0,0,0,0,1,0,0,0,0,0,0,0,0,0,1,0,0,0,0,0,0,0,0,0,0,0,0,0,0,0,0,0,0,0,0,0,0,0,-1,0,0,0,0,0,0,0,0,0,1
13.554751,4,1.2747632,179.6517,0,1,0,0,0,0,0,0,0,1,6,1,0,-0.07219207,C,-0.047738146,1,0,0,0,0,0,0,0,0,0,0,0,0,0,0,0,1,0,0,0,0,0,0,0,0,0,0,0,0,0,0,0,0,0,0,0,0,0,0,0,0,0,0,0,0,0,0,0,0,0,0,0,0,0,0,0,0,0,0,0,0,0,0,0,0,0,0,0,0,0,0
13.317663,4,1.2960972,82.12277,1,2,0,1,1,1,1,1,0,1,6,1,1,0.007816795,C,-0.032192834,1,1,1,1,0,0,1,0,1,1,1,0,1,1,1,1,1,0,1,1,1,0,0,1,0,1,0,1,0,0,0,0,0,0,1,1,1,1,0,1,0,0,0,0,0,0,0,0,0,1,1,0,1,0,1,0,0,1,0,0,0,0,0,1,1,0,0,0,1,1,1
25.776243,2,1.3149518,17.604841,0,1,1,0,0,0,0,0,0,0,0,0,0,-0.507964,O,-0.608,0,1,1,0,0,1,1,0,0,0,0,0,0,0,0,0,0,0,0,0,0,0,0,0,0,0,0,0,0,0,-1,0,0,0,0,0,0,0,0,0,0,0,0,0,0,0,0,0,0,0,0,0,0,0,0,0,0,0,0,0,0,0,0,0,0,0,0,1,0,0,0
13.635435,3,1.3600218,100.35094,1,1,0,0,1,2,0,1,0,1,0,1,1,0.16671406,C,0.17037675,1,1,1,0,1,0,1,0,1,1,1,0,1,1,1,1,1,0,1,1,1,0,0,1,0,1,0,1,0,0,0,-1,0,0,1,1,0,0,0,1,0,0,0,0,-1,0,0,0,0,1,1,0,1,0,1,0,0,0,0,0,0,1,0,1,1,0,0,0,1,1,0
15.041654,3,1.483917,115.501526,1,1,1,0,0,0,0,1,0,1,0,0,1,-0.18463178,C,-0.34630093,0,1,0,0,1,1,0,0,0,1,0,0,1,1,1,1,0,0,1,1,0,0,0,0,0,0,0,1,0,0,0,0,0,0,0,0,0,0,0,0,0,0,0,0,0,0,0,0,0,0,1,0,0,0,1,0,0,0,0,0,0,1,0,1,1,0,0,0,0,1,0
10.173774,3,1.3559561,163.32169,1,1,1,0,0,0,1,1,0,0,0,0,1,-0.4131554,N,-0.40759566,0,0,0,0,1,0,0,-1,1,1,1,0,0,0,1,1,0,0,1,0,0,0,0,1,0,0,0,1,0,0,0,0,0,0,0,0,0,1,0,0,0,0,-1,0,0,0,0,0,0,1,0,0,0,0,0,0,0,0,0,0,0,1,0,0,0,0,0,0,0,0,0
17.411547,1,1.3511863,23.935938,0,2,2,1,0,1,1,0,0,0,0,0,0,0.100376375,C,0.17637779,0,0,0,1,0,0,0,0,0,0,0,0,0,0,0,0,0,0,0,0,0,0,0,0,0,0,1,0,0,0,0,0,0,0,0,0,1,0,0,0,0,0,0,0,0,0,0,0,0,0,0,0,0,0,0,0,0,1,0,0,0,0,0,0,0,0,0,0,0,0,1
20.316872,2,1.3536594,117.227615,0,1,1,0,0,0,0,0,0,1,0,0,1,-0.030993057,OA,-0.30847508,0,1,1,0,0,1,1,0,1,1,1,0,1,1,1,1,0,0,1,1,1,0,0,0,0,1,1,1,0,0,0,0,0,0,1,1,0,0,-1,1,0,0,0,0,0,0,0,0,0,1,1,0,1,0,1,0,0,1,0,0,0,1,0,1,1,0,0,1,1,1,1
5.1010804,1,1.201839,90.980255,0,0,0,1,1,1,0,1,0,0,0,1,0,-0.21239376,H,0.10536584,1,1,1,1,0,0,0,0,1,1,1,0,0,0,0,1,0,0,0,0,0,0,0,0,0,1,0,0,0,0,0,0,0,0,0,0,1,1,0,0,0,0,0,0,0,0,0,0,0,0,0,0,1,0,1,0,0,1,0,0,0,0,0,1,0,0,0,0,0,0,0
8.051521,4,1.4154437,179.6517,1,1,1,0,0,0,0,0,0,1,6,0,0,0.0134936115,C,0.16194777,1,0,0,0,0,0,0,0,0,0,0,0,0,0,0,0,0,0,0,0,0,0,0,0,0,0,0,0,0,0,0,0,0,0,0,0,0,0,0,0,0,0,0,0,0,0,0,0,0,0,0,0,0,0,0,0,0,0,0,0,0,0,0,0,0,0,0,0,0,0,0
11.483729,1,1.408887,58.976585,0,1,0,0,0,1,0,0,0,0,0,0,0,0.008168774,H,-0.3287678,0,1,0,1,0,1,0,0,0,0,0,0,0,0,0,0,0,0,0,0,0,0,0,0,0,0,0,0,0,0,0,0,0,0,0,0,1,1,0,0,0,0,0,0,0,0,0,0,0,0,0,0,0,0,0,0,0,0,0,0,1,0,0,0,0,0,0,1,0,0,0
10.742779,3,1.3293861,165.83994,1,2,1,0,0,0,1,0,0,1,0,0,0,-0.09205654,C,-0.0053378665,0,0,0,0,1,0,0,0,0,0,0,0,0,0,0,0,0,0,1,0,0,0,0,1,0,0,1,0,0,0,0,0,0,0,0,0,0,0,0,0,0,0,0,0,0,0,0,0,0,0,0,0,0,0,0,0,0,0,0,0,0,1,0,0,0,0,0,0,0,0,0
13.219975,4,1.2471219,54.74437,0,1,1,1,0,0,0,0,0,0,0,0,0,0.031112263,C,-0.085536726,1,0,0,0,1,0,0,0,0,0,0,0,0,0,0,0,0,0,0,0,0,0,0,1,0,0,0,0,0,0,0,0,0,0,0,0,0,0,0,0,0,0,0,0,0,0,0,0,0,0,0,0,0,0,0,0,0,0,0,0,0,1,0,0,0,0,0,0,0,0,0
13.15664,2,1.2013013,141.39015,0,1,0,0,0,0,0,1,0,0,0,0,1,-0.20687999,OE,-0.19453545,0,1,1,0,0,1,1,0,1,1,1,0,1,1,1,1,0,0,1,1,1,0,0,1,0,1,1,1,0,0,0,0,0,0,1,1,0,1,0,1,0,0,0,0,0,0,0,0,0,1,1,0,1,0,1,0,0,1,0,0,0,1,0,1,1,0,0,1,1,1,1
13.31234,4,1.2509513,74.922165,1,1,1,0,0,0,0,0,0,1,6,0,0,-0.17223327,C,0.16552363,1,0,0,0,0,1,0,0,0,0,0,0,0,0,0,0,0,0,0,0,0,0,0,0,0,0,1,0,0,0,0,0,0,0,0,0,0,0,0,0,0,0,0,0,0,0,0,0,0,0,0,0,0,0,0,0,0,0,0,0,0,0,0,0,0,0,0,0,0,0,0
9.598279,1,1.3651013,62.88114,1,0,0,0,1,1,0,1,0,0,0,1,0,-0.07674147,OM,0.0013664947,0,1,0,1,1,1,0,0,0,0,0,0,0,0,0,0,0,0,0,0,0,0,0,0,0,0,0,0,0,0,0,0,0,0,0,0,0,1,0,0,0,0,0,0,0,0,0,0,0,0,0,0,0,0,0,0,0,0,0,0,0,0,0,0,0,0,0,1,0,0,0
17.442736,2,1.416969,147.5032,1,2,0,0,0,0,1,0,0,1,0,0,1,-0.08507627,OE,0.0944483,0,1,1,1,1,1,0,0,1,1,1,0,1,1,1,1,0,0,1,1,1,0,0,0,0,1,1,1,0,0,0,0,0,0,1,1,1,0,0,1,0,0,0,0,0,0,0,0,0,1,1,0,1,0,1,0,0,0,0,0,0,1,0,1,1,0,0,1,1,1,1
5.3855925,1,1.3389927,87.15959,0,0,0,0,0,1,1,1,0,0,0,1,1,-0.3047887,HS14,-0.03639448,0,1,1,1,0,1,1,0,1,1,1,0,1,1,1,1,1,0,1,1,1,0,0,0,0,1,1,1,0,0,0,0,0,0,1,0,1,1,0,1,0,0,0,0,0,0,0,0,0,1,1,0,1,0,1,0,0,0,0,0,0,0,0,1,1,0,0,1,1,1,1
9.778853,3,1.3419273,95.130035,1,2,0,0,0,0,0,1,0,1,0,1,1,-0.04419249,C,0.03934134,1,1,1,0,1,0,1,0,1,0,1,0,1,1,1,1,1,0,1,1,1,0,0,0,0,1,1,1,0,0,0,0,0,0,0,0,0,0,0,1,0,0,0,0,0,0,0,0,0,0,1,0,1,0,1,0,0,1,0,0,0,0,0,1,1,0,0,0,1,1,0
6.0892625,3,1.2135899,80.91791,1,1,0,1,1,1,0,0,0,0,0,0,0,-0.32048067,C,-0.14283557,0,0,0,1,1,0,0,0,0,0,0,0,0,0,0,0,0,0,0,0,0,0,0,1,0,0,0,0,0,0,0,0,0,0,0,0,0,0,0,0,0,0,0,0,0,0,0,0,0,0,0,0,0,0,0,0,0,0,0,0,0,0,0,0,0,0,0,0,0,0,0
17.178455,4,1.3379768,41.768257,0,1,1,2,0,0,1,1,0,1,6,1,1,-0.19812103,C,-0.2142851,1,1,1,1,1,0,1,0,1,1,1,0,1,1,1,1,1,0,1,1,1,0,0,0,0,1,0,1,0,0,0,0,0,0,1,1,0,1,0,1,0,0,0,0,0,0,0,0,0,1,1,0,1,0,1,0,0,0,0,0,0,1,0,1,1,0,0,1,1,1,0
8.866521,2,1.2004086,35.19623,0,2,0,0,0,0,0,0,0,1,0,0,0,-0.051482953,CH2,0.20067789,0,0,0,0,0,1,0,0,0,0,0,0,0,0,0,0,0,0,0,0,0,0,0,0,0,0,1,0,0,0,0,0,0,0,0,0,0,0,0,0,0,0,0,0,0,0,0,0,0,0,0,0,0,0,0,0,0,0,0,0,0,0,0,0,0,0,0,0,0,0,1
17.824987,1,1.3293662,72.2557,0,1,0,0,0,0,0,1,0,0,0,1,1,-0.064846024,O,0.19382171,0,1,1,1,1,1,1,0,1,1,1,0,1,1,1,1,0,0,1,1,1,0,0,0,0,1,1,1,0,0,-1,0,0,0,1,1,1,1,0,1,0,0,0,0,0,0,0,0,0,1,1,0,1,0,1,0,0,0,0,0,1,0,0,1,1,0,0,1,1,1,1
9.33952,4,1.500419,87.642265,0,2,1,1,0,1,2,0,0,1,6,0,1,-0.02540242,C,-0.15416427,1,0,0,1,0,0,0,0,1,1,1,0,1,1,1,1,1,0,1,1,1,0,0,1,0,1,0,1,0,0,1,0,0,0,1,1,1,0,0,1,0,0,0,0,0,0,0,0,0,1,1,0,1,0,1,0,0,1,0,0,0,1,0,1,1,-1,0,0,1,1,0
11.845929,3,1.2156476,93.32702,1,2,1,0,0,0,1,0,0,0,0,1,0,-0.224766,N,-0.30656272,0,0,0,0,1,1,0,-1,0,0,0,0,0,0,0,0,0,0,0,0,0,0,0,0,0,0,0,0,0,0,0,0,0,0,0,0,0,1,0,0,0,0,0,0,0,0,0,0,0,0,0,0,0,0,0,0,0,0,0,0,0,1,0,0,0,0,0,1,0,0,1
13.379901,2,1.3963906,38.20269,0,2,0,0,0,0,1,1,0,0,0,0,0,0.22883832,N,0.07356435,0,0,0,1,1,1,0,0,0,0,1,0,0,0,0,0,0,0,0,0,0,0,0,0,0,1,1,0,0,0,0,0,0,0,0,0,1,1,0,0,0,0,0,0,0,0,0,0,0,0,0,0,0,0,0,0,0,0,0,0,0,0,0,0,0,0,0,0,0,0,1
11.187623,1,1.3266001,47.377895,1,2,0,1,0,1,1,1,0,1,6,1,1,0.19171128,C,0.060391955,0,1,1,1,1,1,1,0,1,1,1,0,1,1,1,1,1,0,1,1,1,0,0,1,0,1,0,1,0,0,0,0,0,0,1,1,1,1,0,1,0,0,0,0,0,0,0,0,0,1,1,0,1,0,1,0,0,1,0,0,0,0,0,1,1,0,0,1,1,1,1
9.224511,2,1.2202376,75.4649,0,1,1,0,0,0,0,1,0,0,0,0,1,-0.25902602,OA,-0.2771622,0,1,1,1,0,1,1,0,1,1,1,0,1,1,1,1,0,0,1,1,1,0,0,1,0,1,1,1,0,0,0,0,0,0,1,1,1,1,-1,1,0,0,0,0,0,0,0,0,0,1,1,0,1,0,1,0,0,1,0,0,0,1,0,1,1,0,0,1,1,1,1
10.816284,4,1.3724637,106.957214,1,1,1,0,0,2,0,1,0,1,0,0,1,0.12129197,C,0.10449241,1,1,1,0,1,0,1,0,1,1,1,0,1,1,1,1,1,0,1,1,1,0,0,1,0,1,1,1,0,0,0,0,0,0,1,1,0,1,0,1,0,0,0,0,0,0,0,0,0,1,1,0,1,0,1,0,0,1,0,0,0,1,0,1,1,0,0,1,1,1,0
19.732391,3,1.3854712,112.49088,1,2,1,0,1,0,1,1,2,1,6,1,0,-0.03452047,C,-0.07275081,1,0,0,0,1,0,0,0,0,0,0,0,0,0,0,0,1,0,0,0,0,0,0,1,0,0,0,0,0,0,0,0,0,0,0,0,0,0,0,0,0,0,0,0,0,0,0,0,0,0,0,0,0,0,0,0,0,0,0,0,0,1,0,0,0,0,0,0,0,0,0
16.170494,2,1.3630182,62.94427,0,2,0,0,0,0,1,0,0,0,0,1,1,-0.20709985,OE,-0.26173636,0,1,1,1,0,1,1,0,1,1,1,0,1,1,1,1,1,0,1,1,1,0,0,0,0,1,1,1,0,0,0,0,0,0,1,1,1,1,0,1,0,0,0,0,0,0,0,0,0,1,1,0,1,0,1,0,0,0,0,0,0,1,0,1,1,0,0,1,1,1,1
12.763034,4,1.2768809,162.33165,1,1,2,0,0,0,0,0,0,0,0,0,0,-0.150131,C,0.1334384,1,0,0,0,1,0,0,0,0,0,0,0,0,0,0,0,0,0,0,0,0,0,0,0,0,0,0,0,0,0,0,0,0,0,0,0,0,0,0,0,0,0,0,0,0,0,0,0,0,0,0,0,0,0,0,0,0,0,0,0,0,0,0,0,0,0,0,0,0,0,0
15.958967,2,1.3663366,87.82638,0,2,0,0,0,0,0,0,0,1,0,0,0,-0.38163608,CH2,0.14481366,0,0,0,1,0,1,0,0,0,0,0,0,0,0,0,0,0,0,0,0,0,0,0,0,0,0,1,0,0,0,0,0,0,0,0,0,1,0,0,0,0,0,0,0,0,0,0,0,0,0,0,0,0,0,0,0,0,0,0,0,0,0,0,0,0,0,0,1,0,0,1
13.29205,2,1.3427105,131.90846,0,2,1,0,0,0,2,0,0,1,6,0,1,0.0044045663,C,-0.16955523,1,0,1,0,0,1,1,0,1,1,1,0,1,1,1,1,0,0,1,1,1,0,0,1,0,1,1,1,0,0,0,0,0,0,1,1,0,0,0,1,0,0,0,0,0,0,0,0,0,1,1,0,1,0,1,0,0,1,0,0,0,1,0,1,1,0,0,1,1,1,1
22.203266,3,1.4563636,101.71997,1,1,0,0,1,2,0,1,0,0,0,1,1,0.14962316,C,0.032558855,1,1,1,1,1,0,1,0,1,1,1,0,1,1,1,1,1,0,1,1,1,0,0,1,0,1,0,1,0,0,0,0,0,0,1,1,0,1,0,1,0,0,0,0,0,0,0,0,0,1,1,0,1,0,1,0,0,0,0,0,0,1,0,1,1,0,0,1,1,1,0
12.945445,4,1.271364,36.702503,0,1,1,0,0,0,0,0,0,0,0,0,0,-0.23952985,C,0.12729143,1,0,0,0,0,1,0,0,1,0,0,0,0,0,0,0,0,0,0,0,1,0,0,1,0,0,1,0,0,0,0,0,0,0,0,0,0,0,0,0,0,0,0,0,0,0,0,0,0,0,0,0,0,0,0,0,0,1,0,0,0,1,0,0,0,0,0,0,0,0,0
11.108501,4,1.1772834,40.685482,0,2,1,1,0,1,0,0,0,1,6,0,0,0.0846483,C,-0.26552007,0,0,0,1,0,0,0,0,0,0,0,0,0,0,0,0,1,0,0,0,0,0,0,0,0,0,0,0,0,0,0,0,0,0,0,0,1,0,0,0,0,0,0,0,0,0,0,0,0,0,0,0,0,0,0,0,0,1,0,0,0,0,0,0,0,0,0,0,0,0,0
8.543396,2,1.2216555,114.81028,1,1,1,0,0,0,0,1,0,0,0,1,0,-0.207217,OA,-0.07813305,0,0,0,0,1,1,1,0,0,0,0,0,0,1,0,0,0,0,1,0,1,0,0,1,0,0,0,1,0,0,0,0,0,0,0,0,0,1,-1,0,0,0,0,0,0,0,0,0,0,0,0,0,0,0,0,0,0,0,0,0,0,1,0,0,0,0,0,1,0,0,0
15.102184,4,1.3635223,130.39256,1,2,0,0,1,0,0,0,0,1,6,1,0,-0.017844416,C,-0.17958872,1,1,0,0,0,0,0,0,0,1,0,0,1,1,1,1,1,0,0,1,1,0,0,0,0,0,0,1,0,0,0,0,0,0,0,0,0,0,0,1,0,0,0,0,0,0,0,0,0,0,0,0,1,0,1,0,0,0,0,0,0,0,0,1,0,0,0,0,1,1,0
10.62343,1,1.4306816,37.505928,1,1,0,0,0,0,0,1,0,0,0,1,1,-0.115540825,OA,0.09101977,0,1,1,1,1,1,1,0,1,1,1,0,1,1,1,1,0,0,1,1,1,0,0,1,0,1,0,1,0,0,0,0,0,0,1,1,1,1,0,1,0,0,0,0,0,0,0,0,0,1,1,0,1,0,1,0,0,0,0,0,0,1,0,1,1,0,0,1,1,1,0
1.008,1,1.213969,33.299007,1,0,0,1,1,1,0,1,0,0,0,0,0,0.0647444,H,-0.12248976,0,0,0,1,1,0,0,0,1,1,1,0,0,0,0,0,0,0,0,0,0,0,0,1,0,1,0,0,0,0,0,0,0,0,0,0,1,1,0,0,0,0,0,0,0,0,0,0,0,0,0,0,1,0,0,0,0,0,0,0,0,0,0,0,0,0,0,1,0,0,0
6.8509173,1,1.3234658,57.16952,0,0,0,1,0,1,0,0,0,0,0,0,0,0.1561707,H,0.44678882,1,1,0,1,0,0,0,0,0,0,0,0,0,0,0,0,0,0,0,0,0,0,0,0,0,0,0,0,0,0,0,0,0,0,0,0,1,0,0,0,0,0,0,0,0,0,0,0,0,0,0,0,0,0,0,0,0,1,0,0,-1,0,0,0,0,0,0,0,0,0,0
23.6309,3,1.6225098,68.37568,1,1,0,0,0,0,0,0,0,0,0,0,0,0.011632432,N,-0.1078467,0,1,1,0,1,1,1,0,0,0,0,0,0,0,0,0,0,0,0,0,0,0,0,0,0,0,0,0,0,0,0,0,0,0,0,0,0,0,0,0,0,0,0,0,0,0,0,0,0,0,0,0,0,0,0,0,0,0,0,0,0,1,0,0,0,0,0,1,0,0,0
16.28756,4,1.4877431,119.42168,0,1,1,0,0,0,1,0,0,1,6,0,0,-0.25829786,C,-0.025667656,1,0,0,0,0,0,0,0,0,0,0,0,0,0,0,0,0,0,0,0,0,0,0,0,0,0,0,0,0,0,0,0,0,0,0,0,1,0,0,0,0,0,0,0,0,0,0,0,0,0,0,0,0,0,0,0,0,0,0,0,0,0,0,0,0,0,0,0,0,0,0
15.780416,4,1.3529043,107.52618,1,2,1,0,0,1,2,0,0,1,6,1,1,0.018987518,C,-0.2302713,1,0,0,0,0,0,1,0,1,1,1,0,1,1,1,1,1,0,1,1,1,0,0,0,0,1,1,1,0,0,0,0,0,0,1,1,0,0,0,1,0,0,0,0,0,0,0,0,0,1,1,0,1,0,1,0,0,1,0,0,0,1,0,1,1,0,0,0,1,1,1
18.495571,4,1.2882627,176.1101,0,2,0,1,0,1,1,0,0,1,6,0,0,0.067966715,C,0.10706019,1,0,0,0,0,1,0,0,0,0,0,0,0,0,0,0,0,0,0,0,0,0,0,0,0,0,1,0,0,0,0,0,0,0,0,0,1,0,0,0,0,0,0,0,0,0,0,0,0,0,0,0,0,0,0,0,0,1,0,0,0,0,0,0,0,0,0,1,0,0,1
17.933558,3,1.2448429,82.084366,1,2,0,0,1,1,1,1,0,0,0,1,1,0.10329382,C,-0.025691587,1,0,1,0,1,0,1,0,1,1,1,0,1,1,1,1,1,0,1,1,1,0,0,1,0,1,0,1,0,0,0,0,0,0,1,1,0,1,0,1,0,0,0,0,0,0,0,0,0,1,1,0,1,0,1,0,0,1,0,0,0,1,0,1,1,0,0,0,1,1,0
14.011905,4,1.2693866,116.30346,1,2,0,1,0,1,2,1,0,1,6,1,1,0.13706782,C,0.23658212,1,0,0,1,0,0,0,0,1,1,1,0,1,1,1,1,1,0,1,1,1,0,0,1,0,1,0,1,0,0,0,0,0,0,1,1,1,1,0,1,0,0,0,0,0,0,0,0,0,1,1,0,1,0,1,0,0,1,0,0,0,0,0,1,1,0,0,0,1,1,1
12.9657135,3,1.269973,76.32148,1,2,0,0,0,0,0,1,0,0,0,1,1,-0.24160805,C,-0.1287346,0,1,1,1,1,1,1,0,1,1,1,0,1,1,1,1,1,0,1,1,1,0,0,1,0,1,0,1,0,0,0,0,0,0,1,1,1,1,0,1,0,0,0,0,0,0,0,0,0,1,1,0,1,0,1,0,0,0,0,0,0,1,0,1,1,0,0,1,1,1,1
9.907022,3,1.1934608,97.63143,1,2,1,0,0,0,0,0,0,1,6,1,1,-0.20448023,C,-0.5550015,1,0,0,0,1,1,0,0,1,1,1,0,1,1,1,1,1,0,1,1,1,0,0,1,0,1,0,1,0,0,0,0,0,0,1,1,1,0,0,1,0,0,0,0,0,0,0,0,0,1,1,0,1,0,1,0,0,1,0,0,0,1,0,1,1,0,0,0,1,1,1
8.076952,2,1.3763199,134.35919,0,2,0,0,0,0,0,0,0,1,6,0,0,0.012926491,CH2,0.15083313,1,1,0,0,0,1,1,0,0,0,0,0,0,0,0,0,1,0,0,0,0,0,0,0,0,0,1,0,0,0,0,0,0,0,0,0,0,0,0,0,0,0,0,0,0,0,0,0,0,0,0,0,0,0,0,0,0,0,0,0,0,0,0,0,0,0,0,0,0,0,1
15.027558,2,1.3999476,89.52731,0,2,0,0,0,0,1,1,0,1,0,1,1,-0.16432102,OE,-0.16285571,0,1,1,1,1,1,1,0,1,1,1,0,1,1,1,1,1,0,1,1,1,0,0,1,0,1,1,1,0,0,0,0,0,0,1,1,1,1,0,1,0,0,0,0,0,0,0,0,0,1,1,0,1,0,1,0,0,1,0,0,0,1,0,1,1,0,0,1,1,1,1
14.431159,3,1.1375352,128.99525,1,1,1,0,0,0,0,1,0,0,0,0,0,-0.40324318,N,-0.11246713,0,0,0,0,1,1,1,0,0,0,0,0,0,0,0,0,0,0,0,0,0,0,0,1,0,0,0,0,0,0,0,0,0,0,0,0,0,0,0,0,0,0,0,0,0,0,0,0,0,0,0,0,0,0,0,0,0,0,0,0,0,1,0,0,0,0,0,1,0,0,0
11.450115,2,1.1644522,81.112465,0,2,0,0,0,0,1,0,0,0,0,0,0,0.10203082,OE,0.029685058,0,0,0,1,0,1,0,0,0,0,0,0,0,0,0,0,0,0,0,0,0,0,0,0,0,0,1,0,0,0,0,0,0,0,0,0,1,0,0,0,0,0,0,0,0,0,0,0,0,0,0,0,0,0,0,0,0,0,0,0,0,0,0,0,0,0,0,1,0,0,1
9.03225,2,1.3170823,95.31704,0,1,0,0,0,0,0,1,0,0,0,0,0,-0.25564593,OE,-0.21846724,0,1,1,0,0,1,1,0,1,1,0,0,0,0,0,0,0,0,0,0,0,0,0,0,0,0,1,0,0,0,0,0,0,0,0,0,1,1,0,0,0,0,0,0,0,0,0,0,0,0,0,0,0,0,0,0,0,0,0,0,0,0,0,0,1,0,0,1,0,0,1
17.832735,1,1.3121985,21.63404,0,1,0,0,1,0,0,1,0,0,0,1,0,-0.25327736,OM,-0.23642364,0,1,1,1,0,1,1,0,0,0,0,0,0,0,0,0,0,0,0,0,0,0,0,0,0,0,0,0,0,0,-1,0,0,0,0,0,0,1,0,0,0,0,0,0,0,0,0,0,0,0,0,0,0,0,0,0,0,0,0,0,1,0,0,0,0,0,0,1,0,0,0
9.110986,1,1.1770151,92.87626,0,0,0,0,0,1,0,1,0,0,0,1,1,-0.091272734,H,-0.11724598,0,1,1,1,0,1,1,0,1,1,1,0,1,1,1,1,1,0,1,1,1,0,0,0,0,1,1,1,0,0,0,0,0,0,1,1,1,1,0,1,0,0,0,0,0,0,0,0,0,1,1,0,1,0,1,0,0,1,0,0,0,0,0,1,1,0,0,1,1,1,1
12.123553,4,1.3524824,90.59974,0,2,0,0,0,0,1,0,0,1,6,0,1,-0.10640882,C,-0.05407189,1,0,0,0,0,0,0,0,1,1,1,0,1,1,1,1,1,0,1,1,1,0,0,0,0,1,1,1,0,0,0,0,0,0,1,1,1,0,0,1,0,0,0,0,0,0,0,0,0,1,1,0,1,0,1,0,0,1,0,0,0,0,0,1,1,0,0,0,1,1,1
11.937613,4,1.1498085,161.5708,1,1,1,0,0,0,0,0,0,1,0,0,0,0.043560516,C,0.06751448,1,0,0,0,0,0,1,0,0,0,0,0,0,0,0,0,0,0,0,0,0,0,0,1,0,0,1,0,0,0,0,0,0,0,0,1,0,0,0,0,0,0,0,0,0,0,0,0,0,0,0,0,0,0,0,0,0,1,0,0,0,1,0,0,0,0,0,0,0,0,0
8.59287,4,1.5356482,82.84275,1,1,0,0,0,0,0,1,0,0,0,0,1,0.08937317,C,0.11525529,1,1,1,1,1,0,1,0,1,1,1,0,1,1,1,1,0,0,1,1,1,0,0,1,0,1,1,1,0,0,0,0,0,0,1,1,0,1,0,1,0,0,0,0,0,0,0,0,0,1,1,0,1,0,1,0,0,0,0,0,0,1,0,1,1,0,0,0,1,1,0
4.7792416,1,1.2048979,14.351751,0,0,0,0,0,0,0,0,0,0,0,0,1,-0.118576296,H,-0.014599319,0,1,1,1,0,0,1,0,0,1,1,0,1,1,1,1,0,0,1,0,1,0,0,0,0,1,0,1,0,0,0,0,0,0,1,1,1,1,0,0,0,0,0,0,0,0,0,0,0,1,1,0,1,0,1,0,0,0,0,0,-1,1,0,1,1,0,0,0,1,1,0
3.583765,1,1.1987559,56.153614,0,0,0,0,1,1,0,1,0,0,0,1,0,-0.12909956,H,0.12329235,0,1,0,1,1,1,1,0,0,0,0,0,0,0,0,0,0,0,0,0,0,0,0,0,0,0,0,0,0,0,0,0,0,0,0,0,1,1,0,0,0,0,0,0,0,0,0,0,0,0,0,0,0,0,0,0,0,0,0,0,1,0,0,0,0,0,0,1,0,0,0
7.246764,1,1.094606,105.0752,0,0,0,1,0,1,0,0,0,0,0,0,0,0.38459805,H,0.35959122,0,0,0,1,0,0,0,0,0,0,0,0,0,0,0,0,0,0,0,0,0,0,0,0,0,0,0,0,0,0,0,0,0,0,0,0,1,0,0,0,0,0,0,0,0,0,0,0,0,0,0,0,0,0,0,0,0,0,0,0,-1,0,0,0,0,0,0,0,0,0,0
9.064583,4,1.119044,69.47048,0,1,2,1,0,1,0,0,0,0,0,0,0,0.051438637,C,0.15903875,1,0,0,1,0,0,0,0,1,0,1,0,0,0,0,0,1,0,0,0,1,0,0,0,0,1,0,0,0,0,0,0,0,0,0,0,1,0,0,1,0,0,0,0,0,0,0,0,0,0,0,0,1,0,0,0,0,1,0,-1,0,0,0,1,0,0,0,0,1,0,0
15.046356,2,1.3174281,123.970894,0,1,1,0,0,0,0,1,0,0,0,0,1,-0.15741275,OA,-0.20677602,0,1,1,0,1,1,1,0,1,1,1,0,1,1,1,1,0,0,1,1,1,0,0,1,0,1,1,1,0,0,0,0,0,0,1,1,1,1,0,1,0,0,0,0,0,0,0,0,0,1,1,0,1,0,1,0,0,1,0,0,0,1,0,1,1,0,0,1,1,1,1
13.717564,4,1.4034333,148.11913,0,2,2,0,0,1,0,0,0,1,0,0,0,0.062834315,C,0.08783219,1,0,0,0,0,0,0,0,0,0,0,0,0,0,0,0,1,0,0,0,0,0,0,0,0,0,0,0,0,0,0,0,0,0,0,0,1,0,0,0,0,0,0,0,0,0,0,0,0,0,0,0,0,0,0,0,0,1,0,-1,0,0,0,0,0,0,0,0,0,0,0
13.778837,2,1.1546471,63.471386,0,2,0,0,1,0,0,1,0,1,0,1,1,0.02509699,CH2,-0.1484103,0,1,1,1,0,1,1,0,1,1,1,0,1,1,1,1,1,0,1,1,1,0,0,0,0,1,1,1,0,0,0,0,0,0,1,1,1,1,0,1,0,0,0,0,0,0,0,0,0,1,1,0,1,0,1,0,0,1,0,0,1,1,0,1,1,0,0,1,1,1,1
14.464424,3,1.4477094,106.655464,1,1,0,0,0,0,2,1,0,1,0,1,1,-0.054316923,C,-0.011895727,1,1,1,1,1,0,1,0,1,1,1,0,1,1,1,1,1,0,1,1,1,0,0,1,0,1,1,1,0,0,0,0,0,0,1,1,1,1,0,1,0,0,0,0,0,0,0,0,0,1,1,0,1,0,1,0,0,1,0,0,0,1,0,1,1,0,0,1,1,1,1
13.41252,4,1.3844616,135.19696,1,1,3,0,0,0,2,0,0,0,0,0,0,-0.28971398,C,-0.2872592,1,0,0,0,1,1,1,0,0,0,0,0,0,0,0,0,0,0,0,0,0,0,0,1,0,0,1,0,0,0,0,0,0,0,0,0,0,0,0,0,0,0,0,0,0,0,0,0,0,0,0,0,0,0,0,0,0,0,0,0,0,1,0,0,0,0,0,0,0,0,0
16.384619,2,1.5585082,87.418365,0,2,0,0,0,0,1,0,0,1,6,0,0,-0.066313826,OE,0.26227835,0,1,0,1,0,1,0,0,0,0,0,0,0,0,0,0,1,0,0,0,0,0,0,0,0,0,1,0,0,0,0,0,0,0,0,0,1,0,0,0,0,0,0,0,0,0,0,0,0,0,0,0,0,0,0,0,0,1,0,0,0,0,0,0,0,0,0,1,0,0,1
15.197885,2,1.3333979,52.146126,0,1,3,0,0,0,2,1,0,0,0,1,1,-0.1774551,C,-0.583532,0,1,1,0,1,1,1,0,1,1,1,0,1,1,1,1,0,0,1,1,1,0,0,1,0,1,1,1,0,0,0,0,0,0,1,1,0,1,0,1,-1,0,0,0,0,0,0,0,0,1,1,0,1,0,1,0,0,1,0,0,0,1,0,1,1,0,0,1,1,1,1
13.163023,1,1.1822772,99.35049,0,1,1,0,0,1,0,1,0,0,0,0,1,-0.1503878,OA,-0.14296569,0,1,1,1,1,1,1,0,1,1,1,0,1,1,1,1,0,0,1,1,1,0,0,1,0,1,0,1,0,0,0,0,0,0,1,1,1,1,-1,1,0,0,0,0,0,0,0,0,0,1,1,0,1,0,1,0,0,0,0,0,0,1,0,1,1,0,0,1,1,1,0
14.611145,3,1.5936868,78.87742,1,2,0,1,0,1,2,1,0,1,6,1,0,0.00402554,C,-0.05199921,1,0,0,0,0,0,0,0,0,0,0,0,0,0,0,1,1,0,0,0,0,0,0,1,0,0,0,0,0,0,0,0,0,0,0,1,1,0,0,0,0,0,0,0,0,0,0,0,0,0,0,0,0,0,0,0,0,1,0,0,0,0,0,0,0,0,0,0,0,0,0
15.239749,4,1.2984546,117.54358,1,1,0,0,1,1,0,0,0,1,0,1,0,0.17251046,C,0.10822002,1,0,1,0,0,0,0,0,1,1,1,0,1,1,1,1,1,0,1,1,1,0,0,0,0,1,0,1,0,0,0,0,0,0,1,0,1,0,0,1,0,0,0,0,0,0,0,0,0,1,1,0,1,0,1,0,0,1,0,0,0,0,0,1,1,0,0,0,1,1,0
6.022602,3,1.1923859,137.4254,1,1,0,1,1,1,0,1,0,1,0,1,1,-0.05331687,C,0.25624022,1,1,1,1,1,0,1,0,1,1,1,0,1,1,1,1,1,0,1,1,1,0,0,1,0,1,0,1,0,0,0,0,0,0,1,1,1,1,0,1,0,0,0,0,0,0,0,0,0,1,1,0,1,0,1,0,0,1,0,0,0,1,0,1,1,0,0,0,1,1,0
15.936429,2,1.3527225,105.5554,0,1,3,0,0,0,0,1,0,0,0,1,1,-0.26973417,C,-0.26328477,1,1,1,0,1,1,1,0,1,1,1,0,1,1,1,1,0,0,1,1,1,0,0,1,0,1,1,1,0,0,0,0,0,0,1,1,0,1,0,1,0,0,0,0,0,0,0,0,0,1,1,0,1,0,1,0,0,0,0,0,0,1,0,1,1,0,0,1,1,1,1
18.514435,3,1.218227,87.75747,1,2,1,2,0,2,1,1,0,1,6,1,1,0.03444055,C,-0.023354398,1,0,0,0,1,0,0,0,0,0,0,0,0,0,0,0,1,0,0,0,0,0,0,0,0,0,0,0,-1,0,0,0,0,0,0,0,0,0,0,0,0,0,0,0,0,0,0,0,0,0,0,0,0,0,0,1,0,0,0,0,0,1,0,0,0,0,0,0,0,0,0
11.660692,3,1.2868781,55.89147,1,2,0,0,0,0,0,1,0,1,6,1,1,0.019289743,C,-0.011279207,1,1,1,1,1,0,1,0,1,1,1,0,1,1,1,1,1,0,1,1,1,0,0,1,0,1,1,1,0,0,0,0,0,0,1,1,0,1,0,1,0,0,0,0,0,0,0,0,0,1,1,0,1,0,1,0,0,1,0,0,1,1,0,1,1,0,0,1,1,1,1
20.20039,1,1.5150461,30.896532,0,1,0,0,0,0,1,1,0,0,0,0,0,-0.507964,O,-0.0655705,0,1,1,0,1,1,1,0,0,0,0,0,0,0,0,0,0,0,0,0,0,0,0,0,0,0,0,0,0,0,-1,0,0,0,0,0,0,1,0,0,0,0,0,0,0,0,0,0,0,0,0,0,0,0,0,0,0,0,0,0,0,1,0,0,0,0,0,1,0,0,0
17.832682,2,1.324746,77.672585,1,2,1,0,0,0,0,1,0,0,0,1,1,-0.45991796,OA,-0.39509344,0,1,1,0,1,1,1,0,0,1,0,0,1,1,1,1,0,0,1,0,1,0,0,1,0,1,0,1,0,0,0,0,0,0,1,1,0,1,0,1,0,0,0,0,0,0,0,0,0,1,1,0,0,0,1,0,0,0,0,0,0,1,0,1,1,0,0,1,0,1,1
19.020117,1,1.4319994,75.23356,0,1,0,0,0,0,0,1,0,0,0,1,1,-0.16704433,F,-0.26633784,0,1,1,0,1,1,1,0,1,1,0,0,1,1,1,1,0,0,1,1,1,0,0,1,0,1,1,1,0,0,-1,0,0,0,1,1,0,1,0,1,0,0,0,0,0,0,0,0,0,1,1,0,1,0,1,0,0,0,0,0,0,1,0,1,1,0,0,1,1,1,1
5.451412,4,1.3614541,82.11143,1,1,0,0,0,0,0,1,0,0,0,0,1,0.028401641,C,-0.12793177,1,1,1,1,1,0,1,0,1,1,1,0,1,1,1,1,1,0,1,1,1,0,0,1,0,1,1,1,0,0,0,0,0,0,1,1,1,1,0,1,0,0,0,0,0,0,0,0,0,1,1,0,1,0,1,0,0,1,0,0,-1,1,0,1,1,0,0,0,1,1,1
11.934853,4,1.1167905,99.96149,1,1,1,1,0,2,1,1,0,1,6,0,1,-0.035613928,C,-0.18926574,1,0,0,0,0,0,1,0,1,1,1,0,1,1,1,1,1,0,1,1,1,0,0,1,0,1,0,1,0,0,0,0,0,0,1,1,0,0,0,1,0,0,0,0,0,0,0,0,0,1,1,0,1,0,1,0,0,1,0,0,0,1,0,1,1,0,0,0,1,1,0
13.682809,4,1.4633211,81.036224,1,2,1,0,0,0,2,1,0,0,0,0,1,-0.09113787,C,-0.21418625,1,0,0,0,1,1,0,0,1,0,0,0,0,0,0,0,1,0,0,0,1,0,0,1,0,0,1,1,0,0,0,0,0,0,0,0,0,0,0,1,0,0,0,0,0,0,0,0,0,0,0,0,0,0,0,0,0,1,0,0,0,1,0,0,1,0,0,0,1,0,1
10.665411,3,1.2690285,152.72025,1,2,0,1,0,1,1,1,0,1,0,1,0,0.012367111,C,-0.01613669,1,0,0,0,0,0,0,0,0,0,0,0,0,0,0,0,1,0,0,0,0,0,0,1,0,0,0,0,0,0,0,0,0,0,0,0,0,0,0,0,0,0,0,0,0,0,0,0,0,0,0,0,0,0,0,0,0,0,0,0,0,0,0,0,0,0,0,0,0,0,0
10.905089,4,1.2052958,54.55474,0,2,1,1,0,1,2,0,0,1,6,1,1,0.13035539,C,0.0830525,1,0,0,0,0,0,0,0,1,1,1,0,1,1,1,1,1,0,1,1,1,0,0,1,0,1,0,1,0,0,0,0,0,0,1,1,1,0,0,0,0,0,0,0,0,0,0,0,0,1,1,0,1,0,1,0,0,1,-1,0,0,1,0,1,1,0,0,0,1,1,1
12.470276,4,1.1441736,147.41154,1,2,1,1,0,1,2,0,0,0,0,0,0,0.1659786,C,0.043560807,1,0,0,0,1,0,0,0,0,0,0,0,0,0,0,0,0,0,0,0,0,0,0,1,0,0,0,0,0,0,1,0,0,0,0,0,0,0,0,0,0,0,0,0,0,0,0,0,0,0,0,0,0,0,0,0,0,1,0,0,0,1,0,0,0,0,0,0,0,0,0
17.88497,3,1.4476604,54.17938,1,2,1,0,0,0,2,1,0,1,0,1,1,0.07032001,C,-0.06920141,0,1,1,0,1,1,1,0,1,1,1,0,1,1,1,1,1,0,1,1,1,0,0,1,0,1,0,1,0,0,0,0,0,0,1,1,0,1,0,1,0,0,0,0,0,0,0,0,0,1,1,0,1,0,1,0,0,1,0,0,0,1,0,1,1,0,0,1,1,1,1
16.365473,2,1.3169091,111.67102,1,2,1,0,0,0,1,0,0,1,6,1,1,-0.23176953,C,-0.33762386,0,0,0,0,1,1,0,-1,0,0,0,0,0,1,0,0,0,0,1,1,1,0,0,0,0,0,1,1,0,0,0,0,0,0,0,0,0,0,0,1,0,0,0,0,0,0,0,0,0,1,0,0,0,0,0,0,0,1,0,0,0,1,0,0,1,0,0,0,0,0,1
9.587039,3,1.2558093,48.785057,1,2,0,0,0,1,1,1,2,1,6,1,1,0.00899252,C,-0.027595628,0,1,1,0,1,1,1,0,1,1,1,0,1,1,1,1,1,0,1,1,1,0,0,1,0,1,0,1,0,0,0,0,0,0,1,1,1,1,0,1,0,0,0,0,0,0,0,0,0,1,1,0,1,0,1,0,0,1,0,0,0,1,0,1,1,0,0,1,1,1,1
17.987408,1,1.2883471,85.59423,0,1,0,0,0,0,1,1,0,0,0,0,0,-0.3907601,OE,-0.5868468,0,1,1,0,0,1,1,0,0,0,0,0,0,0,0,0,0,0,0,0,0,0,0,0,0,0,1,1,0,0,-1,0,0,0,0,0,0,1,0,0,0,0,0,0,0,0,0,0,0,0,0,0,0,0,0,0,0,0,0,0,0,0,0,0,0,0,0,1,0,0,1
20.596867,2,1.4305663,130.49983,0,2,0,0,0,0,1,0,0,1,6,0,0,-0.28808954,OE,-0.35042307,0,1,0,0,0,1,0,0,0,0,0,0,0,0,0,0,1,0,0,0,0,0,0,0,0,0,1,0,0,0,0,0,0,0,0,0,0,0,0,0,0,0,0,0,0,0,0,0,0,0,0,0,0,0,0,0,0,1,0,0,0,0,0,0,0,0,0,1,0,0,1
7.206613,1,1.2574035,78.107796,0,0,0,1,0,1,0,1,0,0,0,1,1,0.059119582,H,0.30795556,0,1,1,1,1,1,1,0,1,1,1,0,1,1,1,1,1,0,1,1,1,0,0,1,0,1,1,1,0,0,0,0,0,0,1,1,1,1,0,1,0,0,0,0,0,0,0,0,0,1,1,0,1,0,1,0,0,1,0,0,-1,1,0,1,1,0,0,1,1,1,1
1.008,1,0.99807006,48.205025,0,0,0,0,0,1,0,0,0,0,0,0,0,0.2458307,H,0.1383416,0,0,0,1,0,0,0,0,0,0,0,0,0,0,0,0,1,0,0,0,0,0,0,0,0,0,1,0,0,0,0,0,0,0,0,1,1,0,0,0,0,0,0,0,0,0,0,0,0,0,0,0,0,0,0,0,0,1,0,0,-1,0,0,1,0,0,0,0,0,0,1
9.80333,2,1.2925787,0.0,0,1,2,1,0,1,0,0,0,0,0,0,0,0.028805915,C,0.35878202,0,0,0,1,0,1,0,0,0,0,0,0,0,0,0,0,0,0,0,0,0,0,0,0,0,0,0,0,0,0,0,0,0,0,0,0,1,0,0,0,0,0,0,0,0,0,0,0,0,0,0,0,0,0,0,0,0,0,0,0,0,0,0,0,0,0,0,0,0,0,0
15.25757,2,1.4314535,91.45917,1,1,0,0,0,0,0,1,0,0,0,0,0,-0.11628163,OA,0.1638988,0,1,1,0,1,1,1,0,0,0,0,0,0,0,0,0,0,0,0,1,1,0,0,1,0,0,0,1,0,0,0,0,0,0,0,0,0,1,0,1,0,0,0,0,0,0,0,0,0,0,0,0,0,0,0,0,0,0,0,0,0,1,0,1,0,0,0,1,0,0,0
18.496904,4,1.4414661,86.89367,0,2,3,0,0,0,2,0,0,1,0,0,0,0.052336063,C,-0.30370542,1,0,0,0,0,0,0,0,0,0,0,0,0,0,0,0,0,0,0,0,0,0,0,0,0,0,1,0,0,0,0,0,0,0,0,0,0,0,0,0,0,0,0,0,0,0,0,0,0,0,0,0,0,0,0,0,0,0,0,0,0,0,0,0,0,0,0,0,0,0,0
13.552378,2,1.3496548,64.39434,0,1,0,0,0,0,0,1,0,0,0,1,1,-0.063961305,C,-0.43783012,0,1,1,1,1,1,1,0,1,1,1,0,1,1,1,1,0,0,1,1,1,0,0,1,0,1,1,1,0,0,0,0,0,0,1,1,1,1,0,1,0,0,0,0,0,0,0,0,0,1,1,0,1,0,1,0,0,1,0,0,0,1,0,1,1,0,0,1,1,1,1
12.697142,1,1.1854589,79.35201,1,0,0,1,1,1,0,0,0,0,0,1,0,0.33045053,H,0.61553586,0,0,0,1,0,0,0,0,0,0,0,0,0,0,0,0,1,0,0,0,0,0,0,0,0,0,0,0,0,0,0,0,0,0,0,0,1,0,0,0,0,0,0,0,0,0,0,0,0,0,0,0,0,0,0,0,0,0,0,0,0,0,0,0,0,0,0,0,0,0,0
14.017676,4,1.3598508,82.75581,0,1,1,1,0,1,1,0,0,1,6,0,1,-0.10067107,C,-0.25986707,0,0,0,1,1,1,0,0,1,0,1,0,1,1,1,0,0,0,1,1,1,0,0,0,0,1,0,1,0,0,0,0,0,0,1,1,1,0,0,1,0,0,0,0,0,0,0,0,0,1,1,0,1,0,1,0,0,0,0,0,0,0,0,0,1,0,0,0,1,1,0
18.619299,3,1.3951062,95.48995,1,2,1,0,0,0,2,0,0,1,6,1,0,-0.1926588,C,-0.608,1,0,1,0,1,0,0,0,0,0,0,0,0,0,0,0,1,0,0,0,0,0,0,0,0,0,1,0,0,0,0,0,0,0,0,0,0,0,0,0,0,0,0,0,0,0,0,0,0,0,0,0,0,0,0,0,0,1,0,0,0,1,0,0,0,0,0,0,0,0,1
12.1445675,1,1.1515257,92.31668,0,1,0,0,0,0,1,1,0,0,0,0,0,-0.2054797,O,-0.1764679,0,1,1,1,1,1,1,0,0,0,0,0,0,0,0,0,0,0,0,0,0,0,0,0,0,0,0,0,0,0,0,0,0,0,0,0,0,1,0,0,0,0,0,0,0,0,0,0,0,0,0,0,0,0,0,0,0,0,0,0,0,0,0,0,0,0,0,1,0,0,1
10.093506,2,1.1821958,89.270744,0,1,1,0,0,0,0,0,0,0,0,0,0,-0.26382703,OA,-0.11734577,0,0,0,1,0,1,0,0,0,0,0,0,0,0,0,0,0,0,0,0,0,0,0,0,0,0,1,0,0,0,0,0,0,0,0,0,1,0,-1,0,0,0,0,0,0,0,0,0,0,0,0,0,0,0,0,0,0,0,0,0,-1,0,0,1,0,0,0,0,0,0,0
22.996843,4,1.3155591,133.19133,0,2,1,1,0,1,1,0,0,1,0,0,0,0.23010677,C,-0.08044819,1,0,0,0,1,0,0,0,0,0,0,0,0,0,0,0,0,0,0,0,0,0,0,0,0,0,0,0,0,0,0,0,0,0,0,0,0,0,0,0,0,0,0,0,0,0,0,0,0,0,0,0,0,0,0,0,0,0,0,0,0,0,0,0,0,0,0,0,0,0,0
18.418024,1,1.4713465,62.388287,0,1,0,0,0,0,2,1,0,0,0,1,0,-0.410468,C,-0.43812746,0,1,1,0,1,1,1,0,0,0,0,0,0,0,0,0,0,0,0,0,0,0,0,1,0,0,1,0,0,0,-1,0,0,0,0,0,0,1,0,0,0,0,0,0,0,0,0,0,0,0,0,0,0,0,0,0,0,0,0,0,0,1,0,0,0,0,0,1,0,0,1
10.909663,4,1.2325977,92.4154,1,2,0,0,1,0,0,1,0,1,0,1,1,0.05857574,C,-0.030526908,1,1,1,0,1,0,1,0,1,1,1,0,1,1,1,1,1,0,1,1,1,0,0,1,0,1,1,1,0,0,0,0,0,0,1,1,0,0,0,1,0,0,0,0,0,0,0,0,0,1,1,0,1,0,1,0,0,1,0,0,0,1,0,1,1,0,0,0,1,1,1
16.767239,1,1.1416216,119.87086,0,1,0,0,0,0,2,1,0,0,0,1,1,-0.298292,C,-0.21189573,0,1,1,0,1,1,1,0,1,1,1,0,1,1,1,1,0,0,1,1,1,0,0,1,0,1,1,1,0,0,0,0,0,0,1,1,0,1,0,1,0,0,0,0,0,0,0,0,0,1,1,0,1,0,1,0,0,1,0,0,0,1,0,1,1,0,0,1,1,1,1
8.635814,2,1.2813503,40.306458,0,2,0,0,0,0,1,0,0,0,0,0,0,-0.18780705,OE,-0.09199337,0,0,0,1,0,1,0,0,0,0,0,0,0,0,0,0,0,0,0,0,0,0,0,0,0,0,1,0,0,0,0,0,0,0,0,0,1,1,0,0,0,0,0,0,0,0,0,0,0,0,0,0,0,0,0,0,0,0,0,0,0,0,0,0,0,0,0,1,0,0,1
14.812503,2,1.3473963,175.2819,0,2,0,0,0,0,0,0,0,1,0,1,0,-0.23638591,C,-0.40475577,1,1,1,0,0,1,1,0,0,0,0,0,0,0,0,0,0,0,0,0,0,0,0,0,0,0,1,0,0,0,0,0,0,0,0,0,0,0,0,0,0,0,0,0,0,0,0,0,0,0,0,0,0,0,0,0,0,1,0,0,0,0,0,0,0,0,0,1,0,0,1
18.618156,4,1.5266749,179.6517,1,2,1,1,0,1,2,0,0,1,6,1,0,0.28999823,C,0.27742544,1,0,0,0,0,0,0,0,0,0,0,0,0,0,0,0,1,0,0,0,0,0,0,0,0,0,0,0,0,0,1,0,0,0,0,0,0,0,0,0,0,0,0,0,0,0,0,0,0,0,0,0,0,0,0,0,0,1,0,0,0,0,0,0,0,0,0,0,0,0,0
13.738498,3,1.3858881,91.19744,1,1,2,1,0,1,0,1,0,0,0,0,1,-0.0021894309,C,0.24896969,1,0,0,0,1,0,0,0,1,1,1,0,1,1,1,1,0,0,1,1,1,0,0,1,0,1,0,1,0,0,0,-1,0,0,1,1,0,1,0,1,0,0,0,0,0,0,0,0,0,1,1,0,1,0,1,0,0,0,0,0,0,1,0,1,1,0,0,1,1,1,0
14.627519,2,1.4875528,64.18917,0,1,0,0,0,0,0,0,0,0,0,0,1,-0.215,OE,-0.44449088,0,1,1,0,0,1,1,0,1,1,1,0,1,1,1,1,0,0,1,1,1,0,0,0,0,1,1,1,0,0,-1,0,0,0,1,1,0,1,0,1,0,0,0,0,0,0,0,0,0,1,1,0,1,0,1,0,0,0,0,0,0,0,0,1,1,0,0,1,1,1,1
8.172112,3,1.2385108,103.25319,1,0,0,0,1,1,0,1,0,1,0,1,1,0.2376499,C,0.038436666,1,1,1,1,1,1,1,0,1,1,1,0,1,1,1,1,1,0,1,1,1,0,0,1,0,1,0,1,0,0,0,0,0,0,1,1,1,1,0,1,0,0,0,0,0,0,0,0,0,1,1,0,1,0,1,0,0,1,0,0,1,1,0,1,1,0,0,1,1,1,0
12.252715,3,1.4242355,137.02408,1,3,0,0,0,0,0,1,0,1,6,1,1,-0.07913866,C,0.017523468,1,1,1,0,1,0,1,0,1,1,1,0,1,1,1,1,1,0,1,1,1,0,0,1,0,1,1,1,0,0,0,0,0,0,1,1,0,0,0,1,0,0,0,0,0,0,0,0,0,1,1,0,1,0,1,0,0,0,0,0,0,1,0,1,1,0,0,1,1,1,1
2.1420665,1,1.1386778,0.0,0,0,0,1,0,1,1,0,0,0,0,0,0,0.18609113,H,0.17197043,0,0,0,1,0,0,0,0,0,0,0,0,0,0,0,0,0,0,0,0,0,0,0,0,0,0,0,0,0,0,0,0,0,0,0,0,1,1,0,0,0,0,0,0,0,0,0,0,0,0,0,0,0,0,0,0,0,0,0,0,-1,0,0,0,0,0,0,1,0,0,0
11.343999,4,1.0997796,155.71027,1,1,1,0,0,0,0,0,0,0,0,0,0,-0.0572304,C,-0.56147957,1,0,0,0,0,0,0,0,0,0,0,0,0,0,0,0,0,0,0,0,0,0,0,1,0,0,0,0,0,0,0,0,0,0,0,0,0,0,0,0,0,0,0,0,0,0,0,0,0,0,0,0,0,0,0,0,0,0,0,0,0,0,0,0,0,0,0,0,0,0,0
10.815809,3,1.1811029,171.64514,1,2,1,2,0,1,1,0,2,1,6,1,1,0.004326882,C,0.054381832,1,0,0,0,0,0,0,0,1,1,1,0,1,1,1,1,1,0,1,1,1,0,0,1,0,1,0,1,-1,0,0,0,0,0,1,1,0,0,0,1,0,0,0,0,0,0,0,0,0,1,1,0,1,0,1,0,0,1,0,0,0,1,0,1,1,0,0,0,1,1,0
8.569495,2,1.1952833,114.42033,1,1,0,0,0,0,0,0,0,0,0,0,1,-0.38184094,H,-0.16394638,0,1,0,1,1,1,0,0,0,1,1,0,1,1,1,0,0,0,1,1,1,0,0,0,0,1,0,1,0,0,0,0,0,0,0,1,1,1,0,1,0,0,0,0,0,0,0,0,0,0,1,0,1,0,1,0,0,0,0,0,1,0,0,1,0,0,0,1,1,1,0
9.342104,1,1.4292663,57.91383,0,2,0,0,0,0,1,1,0,0,0,1,1,-0.19563802,C,-0.12237938,0,1,1,1,0,1,1,0,1,1,1,0,1,1,1,1,1,0,1,1,1,0,0,1,0,1,1,1,0,0,0,0,0,0,1,1,1,1,0,1,0,0,0,0,0,0,0,0,0,1,1,0,1,0,1,0,0,1,0,0,0,1,0,1,1,0,0,1,1,1,1
13.125503,2,1.4369011,85.879395,0,1,0,0,0,0,1,0,0,0,0,0,1,-0.21934608,OE,-0.52036947,0,0,0,0,0,1,0,0,1,1,1,0,1,1,1,0,0,0,1,1,0,0,0,0,0,0,1,0,0,0,0,0,0,0,1,1,0,0,0,0,0,0,0,0,0,0,0,0,0,1,1,0,1,0,0,0,0,1,0,0,0,1,0,0,0,0,0,1,1,1,1
7.752738,4,1.2031043,140.24174,1,1,2,0,0,0,0,0,0,0,0,0,1,-0.0027265586,C,0.013159614,1,0,0,0,1,0,0,0,1,1,1,0,1,1,1,1,0,0,1,1,1,0,0,1,0,1,0,1,0,0,0,0,0,0,1,1,0,0,0,1,0,0,0,0,0,0,0,0,0,1,1,0,1,0,1,0,0,0,0,-1,0,1,0,0,1,0,0,0,1,1,0
8.940838,4,1.3136775,121.97682,0,2,0,1,0,1,2,1,0,1,6,1,1,-0.2117685,C,-0.19608855,1,0,0,1,0,0,1,0,1,1,1,0,1,1,1,1,1,0,1,1,1,0,0,1,0,1,0,1,0,0,0,0,0,0,1,1,1,1,0,1,0,0,0,0,0,0,0,0,0,1,1,0,1,0,1,0,0,1,0,0,0,0,0,1,1,0,0,0,1,1,1
10.313504,4,1.3384044,5.4813294,0,2,0,1,0,1,0,1,0,0,0,0,1,0.036798432,C,0.180178,1,0,0,1,0,0,0,0,1,1,1,0,1,1,1,1,1,0,1,1,1,0,0,1,0,1,1,1,0,0,0,0,0,0,1,1,1,1,0,1,0,0,0,0,0,0,0,0,0,1,1,0,1,0,1,0,0,1,0,0,-1,0,0,1,1,0,0,1,1,1,1
11.119009,4,1.2255327,64.13053,1,1,3,0,0,0,2,1,0,0,0,1,0,-0.015457767,C,-0.20803836,1,0,1,0,1,0,1,0,0,0,0,0,1,1,0,0,1,0,0,0,0,0,0,1,0,0,1,1,0,0,0,0,0,0,1,1,0,0,0,0,0,0,0,0,0,0,0,0,0,1,0,0,0,0,0,0,0,1,0,0,0,1,0,0,1,0,0,0,1,0,0
7.452147,4,1.3976797,60.729618,0,2,1,1,0,1,2,0,0,1,6,0,0,0.0829305,C,0.17851056,1,0,0,1,0,0,0,0,0,0,0,0,0,0,0,0,1,0,0,0,0,0,0,0,0,0,0,0,0,0,1,0,0,0,0,0,1,0,0,0,0,0,0,0,0,0,0,0,0,0,0,0,0,0,0,0,0,1,0,0,0,0,0,0,0,0,0,0,0,0,0
14.320261,4,1.4057491,135.51573,0,2,3,0,0,0,2,0,0,1,6,0,0,0.015037421,C,-0.48218837,1,0,0,0,0,0,0,0,0,0,0,0,0,0,0,0,0,0,0,0,0,0,0,0,0,0,1,0,0,0,0,0,0,0,0,0,0,0,0,0,0,0,0,0,0,0,0,0,0,0,0,0,0,0,0,0,0,1,0,0,0,0,0,0,0,0,0,0,0,0,1
11.653471,4,1.1846533,75.76218,0,2,1,1,0,1,0,0,0,1,6,0,0,0.14952224,C,-0.021558916,1,0,0,1,0,0,0,0,0,0,0,0,0,0,0,0,1,0,0,0,0,0,0,0,0,0,0,0,0,0,0,0,0,0,0,0,1,0,0,0,0,0,0,0,0,0,0,0,0,0,0,0,0,0,0,0,0,1,0,0,0,0,0,0,0,0,0,0,0,0,0
13.820496,3,1.4385155,78.54768,1,1,0,0,0,0,2,1,0,0,0,0,0,-0.12843455,C,0.14172988,1,1,1,0,1,0,1,0,0,0,0,0,0,0,0,0,0,0,0,0,0,0,0,1,0,0,1,0,0,-1,0,0,0,0,0,0,0,0,0,0,0,0,0,0,0,0,0,0,0,0,0,0,0,0,0,0,0,0,0,0,0,1,0,0,0,0,0,0,0,0,0
5.467166,2,1.1183128,111.03641,0,2,0,0,0,0,0,1,0,1,0,1,1,0.13460194,CH2,0.2370017,0,1,0,1,0,1,1,0,0,1,1,0,1,1,1,1,1,0,1,1,1,0,0,0,0,1,1,1,0,0,0,0,0,0,1,1,1,1,0,1,0,0,0,0,0,0,0,0,0,1,1,0,1,0,1,0,0,1,0,0,1,0,0,1,1,0,0,1,1,1,1
10.680643,1,1.4343808,60.866028,0,1,0,0,0,0,0,0,0,0,0,0,0,-0.036211222,CH3,-0.17601644,1,1,0,1,0,0,0,0,0,0,0,0,0,0,0,0,0,0,0,0,0,0,0,0,0,0,0,0,0,0,0,0,0,0,0,0,0,0,0,0,0,0,0,0,0,0,0,0,0,0,0,0,0,0,0,0,0,0,0,0,-1,0,0,0,0,0,0,0,0,0,0
9.6822195,1,1.3137152,3.890024,1,2,0,0,1,1,1,1,0,1,0,1,1,-0.00086303375,HS14,0.4115996,0,1,1,1,1,1,1,0,1,1,1,0,1,1,1,1,1,0,1,1,1,0,0,1,0,1,1,1,0,0,0,0,0,0,1,1,1,1,0,1,0,0,0,0,0,0,0,0,0,1,1,0,1,0,1,0,0,1,0,0,0,0,0,1,1,0,0,1,1,1,1
15.169187,3,1.3557628,122.92876,1,3,0,0,0,0,0,1,0,1,6,1,1,0.030974453,C,-0.11502477,1,1,1,0,1,0,1,0,1,1,1,0,1,1,1,1,1,0,1,1,1,0,0,1,0,1,0,1,0,-1,0,0,0,0,1,1,0,0,0,1,0,0,0,0,0,0,0,0,0,1,1,0,1,0,1,0,0,0,0,0,0,1,0,1,1,0,0,0,1,1,1
15.652035,3,1.3021519,69.1813,1,2,0,0,0,0,0,1,0,0,0,1,1,-0.22669816,OA,-0.20904611,0,1,1,1,1,1,1,0,1,1,1,0,1,1,1,1,1,0,1,1,1,0,0,1,0,1,0,1,0,0,0,0,0,0,1,1,1,1,0,1,0,0,0,0,0,0,0,0,0,1,1,0,1,0,1,0,0,1,0,0,0,1,0,1,1,0,0,1,1,1,1
7.5756936,1,1.3307711,151.63467,0,2,0,1,0,1,0,0,0,1,6,1,0,0.025152162,C,0.28187153,0,0,0,1,0,0,0,0,0,0,0,0,0,0,0,0,1,0,0,0,0,0,0,0,0,0,0,0,0,0,1,0,0,0,0,0,1,0,0,0,0,0,0,0,0,0,0,0,0,0,0,0,0,0,0,0,0,1,0,0,0,0,0,0,0,0,0,0,0,0,1
7.8154755,2,1.3569595,82.36713,1,2,0,0,0,0,0,1,0,0,0,0,1,0.04123139,C,0.10396687,0,1,1,1,1,1,1,0,1,1,1,0,1,1,1,1,1,0,1,1,1,0,0,1,0,1,1,1,0,0,0,0,0,0,1,1,1,1,0,1,0,0,0,0,0,0,0,0,0,1,1,0,1,0,1,0,0,1,0,0,-1,1,0,1,1,0,0,0,1,1,1
13.966003,3,1.4921972,92.29919,1,2,1,0,0,0,1,1,0,1,6,1,1,-0.09202874,C,-0.038361013,1,0,1,0,1,0,0,-1,1,1,1,0,1,1,1,1,1,0,1,1,1,0,0,1,0,1,0,1,0,0,0,0,0,0,1,1,0,1,0,1,0,0,0,0,0,0,0,0,0,1,1,0,1,0,1,0,0,0,0,0,0,1,0,1,1,0,0,1,1,1,0
9.12256,4,1.4045601,63.29172,1,4,0,0,0,1,0,1,0,1,0,0,1,-0.044635694,C,-0.012717338,1,1,0,1,0,0,0,0,1,1,1,0,1,1,1,1,1,0,1,1,1,0,0,0,0,1,0,1,0,0,0,0,0,0,1,1,1,1,0,1,0,0,0,0,0,0,0,0,0,1,1,0,1,0,1,0,0,0,0,-1,0,0,0,1,1,0,0,0,1,1,0
14.212394,2,1.4080979,113.83514,0,2,0,0,0,0,2,0,0,1,6,1,1,-0.023029579,C,0.09106059,1,1,1,0,0,0,1,0,1,1,1,0,1,1,1,1,1,0,1,1,1,0,0,0,0,1,1,1,0,0,0,0,0,0,1,1,1,0,0,1,0,0,0,0,0,0,0,0,0,1,1,0,1,0,1,0,0,1,0,0,0,0,0,1,1,0,0,0,1,1,1
8.304969,1,1.4701438,48.02018,0,1,0,0,0,0,0,0,0,1,0,0,0,-0.01918105,C,0.4758447,1,1,1,1,0,0,1,0,0,0,0,0,0,0,0,0,0,0,0,0,0,0,0,0,0,0,0,0,0,0,0,0,0,0,0,0,1,0,0,0,0,0,0,0,0,0,0,0,0,0,0,0,0,0,0,0,0,0,0,0,1,0,0,0,0,0,0,0,0,0,0
15.43534,3,1.4417585,44.827953,1,2,1,0,0,0,1,0,0,1,6,1,0,0.012560479,C,0.24168634,1,0,0,0,0,0,0,0,0,0,0,0,0,0,0,0,0,0,0,0,0,0,0,0,0,0,0,0,0,0,0,0,0,0,0,0,0,0,0,0,0,0,0,0,0,0,0,0,0,0,0,0,0,0,0,0,0,0,0,0,0,0,0,0,0,0,0,0,0,0,0
13.403685,2,1.4210495,77.27601,0,2,0,0,0,0,0,1,0,1,6,1,1,-0.12434551,CH2,-0.06288751,1,1,1,0,0,1,1,0,0,1,1,0,1,1,1,1,1,0,1,1,1,0,0,0,0,1,1,1,0,0,0,0,0,0,1,1,0,1,0,1,0,0,0,0,0,0,0,0,0,1,1,0,1,0,1,0,0,1,0,0,-1,1,0,1,1,0,0,1,1,1,1
17.936316,3,1.1979768,47.282772,1,1,1,2,0,2,0,1,0,0,0,1,0,0.017508361,C,-0.019674478,0,1,1,0,1,0,1,0,0,0,0,0,0,0,0,0,0,0,0,0,0,0,0,1,0,0,0,0,0,0,0,0,0,0,0,0,0,0,0,0,0,0,0,0,0,0,0,0,0,0,0,0,0,0,0,0,0,0,0,0,0,1,0,0,0,0,0,1,0,0,0
11.464705,1,1.2364614,90.36863,0,0,0,0,0,1,1,1,0,0,0,1,0,-0.2104243,O,0.12506063,0,1,1,1,1,1,1,0,0,0,0,0,0,0,0,1,0,0,0,0,0,0,0,0,0,0,0,0,0,0,0,0,0,0,0,0,0,1,0,1,0,0,0,0,0,0,0,0,0,0,0,0,0,0,1,0,0,0,0,0,0,0,0,0,0,0,0,1,0,0,0
5.945643,4,1.3057725,45.076286,1,2,1,1,0,1,0,0,0,1,6,1,1,0.08476205,C,-0.017944202,1,0,0,1,0,0,0,0,0,1,1,0,1,1,1,1,1,0,1,1,1,0,0,1,0,1,1,1,0,0,0,0,0,0,1,1,1,0,0,1,0,0,0,0,0,0,0,0,0,1,1,0,1,0,1,0,0,1,0,0,0,0,0,1,1,0,0,0,1,1,1
10.417724,3,1.3033506,151.67633,1,2,1,0,0,0,1,0,0,1,6,1,0,-0.22798279,C,-0.40619567,1,0,0,0,0,0,0,0,0,0,0,0,0,0,0,0,0,0,0,0,0,0,0,0,0,0,0,0,0,0,0,0,0,0,0,0,0,0,0,0,0,0,0,0,0,0,0,0,0,0,0,0,0,0,0,0,0,1,0,0,0,0,0,0,0,0,0,0,0,0,0
14.485748,4,1.0795053,172.20084,0,1,1,0,0,0,1,0,0,0,0,0,0,-0.17982392,OA,-0.12868427,0,0,0,0,0,1,0,0,0,0,0,0,0,0,0,0,0,0,0,0,0,0,0,0,0,0,0,0,0,0,0,0,0,0,0,0,0,0,-1,0,0,0,0,0,0,0,0,0,0,0,0,0,0,0,0,0,0,0,0,0,0,0,0,0,0,0,0,0,0,0,0
8.57671,2,1.0586847,26.999382,0,0,0,0,0,0,0,0,0,0,0,0,0,0.0069080177,H,0.11672426,0,0,0,1,0,1,0,0,0,0,0,0,0,0,0,0,0,0,0,0,0,0,0,0,0,0,1,0,0,0,0,0,0,0,0,0,1,0,0,0,0,0,0,0,0,0,0,0,0,0,0,0,0,0,0,0,0,0,0,0,-1,0,0,0,0,0,0,0,0,0,1
18.696737,2,1.3184723,90.628006,0,1,0,0,0,0,0,0,0,0,0,0,1,-0.41847396,OA,-0.26388,0,1,1,0,1,1,1,0,1,1,0,0,1,1,1,1,0,0,1,1,1,0,0,1,0,0,1,1,0,0,0,0,0,0,1,0,0,1,-1,1,0,0,0,0,0,0,0,0,0,1,1,0,1,0,0,0,0,0,0,0,0,1,0,1,1,0,0,1,1,1,1
11.757877,4,1.3628535,125.2161,1,2,1,1,0,1,1,1,0,1,0,1,1,-0.043427866,C,-0.0364825,1,1,1,1,1,0,1,0,1,1,1,0,1,1,1,1,1,0,1,1,1,0,0,1,0,1,1,1,0,0,0,0,0,0,1,1,1,1,0,1,0,0,0,0,0,0,0,0,0,1,1,0,1,0,1,0,0,1,0,0,0,1,0,1,1,0,0,1,1,1,1
7.353338,3,1.2577971,154.3077,1,2,0,0,1,1,0,1,0,0,0,1,0,-0.08842977,N,0.10638386,1,0,1,0,1,0,1,0,0,1,0,0,0,0,0,1,1,0,0,0,0,0,0,1,0,0,0,0,0,0,0,0,0,0,0,0,0,1,0,0,0,0,0,0,0,0,0,0,0,0,0,0,0,0,0,0,0,0,0,0,0,1,0,0,0,0,0,1,0,0,0
9.101365,1,1.0896175,72.27226,0,0,0,1,0,1,0,0,0,0,0,0,0,0.106833965,H,0.34474868,0,0,0,1,0,0,0,0,0,1,1,0,1,1,1,1,0,0,1,1,0,0,0,0,0,1,0,1,0,0,0,0,0,0,1,1,1,1,0,0,0,0,0,0,0,0,0,0,0,1,1,0,1,0,1,0,0,1,0,0,-1,0,0,1,1,0,0,0,0,1,0
9.379465,3,1.4018896,105.29938,1,2,1,0,0,0,0,0,0,1,6,1,1,-0.11569253,C,-0.35499278,1,0,1,0,1,0,0,-1,1,1,1,0,1,1,1,1,1,0,1,1,1,0,0,1,0,1,1,1,0,0,0,0,0,0,1,1,0,0,0,1,0,0,0,0,0,0,0,0,0,1,1,0,1,0,1,0,0,1,0,0,0,1,0,1,1,0,0,0,1,1,1
12.156491,2,1.2085407,119.329796,0,1,3,0,0,0,0,1,0,0,0,0,0,-0.25268486,OA,-0.072138235,0,0,1,0,0,1,1,0,1,1,0,0,0,1,1,1,0,0,1,0,1,0,0,1,0,0,1,1,0,0,0,0,0,0,1,0,0,1,0,0,0,0,0,0,0,0,0,0,0,1,1,0,0,0,1,0,0,0,0,0,0,1,0,1,1,0,0,1,1,0,1
10.6442995,4,1.2155412,140.77785,1,2,1,0,0,1,2,0,0,1,6,1,0,-0.0150474,C,-0.0057325866,1,0,0,0,0,0,0,0,0,0,0,0,0,0,0,0,1,0,0,0,0,0,0,0,0,0,0,0,0,0,0,0,0,0,0,0,0,0,0,0,0,0,0,0,0,0,0,0,0,0,0,0,0,0,0,0,0,1,0,0,0,0,0,0,0,0,0,0,0,0,0
10.645813,2,1.264212,15.823202,0,2,0,0,0,0,1,0,0,0,0,0,0,-0.16151881,OE,0.11665749,0,0,0,1,0,1,0,0,0,0,0,0,0,0,0,0,0,0,0,0,0,0,0,0,0,0,1,0,0,0,0,0,0,0,0,0,1,1,0,0,0,0,0,0,0,0,0,0,0,0,0,0,0,0,0,0,0,0,0,0,0,0,0,0,0,0,0,1,0,0,1
3.593965,1,0.96,8.915161,1,0,0,0,1,1,0,1,0,0,0,1,1,0.053210907,H,0.1647449,0,1,1,1,1,0,1,0,1,1,1,-1,1,0,1,1,1,0,1,0,1,0,0,0,0,1,0,0,0,0,0,0,0,0,1,1,1,1,0,1,0,0,0,0,0,0,0,0,0,1,1,0,1,0,1,0,0,0,0,0,1,0,0,1,1,0,0,0,1,1,0
26.061682,2,1.3365208,102.8706,0,1,1,0,0,0,1,1,0,0,0,1,0,-0.2889922,OA,0.19901228,0,1,1,0,1,1,1,0,0,0,0,0,0,0,0,0,0,0,0,0,0,0,0,0,0,0,0,0,0,0,0,0,0,0,0,0,0,0,0,0,0,0,0,0,0,0,0,0,0,0,0,0,0,0,0,0,0,0,0,0,0,1,0,0,0,0,0,1,0,0,1
15.592395,4,1.4175197,116.45504,0,2,1,1,0,1,1,0,0,1,6,1,1,0.03807153,C,-0.02765393,1,0,0,0,0,1,0,0,1,0,0,0,0,0,0,0,1,0,0,0,1,0,0,0,0,0,1,0,0,0,0,0,0,0,1,1,1,0,0,0,0,0,0,0,0,0,0,0,0,0,0,0,0,0,0,0,0,1,0,0,0,0,0,0,1,0,0,0,0,1,1
8.428706,3,1.3443016,0.0,1,2,0,0,0,0,0,0,0,1,6,0,0,-0.3340236,C,-0.14498115,0,0,0,1,0,0,0,0,0,0,0,0,0,0,0,0,1,0,0,0,0,0,0,0,0,0,1,0,0,0,0,0,0,0,0,0,0,0,0,0,0,0,0,0,0,0,0,0,0,0,0,0,0,0,0,0,0,0,0,0,1,0,0,0,0,0,0,0,0,0,1
11.983738,4,1.4065043,110.79614,1,3,1,0,0,0,1,1,0,1,6,1,1,0.08572447,C,-0.1601647,1,1,1,0,1,0,1,0,1,1,1,0,1,1,1,1,1,0,1,1,1,0,0,1,0,1,1,1,0,0,0,0,0,0,1,1,0,1,0,1,0,0,0,0,0,0,0,0,0,1,1,0,1,0,1,0,0,1,0,0,0,1,0,1,1,0,0,1,1,1,1
17.277662,3,1.5559775,69.13629,1,2,1,0,0,0,0,0,0,1,6,0,0,-0.14401022,C,0.024895325,1,0,0,0,0,0,0,-1,0,0,0,0,0,0,0,0,0,0,0,0,0,0,0,0,0,0,0,0,0,0,0,0,0,0,0,0,0,0,0,0,0,0,0,0,0,0,0,0,0,0,0,0,0,0,0,0,0,0,0,0,0,0,0,0,0,0,0,0,0,0,0
11.225076,4,1.2369081,156.61464,1,2,0,1,0,1,2,1,0,1,0,1,1,-0.050322607,C,0.23623966,1,1,1,1,0,0,1,0,1,1,1,0,1,1,1,1,1,0,1,1,1,0,0,1,0,1,0,1,0,0,0,0,0,0,1,1,1,1,0,1,0,0,0,0,0,0,0,0,0,1,1,0,1,0,1,0,0,1,0,0,0,0,0,1,1,0,0,0,1,1,0
8.871216,4,1.2936914,153.4718,0,1,1,1,0,1,2,0,0,1,6,0,1,0.019222757,C,-0.3253707,1,0,0,0,0,0,0,0,1,1,1,0,1,1,1,1,1,0,1,1,1,0,0,1,0,1,0,1,0,0,1,0,0,0,1,1,0,0,0,1,0,0,0,0,0,0,0,0,0,1,1,0,1,0,1,0,0,1,0,0,0,0,0,1,1,0,0,0,1,1,0
8.548893,4,1.1943184,129.88008,0,2,1,1,0,1,0,0,0,1,6,0,0,-0.053928565,C,-0.08808072,1,0,0,1,0,0,0,0,0,0,0,0,0,0,0,0,1,0,0,0,0,0,0,0,0,0,0,0,0,0,0,0,0,0,0,0,1,0,0,0,0,0,0,0,0,0,0,0,0,0,0,0,0,0,0,0,0,0,0,0,0,0,0,0,0,0,0,0,0,0,0
19.232985,2,1.1037295,128.364,0,1,1,0,0,0,0,0,0,0,0,0,0,-0.25430852,OA,-0.41819668,0,0,0,0,0,1,0,0,0,0,0,0,0,0,0,0,0,0,0,0,0,0,0,0,0,0,0,0,0,0,0,0,0,0,0,0,0,0,-1,0,0,0,0,0,0,0,0,0,0,0,0,0,0,0,0,0,0,0,0,0,0,0,0,0,0,0,0,0,0,0,0
13.483623,4,1.3693262,149.95473,1,1,1,0,0,0,1,1,0,0,0,0,1,-0.09686804,C,-0.14750719,1,0,1,0,1,0,0,0,1,1,1,0,1,1,1,1,1,0,1,1,1,0,0,1,0,0,1,1,0,0,0,0,0,0,1,0,0,0,0,1,0,0,0,0,0,0,0,0,0,1,1,0,1,0,1,0,0,0,0,0,0,1,0,0,1,0,0,0,1,1,0
8.921575,1,1.3892094,24.272314,0,1,0,0,0,0,1,1,0,0,0,0,0,0.046809647,CL,0.06853384,0,1,1,0,0,1,1,0,0,0,0,0,0,0,0,0,0,0,0,0,0,0,0,0,0,0,1,0,0,0,-1,0,0,0,0,0,0,1,0,0,0,0,0,0,0,0,0,0,0,0,0,0,0,0,0,0,0,0,0,0,0,0,0,0,0,0,0,1,0,0,1
16.66791,4,1.1033534,118.07785,1,2,1,0,0,0,1,0,0,1,6,1,0,-0.12159726,C,-0.3137126,1,0,0,0,0,0,0,-1,0,0,0,0,0,0,0,0,0,0,0,0,0,0,0,0,0,0,1,0,0,0,0,0,0,0,0,0,0,0,0,0,0,0,0,0,0,0,0,0,0,0,0,0,0,0,0,0,0,1,0,0,0,0,0,0,0,0,0,0,0,0,0
14.825599,3,1.2916309,43.79439,1,2,1,0,0,0,0,1,0,1,0,1,1,0.03273613,C,-0.33593908,1,0,0,0,1,0,0,-1,1,1,1,0,1,1,1,1,1,0,1,1,1,0,0,1,0,1,0,1,0,0,0,0,0,0,1,1,0,0,0,1,0,0,0,0,0,0,0,0,0,1,1,0,1,0,1,0,0,0,0,0,0,1,0,1,1,0,0,0,1,1,0
3.4453433,3,1.4759599,19.867365,1,2,0,0,1,1,0,1,0,0,0,1,1,-0.03576325,C,-0.21583484,1,1,1,1,0,0,1,0,1,1,1,0,1,1,1,1,1,0,1,1,1,0,0,1,0,1,0,1,0,0,0,0,0,0,1,1,0,1,0,1,0,0,0,0,0,0,0,0,0,1,1,0,1,0,1,0,0,0,0,0,0,0,0,1,1,0,0,1,1,1,0
12.748641,3,1.3577945,84.40945,1,1,0,0,0,1,0,1,0,0,0,1,1,-0.05020874,C,0.23507723,1,1,1,1,1,0,1,0,1,1,1,0,1,1,1,1,1,0,1,1,1,0,0,1,0,1,1,1,0,0,0,0,0,0,1,1,0,1,0,1,0,0,0,0,0,0,0,0,0,1,1,0,1,0,1,0,0,1,0,0,0,1,0,1,1,0,0,1,1,1,0
12.530317,2,1.4239935,75.67252,1,2,0,0,0,0,0,1,0,1,0,0,1,-0.03537571,CH2,-0.271408,0,1,1,1,1,1,1,0,1,1,1,0,1,1,1,1,1,0,1,1,1,0,0,1,0,1,1,1,0,0,0,0,0,0,1,1,1,1,0,1,0,0,0,0,0,0,0,0,0,1,1,0,1,0,1,0,0,1,0,0,0,1,0,1,1,0,0,1,1,1,1
20.600412,2,1.3069068,109.390045,0,1,0,0,0,0,1,1,0,0,0,1,1,-0.3498136,OE,-0.39845008,0,1,1,0,1,1,1,0,0,0,0,0,1,1,0,0,0,0,1,1,0,0,0,0,0,1,1,1,0,0,0,0,0,0,1,1,0,1,0,1,0,0,0,0,0,0,0,0,0,1,1,0,0,0,1,0,0,0,0,0,0,1,0,1,1,0,0,1,1,0,1
11.077486,1,1.0732183,0.7328126,0,0,0,0,1,1,0,1,0,0,0,1,0,-0.054457717,H,0.21505412,0,1,1,1,1,1,1,0,0,0,0,-1,1,0,0,0,0,0,0,0,0,0,0,0,0,0,0,0,0,0,0,0,0,0,0,1,1,1,0,0,0,0,0,0,0,0,0,0,0,0,0,0,0,0,1,0,0,0,0,0,0,0,0,0,0,0,0,1,0,0,0
12.133344,4,1.5223594,76.588135,0,2,1,1,0,1,2,0,0,1,0,0,0,0.14141826,C,0.46122316,1,0,0,0,0,0,0,0,0,0,0,0,0,0,0,0,0,0,0,0,0,0,0,0,0,0,0,0,0,0,1,0,0,0,0,0,1,0,0,0,0,0,0,0,0,0,0,0,0,0,0,0,0,0,0,0,0,1,0,0,0,0,0,0,0,0,0,0,0,0,0
7.486468,4,1.3552878,53.467136,0,2,0,1,0,1,0,0,0,0,0,0,0,-0.022636645,C,0.077125825,1,0,0,1,0,0,0,0,1,1,1,0,0,1,1,1,1,0,1,1,1,0,0,1,0,1,0,1,0,0,0,0,0,0,1,1,1,1,0,1,0,0,0,0,0,0,0,0,0,1,1,0,1,0,0,0,0,1,0,0,0,0,0,1,1,0,0,0,1,1,1
17.535976,3,1.2701956,119.24154,1,1,1,0,0,0,2,1,0,0,0,1,1,-0.05588722,N,0.045958724,1,0,1,0,1,0,1,0,1,1,1,0,1,1,1,1,1,0,1,1,1,0,0,1,0,1,1,1,0,0,0,0,0,0,1,1,0,1,0,1,0,0,0,0,0,0,0,0,0,1,1,0,1,0,1,0,0,1,0,0,0,1,0,1,1,0,0,1,1,1,0
14.566651,1,1.1174884,70.91411,0,1,0,0,0,0,0,1,0,0,0,0,0,-0.2771543,O,-0.026628291,0,1,1,1,1,1,1,0,0,0,0,0,0,0,0,0,0,0,0,0,0,0,0,1,0,0,0,0,0,0,0,0,0,0,0,0,1,1,0,0,0,0,0,0,0,0,0,0,0,0,0,0,0,0,0,0,0,0,0,0,0,1,0,0,0,0,0,1,0,0,0
13.052672,3,1.4370416,106.98208,1,2,1,0,0,1,2,0,2,1,6,1,0,0.06276106,C,-0.00011282794,1,0,0,0,0,0,0,0,0,0,0,0,0,0,0,0,1,0,0,0,0,0,0,0,0,0,0,0,0,0,0,0,0,0,0,0,0,0,0,0,0,0,0,0,0,0,0,0,0,0,0,0,0,0,0,0,0,1,0,0,0,0,0,0,0,0,0,0,0,0,0
17.589924,4,1.0888875,51.818142,0,1,2,0,0,0,0,0,0,0,0,0,0,-0.21482126,OA,-0.033416007,0,0,0,0,0,1,0,0,0,0,0,0,0,0,0,0,0,0,0,0,0,0,0,0,0,0,1,0,0,0,0,0,0,0,0,0,0,0,-1,0,0,0,0,0,0,0,0,0,0,0,0,0,0,0,0,0,0,0,0,0,0,0,0,0,0,0,0,0,0,0,0
2.1003454,1,1.1187309,97.98214,0,0,0,0,0,1,0,1,0,0,0,0,0,0.18915379,H,0.46018088,0,0,0,1,0,0,0,0,0,0,0,0,0,0,0,0,0,0,0,0,0,0,0,0,0,0,0,0,0,0,0,0,0,0,0,0,1,1,0,0,0,0,0,0,0,0,0,0,0,0,0,0,0,0,0,0,0,0,0,0,-1,0,0,0,0,0,0,0,0,0,0
18.872639,4,1.3444024,37.72389,0,1,0,0,0,0,0,1,0,0,0,0,0,-0.09073936,C,-0.27090397,0,1,1,0,1,1,1,0,1,0,0,0,0,0,0,0,0,0,0,0,1,0,0,1,0,0,0,0,0,0,0,0,0,0,0,0,0,1,0,0,0,0,0,0,0,0,0,0,0,0,0,0,0,0,0,0,0,0,0,0,0,1,0,0,0,0,0,1,0,0,0
18.091072,1,1.4665953,57.598553,0,1,0,0,0,0,0,0,0,0,0,0,0,-0.21215126,CH3,0.060155466,0,1,1,0,0,1,1,0,0,0,0,0,0,0,0,0,0,0,0,0,0,0,0,0,0,0,1,0,0,0,0,0,0,0,0,0,0,0,0,0,0,0,0,0,0,0,0,0,0,0,0,0,0,0,0,0,0,0,0,0,0,0,0,0,0,0,0,1,0,0,1
10.383669,3,1.503265,97.500084,1,3,0,0,0,0,0,1,0,1,6,1,1,-0.06445654,C,0.011722325,1,1,1,0,1,0,1,0,1,1,1,0,1,1,1,1,1,0,1,1,1,0,0,1,0,1,1,1,0,-1,0,0,0,0,1,1,0,0,0,1,0,0,0,0,0,0,0,0,0,1,1,0,1,0,1,0,0,0,0,0,0,1,0,1,1,0,0,0,1,1,0
